Submodule 'externals/codi' (https://github.com/scicompkl/CoDiPack) registered for path 'externals/codi'
Cloning into '/home/heinz/src/SU2-8.5.0/externals/codi'...
Submodule path 'externals/codi': checked out 'a0725b2bfd172e741a07f96b041a5ddf88d441d7'
Submodule 'externals/medi' (https://github.com/SciCompKL/MeDiPack) registered for path 'externals/medi'
Cloning into '/home/heinz/src/SU2-8.5.0/externals/medi'...
Submodule path 'externals/medi': checked out '0cfaf96e7a31a5a8941b97f84198da03a8f8bd7a'
Submodule 'externals/opdi' (https://github.com/SciCompKL/OpDiLib) registered for path 'externals/opdi'
Cloning into '/home/heinz/src/SU2-8.5.0/externals/opdi'...
Submodule path 'externals/opdi': checked out '294807b0111ce241cda97db62f80cdd5012d9381'
Submodule 'externals/meson' (https://github.com/mesonbuild/meson) registered for path 'externals/meson'
Cloning into '/home/heinz/src/SU2-8.5.0/externals/meson'...
Submodule path 'externals/meson': checked out '5a82ea0501736a666ca9cc003ea0774f8219fd65'
Submodule 'externals/ninja' (https://github.com/ninja-build/ninja) registered for path 'externals/ninja'
Cloning into '/home/heinz/src/SU2-8.5.0/externals/ninja'...
Submodule path 'externals/ninja': checked out 'b4d51f6ed5bed09dd2b70324df0d9cb4ecad2638'
Submodule 'subprojects/Mutationpp' (https://github.com/mutationpp/Mutationpp.git) registered for path 'subprojects/Mutationpp'
Cloning into '/home/heinz/src/SU2-8.5.0/subprojects/Mutationpp'...
Submodule path 'subprojects/Mutationpp': checked out '5ff579f43781cae07411e5ab46291c9971536be6'
Submodule 'subprojects/CoolProp' (https://github.com/CoolProp/CoolProp.git) registered for path 'subprojects/CoolProp'
Cloning into '/home/heinz/src/SU2-8.5.0/subprojects/CoolProp'...
Submodule path 'subprojects/CoolProp': checked out '98b3523d5daa98454618d381d2ae53f7471d216b'
Submodule 'externals/Catch2' (https://github.com/catchorg/Catch2) registered for path 'externals/Catch2'
Submodule 'externals/Eigen' (https://gitlab.com/libeigen/eigen.git) registered for path 'externals/Eigen'
Submodule 'externals/ExcelAddinInstaller' (https://github.com/CoolProp/ExcelAddinInstaller.git) registered for path 'externals/ExcelAddinInstaller'
Submodule 'externals/FindMathematica' (https://github.com/sakra/FindMathematica) registered for path 'externals/FindMathematica'
Submodule 'externals/IF97' (https://github.com/CoolProp/IF97) registered for path 'externals/IF97'
Submodule 'externals/REFPROP-headers' (https://github.com/CoolProp/REFPROP-headers.git) registered for path 'externals/REFPROP-headers'
Submodule 'externals/fmtlib' (https://github.com/fmtlib/fmt.git) registered for path 'externals/fmtlib'
Submodule 'externals/msgpack-c' (https://github.com/msgpack/msgpack-c) registered for path 'externals/msgpack-c'
Submodule 'externals/multicomplex' (https://github.com/usnistgov/multicomplex) registered for path 'externals/multicomplex'
Submodule 'externals/pybind11' (https://github.com/pybind/pybind11.git) registered for path 'externals/pybind11'
Submodule 'externals/rapidjson' (https://github.com/Tencent/rapidjson.git) registered for path 'externals/rapidjson'
Cloning into '/home/heinz/src/SU2-8.5.0/subprojects/CoolProp/externals/Catch2'...
Cloning into '/home/heinz/src/SU2-8.5.0/subprojects/CoolProp/externals/Eigen'...
Cloning into '/home/heinz/src/SU2-8.5.0/subprojects/CoolProp/externals/ExcelAddinInstaller'...
Cloning into '/home/heinz/src/SU2-8.5.0/subprojects/CoolProp/externals/FindMathematica'...
Cloning into '/home/heinz/src/SU2-8.5.0/subprojects/CoolProp/externals/IF97'...
Cloning into '/home/heinz/src/SU2-8.5.0/subprojects/CoolProp/externals/REFPROP-headers'...
Cloning into '/home/heinz/src/SU2-8.5.0/subprojects/CoolProp/externals/fmtlib'...
Cloning into '/home/heinz/src/SU2-8.5.0/subprojects/CoolProp/externals/msgpack-c'...
Cloning into '/home/heinz/src/SU2-8.5.0/subprojects/CoolProp/externals/multicomplex'...
Cloning into '/home/heinz/src/SU2-8.5.0/subprojects/CoolProp/externals/pybind11'...
Cloning into '/home/heinz/src/SU2-8.5.0/subprojects/CoolProp/externals/rapidjson'...
Submodule path 'externals/Catch2': checked out '914aeecfe23b1e16af6ea675a4fb5dbd5a5b8d0a'
Submodule path 'externals/Eigen': checked out '68f4e58cfacc686583d16cff90361f0b43bc2c1b'
Submodule path 'externals/ExcelAddinInstaller': checked out 'db8ce41cdb02079a2d9242ea08f3633e8a1d38b0'
Submodule path 'externals/FindMathematica': checked out '99d8c95eed1a517f4a06511ea40b2cee6477a8c1'
Submodule path 'externals/IF97': checked out '7aaced024a702f0985474bf293cdaae9c8d06521'
Submodule path 'externals/REFPROP-headers': checked out 'b4faab1b73911c32c4b69c526c7e92f74edb67de'
Submodule path 'externals/fmtlib': checked out 'e424e3f2e607da02742f73db84873b8084fc714c'
Submodule path 'externals/msgpack-c': checked out '919908742b4fdbc575e77fe1a8657e70c9573c44'
Submodule path 'externals/multicomplex': checked out '39bf9ca52c7882ff0788bb9087c7548ebd8fba4c'
Submodule path 'externals/pybind11': checked out '76b7f53649580b66b559752de6a39d98477ff1da'
Submodule path 'externals/rapidjson': checked out '24b5e7a8b27f42fa16b96fc70aade9106cf7102f'
Submodule 'externals/mel' (https://github.com/pcarruscag/MEL.git) registered for path 'externals/mel'
Cloning into '/home/heinz/src/SU2-8.5.0/externals/mel'...
Submodule path 'externals/mel': checked out '46205ab019e5224559091375a6d71aabae6bc5b9'
Submodule 'externals/FADO' (https://github.com/pcarruscag/FADO.git) registered for path 'externals/FADO'
Cloning into '/home/heinz/src/SU2-8.5.0/externals/FADO'...
Submodule path 'externals/FADO': checked out 'ce7ee018e4e699af5028d69baa1939fea290e18a'
Submodule 'subprojects/MLPCpp' (https://github.com/EvertBunschoten/MLPCpp.git) registered for path 'subprojects/MLPCpp'
Cloning into '/home/heinz/src/SU2-8.5.0/subprojects/MLPCpp'...
Submodule path 'subprojects/MLPCpp': checked out 'e23facf388902f262fbe7ba3bcc84d36c85350b9'
Submodule 'externals/eigen' (https://gitlab.com/libeigen/eigen.git) registered for path 'externals/eigen'
Cloning into '/home/heinz/src/SU2-8.5.0/externals/eigen'...
Submodule path 'externals/eigen': checked out 'd71c30c47858effcbd39967097a2d99ee48db464'
In file included from [01m[K/usr/include/stdio.h:980[m[K,
                 from [01m[K/usr/include/c++/13/cstdio:42[m[K,
                 from [01m[K/usr/include/c++/13/ext/string_conversions.h:45[m[K,
                 from [01m[K/usr/include/c++/13/bits/basic_string.h:4109[m[K,
                 from [01m[K/usr/include/c++/13/string:54[m[K,
                 from [01m[K./src/deps_log.h:18[m[K,
                 from [01m[K./src/deps_log.cc:15[m[K:
In function ‘[01m[Ksize_t[01;32m[K fread[m[K(void*, size_t, size_t, FILE*)[m[K’,
    inlined from ‘[01m[KLoadStatus DepsLog::[01;32m[KLoad[m[K(const std::string&, State*, std::string*)[m[K’ at [01m[K./src/deps_log.cc:202:39[m[K:
[01m[K/usr/include/x86_64-linux-gnu/bits/stdio2.h:214:29:[m[K [01;35m[Kwarning: [m[Kcall to ‘[01m[K__fread_chk_warn[m[K’ declared with attribute warning: fread called with bigger size * nmemb than length of destination buffer [[01;35m[K-Wattribute-warning[m[K]
  214 |     return [01;35m[K__fread_chk_warn (__ptr, sz, __size, __n, __stream)[m[K;
      |            [01;35m[K~~~~~~~~~~~~~~~~~^~~~~~~~~~~~~~~~~~~~~~~~~~~~~~~~~~[m[K
[1/36] INLINE build/browse_py.h
[2/36] CXX build/json.o
[3/36] CXX build/edit_distance.o
[4/36] CXX build/elide_middle.o
[5/36] CXX build/line_printer.o
[6/36] CXX build/depfile_parser.o
[7/36] CXX build/metrics.o
[8/36] CXX build/browse.o
[9/36] CXX build/disk_interface.o
[10/36] CXX build/parser.o
[11/36] CXX build/debug_flags.o
[12/36] CXX build/clparser.o
[13/36] CXX build/lexer.o
[14/36] CXX build/jobserver.o
[15/36] CXX build/version.o
[16/36] CXX build/graphviz.o
[17/36] CXX build/string_piece_util.o
[18/36] CXX build/deps_log.o
In file included from /usr/include/stdio.h:980,
                 from /usr/include/c++/13/cstdio:42,
                 from /usr/include/c++/13/ext/string_conversions.h:45,
                 from /usr/include/c++/13/bits/basic_string.h:4109,
                 from /usr/include/c++/13/string:54,
                 from src/deps_log.h:18,
                 from src/deps_log.cc:15:
In function ‘size_t fread(void*, size_t, size_t, FILE*)’,
    inlined from ‘LoadStatus DepsLog::Load(const std::string&, State*, std::string*)’ at src/deps_log.cc:202:39:
/usr/include/x86_64-linux-gnu/bits/stdio2.h:214:29: warning: call to ‘__fread_chk_warn’ declared with attribute warning: fread called with bigger size * nmemb than length of destination buffer [-Wattribute-warning]
  214 |     return __fread_chk_warn (__ptr, sz, __size, __n, __stream);
      |            ~~~~~~~~~~~~~~~~~^~~~~~~~~~~~~~~~~~~~~~~~~~~~~~~~~~
[19/36] CXX build/jobserver-posix.o
[20/36] CXX build/subprocess-posix.o
[21/36] CXX build/real_command_runner.o
[22/36] CXX build/eval_env.o
[23/36] CXX build/clean.o
[24/36] CXX build/dyndep.o
[25/36] CXX build/build_log.o
[26/36] CXX build/missing_deps.o
[27/36] CXX build/dyndep_parser.o
[28/36] CXX build/status_printer.o
[29/36] CXX build/state.o
[30/36] CXX build/util.o
[31/36] CXX build/manifest_parser.o
[32/36] CXX build/graph.o
[33/36] CXX build/build.o
[34/36] AR build/libninja.a
[35/36] CXX build/ninja.o
[36/36] LINK ninja
bootstrapping ninja...
warning: A compatible version of re2c (>= 0.15.3) was not found; changes to src/*.in.cc will not affect your build.
wrote build.ninja.
bootstrap complete.  rebuilding...
Initialize submodule /home/heinz/src/SU2-8.5.0/externals/codi using git ... 
Initialize submodule /home/heinz/src/SU2-8.5.0/externals/medi using git ... 
Initialize submodule /home/heinz/src/SU2-8.5.0/externals/opdi using git ... 
Initialize submodule /home/heinz/src/SU2-8.5.0/externals/meson using git ... 
Initialize submodule /home/heinz/src/SU2-8.5.0/externals/ninja using git ... 
Initialize submodule /home/heinz/src/SU2-8.5.0/subprojects/Mutationpp using git ... 
Initialize submodule /home/heinz/src/SU2-8.5.0/subprojects/CoolProp using git ... 
update CoolProp
/home/heinz/src/SU2-8.5.0/subprojects/CoolProp
/home/heinz/src/SU2-8.5.0
CoolProp updated
Initialize submodule /home/heinz/src/SU2-8.5.0/externals/mel using git ... 
Initialize submodule /home/heinz/src/SU2-8.5.0/externals/FADO using git ... 
Initialize submodule /home/heinz/src/SU2-8.5.0/subprojects/MLPCpp using git ... 
Initialize submodule /home/heinz/src/SU2-8.5.0/externals/eigen using git ... 
ninja executable not found. Building ...
The Meson build system
Version: 1.8.2
Source dir: /home/heinz/src/SU2-8.5.0
Build dir: /home/heinz/src/SU2-8.5.0/build
Build type: native build
Project name: SU2
Project version: 8.5.0 "Harrier"
C compiler for the host machine: gcc-13 (gcc 13.3.0 "gcc-13 (Ubuntu 13.3.0-6ubuntu2~24.04.1) 13.3.0")
C linker for the host machine: gcc-13 ld.bfd 2.42
C++ compiler for the host machine: g++-13 (gcc 13.3.0 "g++-13 (Ubuntu 13.3.0-6ubuntu2~24.04.1) 13.3.0")
C++ linker for the host machine: g++-13 ld.bfd 2.42
Host machine cpu family: x86_64
Host machine cpu: x86_64
Program python3 found: YES (/home/heinz/env_aero/bin/python)
Compiler for C++ supports arguments -Wno-empty-body: YES 
Compiler for C++ supports arguments -Wno-ignored-qualifiers: YES 
Compiler for C++ supports arguments -Wno-unused-parameter: YES 
Compiler for C++ supports arguments -Wno-deprecated-declarations: YES 
Compiler for C++ supports arguments -Wno-error=cast-function-type: YES 
Compiler for C++ supports arguments -Wno-cast-function-type: YES 
Compiler for C++ supports arguments -Wno-error=stringop-truncation: YES 
Compiler for C++ supports arguments -Wno-stringop-truncation: YES 
Compiler for C++ supports arguments -Wno-error=missing-field-initializers: YES 
Compiler for C++ supports arguments -Wno-missing-field-initializers: YES 
Compiler for C++ supports arguments -Wno-error=class-memaccess: YES 
Compiler for C++ supports arguments -Wno-class-memaccess: YES 
Compiler for C++ supports arguments -Wno-overloaded-virtual: YES 
Compiler for C++ supports arguments -Wno-array-bounds: YES 
Compiler for C++ supports arguments -Wno-dangling-pointer: YES 
Compiler for C++ supports arguments -fno-finite-math-only: YES 
mpicc found: YES (/usr/bin/mpicc) 4.1.6
Run-time dependency MPI for c found: YES 4.1.6
mpic++ found: YES (/usr/bin/mpic++) 4.1.6
Run-time dependency MPI for cpp found: YES 4.1.6
Compiler for C supports arguments -Wno-unused-result: YES 
Compiler for C supports arguments -Wno-unused-parameter: YES 
Compiler for C supports arguments -Wno-unused-variable: YES 
Compiler for C supports arguments -Wno-unused-but-set-variable: YES 
Compiler for C supports arguments -Wno-sign-compare: YES 
Compiler for C supports arguments -Wno-error=unused-function: YES 
Compiler for C supports arguments -Wno-pedantic: YES 
Compiler for C supports arguments -Wno-error=stringop-truncation: YES 
Compiler for C supports arguments -Wno-stringop-truncation: YES 
Compiler for C supports arguments -Wno-error=absolute-value: YES 
Compiler for C supports arguments -Wno-error=class-memaccess: YES 
Compiler for C supports arguments -Wno-dangling-pointer: YES 
Compiler for C supports arguments -Wno-format-truncation: YES 
Compiler for C supports arguments -Wno-maybe-uninitialized: YES 
Compiler for C supports arguments -Wno-array-bounds: YES 
Compiler for C supports arguments -Wno-array-parameter: YES 
Compiler for C supports arguments -Wno-stringop-overflow: YES 
Compiler for C supports arguments -Wno-unused-result: YES (cached)
Compiler for C supports arguments -Wno-unused-parameter: YES (cached)
Compiler for C supports arguments -Wno-unused-variable: YES (cached)
Compiler for C supports arguments -Wno-unused-but-set-variable: YES (cached)
Compiler for C supports arguments -Wno-sign-compare: YES (cached)
Compiler for C supports arguments -Wno-stringop-overflow: YES (cached)
Compiler for C supports arguments -Wno-error=discarded-qualifiers: YES 
Compiler for C supports arguments -Wno-error=maybe-uninitialized: YES 
Compiler for C supports arguments -Wno-error=unused-function: YES (cached)
Compiler for C supports arguments -Wno-error=unused-label: YES 
Compiler for C supports arguments -Wno-pedantic: YES (cached)
Compiler for C supports arguments -Wno-error=stringop-truncation: YES (cached)
Compiler for C supports arguments -Wno-error=cast-function-type: YES 
Compiler for C supports arguments -Wno-stringop-truncation: YES (cached)
Compiler for C supports arguments -Wno-dangling-pointer: YES (cached)
Compiler for C supports arguments -Wno-format-truncation: YES (cached)
Found pkg-config: YES (/usr/bin/pkg-config) 1.8.1
Run-time dependency zlib found: YES 1.3
Found CMake: /usr/bin/cmake (3.28.3)
Run-time dependency szip found: NO (tried pkgconfig and cmake)
Has header "zlib.h" : YES 
Checking for function "inflate" with dependency zlib: YES 
Has header "sys/file.h" : YES 
Has header "sys/ioctl.h" : YES 
Has header "sys/resource.h" : YES 
Has header "sys/socket.h" : YES 
Has header "sys/stat.h" : YES 
Has header "sys/time.h" : YES 
Has header "sys/types.h" : YES 
Has header "features.h" : YES 
Has header "dirent.h" : YES 
Has header "setjmp.h" : YES 
Has header "stddef.h" : YES 
Has header "stdint.h" : YES 
Has header "unistd.h" : YES 
Has header "io.h" : NO 
Has header "winsock2.h" : NO 
Has header "globus/common.h" : NO 
Has header "pdb.h" : NO 
Has header "pthread.h" : YES 
Has header "srbclient.h" : NO 
Has header "string.h" : YES 
Has header "strings.h" : YES 
Has header "stdlib.h" : YES 
Has header "memory.h" : YES 
Has header "dlfcn.h" : YES 
Has header "inttypes.h" : YES 
Has header "netinet/in.h" : YES 
Has header "netdb.h" : YES 
Has header "arpa/inet.h" : YES 
Has header "stdbool.h" : YES 
Has header "quadmath.h" : YES 
Library m found: YES
Checking for function "ceil" with dependency -lm: YES 
Library dl found: YES
Checking for function "dlopen" with dependency -ldl: YES 
Library ucb found: NO
Checking for function "gethostbyname" with dependency -lucb: NO 
Checking for function "lseek64" : NO 
Checking for function "fseeko" : NO 
Checking for function "stat64" : NO 
Checking for size of "char" : 1 
Checking for size of "short" : 2 
Checking for size of "int" : 4 
Checking for size of "unsigned" : 4 
Checking for size of "long" : 8 
Checking for size of "long long" : 8 
Checking for size of "__int64" : -1 
Checking for size of "float" : 4 
Checking for size of "double" : 8 
Checking for size of "long double" : 16 
Checking for size of "int8_t" : 1 
Checking for size of "uint8_t" : 1 
Checking for size of "int_least8_t" : 1 
Checking for size of "uint_least8_t" : 1 
Checking for size of "int_fast8_t" : 1 
Checking for size of "uint_fast8_t" : 1 
Checking for size of "int16_t" : 2 
Checking for size of "uint16_t" : 2 
Checking for size of "int_least16_t" : 2 
Checking for size of "uint_least16_t" : 2 
Checking for size of "int_fast16_t" : 8 
Checking for size of "uint_fast16_t" : 8 
Checking for size of "int32_t" : 4 
Checking for size of "uint32_t" : 4 
Checking for size of "int_least32_t" : 4 
Checking for size of "uint_least32_t" : 4 
Checking for size of "int_fast32_t" : 8 
Checking for size of "uint_fast32_t" : 8 
Checking for size of "int64_t" : 8 
Checking for size of "uint64_t" : 8 
Checking for size of "int_least64_t" : 8 
Checking for size of "uint_least64_t" : 8 
Checking for size of "int_fast64_t" : 8 
Checking for size of "uint_fast64_t" : 8 
Checking for size of "size_t" : 8 
Checking for size of "ssize_t" : -1 
Checking for size of "ptrdiff_t" : 8 
Checking for size of "off_t" : 8 
Checking for size of "off64_t" : -1 
Checking for size of "time_t" : 8 
Checking for size of "bool" : 1 
Checking for size of "_Quad" : -1 
Checking for size of "__float128" : 16 
Checking if "check dev_t" compiles: YES 
Checking if "check dev_t scalar" runs: NO (1)
Checking if "CLOCK_MONOTONIC" compiles: YES 
Checking whether type "struct tm" has member "tm_gmtoff" : NO 
Checking whether type "struct tm" has member "__tm_gmtoff" : YES 
Checking whether type "struct tm" has member "tm_sec" : YES 
Checking whether type "struct tm" has member "tz_minuteswest" : NO 
Checking for function "gettimeofday" : YES 
Checking whether type "struct stat" has member "st_blocks" : YES 
Checking for function "ioctl" : YES 
Header "sys/ioctl.h" has symbol "TIOCGWINSZ" : YES 
Header "sys/ioctl.h" has symbol "TIOCGETD" : YES 
Checking for function "getpwuid" : YES 
Checking for function "alarm" : YES 
Checking for function "fcntl" : YES 
Checking for function "flock" : YES 
Checking for function "fork" : YES 
Checking for function "frexpf" : YES 
Checking for function "frexpl" : YES 
Checking for function "gethostname" : YES 
Checking for function "getrusage" : YES 
Checking for function "llround" : YES 
Checking for function "llroundf" : YES 
Checking for function "lround" : YES 
Checking for function "lroundf" : YES 
Checking for function "lstat" : YES 
Checking for function "pread" : YES 
Checking for function "pwrite" : YES 
Checking for function "rand_r" : YES 
Checking for function "random" : YES 
Checking for function "round" : YES 
Checking for function "roundf" : YES 
Checking for function "setsysinfo" : NO 
Checking for function "signal" : YES 
Checking for function "longjmp" : YES 
Checking for function "setjmp" : YES 
Checking for function "siglongjmp" : YES 
Checking for function "sigsetjmp" : NO 
Checking for function "sigprocmask" : YES 
Checking for function "snprintf" : YES 
Checking for function "srandom" : YES 
Checking for function "strdup" : YES 
Checking for function "strtoll" : YES 
Checking for function "strtoull" : YES 
Checking for function "symlink" : YES 
Checking for function "system" : YES 
Checking for function "tmpfile" : YES 
Checking for function "asprintf" : YES 
Checking for function "vasprintf" : YES 
Checking for function "waitpid" : YES 
Checking for function "vsnprintf" : YES 
Header "setjmp.h" has symbol "sigsetjmp" : NO 
Checking if "inline keyword check" compiles: YES 
Configuring H5pubconf.h using configuration
Checking for size of "long" : 8 (cached)
Checking for size of "void *" : 8 
Configuring cgnstypes.h using configuration
Configuring cg_hash_types.h using configuration
Configuring cgnsconfig.h using configuration
Compiler for C++ supports arguments -Wno-unused-result: YES 
Compiler for C++ supports arguments -Wno-unused-parameter: YES (cached)
Compiler for C++ supports arguments -Wno-unused-variable: YES 
Compiler for C++ supports arguments -Wno-unused-but-set-variable: YES 
Compiler for C++ supports arguments -Wno-unknown-pragmas: YES 
Compiler for C++ supports arguments -Wno-sign-compare: YES 
Compiler for C++ supports arguments -Wno-clobbered: YES 
Compiler for C++ supports arguments -Wno-empty-body: YES (cached)
Compiler for C++ supports arguments -Wno-unused-label: YES 
Compiler for C++ supports arguments -Wno-misleading-indentation: YES 
Compiler for C++ supports arguments -Wno-maybe-uninitialized: YES 
Compiler for C++ supports arguments -Wno-pedantic: YES 
Compiler for C++ supports arguments -Wno-error=absolute-value: YES 
Compiler for C++ supports arguments -Wno-absolute-value: NO 
WARNING: You should add the boolean check kwarg to the run_command call.
         It currently defaults to false,
         but it will default to true in meson 2.0.
         See also: https://github.com/mesonbuild/meson/issues/9300
Message: Extracting boost ...
Compiler for C++ supports arguments -Wno-misleading-indentation: YES (cached)
Compiler for C++ supports arguments -Wno-uninitialized: YES 
Compiler for C++ supports arguments -Wno-placement-new: YES 
Compiler for C++ supports arguments -Wno-pedantic: YES (cached)
Compiler for C++ supports arguments -Wno-error=class-memaccess: YES (cached)
Compiler for C++ supports arguments -Wno-class-memaccess: YES (cached)
Compiler for C++ supports arguments -Wno-error=deprecated-copy: YES 
Compiler for C++ supports arguments -Wno-deprecated-copy: YES 
Compiler for C++ supports arguments -Wno-error=cast-function-type: YES (cached)
Compiler for C++ supports arguments -Wno-cast-function-type: YES (cached)
Compiler for C++ supports arguments -Wno-free-nonheap-object: YES 
Compiler for C++ supports arguments -Wno-deprecated-copy: YES (cached)
Compiler for C++ supports arguments -Wno-array-bounds: YES (cached)
Message: -------------------------------------------------------------------------
         |    ___ _   _ ___                                                      |
         |   / __| | | |_  )   Release 8.5.0 "Harrier"                           |
         |   \__ \ |_| |/ /                                                      |
         |   |___/\___//___|   Meson Configuration Summary                       |
         |                                                                       |
         -------------------------------------------------------------------------

         Option          Value
         ---------------------
         TecIO:          true
         CGNS:           true
         AD (reverse):   false
         AD (forward):   false
         Python Wrapper: false
         Intel-MKL:      false
         OpenBlas:       false
         PaStiX:         false
         Mixed Float:    false
         libROM:         false
         CoolProp:       false
         MLPCpp:         false
         Tracy Profiler: false

         Please be sure to add the $SU2_HOME and $SU2_RUN environment variables,
         and update your $PATH (and $PYTHONPATH if applicable) with $SU2_RUN

         Based on the input to this configuration, add these lines to your .bashrc file:

         export SU2_RUN=/home/heinz/SU2-v8.5.0/bin
         export SU2_HOME=/home/heinz/src/SU2-8.5.0
         export PATH=$PATH:$SU2_RUN
         export PYTHONPATH=$PYTHONPATH:$SU2_RUN

         Use './ninja -C build install' to compile and install SU2

Build targets in project: 17

SU2 8.5.0 "Harrier"

  User defined options
    buildtype        : release
    enable-autodiff  : false
    enable-directdiff: false
    enable-pywrapper : false
    prefix           : /home/heinz/SU2-v8.5.0
    with-mpi         : enabled
    with-omp         : false

Found ninja-1.13.0 at /home/heinz/src/SU2-8.5.0/ninja
ninja: Entering directory `build'
[1/824] Compiling C object externals/cgns/hdf5/libsu2hdf5.a.p/H5dbg.c.o
[2/824] Compiling C object externals/cgns/hdf5/H5make_libsettings.p/H5make_libsettings.c.o
[3/824] Compiling C object externals/cgns/hdf5/libsu2hdf5.a.p/H5system.c.o
[4/824] Compiling C object externals/cgns/hdf5/libsu2hdf5.a.p/H5checksum.c.o
[5/824] Compiling C object externals/cgns/hdf5/libsu2hdf5.a.p/H5timer.c.o
[6/824] Linking target externals/cgns/hdf5/H5make_libsettings
[7/824] Generating externals/cgns/hdf5/H5lib_settings.c with a custom command
[8/824] Compiling C object externals/cgns/hdf5/libsu2hdf5.a.p/H5mpi.c.o
[9/824] Compiling C object externals/cgns/hdf5/libsu2hdf5.a.p/meson-generated_.._H5lib_settings.c.o
[10/824] Compiling C object externals/cgns/hdf5/libsu2hdf5.a.p/H5Abtree2.c.o
[11/824] Compiling C object externals/cgns/hdf5/libsu2hdf5.a.p/H5Adeprec.c.o
[12/824] Compiling C object externals/cgns/hdf5/libsu2hdf5.a.p/H5.c.o
[13/824] Compiling C object externals/cgns/hdf5/libsu2hdf5.a.p/H5Atest.c.o
[14/824] Compiling C object externals/cgns/hdf5/libsu2hdf5.a.p/H5ACdbg.c.o
[15/824] Compiling C object externals/cgns/hdf5/libsu2hdf5.a.p/H5Adense.c.o
[16/824] Compiling C object externals/cgns/hdf5/libsu2hdf5.a.p/H5A.c.o
[17/824] Compiling C object externals/cgns/hdf5/libsu2hdf5.a.p/H5ACproxy_entry.c.o
[18/824] Compiling C object externals/cgns/hdf5/libsu2hdf5.a.p/H5Aint.c.o
[19/824] Compiling C object externals/cgns/hdf5/libsu2hdf5.a.p/H5ACmpio.c.o
[20/824] Compiling C object externals/cgns/hdf5/libsu2hdf5.a.p/H5Bcache.c.o
[21/824] Compiling C object externals/cgns/hdf5/libsu2hdf5.a.p/H5Bdbg.c.o
[22/824] Compiling C object externals/cgns/hdf5/libsu2hdf5.a.p/H5AC.c.o
[23/824] Compiling C object externals/cgns/hdf5/libsu2hdf5.a.p/H5B2dbg.c.o
[24/824] Compiling C object externals/cgns/hdf5/libsu2hdf5.a.p/H5B2hdr.c.o
[25/824] Compiling C object externals/cgns/hdf5/libsu2hdf5.a.p/H5B2cache.c.o
[26/824] Compiling C object externals/cgns/hdf5/libsu2hdf5.a.p/H5B.c.o
[27/824] Compiling C object externals/cgns/hdf5/libsu2hdf5.a.p/H5B2.c.o
[28/824] Compiling C object externals/cgns/hdf5/libsu2hdf5.a.p/H5trace.c.o
[29/824] Compiling C object externals/cgns/hdf5/libsu2hdf5.a.p/H5B2stat.c.o
[30/824] Compiling C object externals/cgns/hdf5/H5detect.p/H5detect.c.o
[31/824] Linking target externals/cgns/hdf5/H5detect
[32/824] Generating externals/cgns/hdf5/H5T_init.c with a custom command
                                                                                                                                                                                                                                                                                                                                                                                                                                                                                                                                                                                                                                                                     [33/824] Compiling C object externals/cgns/hdf5/libsu2hdf5.a.p/H5B2test.c.o
[34/824] Compiling C object externals/cgns/hdf5/libsu2hdf5.a.p/H5Cdbg.c.o
[35/824] Compiling C object externals/cgns/hdf5/libsu2hdf5.a.p/H5Cepoch.c.o
[36/824] Compiling C object externals/cgns/hdf5/libsu2hdf5.a.p/H5B2leaf.c.o
[37/824] Compiling C object externals/cgns/hdf5/libsu2hdf5.a.p/H5B2internal.c.o
[38/824] Compiling C object externals/cgns/hdf5/libsu2hdf5.a.p/H5B2int.c.o
[39/824] Compiling C object externals/cgns/hdf5/libsu2hdf5.a.p/meson-generated_.._H5T_init.c.o
[40/824] Compiling C object externals/cgns/hdf5/libsu2hdf5.a.p/H5Clog.c.o
[41/824] Compiling C object externals/cgns/hdf5/libsu2hdf5.a.p/H5Clog_trace.c.o
[42/824] Compiling C object externals/cgns/hdf5/libsu2hdf5.a.p/H5Clog_json.c.o
[43/824] Compiling C object externals/cgns/hdf5/libsu2hdf5.a.p/H5Cprefetched.c.o
[44/824] Compiling C object externals/cgns/hdf5/libsu2hdf5.a.p/H5CS.c.o
[45/824] Compiling C object externals/cgns/hdf5/libsu2hdf5.a.p/H5Cquery.c.o
[46/824] Compiling C object externals/cgns/hdf5/libsu2hdf5.a.p/H5Ctest.c.o
[47/824] Compiling C object externals/cgns/hdf5/libsu2hdf5.a.p/H5Cmpio.c.o
[48/824] Compiling C object externals/cgns/hdf5/libsu2hdf5.a.p/H5Ctag.c.o
[49/824] Compiling C object externals/cgns/hdf5/libsu2hdf5.a.p/H5Cimage.c.o
[50/824] Compiling C object externals/cgns/hdf5/libsu2hdf5.a.p/H5Dcompact.c.o
[51/824] Compiling C object externals/cgns/hdf5/libsu2hdf5.a.p/H5Dbtree.c.o
[52/824] Compiling C object externals/cgns/hdf5/libsu2hdf5.a.p/H5D.c.o
[53/824] Compiling C object externals/cgns/hdf5/libsu2hdf5.a.p/H5Ddbg.c.o
[54/824] Compiling C object externals/cgns/hdf5/libsu2hdf5.a.p/H5Dbtree2.c.o
[55/824] Compiling C object externals/cgns/hdf5/libsu2hdf5.a.p/H5CX.c.o
[56/824] Compiling C object externals/cgns/hdf5/libsu2hdf5.a.p/H5Dcontig.c.o
[57/824] Compiling C object externals/cgns/hdf5/libsu2hdf5.a.p/H5Ddeprec.c.o
[58/824] Compiling C object externals/cgns/hdf5/libsu2hdf5.a.p/H5Defl.c.o
[59/824] Compiling C object externals/cgns/hdf5/libsu2hdf5.a.p/H5Dearray.c.o
[60/824] Compiling C object externals/cgns/hdf5/libsu2hdf5.a.p/H5Dfarray.c.o
[61/824] Compiling C object externals/cgns/hdf5/libsu2hdf5.a.p/H5Dfill.c.o
[62/824] Compiling C object externals/cgns/hdf5/libsu2hdf5.a.p/H5Dlayout.c.o
[63/824] Compiling C object externals/cgns/hdf5/libsu2hdf5.a.p/H5Dio.c.o
[64/824] Compiling C object externals/cgns/hdf5/libsu2hdf5.a.p/H5Dnone.c.o
[65/824] Compiling C object externals/cgns/hdf5/libsu2hdf5.a.p/H5Doh.c.o
[66/824] Compiling C object externals/cgns/hdf5/libsu2hdf5.a.p/H5C.c.o
[67/824] Compiling C object externals/cgns/hdf5/libsu2hdf5.a.p/H5Dselect.c.o
[68/824] Compiling C object externals/cgns/hdf5/libsu2hdf5.a.p/H5Dtest.c.o
[69/824] Compiling C object externals/cgns/hdf5/libsu2hdf5.a.p/H5Dsingle.c.o
[70/824] Compiling C object externals/cgns/hdf5/libsu2hdf5.a.p/H5Dscatgath.c.o
[71/824] Compiling C object externals/cgns/hdf5/libsu2hdf5.a.p/H5Edeprec.c.o
[72/824] Compiling C object externals/cgns/hdf5/libsu2hdf5.a.p/H5Eint.c.o
[73/824] Compiling C object externals/cgns/hdf5/libsu2hdf5.a.p/H5Dint.c.o

In file included from ../externals/cgns/hdf5/H5Dint.c:23:
../externals/cgns/hdf5/H5Dint.c: In function ‘H5D_nameof’:
../externals/cgns/hdf5/H5Dint.c:2259:49: warning: return discards ‘const’ qualifier from pointer target type [-Wdiscarded-qualifiers]
 2259 |     FUNC_LEAVE_NOAPI(dataset ? &(dataset->path) : NULL)
../externals/cgns/hdf5/H5private.h:2450:13: note: in definition of macro ‘FUNC_LEAVE_NOAPI’
 2450 |     return (ret_value);                                                                                      \
      |             ^~~~~~~~~
[74/824] Compiling C object externals/cgns/hdf5/libsu2hdf5.a.p/H5EA.c.o
[75/824] Compiling C object externals/cgns/hdf5/libsu2hdf5.a.p/H5Dmpio.c.o
[76/824] Compiling C object externals/cgns/hdf5/libsu2hdf5.a.p/H5EAdblkpage.c.o
[77/824] Compiling C object externals/cgns/hdf5/libsu2hdf5.a.p/H5EAdbg.c.o
[78/824] Compiling C object externals/cgns/hdf5/libsu2hdf5.a.p/H5Dchunk.c.o
../externals/cgns/hdf5/H5Dchunk.c: In function ‘H5D__create_chunk_file_map_hyper’:
../externals/cgns/hdf5/H5Dchunk.c:1832:41: warning: passing argument 1 of ‘H5S_combine_hyperslab’ discards ‘const’ qualifier from pointer target type [-Wdiscarded-qualifiers]
 1832 |             if (H5S_combine_hyperslab(fm->file_space, H5S_SELECT_AND, coords, NULL, fm->chunk_dim, NULL,
      |                                       ~~^~~~~~~~~~~~
In file included from ../externals/cgns/hdf5/H5Zprivate.h:29,
                 from ../externals/cgns/hdf5/H5CXprivate.h:30,
                 from ../externals/cgns/hdf5/H5Dchunk.c:54:
../externals/cgns/hdf5/H5Sprivate.h:278:45: note: expected ‘H5S_t *’ but argument is of type ‘const H5S_t *’
  278 | H5_DLL herr_t  H5S_combine_hyperslab(H5S_t *old_space, H5S_seloper_t op, const hsize_t start[],
      |                                      ~~~~~~~^~~~~~~~~
../externals/cgns/hdf5/H5Dchunk.c: In function ‘H5D__chunk_allocate’:
../externals/cgns/hdf5/H5Dchunk.c:4299:52: warning: initialization discards ‘const’ qualifier from pointer target type [-Wdiscarded-qualifiers]
 4299 |     H5O_storage_chunk_t *sc                      = &(layout->storage.u.chunk); /* Convenience variable */
      |                                                    ^
../externals/cgns/hdf5/H5Dchunk.c: In function ‘H5D__chunk_copy_cb’:
../externals/cgns/hdf5/H5Dchunk.c:6081:75: warning: passing argument 3 of ‘H5O_copy_expand_ref’ discards ‘const’ qualifier from pointer target type [-Wdiscarded-qualifiers]
 6081 |             if (H5O_copy_expand_ref(udata->file_src, udata->tid_src, udata->dt_src, buf, nbytes,
      |                                                                      ~~~~~^~~~~~~~
In file included from ../externals/cgns/hdf5/H5Dprivate.h:25,
                 from ../externals/cgns/hdf5/H5Dpkg.h:30,
                 from ../externals/cgns/hdf5/H5Dchunk.c:55:
../externals/cgns/hdf5/H5Oprivate.h:997:74: note: expected ‘H5T_t *’ but argument is of type ‘const H5T_t *’
  997 | H5_DLL herr_t H5O_copy_expand_ref(H5F_t *file_src, hid_t tid_src, H5T_t *dt_src, void *buf_src,
      |                                                                   ~~~~~~~^~~~~~
[79/824] Compiling C object externals/cgns/hdf5/libsu2hdf5.a.p/H5EAdblock.c.o
[80/824] Compiling C object externals/cgns/hdf5/libsu2hdf5.a.p/H5EAcache.c.o
[81/824] Compiling C object externals/cgns/hdf5/libsu2hdf5.a.p/H5EAint.c.o
[82/824] Compiling C object externals/cgns/hdf5/libsu2hdf5.a.p/H5EAhdr.c.o
[83/824] Compiling C object externals/cgns/hdf5/libsu2hdf5.a.p/H5EAiblock.c.o
[84/824] Compiling C object externals/cgns/hdf5/libsu2hdf5.a.p/H5EAstat.c.o
[85/824] Compiling C object externals/cgns/hdf5/libsu2hdf5.a.p/H5Dvirtual.c.o
[86/824] Compiling C object externals/cgns/hdf5/libsu2hdf5.a.p/H5EAsblock.c.o
[87/824] Compiling C object externals/cgns/hdf5/libsu2hdf5.a.p/H5EAtest.c.o
[88/824] Compiling C object externals/cgns/hdf5/libsu2hdf5.a.p/H5Fdbg.c.o
[89/824] Compiling C object externals/cgns/hdf5/libsu2hdf5.a.p/H5Fcwfs.c.o
[90/824] Compiling C object externals/cgns/hdf5/libsu2hdf5.a.p/H5Fdeprec.c.o
[91/824] Compiling C object externals/cgns/hdf5/libsu2hdf5.a.p/H5E.c.o
[92/824] Compiling C object externals/cgns/hdf5/libsu2hdf5.a.p/H5Faccum.c.o
[93/824] Compiling C object externals/cgns/hdf5/libsu2hdf5.a.p/H5Ffake.c.o
[94/824] Compiling C object externals/cgns/hdf5/libsu2hdf5.a.p/H5Fefc.c.o
[95/824] Compiling C object externals/cgns/hdf5/libsu2hdf5.a.p/H5Fio.c.o
[96/824] Compiling C object externals/cgns/hdf5/libsu2hdf5.a.p/H5Fmpi.c.o
[97/824] Compiling C object externals/cgns/hdf5/libsu2hdf5.a.p/H5Fsfile.c.o
[98/824] Compiling C object externals/cgns/hdf5/libsu2hdf5.a.p/H5Fspace.c.o
[99/824] Compiling C object externals/cgns/hdf5/libsu2hdf5.a.p/H5Fquery.c.o
[100/824] Compiling C object externals/cgns/hdf5/libsu2hdf5.a.p/H5Fmount.c.o
[101/824] Compiling C object externals/cgns/hdf5/libsu2hdf5.a.p/H5F.c.o
[102/824] Compiling C object externals/cgns/hdf5/libsu2hdf5.a.p/H5Ftest.c.o
[103/824] Compiling C object externals/cgns/hdf5/libsu2hdf5.a.p/H5Fsuper_cache.c.o
[104/824] Compiling C object externals/cgns/hdf5/libsu2hdf5.a.p/H5FA.c.o
[105/824] Compiling C object externals/cgns/hdf5/libsu2hdf5.a.p/H5FAdbg.c.o
[106/824] Compiling C object externals/cgns/hdf5/libsu2hdf5.a.p/H5FAdblkpage.c.o
[107/824] Compiling C object externals/cgns/hdf5/libsu2hdf5.a.p/H5FAcache.c.o
[108/824] Compiling C object externals/cgns/hdf5/libsu2hdf5.a.p/H5FAdblock.c.o
[109/824] Compiling C object externals/cgns/hdf5/libsu2hdf5.a.p/H5FAint.c.o
[110/824] Compiling C object externals/cgns/hdf5/libsu2hdf5.a.p/H5FAstat.c.o
[111/824] Compiling C object externals/cgns/hdf5/libsu2hdf5.a.p/H5Fsuper.c.o
[112/824] Compiling C object externals/cgns/hdf5/libsu2hdf5.a.p/H5FAhdr.c.o
[113/824] Compiling C object externals/cgns/hdf5/libsu2hdf5.a.p/H5FDdirect.c.o
[114/824] Compiling C object externals/cgns/hdf5/libsu2hdf5.a.p/H5FAtest.c.o
[115/824] Compiling C object externals/cgns/hdf5/libsu2hdf5.a.p/H5FDhdfs.c.o
[116/824] Compiling C object externals/cgns/hdf5/libsu2hdf5.a.p/H5Fint.c.o
[117/824] Compiling C object externals/cgns/hdf5/libsu2hdf5.a.p/H5FDint.c.o
[118/824] Compiling C object externals/cgns/hdf5/libsu2hdf5.a.p/H5FDmirror.c.o
[119/824] Compiling C object externals/cgns/hdf5/libsu2hdf5.a.p/H5FDmpi.c.o
[120/824] Compiling C object externals/cgns/hdf5/libsu2hdf5.a.p/H5FDcore.c.o
[121/824] Compiling C object externals/cgns/hdf5/libsu2hdf5.a.p/H5FDros3.c.o
[122/824] Compiling C object externals/cgns/hdf5/libsu2hdf5.a.p/H5FDfamily.c.o
[123/824] Compiling C object externals/cgns/hdf5/libsu2hdf5.a.p/H5FDs3comms.c.o
[124/824] Compiling C object externals/cgns/hdf5/libsu2hdf5.a.p/H5FD.c.o
[125/824] Compiling C object externals/cgns/hdf5/libsu2hdf5.a.p/H5FDlog.c.o
[126/824] Compiling C object externals/cgns/hdf5/libsu2hdf5.a.p/H5FDspace.c.o
[127/824] Compiling C object externals/cgns/hdf5/libsu2hdf5.a.p/H5FDtest.c.o
[128/824] Compiling C object externals/cgns/hdf5/libsu2hdf5.a.p/H5FDmpio.c.o
[129/824] Compiling C object externals/cgns/hdf5/libsu2hdf5.a.p/H5FDwindows.c.o
[130/824] Compiling C object externals/cgns/hdf5/libsu2hdf5.a.p/H5FDsec2.c.o
[131/824] Compiling C object externals/cgns/hdf5/libsu2hdf5.a.p/H5FDstdio.c.o
[132/824] Compiling C object externals/cgns/hdf5/libsu2hdf5.a.p/H5FDsplitter.c.o
[133/824] Compiling C object externals/cgns/hdf5/libsu2hdf5.a.p/H5FDmulti.c.o
[134/824] Compiling C object externals/cgns/hdf5/libsu2hdf5.a.p/H5FSint.c.o
[135/824] Compiling C object externals/cgns/hdf5/libsu2hdf5.a.p/H5FO.c.o
[136/824] Compiling C object externals/cgns/hdf5/libsu2hdf5.a.p/H5FSdbg.c.o
[137/824] Compiling C object externals/cgns/hdf5/libsu2hdf5.a.p/H5FSstat.c.o
[138/824] Compiling C object externals/cgns/hdf5/libsu2hdf5.a.p/H5FStest.c.o
[139/824] Compiling C object externals/cgns/hdf5/libsu2hdf5.a.p/H5FS.c.o
[140/824] Compiling C object externals/cgns/hdf5/libsu2hdf5.a.p/H5FL.c.o
[141/824] Compiling C object externals/cgns/hdf5/libsu2hdf5.a.p/H5FScache.c.o
[142/824] Compiling C object externals/cgns/hdf5/libsu2hdf5.a.p/H5Gbtree2.c.o
[143/824] Compiling C object externals/cgns/hdf5/libsu2hdf5.a.p/H5Gcache.c.o
[144/824] Compiling C object externals/cgns/hdf5/libsu2hdf5.a.p/H5G.c.o
[145/824] Compiling C object externals/cgns/hdf5/libsu2hdf5.a.p/H5Gcompact.c.o
[146/824] Compiling C object externals/cgns/hdf5/libsu2hdf5.a.p/H5Gent.c.o
[147/824] Compiling C object externals/cgns/hdf5/libsu2hdf5.a.p/H5Glink.c.o
[148/824] Compiling C object externals/cgns/hdf5/libsu2hdf5.a.p/H5Gdense.c.o
[149/824] Compiling C object externals/cgns/hdf5/libsu2hdf5.a.p/H5FSsection.c.o
[150/824] Compiling C object externals/cgns/hdf5/libsu2hdf5.a.p/H5Gint.c.o
In file included from ../externals/cgns/hdf5/H5Gint.c:34:
../externals/cgns/hdf5/H5Gint.c: In function ‘H5G_nameof’:
../externals/cgns/hdf5/H5Gint.c:570:41: warning: return discards ‘const’ qualifier from pointer target type [-Wdiscarded-qualifiers]
  570 |     FUNC_LEAVE_NOAPI(grp ? &(grp->path) : NULL)
../externals/cgns/hdf5/H5private.h:2450:13: note: in definition of macro ‘FUNC_LEAVE_NOAPI’
 2450 |     return (ret_value);                                                                                      \
      |             ^~~~~~~~~
[151/824] Compiling C object externals/cgns/hdf5/libsu2hdf5.a.p/H5Gloc.c.o
[152/824] Compiling C object externals/cgns/hdf5/libsu2hdf5.a.p/H5Gdeprec.c.o
[153/824] Compiling C object externals/cgns/hdf5/libsu2hdf5.a.p/H5Gname.c.o
[154/824] Compiling C object externals/cgns/hdf5/libsu2hdf5.a.p/H5Groot.c.o
[155/824] Compiling C object externals/cgns/hdf5/libsu2hdf5.a.p/H5Goh.c.o
[156/824] Compiling C object externals/cgns/hdf5/libsu2hdf5.a.p/H5Gobj.c.o
[157/824] Compiling C object externals/cgns/hdf5/libsu2hdf5.a.p/H5Gnode.c.o
[158/824] Compiling C object externals/cgns/hdf5/libsu2hdf5.a.p/H5Gstab.c.o
[159/824] Compiling C object externals/cgns/hdf5/libsu2hdf5.a.p/H5Gtest.c.o
[160/824] Compiling C object externals/cgns/hdf5/libsu2hdf5.a.p/H5HF.c.o
[161/824] Compiling C object externals/cgns/hdf5/libsu2hdf5.a.p/H5Gtraverse.c.o
[162/824] Compiling C object externals/cgns/hdf5/libsu2hdf5.a.p/H5HFbtree2.c.o
[163/824] Compiling C object externals/cgns/hdf5/libsu2hdf5.a.p/H5HFdtable.c.o
[164/824] Compiling C object externals/cgns/hdf5/libsu2hdf5.a.p/H5HFdbg.c.o
[165/824] Compiling C object externals/cgns/hdf5/libsu2hdf5.a.p/H5HFdblock.c.o
[166/824] Compiling C object externals/cgns/hdf5/libsu2hdf5.a.p/H5HFhdr.c.o
[167/824] Compiling C object externals/cgns/hdf5/libsu2hdf5.a.p/H5HFiter.c.o
[168/824] Compiling C object externals/cgns/hdf5/libsu2hdf5.a.p/H5HFcache.c.o
../externals/cgns/hdf5/H5HFcache.c: In function ‘H5HF__cache_hdr_serialize’:
../externals/cgns/hdf5/H5HFcache.c:745:12: warning: assignment discards ‘const’ qualifier from pointer target type [-Wdiscarded-qualifiers]
  745 |     hdr->f = f;
      |            ^
../externals/cgns/hdf5/H5HFcache.c: In function ‘H5HF__cache_iblock_serialize’:
../externals/cgns/hdf5/H5HFcache.c:1331:12: warning: assignment discards ‘const’ qualifier from pointer target type [-Wdiscarded-qualifiers]
 1331 |     hdr->f = f;
      |            ^
[169/824] Compiling C object externals/cgns/hdf5/libsu2hdf5.a.p/H5HFhuge.c.o
[170/824] Compiling C object externals/cgns/hdf5/libsu2hdf5.a.p/H5HFspace.c.o
[171/824] Compiling C object externals/cgns/hdf5/libsu2hdf5.a.p/H5HFman.c.o
[172/824] Compiling C object externals/cgns/hdf5/libsu2hdf5.a.p/H5HFiblock.c.o
[173/824] Compiling C object externals/cgns/hdf5/libsu2hdf5.a.p/H5HFstat.c.o
[174/824] Compiling C object externals/cgns/hdf5/libsu2hdf5.a.p/H5HFtest.c.o
[175/824] Compiling C object externals/cgns/hdf5/libsu2hdf5.a.p/H5HFtiny.c.o
[176/824] Compiling C object externals/cgns/hdf5/libsu2hdf5.a.p/H5HGcache.c.o
[177/824] Compiling C object externals/cgns/hdf5/libsu2hdf5.a.p/H5HGdbg.c.o
[178/824] Compiling C object externals/cgns/hdf5/libsu2hdf5.a.p/H5HGquery.c.o
[179/824] Compiling C object externals/cgns/hdf5/libsu2hdf5.a.p/H5HLdbg.c.o
[180/824] Compiling C object externals/cgns/hdf5/libsu2hdf5.a.p/H5HG.c.o
[181/824] Compiling C object externals/cgns/hdf5/libsu2hdf5.a.p/H5HLprfx.c.o
[182/824] Compiling C object externals/cgns/hdf5/libsu2hdf5.a.p/H5HLint.c.o
[183/824] Compiling C object externals/cgns/hdf5/libsu2hdf5.a.p/H5HLdblk.c.o
[184/824] Compiling C object externals/cgns/hdf5/libsu2hdf5.a.p/H5HL.c.o
[185/824] Compiling C object externals/cgns/hdf5/libsu2hdf5.a.p/H5HLcache.c.o
[186/824] Compiling C object externals/cgns/hdf5/libsu2hdf5.a.p/H5HP.c.o
[187/824] Compiling C object externals/cgns/hdf5/libsu2hdf5.a.p/H5Idbg.c.o
[188/824] Compiling C object externals/cgns/hdf5/libsu2hdf5.a.p/H5Itest.c.o
[189/824] Compiling C object externals/cgns/hdf5/libsu2hdf5.a.p/H5HFsection.c.o
[190/824] Compiling C object externals/cgns/hdf5/libsu2hdf5.a.p/H5I.c.o
[191/824] Compiling C object externals/cgns/hdf5/libsu2hdf5.a.p/H5M.c.o
[192/824] Compiling C object externals/cgns/hdf5/libsu2hdf5.a.p/H5Ldeprec.c.o
[193/824] Compiling C object externals/cgns/hdf5/libsu2hdf5.a.p/H5Lexternal.c.o
[194/824] Compiling C object externals/cgns/hdf5/libsu2hdf5.a.p/H5MFdbg.c.o
[195/824] Compiling C object externals/cgns/hdf5/libsu2hdf5.a.p/H5MFaggr.c.o
[196/824] Compiling C object externals/cgns/hdf5/libsu2hdf5.a.p/H5Iint.c.o
[197/824] Compiling C object externals/cgns/hdf5/libsu2hdf5.a.p/H5MM.c.o
[198/824] Compiling C object externals/cgns/hdf5/libsu2hdf5.a.p/H5MP.c.o
[199/824] Compiling C object externals/cgns/hdf5/libsu2hdf5.a.p/H5MFsection.c.o
[200/824] Compiling C object externals/cgns/hdf5/libsu2hdf5.a.p/H5MPtest.c.o
[201/824] Compiling C object externals/cgns/hdf5/libsu2hdf5.a.p/H5Oainfo.c.o
[202/824] Compiling C object externals/cgns/hdf5/libsu2hdf5.a.p/H5Obogus.c.o
[203/824] Compiling C object externals/cgns/hdf5/libsu2hdf5.a.p/H5Obtreek.c.o
[204/824] Compiling C object externals/cgns/hdf5/libsu2hdf5.a.p/H5Oattr.c.o
[205/824] Compiling C object externals/cgns/hdf5/libsu2hdf5.a.p/H5MF.c.o
[206/824] Compiling C object externals/cgns/hdf5/libsu2hdf5.a.p/H5L.c.o
[207/824] Compiling C object externals/cgns/hdf5/libsu2hdf5.a.p/H5O.c.o
[208/824] Compiling C object externals/cgns/hdf5/libsu2hdf5.a.p/H5Ocache_image.c.o
[209/824] Compiling C object externals/cgns/hdf5/libsu2hdf5.a.p/H5Ocont.c.o
[210/824] Compiling C object externals/cgns/hdf5/libsu2hdf5.a.p/H5Oattribute.c.o
[211/824] Compiling C object externals/cgns/hdf5/libsu2hdf5.a.p/H5Ochunk.c.o
[212/824] Compiling C object externals/cgns/hdf5/libsu2hdf5.a.p/H5Ocache.c.o
[213/824] Compiling C object externals/cgns/hdf5/libsu2hdf5.a.p/H5Odrvinfo.c.o
[214/824] Compiling C object externals/cgns/hdf5/libsu2hdf5.a.p/H5Ocopy_ref.c.o
[215/824] Compiling C object externals/cgns/hdf5/libsu2hdf5.a.p/H5Odbg.c.o
[216/824] Compiling C object externals/cgns/hdf5/libsu2hdf5.a.p/H5Oalloc.c.o
[217/824] Compiling C object externals/cgns/hdf5/libsu2hdf5.a.p/H5Oefl.c.o
[218/824] Compiling C object externals/cgns/hdf5/libsu2hdf5.a.p/H5Odeprec.c.o
[219/824] Compiling C object externals/cgns/hdf5/libsu2hdf5.a.p/H5Oginfo.c.o
[220/824] Compiling C object externals/cgns/hdf5/libsu2hdf5.a.p/H5Ofsinfo.c.o
[221/824] Compiling C object externals/cgns/hdf5/libsu2hdf5.a.p/H5Oflush.c.o
[222/824] Compiling C object externals/cgns/hdf5/libsu2hdf5.a.p/H5Ocopy.c.o
[223/824] Compiling C object externals/cgns/hdf5/libsu2hdf5.a.p/H5Ofill.c.o
[224/824] Compiling C object externals/cgns/hdf5/libsu2hdf5.a.p/H5Olinfo.c.o
[225/824] Compiling C object externals/cgns/hdf5/libsu2hdf5.a.p/H5Omtime.c.o
[226/824] Compiling C object externals/cgns/hdf5/libsu2hdf5.a.p/H5Odtype.c.o
[227/824] Compiling C object externals/cgns/hdf5/libsu2hdf5.a.p/H5Oname.c.o
[228/824] Compiling C object externals/cgns/hdf5/libsu2hdf5.a.p/H5Olink.c.o
[229/824] Compiling C object externals/cgns/hdf5/libsu2hdf5.a.p/H5Onull.c.o
[230/824] Compiling C object externals/cgns/hdf5/libsu2hdf5.a.p/H5Orefcount.c.o
[231/824] Compiling C object externals/cgns/hdf5/libsu2hdf5.a.p/H5Olayout.c.o
[232/824] Compiling C object externals/cgns/hdf5/libsu2hdf5.a.p/H5Oshmesg.c.o
[233/824] Compiling C object externals/cgns/hdf5/libsu2hdf5.a.p/H5Oshared.c.o
[234/824] Compiling C object externals/cgns/hdf5/libsu2hdf5.a.p/H5Opline.c.o
[235/824] Compiling C object externals/cgns/hdf5/libsu2hdf5.a.p/H5Omessage.c.o
[236/824] Compiling C object externals/cgns/hdf5/libsu2hdf5.a.p/H5Osdspace.c.o
[237/824] Compiling C object externals/cgns/hdf5/libsu2hdf5.a.p/H5Ostab.c.o
[238/824] Compiling C object externals/cgns/hdf5/libsu2hdf5.a.p/H5Oint.c.o
[239/824] Compiling C object externals/cgns/hdf5/libsu2hdf5.a.p/H5Ounknown.c.o
[240/824] Compiling C object externals/cgns/hdf5/libsu2hdf5.a.p/H5Pacpl.c.o
[241/824] Compiling C object externals/cgns/hdf5/libsu2hdf5.a.p/H5Otest.c.o
[242/824] Compiling C object externals/cgns/hdf5/libsu2hdf5.a.p/H5Pdeprec.c.o
[243/824] Compiling C object externals/cgns/hdf5/libsu2hdf5.a.p/H5Pencdec.c.o
[244/824] Compiling C object externals/cgns/hdf5/libsu2hdf5.a.p/H5Pfmpl.c.o
[245/824] Compiling C object externals/cgns/hdf5/libsu2hdf5.a.p/H5P.c.o
[246/824] Compiling C object externals/cgns/hdf5/libsu2hdf5.a.p/H5Pdapl.c.o
[247/824] Compiling C object externals/cgns/hdf5/libsu2hdf5.a.p/H5Pdxpl.c.o
[248/824] Compiling C object externals/cgns/hdf5/libsu2hdf5.a.p/H5Pgcpl.c.o
[249/824] Compiling C object externals/cgns/hdf5/libsu2hdf5.a.p/H5Plcpl.c.o
[250/824] Compiling C object externals/cgns/hdf5/libsu2hdf5.a.p/H5Pfcpl.c.o
[251/824] Compiling C object externals/cgns/hdf5/libsu2hdf5.a.p/H5Pmapl.c.o
[252/824] Compiling C object externals/cgns/hdf5/libsu2hdf5.a.p/H5Pmcpl.c.o
[253/824] Compiling C object externals/cgns/hdf5/libsu2hdf5.a.p/H5Plapl.c.o
[254/824] Compiling C object externals/cgns/hdf5/libsu2hdf5.a.p/H5Ptest.c.o
[255/824] Compiling C object externals/cgns/hdf5/libsu2hdf5.a.p/H5Pstrcpl.c.o
[256/824] Compiling C object externals/cgns/hdf5/libsu2hdf5.a.p/H5Pocpypl.c.o
[257/824] Compiling C object externals/cgns/hdf5/libsu2hdf5.a.p/H5Pdcpl.c.o
[258/824] Compiling C object externals/cgns/hdf5/libsu2hdf5.a.p/H5PLint.c.o
[259/824] Compiling C object externals/cgns/hdf5/libsu2hdf5.a.p/H5PL.c.o
[260/824] Compiling C object externals/cgns/hdf5/libsu2hdf5.a.p/H5Pocpl.c.o
[261/824] Compiling C object externals/cgns/hdf5/libsu2hdf5.a.p/H5Pint.c.o
[262/824] Compiling C object externals/cgns/hdf5/libsu2hdf5.a.p/H5PLplugin_cache.c.o
[263/824] Compiling C object externals/cgns/hdf5/libsu2hdf5.a.p/H5PLpath.c.o
[264/824] Compiling C object externals/cgns/hdf5/libsu2hdf5.a.p/H5PB.c.o
[265/824] Compiling C object externals/cgns/hdf5/libsu2hdf5.a.p/H5UC.c.o
[266/824] Compiling C object externals/cgns/hdf5/libsu2hdf5.a.p/H5RS.c.o
[267/824] Compiling C object externals/cgns/hdf5/libsu2hdf5.a.p/H5Rdeprec.c.o
[268/824] Compiling C object externals/cgns/hdf5/libsu2hdf5.a.p/H5Sdbg.c.o
[269/824] Compiling C object externals/cgns/hdf5/libsu2hdf5.a.p/H5R.c.o
[270/824] Compiling C object externals/cgns/hdf5/libsu2hdf5.a.p/H5Rint.c.o
[271/824] Compiling C object externals/cgns/hdf5/libsu2hdf5.a.p/H5Sall.c.o
[272/824] Compiling C object externals/cgns/hdf5/libsu2hdf5.a.p/H5Sdeprec.c.o
[273/824] Compiling C object externals/cgns/hdf5/libsu2hdf5.a.p/H5Pfapl.c.o
[274/824] Compiling C object externals/cgns/hdf5/libsu2hdf5.a.p/H5Snone.c.o
[275/824] Compiling C object externals/cgns/hdf5/libsu2hdf5.a.p/H5Stest.c.o
[276/824] Compiling C object externals/cgns/hdf5/libsu2hdf5.a.p/H5S.c.o
[277/824] Compiling C object externals/cgns/hdf5/libsu2hdf5.a.p/H5Smpio.c.o
[278/824] Compiling C object externals/cgns/hdf5/libsu2hdf5.a.p/H5SMbtree2.c.o
[279/824] Compiling C object externals/cgns/hdf5/libsu2hdf5.a.p/H5SMtest.c.o
[280/824] Compiling C object externals/cgns/hdf5/libsu2hdf5.a.p/H5SMmessage.c.o
[281/824] Compiling C object externals/cgns/hdf5/libsu2hdf5.a.p/H5SMcache.c.o
[282/824] Compiling C object externals/cgns/hdf5/libsu2hdf5.a.p/H5Spoint.c.o
[283/824] Compiling C object externals/cgns/hdf5/libsu2hdf5.a.p/H5Sselect.c.o
[284/824] Compiling C object externals/cgns/hdf5/libsu2hdf5.a.p/H5Tarray.c.o
[285/824] Compiling C object externals/cgns/hdf5/libsu2hdf5.a.p/H5Tbit.c.o
[286/824] Compiling C object externals/cgns/hdf5/libsu2hdf5.a.p/H5SM.c.o
[287/824] Compiling C object externals/cgns/hdf5/libsu2hdf5.a.p/H5Tcompound.c.o
[288/824] Compiling C object externals/cgns/hdf5/libsu2hdf5.a.p/H5Tcset.c.o
[289/824] Compiling C object externals/cgns/hdf5/libsu2hdf5.a.p/H5Tdbg.c.o
[290/824] Compiling C object externals/cgns/hdf5/libsu2hdf5.a.p/H5Tcommit.c.o
[291/824] Compiling C object externals/cgns/hdf5/libsu2hdf5.a.p/H5Tdeprec.c.o
[292/824] Compiling C object externals/cgns/hdf5/libsu2hdf5.a.p/H5Tfixed.c.o
[293/824] Compiling C object externals/cgns/hdf5/libsu2hdf5.a.p/H5Tenum.c.o
[294/824] Compiling C object externals/cgns/hdf5/libsu2hdf5.a.p/H5Tfields.c.o
[295/824] Compiling C object externals/cgns/hdf5/libsu2hdf5.a.p/H5Tfloat.c.o
[296/824] Compiling C object externals/cgns/hdf5/libsu2hdf5.a.p/H5Toffset.c.o
[297/824] Compiling C object externals/cgns/hdf5/libsu2hdf5.a.p/H5Toh.c.o
[298/824] Compiling C object externals/cgns/hdf5/libsu2hdf5.a.p/H5Tnative.c.o
[299/824] Compiling C object externals/cgns/hdf5/libsu2hdf5.a.p/H5Topaque.c.o
[300/824] Compiling C object externals/cgns/hdf5/libsu2hdf5.a.p/H5Tpad.c.o
[301/824] Compiling C object externals/cgns/hdf5/libsu2hdf5.a.p/H5Torder.c.o
[302/824] Compiling C object externals/cgns/hdf5/libsu2hdf5.a.p/H5Tprecis.c.o
[303/824] Compiling C object externals/cgns/hdf5/libsu2hdf5.a.p/H5Tstrpad.c.o
[304/824] Compiling C object externals/cgns/hdf5/libsu2hdf5.a.p/H5Tvisit.c.o
[305/824] Compiling C object externals/cgns/hdf5/libsu2hdf5.a.p/H5Tref.c.o
[306/824] Compiling C object externals/cgns/hdf5/libsu2hdf5.a.p/H5TS.c.o
[307/824] Compiling C object externals/cgns/hdf5/libsu2hdf5.a.p/H5T.c.o
../externals/cgns/hdf5/H5T.c: In function ‘H5T_nameof’:
../externals/cgns/hdf5/H5T.c:5546:23: warning: assignment discards ‘const’ qualifier from pointer target type [-Wdiscarded-qualifiers]
 5546 |             ret_value = &(dt->path);
      |                       ^
[308/824] Compiling C object externals/cgns/hdf5/libsu2hdf5.a.p/H5Tvlen.c.o
[309/824] Compiling C object externals/cgns/hdf5/libsu2hdf5.a.p/H5VL.c.o
[310/824] Compiling C object externals/cgns/hdf5/libsu2hdf5.a.p/H5VLnative.c.o
[311/824] Compiling C object externals/cgns/hdf5/libsu2hdf5.a.p/H5VLnative_attr.c.o
[312/824] Compiling C object externals/cgns/hdf5/libsu2hdf5.a.p/H5VLnative_blob.c.o
[313/824] Compiling C object externals/cgns/hdf5/libsu2hdf5.a.p/H5VLnative_dataset.c.o
[314/824] Compiling C object externals/cgns/hdf5/libsu2hdf5.a.p/H5SL.c.o
[315/824] Compiling C object externals/cgns/hdf5/libsu2hdf5.a.p/H5VLint.c.o
[316/824] Compiling C object externals/cgns/hdf5/libsu2hdf5.a.p/H5VLnative_datatype.c.o
[317/824] Compiling C object externals/cgns/hdf5/libsu2hdf5.a.p/H5VLnative_introspect.c.o
[318/824] Compiling C object externals/cgns/hdf5/libsu2hdf5.a.p/H5VLnative_file.c.o
[319/824] Compiling C object externals/cgns/hdf5/libsu2hdf5.a.p/H5VLnative_group.c.o
[320/824] Compiling C object externals/cgns/hdf5/libsu2hdf5.a.p/H5VLnative_link.c.o
[321/824] Compiling C object externals/cgns/hdf5/libsu2hdf5.a.p/H5VLnative_token.c.o
[322/824] Compiling C object externals/cgns/hdf5/libsu2hdf5.a.p/H5VLnative_object.c.o
[323/824] Compiling C object externals/cgns/hdf5/libsu2hdf5.a.p/H5WB.c.o
[324/824] Compiling C object externals/cgns/hdf5/libsu2hdf5.a.p/H5Zdeflate.c.o
[325/824] Compiling C object externals/cgns/hdf5/libsu2hdf5.a.p/H5Zfletcher32.c.o
[326/824] Compiling C object externals/cgns/hdf5/libsu2hdf5.a.p/H5VM.c.o
[327/824] Compiling C object externals/cgns/hdf5/libsu2hdf5.a.p/H5VLpassthru.c.o
[328/824] Compiling C object externals/cgns/hdf5/libsu2hdf5.a.p/H5Zszip.c.o
[329/824] Compiling C object externals/cgns/hdf5/libsu2hdf5.a.p/H5Zshuffle.c.o
[330/824] Compiling C object externals/cgns/hdf5/libsu2hdf5.a.p/H5Z.c.o
[331/824] Compiling C object externals/cgns/libcgns.a.p/cgns_error.c.o
[332/824] Compiling C object externals/cgns/hdf5/libsu2hdf5.a.p/H5Znbit.c.o
[333/824] Compiling C object externals/cgns/hdf5/libsu2hdf5.a.p/H5VLcallback.c.o
[334/824] Compiling C object externals/cgns/libcgns.a.p/cg_hashmap.c.o
[335/824] Compiling C object externals/cgns/hdf5/libsu2hdf5.a.p/H5Shyper.c.o
[336/824] Compiling C object externals/cgns/libcgns.a.p/cgns_io.c.o
[337/824] Compiling C object externals/cgns/hdf5/libsu2hdf5.a.p/H5Zscaleoffset.c.o
[338/824] Compiling C object externals/cgns/libcgns.a.p/adf_ADF_interface.c.o
[339/824] Compiling C object externals/cgns/libcgns.a.p/adfh_ADFH.c.o
[340/824] Compiling C object externals/cgns/hdf5/libsu2hdf5.a.p/H5Ztrans.c.o
[341/824] Compiling C object externals/metis/libmetis.a.p/GKlib_fkvkselect.c.o
[342/824] Compiling C object externals/metis/libmetis.a.p/GKlib_pqueue.c.o
[343/824] Compiling C object externals/cgns/libcgns.a.p/adf_ADF_internals.c.o
[344/824] Compiling C object externals/metis/libmetis.a.p/GKlib_b64.c.o
[345/824] Compiling C object externals/metis/libmetis.a.p/GKlib_rw.c.o
[346/824] Compiling C object externals/metis/libmetis.a.p/GKlib_util.c.o
[347/824] Compiling C object externals/metis/libmetis.a.p/GKlib_timers.c.o
[348/824] Compiling C object externals/metis/libmetis.a.p/GKlib_blas.c.o
[349/824] Compiling C object externals/cgns/libcgns.a.p/pcgnslib.c.o
[350/824] Compiling C object externals/metis/libmetis.a.p/GKlib_fs.c.o
[351/824] Compiling C object externals/metis/libmetis.a.p/GKlib_pdb.c.o
[352/824] Compiling C object externals/metis/libmetis.a.p/GKlib_memory.c.o
[353/824] Compiling C object externals/metis/libmetis.a.p/GKlib_random.c.o
[354/824] Compiling C object externals/metis/libmetis.a.p/GKlib_getopt.c.o
[355/824] Compiling C object externals/metis/libmetis.a.p/GKlib_htable.c.o
[356/824] Compiling C object externals/metis/libmetis.a.p/GKlib_mcore.c.o
[357/824] Compiling C object externals/metis/libmetis.a.p/GKlib_tokenizer.c.o
[358/824] Compiling C object externals/metis/libmetis.a.p/GKlib_csr.c.o
[359/824] Compiling C object externals/metis/libmetis.a.p/GKlib_string.c.o
[360/824] Compiling C object externals/metis/libmetis.a.p/GKlib_io.c.o
[361/824] Compiling C object externals/metis/libmetis.a.p/GKlib_omp.c.o
[362/824] Compiling C object externals/metis/libmetis.a.p/GKlib_seq.c.o
[363/824] Compiling C object externals/metis/libmetis.a.p/GKlib_evaluate.c.o
[364/824] Compiling C object externals/metis/libmetis.a.p/GKlib_error.c.o
[365/824] Compiling C object externals/metis/libmetis.a.p/GKlib_itemsets.c.o
[366/824] Compiling C object externals/metis/libmetis.a.p/libmetis_timing.c.o
[367/824] Compiling C object externals/metis/libmetis.a.p/libmetis_frename.c.o
[368/824] Compiling C object externals/metis/libmetis.a.p/libmetis_meshpart.c.o
[369/824] Compiling C object externals/metis/libmetis.a.p/GKlib_graph.c.o
[370/824] Compiling C object externals/metis/libmetis.a.p/libmetis_mesh.c.o
[371/824] Compiling C object externals/metis/libmetis.a.p/libmetis_minconn.c.o
[372/824] Compiling C object externals/metis/libmetis.a.p/libmetis_bucketsort.c.o
[373/824] Compiling C object externals/metis/libmetis.a.p/GKlib_sort.c.o
[374/824] Compiling C object externals/metis/libmetis.a.p/libmetis_mmd.c.o
[375/824] Compiling C object externals/metis/libmetis.a.p/libmetis_balance.c.o
[376/824] Compiling C object externals/metis/libmetis.a.p/libmetis_util.c.o
[377/824] Compiling C object externals/metis/libmetis.a.p/libmetis_contig.c.o
[378/824] Compiling C object externals/metis/libmetis.a.p/libmetis_refine.c.o
[379/824] Compiling C object externals/metis/libmetis.a.p/libmetis_checkgraph.c.o
[380/824] Compiling C object externals/metis/libmetis.a.p/libmetis_fm.c.o
[381/824] Compiling C object externals/metis/libmetis.a.p/libmetis_compress.c.o
[382/824] Compiling C object externals/metis/libmetis.a.p/libmetis_pmetis.c.o
[383/824] Compiling C object externals/metis/libmetis.a.p/libmetis_stat.c.o
[384/824] Compiling C object externals/metis/libmetis.a.p/libmetis_parmetis.c.o
[385/824] Compiling C object externals/metis/libmetis.a.p/libmetis_srefine.c.o
[386/824] Compiling C object externals/metis/libmetis.a.p/libmetis_kwayfm.c.o
[387/824] Compiling C object externals/metis/libmetis.a.p/libmetis_options.c.o
[388/824] Compiling C object externals/metis/libmetis.a.p/libmetis_separator.c.o
[389/824] Compiling C object externals/metis/libmetis.a.p/libmetis_kmetis.c.o
[390/824] Compiling C object externals/metis/libmetis.a.p/libmetis_kwayrefine.c.o
[391/824] Compiling C object externals/metis/libmetis.a.p/libmetis_sfm.c.o
[392/824] Compiling C object externals/metis/libmetis.a.p/GKlib_gkregex.c.o
[393/824] Compiling C object externals/metis/libmetis.a.p/libmetis_auxapi.c.o
[394/824] Compiling C object externals/metis/libmetis.a.p/libmetis_graph.c.o
[395/824] Compiling C object externals/metis/libmetis.a.p/libmetis_fortran.c.o
[396/824] Compiling C object externals/metis/libmetis.a.p/libmetis_wspace.c.o
[397/824] Compiling C object externals/metis/libmetis.a.p/libmetis_mincover.c.o
[398/824] Compiling C object externals/metis/libmetis.a.p/libmetis_coarsen.c.o
[399/824] Compiling C object externals/metis/libmetis.a.p/libmetis_mcutil.c.o
[400/824] Compiling C object externals/metis/libmetis.a.p/libmetis_initpart.c.o
[401/824] Compiling C object externals/metis/libmetis.a.p/libmetis_debug.c.o
[402/824] Compiling C object externals/metis/libmetis.a.p/libmetis_ometis.c.o
[403/824] Compiling C object externals/parmetis/libparmetis.a.p/libparmetis_frename.c.o
[404/824] Compiling C object externals/parmetis/libparmetis.a.p/libparmetis_comm.c.o
[405/824] Compiling C object externals/parmetis/libparmetis.a.p/libparmetis_ctrl.c.o
[406/824] Compiling C object externals/parmetis/libparmetis.a.p/libparmetis_pspases.c.o
[407/824] Compiling C object externals/parmetis/libparmetis.a.p/libparmetis_mesh.c.o
[408/824] Compiling C object externals/parmetis/libparmetis.a.p/libparmetis_wave.c.o
[409/824] Compiling C object externals/parmetis/libparmetis.a.p/libparmetis_redomylink.c.o
[410/824] Compiling C object externals/parmetis/libparmetis.a.p/libparmetis_util.c.o
[411/824] Compiling C object externals/parmetis/libparmetis.a.p/libparmetis_remap.c.o
[412/824] Compiling C object externals/parmetis/libparmetis.a.p/libparmetis_balancemylink.c.o
[413/824] Compiling C object externals/parmetis/libparmetis.a.p/libparmetis_timer.c.o
[414/824] Compiling C object externals/metis/libmetis.a.p/libmetis_gklib.c.o
[415/824] Compiling C object externals/parmetis/libparmetis.a.p/libparmetis_node_refine.c.o
[416/824] Compiling C object externals/parmetis/libparmetis.a.p/libparmetis_rmetis.c.o
[417/824] Compiling C object externals/cgns/libcgns.a.p/cgnslib.c.o
[418/824] Compiling C object externals/parmetis/libparmetis.a.p/libparmetis_stat.c.o
[419/824] Compiling C object externals/parmetis/libparmetis.a.p/libparmetis_gkmpi.c.o
[420/824] Compiling C object externals/parmetis/libparmetis.a.p/libparmetis_msetup.c.o
[421/824] Compiling C object externals/parmetis/libparmetis.a.p/libparmetis_selectq.c.o
[422/824] Compiling C object externals/parmetis/libparmetis.a.p/libparmetis_xyzpart.c.o
[423/824] Compiling C object externals/parmetis/libparmetis.a.p/libparmetis_mdiffusion.c.o
[424/824] Compiling C object externals/parmetis/libparmetis.a.p/libparmetis_initmsection.c.o
[425/824] Compiling C object externals/parmetis/libparmetis.a.p/libparmetis_kmetis.c.o
[426/824] Compiling C object externals/parmetis/libparmetis.a.p/libparmetis_akwayfm.c.o
[427/824] Compiling C object externals/parmetis/libparmetis.a.p/libparmetis_csrmatch.c.o
[428/824] Compiling C object externals/parmetis/libparmetis.a.p/libparmetis_renumber.c.o
[429/824] Compiling C object externals/parmetis/libparmetis.a.p/libparmetis_graph.c.o
[430/824] Compiling C object externals/parmetis/libparmetis.a.p/libparmetis_ametis.c.o
[431/824] Compiling C object externals/parmetis/libparmetis.a.p/libparmetis_gkmetis.c.o
[432/824] Compiling C object externals/cgns/libcgns.a.p/cgns_internals.c.o
[433/824] Compiling C object externals/parmetis/libparmetis.a.p/libparmetis_wspace.c.o
[434/824] Compiling C object externals/parmetis/libparmetis.a.p/libparmetis_initbalance.c.o
[435/824] Compiling C object externals/parmetis/libparmetis.a.p/libparmetis_weird.c.o
[436/824] Compiling C object externals/parmetis/libparmetis.a.p/libparmetis_serial.c.o
[437/824] Compiling C object externals/parmetis/libparmetis.a.p/libparmetis_kwayrefine.c.o
[438/824] Compiling C object externals/parmetis/libparmetis.a.p/libparmetis_initpart.c.o
[439/824] Compiling C object externals/parmetis/libparmetis.a.p/libparmetis_move.c.o
[440/824] Compiling C object externals/parmetis/libparmetis.a.p/libparmetis_mmetis.c.o
[441/824] Compiling C object externals/parmetis/libparmetis.a.p/libparmetis_diffutil.c.o
[442/824] Compiling C object externals/parmetis/libparmetis.a.p/libparmetis_debug.c.o
[443/824] Compiling C object externals/parmetis/libparmetis.a.p/libparmetis_ometis.c.o
[444/824] Compiling C++ object externals/tecio/teciompisrc/libteciompi.a.p/FileSystem.cpp.o
[445/824] Compiling C object externals/parmetis/libparmetis.a.p/libparmetis_match.c.o
[446/824] Compiling C++ object externals/tecio/teciompisrc/libteciompi.a.p/szcombine.cpp.o
[447/824] Compiling C++ object externals/tecio/teciompisrc/libteciompi.a.p/ClassicZoneWriterAbstract.cpp.o
[448/824] Compiling C++ object externals/tecio/teciompisrc/libteciompi.a.p/MPIUtil.cpp.o
[449/824] Compiling C++ object externals/tecio/teciompisrc/libteciompi.a.p/FaceNeighborGeneratorAbstract.cpp.o
[450/824] Compiling C++ object externals/tecio/teciompisrc/libteciompi.a.p/SZLOrderedZoneHeaderWriter.cpp.o
[451/824] Compiling C++ object externals/tecio/teciompisrc/libteciompi.a.p/PartitionTecUtilDecorator.cpp.o
[452/824] Compiling C++ object externals/tecio/teciompisrc/libteciompi.a.p/MPIFileIOStream.cpp.o
[453/824] Compiling C++ object externals/tecio/teciompisrc/libteciompi.a.p/ZoneWriterFactory.cpp.o
[454/824] Compiling C++ object externals/tecio/teciompisrc/libteciompi.a.p/checkPercentDone.cpp.o
[455/824] Compiling C object externals/cgns/hdf5/libsu2hdf5.a.p/H5Tconv.c.o
[456/824] Compiling C++ object externals/tecio/teciompisrc/libteciompi.a.p/tecio.cpp.o
[457/824] Compiling C++ object externals/tecio/teciompisrc/libteciompi.a.p/ZoneWriterFactoryMPI.cpp.o
[458/824] Compiling C++ object externals/tecio/teciompisrc/libteciompi.a.p/UnicodeStringUtils.cpp.o
[459/824] Compiling C++ object externals/tecio/teciompisrc/libteciompi.a.p/ClassicZoneVariableWriter.cpp.o
[460/824] Compiling C++ object externals/tecio/teciompisrc/libteciompi.a.p/DataSetWriter.cpp.o
[461/824] Compiling C++ object externals/tecio/teciompisrc/libteciompi.a.p/ClassicZoneFaceNeighborWriter.cpp.o
[462/824] Compiling C++ object externals/tecio/teciompisrc/libteciompi.a.p/ClassicZoneHeaderWriter.cpp.o
[463/824] Compiling C++ object externals/tecio/teciompisrc/libteciompi.a.p/MPICommunicator.cpp.o
[464/824] Compiling C++ object externals/tecio/teciompisrc/libteciompi.a.p/SZLOrderedPartitionedZoneWriterMPI.cpp.o
[465/824] Compiling C++ object externals/tecio/teciompisrc/libteciompi.a.p/importSzPltFile.cpp.o
[466/824] Compiling C++ object externals/tecio/teciompisrc/libteciompi.a.p/fileStuff.cpp.o
[467/824] Compiling C++ object externals/tecio/teciompisrc/libteciompi.a.p/writeValueArray.cpp.o
[468/824] Compiling C++ object externals/tecio/teciompisrc/libteciompi.a.p/SZLFEPartitionedZoneWriter.cpp.o
[469/824] Compiling C++ object externals/tecio/teciompisrc/libteciompi.a.p/FileStreamReader.cpp.o
[470/824] Compiling C++ object externals/tecio/teciompisrc/libteciompi.a.p/TecioData.cpp.o
[471/824] Compiling C++ object externals/tecio/teciompisrc/libteciompi.a.p/Zone_s.cpp.o
[472/824] Compiling C++ object externals/tecio/teciompisrc/libteciompi.a.p/FECellSubzoneCompressor.cpp.o
[473/824] Compiling C++ object externals/tecio/teciompisrc/libteciompi.a.p/ZoneWriterAbstract.cpp.o
[474/824] Compiling C++ object externals/tecio/teciompisrc/libteciompi.a.p/SZLOrderedPartitionWriter.cpp.o
[475/824] Compiling C++ object externals/tecio/teciompisrc/libteciompi.a.p/ZoneHeaderWriterAbstract.cpp.o
[476/824] Compiling C++ object externals/tecio/teciompisrc/libteciompi.a.p/MPIFileWriter.cpp.o
[477/824] Compiling C++ object externals/tecio/teciompisrc/libteciompi.a.p/FileIOStream.cpp.o
[478/824] Compiling C++ object externals/tecio/teciompisrc/libteciompi.a.p/SZLOrderedPartitionedZoneWriter.cpp.o
[479/824] Compiling C++ object externals/tecio/teciompisrc/libteciompi.a.p/NodeToElemMap_s.cpp.o
[480/824] Compiling C++ object externals/tecio/teciompisrc/libteciompi.a.p/MPICommunicationCache.cpp.o
[481/824] Compiling C++ object externals/tecio/teciompisrc/libteciompi.a.p/TecioTecUtil.cpp.o
[482/824] Compiling C++ object externals/tecio/teciompisrc/libteciompi.a.p/SZLFEPartitionedZoneHeaderWriter.cpp.o
[483/824] Compiling C++ object externals/tecio/teciompisrc/libteciompi.a.p/MinMaxTree.cpp.o
[484/824] Compiling C++ object externals/tecio/teciompisrc/libteciompi.a.p/ClassicFEZoneConnectivityWriter.cpp.o
[485/824] Compiling C++ object externals/tecio/teciompisrc/libteciompi.a.p/FieldData.cpp.o
[486/824] Compiling C++ object externals/tecio/teciompisrc/libteciompi.a.p/DataSetWriterMPI.cpp.o
[487/824] Compiling C++ object externals/tecio/teciompisrc/libteciompi.a.p/AsciiOutputInfo.cpp.o
[488/824] Compiling C++ object externals/tecio/teciompisrc/libteciompi.a.p/ClassicFEZoneFaceNeighborGenerator.cpp.o
[489/824] Compiling C++ object externals/tecio/teciompisrc/libteciompi.a.p/MPIFileReader.cpp.o
[490/824] Compiling C++ object externals/tecio/teciompisrc/libteciompi.a.p/SZLOrderedPartitionedZoneHeaderWriter.cpp.o
[491/824] Compiling C++ object externals/tecio/teciompisrc/libteciompi.a.p/ClassicOrderedZoneFaceNeighborGenerator.cpp.o
[492/824] Compiling C++ object externals/tecio/teciompisrc/libteciompi.a.p/FieldData_s.cpp.o
[493/824] Compiling C++ object externals/tecio/teciompisrc/libteciompi.a.p/SZLFEPartitionedZoneWriterMPI.cpp.o
[494/824] Compiling C++ object externals/tecio/teciompisrc/libteciompi.a.p/mpiDatatype.cpp.o
[495/824] Compiling C++ object externals/tecio/teciompisrc/libteciompi.a.p/IJKSubzoneInfo.cpp.o
[496/824] Compiling C++ object externals/tecio/teciompisrc/libteciompi.a.p/IntervalTree.cpp.o
[497/824] Compiling C++ object externals/tecio/teciompisrc/libteciompi.a.p/ORBFESubzonePartitioner.cpp.o
[498/824] Compiling C++ object externals/tecio/teciompisrc/libteciompi.a.p/NodeMap.cpp.o
[499/824] Compiling C++ object externals/tecio/teciompisrc/libteciompi.a.p/IJKZoneInfo.cpp.o
[500/824] Compiling C++ object externals/tecio/teciompisrc/libteciompi.a.p/ClassicFEZoneWriter.cpp.o
[501/824] Compiling C++ object externals/tecio/teciompisrc/libteciompi.a.p/Scanner.cpp.o
[502/824] Compiling C++ object externals/tecio/teciompisrc/libteciompi.a.p/FileStreamWriter.cpp.o
[503/824] Compiling C++ object externals/tecio/teciompisrc/libteciompi.a.p/OrthogonalBisection.cpp.o
[504/824] Compiling C++ object externals/tecio/teciompisrc/libteciompi.a.p/SZLFEPartitionWriter.cpp.o
[505/824] Compiling C++ object externals/tecio/teciompisrc/libteciompi.a.p/ZoneVarMetadata.cpp.o
[506/824] Compiling C++ object externals/tecio/teciompisrc/libteciompi.a.p/ClassicOrderedZoneWriter.cpp.o
[507/824] Compiling C++ object externals/tecio/teciompisrc/libteciompi.a.p/SZLFEZoneHeaderWriter.cpp.o
[508/824] Compiling C++ object externals/tecio/teciompisrc/libteciompi.a.p/SZLOrderedZoneWriter.cpp.o
[509/824] Compiling C++ object externals/tecio/teciompisrc/libteciompi.a.p/SZLFEZoneWriter.cpp.o
[510/824] Compiling C++ object Common/src/libSU2Common.a.p/basic_types_ad_structure.cpp.o
[511/824] Compiling C++ object externals/tecio/teciompisrc/libteciompi.a.p/ZoneInfoCache.cpp.o
[512/824] Compiling C++ object Common/src/libSU2Common.a.p/graph_coloring_structure.cpp.o
[513/824] Compiling C++ object externals/tecio/teciompisrc/libteciompi.a.p/readValueArray.cpp.o
[514/824] Compiling C++ object Common/src/libSU2Common.a.p/.._include_parallelization_omp_structure.cpp.o
[515/824] Compiling C++ object externals/tecio/teciompisrc/libteciompi.a.p/exportSubzonePlt.cpp.o
[516/824] Compiling C++ object Common/src/libSU2Common.a.p/.._include_parallelization_mpi_structure.cpp.o
[517/824] Compiling C++ object Common/src/libSU2Common.a.p/wall_model.cpp.o
[518/824] Compiling C++ object Common/src/libSU2Common.a.p/linear_algebra_CPastixWrapper.cpp.o
[519/824] Compiling C++ object externals/tecio/teciompisrc/libteciompi.a.p/MPINonBlockingCommunicationCollection.cpp.o
[520/824] Compiling C++ object Common/src/libSU2Common.a.p/linear_algebra_CSysVector.cpp.o
[521/824] Compiling C++ object Common/src/libSU2Common.a.p/toolboxes_CLinearPartitioner.cpp.o
[522/824] Compiling C++ object Common/src/libSU2Common.a.p/linear_algebra_CSysSolve_b.cpp.o
[523/824] Compiling C++ object Common/src/libSU2Common.a.p/linear_algebra_blas_structure.cpp.o
[524/824] Compiling C++ object Common/src/libSU2Common.a.p/toolboxes_printing_toolbox.cpp.o
[525/824] Compiling C++ object Common/src/libSU2Common.a.p/toolboxes_C1DInterpolation.cpp.o
[526/824] Compiling C++ object Common/src/libSU2Common.a.p/toolboxes_CSquareMatrixCM.cpp.o
[527/824] Compiling C++ object Common/src/libSU2Common.a.p/linear_algebra_CSysMatrix.cpp.o
[528/824] Compiling C++ object Common/src/libSU2Common.a.p/toolboxes_CSymmetricMatrix.cpp.o
[529/824] Compiling C++ object Common/src/libSU2Common.a.p/toolboxes_MMS_CInviscidVortexSolution.cpp.o
[530/824] Compiling C++ object Common/src/libSU2Common.a.p/toolboxes_MMS_CIncTGVSolution.cpp.o
[531/824] Compiling C++ object Common/src/libSU2Common.a.p/toolboxes_MMS_CMMSIncNSSolution.cpp.o
[532/824] Compiling C++ object Common/src/libSU2Common.a.p/toolboxes_MMS_CMMSIncEulerSolution.cpp.o
[533/824] Compiling C++ object Common/src/libSU2Common.a.p/toolboxes_MMS_CRinglebSolution.cpp.o
[534/824] Compiling C++ object Common/src/libSU2Common.a.p/toolboxes_MMS_CMMSNSTwoHalfSpheresSolution.cpp.o
[535/824] Compiling C++ object Common/src/libSU2Common.a.p/toolboxes_MMS_CNSUnitQuadSolution.cpp.o
[536/824] Compiling C++ object Common/src/libSU2Common.a.p/toolboxes_MMS_CMMSNSUnitQuadSolution.cpp.o
[537/824] Compiling C++ object Common/src/libSU2Common.a.p/toolboxes_MMS_CMMSNSTwoHalfCirclesSolution.cpp.o
[538/824] Compiling C++ object externals/tecio/teciompisrc/libteciompi.a.p/TecioSZL.cpp.o
[539/824] Compiling C++ object Common/src/libSU2Common.a.p/toolboxes_MMS_CTGVSolution.cpp.o
[540/824] Compiling C++ object Common/src/libSU2Common.a.p/toolboxes_fem_CMatchingFace.cpp.o
[541/824] Compiling C++ object Common/src/libSU2Common.a.p/toolboxes_MMS_CMMSNSUnitQuadSolutionWallBC.cpp.o
[542/824] Compiling C++ object Common/src/libSU2Common.a.p/toolboxes_fem_CReorderElements.cpp.o
[543/824] Compiling C++ object Common/src/libSU2Common.a.p/toolboxes_fem_CFaceOfElement.cpp.o
[544/824] Compiling C++ object Common/src/libSU2Common.a.p/toolboxes_MMS_CVerificationSolution.cpp.o
[545/824] Compiling C++ object Common/src/libSU2Common.a.p/toolboxes_MMS_CUserDefinedSolution.cpp.o
[546/824] Compiling C++ object Common/src/libSU2Common.a.p/toolboxes_fem_CSortFaces.cpp.o
[547/824] Compiling C++ object Common/src/libSU2Common.a.p/geometry_CDummyGeometry.cpp.o
[548/824] Compiling C++ object Common/src/libSU2Common.a.p/geometry_elements_CElement.cpp.o
[549/824] Compiling C++ object Common/src/libSU2Common.a.p/geometry_CMultiGridQueue.cpp.o
[550/824] Compiling C++ object Common/src/libSU2Common.a.p/geometry_CMultiGridGeometry.cpp.o
[551/824] Compiling C++ object Common/src/libSU2Common.a.p/geometry_elements_CTRIA1.cpp.o
[552/824] Compiling C++ object Common/src/libSU2Common.a.p/geometry_elements_CQUAD4.cpp.o
[553/824] Compiling C++ object Common/src/libSU2Common.a.p/geometry_elements_CTETRA1.cpp.o
[554/824] Compiling C++ object Common/src/libSU2Common.a.p/geometry_elements_CPYRAM5.cpp.o
[555/824] Compiling C++ object Common/src/libSU2Common.a.p/geometry_elements_CPRISM6.cpp.o
[556/824] Compiling C++ object Common/src/libSU2Common.a.p/geometry_elements_CLINE.cpp.o
[557/824] Compiling C++ object Common/src/libSU2Common.a.p/geometry_elements_CHEXA8.cpp.o
[558/824] Compiling C++ object Common/src/libSU2Common.a.p/geometry_elements_CTRIA3.cpp.o
[559/824] Compiling C++ object Common/src/libSU2Common.a.p/geometry_CGeometry.cpp.o
[560/824] Compiling C++ object Common/src/libSU2Common.a.p/geometry_CPhysicalGeometryFEM.cpp.o
[561/824] Compiling C++ object Common/src/libSU2Common.a.p/geometry_elements_CTETRA4.cpp.o
[562/824] Compiling C++ object Common/src/libSU2Common.a.p/geometry_elements_CPYRAM6.cpp.o
[563/824] Compiling C++ object Common/src/libSU2Common.a.p/geometry_dual_grid_CEdge.cpp.o
[564/824] Compiling C++ object Common/src/libSU2Common.a.p/geometry_dual_grid_CDualGrid.cpp.o
[565/824] Compiling C++ object Common/src/libSU2Common.a.p/geometry_dual_grid_CVertex.cpp.o
[566/824] Compiling C++ object Common/src/libSU2Common.a.p/geometry_primal_grid_CPrimalGrid.cpp.o
[567/824] Compiling C++ object Common/src/libSU2Common.a.p/geometry_dual_grid_CTurboVertex.cpp.o
[568/824] Compiling C++ object Common/src/libSU2Common.a.p/geometry_dual_grid_CPoint.cpp.o
[569/824] Compiling C++ object Common/src/libSU2Common.a.p/geometry_primal_grid_CPrimalGridFEM.cpp.o
[570/824] Compiling C++ object Common/src/libSU2Common.a.p/geometry_primal_grid_CLine.cpp.o
[571/824] Compiling C++ object Common/src/libSU2Common.a.p/geometry_primal_grid_CPrimalGridBoundFEM.cpp.o
[572/824] Compiling C++ object Common/src/libSU2Common.a.p/geometry_primal_grid_CTriangle.cpp.o
[573/824] Compiling C++ object Common/src/libSU2Common.a.p/geometry_primal_grid_CPrism.cpp.o
[574/824] Compiling C++ object Common/src/libSU2Common.a.p/geometry_CPhysicalGeometry.cpp.o
[575/824] Compiling C++ object Common/src/libSU2Common.a.p/geometry_primal_grid_CPyramid.cpp.o
[576/824] Compiling C++ object Common/src/libSU2Common.a.p/geometry_primal_grid_CTetrahedron.cpp.o
[577/824] Compiling C++ object Common/src/libSU2Common.a.p/geometry_primal_grid_CQuadrilateral.cpp.o
[578/824] Compiling C++ object Common/src/libSU2Common.a.p/geometry_primal_grid_CHexahedron.cpp.o
[579/824] Compiling C++ object Common/src/libSU2Common.a.p/geometry_primal_grid_CVertexMPI.cpp.o
[580/824] Compiling C++ object Common/src/libSU2Common.a.p/geometry_meshreader_CCGNSElementType.cpp.o
[581/824] Compiling C++ object Common/src/libSU2Common.a.p/geometry_meshreader_CBoxMeshReaderFVM.cpp.o
[582/824] Compiling C++ object Common/src/libSU2Common.a.p/geometry_meshreader_CBoxMeshReaderFEM.cpp.o
[583/824] Compiling C++ object Common/src/libSU2Common.a.p/geometry_meshreader_CCGNSMeshReaderBase.cpp.o
[584/824] Compiling C++ object Common/src/libSU2Common.a.p/geometry_meshreader_CCGNSMeshReaderFEM.cpp.o
[585/824] Compiling C++ object Common/src/libSU2Common.a.p/geometry_meshreader_CCGNSMeshReaderFVM.cpp.o
[586/824] Compiling C++ object Common/src/libSU2Common.a.p/geometry_meshreader_CMeshReaderBase.cpp.o
[587/824] Compiling C++ object Common/src/libSU2Common.a.p/geometry_meshreader_CRectangularMeshReaderFEM.cpp.o
[588/824] Compiling C++ object Common/src/libSU2Common.a.p/geometry_meshreader_CRectangularMeshReaderFVM.cpp.o
[589/824] Compiling C++ object Common/src/libSU2Common.a.p/geometry_meshreader_CSU2ASCIIMeshReaderFEM.cpp.o
[590/824] Compiling C++ object Common/src/libSU2Common.a.p/containers_CTrapezoidalMap.cpp.o
[591/824] Compiling C++ object Common/src/libSU2Common.a.p/geometry_meshreader_CSU2ASCIIMeshReaderBase.cpp.o
[592/824] Compiling C++ object Common/src/libSU2Common.a.p/geometry_meshreader_CSU2ASCIIMeshReaderFVM.cpp.o
[593/824] Compiling C++ object Common/src/libSU2Common.a.p/containers_CFileReaderLUT.cpp.o
[594/824] Compiling C++ object Common/src/libSU2Common.a.p/interface_interpolation_CInterpolatorFactory.cpp.o
[595/824] Compiling C++ object Common/src/libSU2Common.a.p/containers_CLookUpTable.cpp.o
[596/824] Compiling C++ object Common/src/libSU2Common.a.p/interface_interpolation_CInterpolator.cpp.o
[597/824] Compiling C++ object Common/src/libSU2Common.a.p/interface_interpolation_CMirror.cpp.o
[598/824] Compiling C++ object Common/src/libSU2Common.a.p/interface_interpolation_CSlidingMesh.cpp.o
[599/824] Compiling C++ object Common/src/libSU2Common.a.p/interface_interpolation_CIsoparametric.cpp.o
[600/824] Compiling C++ object Common/src/libSU2Common.a.p/interface_interpolation_CNearestNeighbor.cpp.o
[601/824] Compiling C++ object Common/src/libSU2Common.a.p/CConfig.cpp.o
[602/824] Compiling C++ object Common/src/libSU2Common.a.p/fem_fem_work_estimate_metis.cpp.o
[603/824] Compiling C++ object Common/src/libSU2Common.a.p/interface_interpolation_CRadialBasisFunction.cpp.o
[604/824] Compiling C++ object Common/src/libSU2Common.a.p/grid_movement_CFreeFormBlending.cpp.o
[605/824] Compiling C++ object Common/src/libSU2Common.a.p/fem_fem_integration_rules.cpp.o
[606/824] Compiling C++ object Common/src/libSU2Common.a.p/fem_fem_wall_distance.cpp.o
[607/824] Compiling C++ object Common/src/libSU2Common.a.p/fem_fem_gauss_jacobi_quadrature.cpp.o
[608/824] Compiling C++ object Common/src/libSU2Common.a.p/grid_movement_CBSplineBlending.cpp.o
[609/824] Compiling C++ object Common/src/libSU2Common.a.p/grid_movement_CGridMovement.cpp.o
[610/824] Compiling C++ object Common/src/libSU2Common.a.p/linear_algebra_CSysSolve.cpp.o
[611/824] Compiling C++ object Common/src/libSU2Common.a.p/grid_movement_CBezierBlending.cpp.o
[612/824] Compiling C++ object Common/src/libSU2Common.a.p/fem_fem_standard_element.cpp.o
[613/824] Compiling C++ object Common/src/libSU2Common.a.p/adt_CADTBaseClass.cpp.o
[614/824] Compiling C++ object Common/src/libSU2Common.a.p/grid_movement_CVolumetricMovement.cpp.o
[615/824] Compiling C++ object Common/src/libSU2Common.a.p/grid_movement_CFreeFormDefBox.cpp.o
[616/824] Compiling C++ object Common/src/libSU2Common.a.p/grid_movement_CVolumetricMovementFactory.cpp.o
[617/824] Compiling C++ object Common/src/libSU2Common.a.p/adt_CADTPointsOnlyClass.cpp.o
[618/824] Compiling C++ object Common/src/libSU2Common.a.p/grid_movement_CRadialBasisFunctionInterpolation.cpp.o
[619/824] Compiling C++ object Common/src/libSU2Common.a.p/grid_movement_CLinearElasticity.cpp.o
[620/824] Compiling C++ object SU2_CFD/src/libSU2core.a.p/definition_structure.cpp.o
[621/824] Compiling C++ object Common/src/libSU2Common.a.p/adt_CADTElemClass.cpp.o
[622/824] Compiling C++ object SU2_CFD/src/libSU2core.a.p/fluid_CFluidModel.cpp.o
[623/824] Compiling C++ object SU2_CFD/src/libSU2core.a.p/fluid_CIdealGas.cpp.o
[624/824] Compiling C++ object SU2_CFD/src/libSU2core.a.p/CMarkerProfileReaderFVM.cpp.o
[625/824] Compiling C++ object SU2_CFD/src/libSU2core.a.p/python_wrapper_structure.cpp.o
[626/824] Compiling C++ object SU2_CFD/src/libSU2core.a.p/fluid_CFluidScalar.cpp.o
[627/824] Compiling C++ object SU2_CFD/src/libSU2core.a.p/fluid_CMutationTCLib.cpp.o
[628/824] Compiling C++ object SU2_CFD/src/libSU2core.a.p/fluid_CFluidFlamelet.cpp.o
[629/824] Compiling C++ object Common/src/libSU2Common.a.p/grid_movement_CSurfaceMovement.cpp.o
[630/824] Compiling C++ object SU2_CFD/src/libSU2core.a.p/fluid_CPengRobinson.cpp.o
[631/824] Compiling C++ object SU2_CFD/src/libSU2core.a.p/fluid_CCoolProp.cpp.o
[632/824] Compiling C++ object SU2_CFD/src/libSU2core.a.p/fluid_CVanDerWaalsGas.cpp.o
[633/824] Compiling C++ object Common/src/libSU2Common.a.p/fem_fem_geometry_structure.cpp.o
[634/824] Compiling C++ object SU2_CFD/src/libSU2core.a.p/fluid_CNEMOGas.cpp.o
[635/824] Compiling C++ object SU2_CFD/src/libSU2core.a.p/fluid_CDataDrivenFluid.cpp.o
[636/824] Compiling C++ object SU2_CFD/src/libSU2core.a.p/output_COutputFactory.cpp.o
[637/824] Compiling C++ object SU2_CFD/src/libSU2core.a.p/fluid_CSU2TCLib.cpp.o
[638/824] Compiling C++ object SU2_CFD/src/libSU2core.a.p/output_CAdjFlowCompOutput.cpp.o
[639/824] Compiling C++ object SU2_CFD/src/libSU2core.a.p/output_CAdjElasticityOutput.cpp.o
[640/824] Compiling C++ object SU2_CFD/src/libSU2core.a.p/output_CAdjFlowOutput.cpp.o
[641/824] Compiling C++ object SU2_CFD/src/libSU2core.a.p/output_CMultizoneOutput.cpp.o
[642/824] Compiling C++ object SU2_CFD/src/libSU2core.a.p/output_CBaselineOutput.cpp.o
[643/824] Compiling C++ object SU2_CFD/src/libSU2core.a.p/output_CAdjHeatOutput.cpp.o
[644/824] Compiling C++ object SU2_CFD/src/libSU2core.a.p/output_CAdjFlowIncOutput.cpp.o
[645/824] Compiling C++ object SU2_CFD/src/libSU2core.a.p/output_CFVMOutput.cpp.o
[646/824] Compiling C++ object SU2_CFD/src/libSU2core.a.p/output_CElasticityOutput.cpp.o
[647/824] Compiling C++ object SU2_CFD/src/libSU2core.a.p/output_CMeshOutput.cpp.o
[648/824] Compiling C++ object SU2_CFD/src/libSU2core.a.p/output_CFlowCompFEMOutput.cpp.o
[649/824] Compiling C++ object SU2_CFD/src/libSU2core.a.p/output_CHeatOutput.cpp.o
[650/824] Compiling C++ object SU2_CFD/src/libSU2core.a.p/output_CFlowIncOutput.cpp.o
[651/824] Compiling C++ object SU2_CFD/src/libSU2core.a.p/output_CTurboOutput.cpp.o
[652/824] Compiling C++ object SU2_CFD/src/libSU2core.a.p/output_filewriter_CParallelDataSorter.cpp.o
[653/824] Compiling C++ object SU2_CFD/src/libSU2core.a.p/output_CFlowCompOutput.cpp.o
[654/824] Compiling C++ object SU2_CFD/src/libSU2core.a.p/output_filewriter_CParallelFileWriter.cpp.o
[655/824] Compiling C++ object SU2_CFD/src/libSU2core.a.p/output_filewriter_CFVMDataSorter.cpp.o
[656/824] Compiling C++ object SU2_CFD/src/libSU2core.a.p/output_filewriter_CFEMDataSorter.cpp.o
[657/824] Compiling C++ object SU2_CFD/src/libSU2core.a.p/output_CNEMOCompOutput.cpp.o
[658/824] Compiling C++ object SU2_CFD/src/libSU2core.a.p/output_filewriter_CParaviewFileWriter.cpp.o
[659/824] Compiling C++ object SU2_CFD/src/libSU2core.a.p/output_filewriter_CSurfaceFEMDataSorter.cpp.o
[660/824] Compiling C++ object SU2_CFD/src/libSU2core.a.p/output_filewriter_CTecplotFileWriter.cpp.o
[661/824] Compiling C++ object SU2_CFD/src/libSU2core.a.p/output_filewriter_CParaviewBinaryFileWriter.cpp.o
[662/824] Compiling C++ object SU2_CFD/src/libSU2core.a.p/output_filewriter_CSurfaceFVMDataSorter.cpp.o
[663/824] Compiling C++ object SU2_CFD/src/libSU2core.a.p/output_filewriter_CCSVFileWriter.cpp.o
[664/824] Compiling C++ object SU2_CFD/src/libSU2core.a.p/output_filewriter_CSU2BinaryFileWriter.cpp.o
[665/824] Compiling C++ object SU2_CFD/src/libSU2core.a.p/output_filewriter_CSU2FileWriter.cpp.o
[666/824] Compiling C++ object SU2_CFD/src/libSU2core.a.p/output_filewriter_CSTLFileWriter.cpp.o
[667/824] Compiling C++ object SU2_CFD/src/libSU2core.a.p/output_filewriter_CParaviewXMLFileWriter.cpp.o
[668/824] Compiling C++ object SU2_CFD/src/libSU2core.a.p/output_filewriter_CTecplotBinaryFileWriter.cpp.o
[669/824] Compiling C++ object SU2_CFD/src/libSU2core.a.p/output_CFlowOutput.cpp.o
[670/824] Compiling C++ object SU2_CFD/src/libSU2core.a.p/output_tools_CWindowingTools.cpp.o
[671/824] Compiling C++ object SU2_CFD/src/libSU2core.a.p/output_filewriter_CCGNSFileWriter.cpp.o
[672/824] Compiling C++ object SU2_CFD/src/libSU2core.a.p/output_filewriter_CSU2MeshFileWriter.cpp.o
[673/824] Compiling C++ object SU2_CFD/src/libSU2core.a.p/output_filewriter_CParaviewVTMFileWriter.cpp.o
[674/824] Compiling C++ object SU2_CFD/src/libSU2core.a.p/output_COutput.cpp.o
[675/824] Compiling C++ object SU2_CFD/src/libSU2core.a.p/variables_CIncNSVariable.cpp.o
[676/824] Compiling C++ object SU2_CFD/src/libSU2core.a.p/variables_CTransLMVariable.cpp.o
[677/824] Compiling C++ object SU2_CFD/src/libSU2core.a.p/variables_CTurbVariable.cpp.o
[678/824] Compiling C++ object SU2_CFD/src/libSU2core.a.p/variables_CHeatVariable.cpp.o
[679/824] Compiling C++ object SU2_CFD/src/libSU2core.a.p/variables_CAdjEulerVariable.cpp.o
[680/824] Compiling C++ object SU2_CFD/src/libSU2core.a.p/variables_CScalarVariable.cpp.o
[681/824] Compiling C++ object SU2_CFD/src/libSU2core.a.p/variables_CSpeciesVariable.cpp.o
[682/824] Compiling C++ object SU2_CFD/src/libSU2core.a.p/variables_CSpeciesFlameletVariable.cpp.o
[683/824] Compiling C++ object SU2_CFD/src/libSU2core.a.p/variables_CAdjNSVariable.cpp.o
[684/824] Compiling C++ object SU2_CFD/src/libSU2core.a.p/variables_CBaselineVariable.cpp.o
[685/824] Compiling C++ object SU2_CFD/src/libSU2core.a.p/variables_CDiscAdjFEABoundVariable.cpp.o
[686/824] Compiling C++ object SU2_CFD/src/libSU2core.a.p/variables_CDiscAdjMeshBoundVariable.cpp.o
[687/824] Compiling C++ object SU2_CFD/src/libSU2core.a.p/variables_CFEABoundVariable.cpp.o
[688/824] Compiling C++ object SU2_CFD/src/libSU2core.a.p/variables_CDiscAdjVariable.cpp.o
[689/824] Compiling C++ object SU2_CFD/src/libSU2core.a.p/variables_CTurbSAVariable.cpp.o
[690/824] Compiling C++ object SU2_CFD/src/libSU2core.a.p/variables_CFEAVariable.cpp.o
[691/824] Compiling C++ object SU2_CFD/src/libSU2core.a.p/variables_CMeshVariable.cpp.o
[692/824] Compiling C++ object SU2_CFD/src/libSU2core.a.p/variables_CMeshBoundVariable.cpp.o
[693/824] Compiling C++ object SU2_CFD/src/libSU2core.a.p/variables_CMeshElement.cpp.o
[694/824] Compiling C++ object SU2_CFD/src/libSU2core.a.p/variables_CRadVariable.cpp.o
[695/824] Compiling C++ object SU2_CFD/src/libSU2core.a.p/variables_CRadP1Variable.cpp.o
[696/824] Compiling C++ object SU2_CFD/src/libSU2core.a.p/variables_CTurbSSTVariable.cpp.o
[697/824] Compiling C++ object SU2_CFD/src/libSU2core.a.p/variables_CVariable.cpp.o
[698/824] Compiling C++ object SU2_CFD/src/libSU2core.a.p/variables_CNSVariable.cpp.o
[699/824] Compiling C++ object SU2_CFD/src/libSU2core.a.p/variables_CAdjTurbVariable.cpp.o
[700/824] Compiling C++ object SU2_CFD/src/libSU2core.a.p/variables_CFlowVariable.cpp.o
[701/824] Compiling C++ object SU2_CFD/src/libSU2core.a.p/variables_CIncEulerVariable.cpp.o
[702/824] Compiling C++ object SU2_CFD/src/libSU2core.a.p/variables_CEulerVariable.cpp.o
[703/824] Compiling C++ object SU2_CFD/src/libSU2core.a.p/variables_CSobolevSmoothingVariable.cpp.o
[704/824] Compiling C++ object SU2_CFD/src/libSU2core.a.p/variables_CNEMOEulerVariable.cpp.o
[705/824] Compiling C++ object SU2_CFD/src/libSU2core.a.p/variables_CNEMONSVariable.cpp.o
[706/824] Compiling C++ object SU2_CFD/src/libSU2core.a.p/solvers_CSolverFactory.cpp.o
[707/824] Compiling C++ object SU2_CFD/src/libSU2core.a.p/solvers_CDiscAdjMeshSolver.cpp.o
[708/824] Compiling C++ object SU2_CFD/src/libSU2core.a.p/solvers_CAdjTurbSolver.cpp.o
[709/824] Compiling C++ object SU2_CFD/src/libSU2core.a.p/solvers_CBaselineSolver_FEM.cpp.o
[710/824] Compiling C++ object SU2_CFD/src/libSU2core.a.p/solvers_CDiscAdjFEASolver.cpp.o
[711/824] Compiling C++ object SU2_CFD/src/libSU2core.a.p/solvers_CBaselineSolver.cpp.o
[712/824] Compiling C++ object SU2_CFD/src/libSU2core.a.p/solvers_CAdjNSSolver.cpp.o
[713/824] Compiling C++ object SU2_CFD/src/libSU2core.a.p/solvers_CRadSolver.cpp.o
[714/824] Compiling C++ object SU2_CFD/src/libSU2core.a.p/solvers_CAdjEulerSolver.cpp.o
[715/824] Compiling C++ object SU2_CFD/src/libSU2core.a.p/solvers_CDiscAdjSolver.cpp.o
[716/824] Compiling C++ object SU2_CFD/src/libSU2core.a.p/solvers_CRadP1Solver.cpp.o
[717/824] Compiling C++ object SU2_CFD/src/libSU2core.a.p/solvers_CFEASolver.cpp.o
[718/824] Compiling C++ object SU2_CFD/src/libSU2core.a.p/solvers_CFEM_DG_NSSolver.cpp.o
[719/824] Compiling C++ object SU2_CFD/src/libSU2core.a.p/solvers_CHeatSolver.cpp.o
[720/824] Compiling C++ object SU2_CFD/src/libSU2core.a.p/solvers_CMeshSolver.cpp.o
[721/824] Compiling C++ object SU2_CFD/src/libSU2core.a.p/solvers_CIncEulerSolver.cpp.o
[722/824] Compiling C++ object SU2_CFD/src/libSU2core.a.p/solvers_CNEMOEulerSolver.cpp.o
[723/824] Compiling C++ object SU2_CFD/src/libSU2core.a.p/solvers_CTemplateSolver.cpp.o
[724/824] Compiling C++ object SU2_CFD/src/libSU2core.a.p/solvers_CFEM_DG_EulerSolver.cpp.o
[725/824] Compiling C++ object SU2_CFD/src/libSU2core.a.p/solvers_CEulerSolver.cpp.o
[726/824] Compiling C++ object SU2_CFD/src/libSU2core.a.p/solvers_CIncNSSolver.cpp.o
[727/824] Compiling C++ object SU2_CFD/src/libSU2core.a.p/solvers_CSpeciesFlameletSolver.cpp.o
[728/824] Compiling C++ object SU2_CFD/src/libSU2core.a.p/solvers_CTransLMSolver.cpp.o
[729/824] Compiling C++ object SU2_CFD/src/libSU2core.a.p/solvers_CNEMONSSolver.cpp.o
[730/824] Compiling C++ object SU2_CFD/src/libSU2core.a.p/solvers_CSpeciesSolver.cpp.o
[731/824] Compiling C++ object SU2_CFD/src/libSU2core.a.p/solvers_CTurbSolver.cpp.o
[732/824] Compiling C++ object SU2_CFD/src/libSU2core.a.p/solvers_CNSSolver.cpp.o
[733/824] Compiling C++ object SU2_CFD/src/libSU2core.a.p/solvers_CTurbSASolver.cpp.o
[734/824] Compiling C++ object SU2_CFD/src/libSU2core.a.p/numerics_template.cpp.o
[735/824] Compiling C++ object SU2_CFD/src/libSU2core.a.p/numerics_radiation.cpp.o
[736/824] Compiling C++ object SU2_CFD/src/libSU2core.a.p/numerics_CNumerics.cpp.o
[737/824] Compiling C++ object SU2_CFD/src/libSU2core.a.p/solvers_CSolver.cpp.o
[738/824] Compiling C++ object SU2_CFD/src/libSU2core.a.p/solvers_CFEASolverBase.cpp.o
[739/824] Compiling C++ object SU2_CFD/src/libSU2core.a.p/solvers_CTurbSSTSolver.cpp.o
[740/824] Compiling C++ object SU2_CFD/src/libSU2core.a.p/numerics_flow_convection_fds.cpp.o
[741/824] Compiling C++ object SU2_CFD/src/libSU2core.a.p/numerics_flow_convection_fvs.cpp.o
[742/824] Compiling C++ object SU2_CFD/src/libSU2core.a.p/numerics_flow_convection_roe.cpp.o
[743/824] Compiling C++ object SU2_CFD/src/libSU2core.a.p/numerics_flow_convection_ausm_slau.cpp.o
[744/824] Compiling C++ object SU2_CFD/src/libSU2core.a.p/solvers_CGradientSmoothingSolver.cpp.o
[745/824] Compiling C++ object SU2_CFD/src/libSU2core.a.p/numerics_flow_convection_centered.cpp.o
[746/824] Compiling C++ object SU2_CFD/src/libSU2core.a.p/numerics_flow_convection_hllc.cpp.o
[747/824] Compiling C++ object SU2_CFD/src/libSU2core.a.p/numerics_flow_flow_diffusion.cpp.o
[748/824] Compiling C++ object SU2_CFD/src/libSU2core.a.p/numerics_flow_flow_sources.cpp.o
[749/824] Compiling C++ object SU2_CFD/src/libSU2core.a.p/numerics_NEMO_convection_lax.cpp.o
[750/824] Compiling C++ object SU2_CFD/src/libSU2core.a.p/numerics_NEMO_convection_roe.cpp.o
[751/824] Compiling C++ object SU2_CFD/src/libSU2core.a.p/numerics_NEMO_convection_msw.cpp.o
[752/824] Compiling C++ object SU2_CFD/src/libSU2core.a.p/numerics_NEMO_convection_ausm_slau.cpp.o
[753/824] Compiling C++ object SU2_CFD/src/libSU2core.a.p/numerics_NEMO_CNEMONumerics.cpp.o
[754/824] Compiling C++ object SU2_CFD/src/libSU2core.a.p/numerics_NEMO_NEMO_diffusion.cpp.o
[755/824] Compiling C++ object SU2_CFD/src/libSU2core.a.p/numerics_NEMO_NEMO_sources.cpp.o
[756/824] Compiling C++ object SU2_CFD/src/libSU2core.a.p/numerics_continuous_adjoint_adj_diffusion.cpp.o
[757/824] Compiling C++ object SU2_CFD/src/libSU2core.a.p/numerics_continuous_adjoint_adj_sources.cpp.o
[758/824] Compiling C++ object SU2_CFD/src/libSU2core.a.p/numerics_continuous_adjoint_adj_convection.cpp.o
[759/824] Compiling C++ object SU2_CFD/src/libSU2core.a.p/numerics_scalar_scalar_sources.cpp.o
[760/824] Compiling C++ object SU2_CFD/src/libSU2core.a.p/numerics_species_species_sources.cpp.o
[761/824] Compiling C++ object SU2_CFD/src/libSU2core.a.p/numerics_elasticity_CFEAElasticity.cpp.o
[762/824] Compiling C++ object SU2_CFD/src/libSU2core.a.p/numerics_elasticity_CFEALinearElasticity.cpp.o
[763/824] Compiling C++ object SU2_CFD/src/libSU2core.a.p/numerics_elasticity_CFEANonlinearElasticity.cpp.o
[764/824] Compiling C++ object SU2_CFD/src/libSU2core.a.p/numerics_elasticity_nonlinear_models.cpp.o
[765/824] Compiling C++ object SU2_CFD/src/libSU2core.a.p/numerics_CGradSmoothing.cpp.o
[766/824] Compiling C++ object SU2_CFD/src/libSU2core.a.p/interfaces_cfd_CConservativeVarsInterface.cpp.o
[767/824] Compiling C++ object SU2_CFD/src/libSU2core.a.p/interfaces_cfd_CMixingPlaneInterface.cpp.o
[768/824] Compiling C++ object SU2_CFD/src/libSU2core.a.p/interfaces_cfd_CSlidingInterface.cpp.o
[769/824] Compiling C++ object SU2_CFD/src/libSU2core.a.p/interfaces_cht_CConjugateHeatInterface.cpp.o
[770/824] Compiling C++ object SU2_CFD/src/libSU2core.a.p/interfaces_fsi_CDisplacementsInterface.cpp.o
[771/824] Compiling C++ object SU2_CFD/src/libSU2core.a.p/interfaces_CInterface.cpp.o
[772/824] Compiling C++ object SU2_CFD/src/libSU2core.a.p/interfaces_fsi_CFlowTractionInterface.cpp.o
[773/824] Compiling C++ object SU2_CFD/src/libSU2core.a.p/interfaces_fsi_CDiscAdjFlowTractionInterface.cpp.o
[774/824] Compiling C++ object SU2_CFD/src/libSU2core.a.p/drivers_CMultizoneDriver.cpp.o
[775/824] Compiling C++ object SU2_CFD/src/libSU2core.a.p/drivers_CSinglezoneDriver.cpp.o
[776/824] Compiling C++ object SU2_CFD/src/libSU2core.a.p/drivers_CDummyDriver.cpp.o
[777/824] Compiling C++ object SU2_CFD/src/libSU2core.a.p/drivers_CDiscAdjSinglezoneDriver.cpp.o
[778/824] Compiling C++ object SU2_CFD/src/libSU2core.a.p/drivers_CDiscAdjMultizoneDriver.cpp.o
[779/824] Compiling C++ object SU2_CFD/src/libSU2core.a.p/integration_CIntegration.cpp.o
[780/824] Compiling C++ object SU2_CFD/src/libSU2core.a.p/drivers_CDriverBase.cpp.o
[781/824] Compiling C++ object SU2_CFD/src/libSU2core.a.p/integration_CIntegrationFactory.cpp.o
[782/824] Compiling C++ object SU2_CFD/src/libSU2core.a.p/integration_CSingleGridIntegration.cpp.o
[783/824] Compiling C++ object SU2_CFD/src/libSU2core.a.p/integration_CMultiGridIntegration.cpp.o
[784/824] Compiling C++ object SU2_CFD/src/libSU2core.a.p/integration_CNewtonIntegration.cpp.o
[785/824] Compiling C++ object SU2_CFD/src/libSU2core.a.p/integration_CStructuralIntegration.cpp.o
[786/824] Compiling C++ object SU2_CFD/src/libSU2core.a.p/integration_CFEM_DG_Integration.cpp.o
[787/824] Compiling C++ object SU2_CFD/src/libSU2core.a.p/iteration_CIteration.cpp.o
[788/824] Compiling C++ object SU2_CFD/src/libSU2core.a.p/iteration_CIterationFactory.cpp.o
[789/824] Compiling C++ object SU2_CFD/src/libSU2core.a.p/drivers_CDriver.cpp.o
[790/824] Compiling C++ object SU2_CFD/src/libSU2core.a.p/iteration_CAdjFluidIteration.cpp.o
[791/824] Compiling C++ object SU2_CFD/src/libSU2core.a.p/iteration_CDiscAdjFluidIteration.cpp.o
[792/824] Compiling C++ object SU2_CFD/src/libSU2core.a.p/iteration_CDiscAdjHeatIteration.cpp.o
[793/824] Compiling C++ object SU2_CFD/src/libSU2core.a.p/iteration_CDiscAdjFEAIteration.cpp.o
[794/824] Compiling C++ object SU2_CFD/src/libSU2core.a.p/iteration_CFEMFluidIteration.cpp.o
[795/824] Compiling C++ object SU2_CFD/src/libSU2core.a.p/iteration_CFEAIteration.cpp.o
[796/824] Compiling C++ object SU2_CFD/src/libSU2core.a.p/limiters_CLimiterDetails.cpp.o
[797/824] Linking static target externals/cgns/hdf5/libsu2hdf5.a
[798/824] Linking static target externals/cgns/libcgns.a
[799/824] Linking static target externals/metis/libmetis.a
[800/824] Linking static target externals/parmetis/libparmetis.a
[801/824] Linking static target externals/tecio/teciompisrc/libteciompi.a
[802/824] Linking static target Common/src/libSU2Common.a
[803/824] Compiling C++ object SU2_CFD/src/libSU2core.a.p/iteration_CHeatIteration.cpp.o
[804/824] Compiling C++ object SU2_CFD/src/libSU2core.a.p/iteration_CFluidIteration.cpp.o
[805/824] Compiling C++ object SU2_CFD/src/libSU2core.a.p/iteration_CTurboIteration.cpp.o
[806/824] Compiling C++ object SU2_DEF/src/libSU2core_DEF.a.p/SU2_DEF.cpp.o
[807/824] Compiling C++ object SU2_DEF/src/libSU2core_DEF.a.p/drivers_CDeformationDriver.cpp.o
[808/824] Compiling C++ object SU2_DEF/src/SU2_DEF.p/SU2_DEF.cpp.o
[809/824] Compiling C++ object SU2_DEF/src/SU2_DEF.p/drivers_CDeformationDriver.cpp.o
[810/824] Compiling C++ object SU2_DOT/src/SU2_DOT.p/SU2_DOT.cpp.o
[811/824] Compiling C++ object SU2_GEO/src/SU2_GEO.p/SU2_GEO.cpp.o
[812/824] Linking target SU2_GEO/src/SU2_GEO
[813/824] Compiling C++ object SU2_SOL/src/SU2_SOL.p/SU2_SOL.cpp.o
[814/824] Compiling C++ object SU2_CFD/src/SU2_CFD.p/SU2_CFD.cpp.o
[815/824] Compiling C++ object SU2_CFD/src/libSU2core.a.p/.._include_numerics_simd_CNumericsSIMD.cpp.o
[816/824] Linking static target SU2_CFD/src/libSU2core.a
[817/824] Linking target SU2_SOL/src/SU2_SOL
[818/824] Linking target SU2_CFD/src/SU2_CFD
[819/824] Compiling C++ object SU2_DEF/src/libSU2core_DEF.a.p/drivers_CDiscAdjDeformationDriver.cpp.o
[820/824] Linking static target SU2_DEF/src/libSU2core_DEF.a
[821/824] Linking target SU2_DOT/src/SU2_DOT
[822/824] Compiling C++ object SU2_DEF/src/SU2_DEF.p/drivers_CDiscAdjDeformationDriver.cpp.o
[823/824] Linking target SU2_DEF/src/SU2_DEF
[823/824] Installing files
update CoolProp
/home/heinz/src/SU2-8.5.0/subprojects/CoolProp
/home/heinz/src/SU2-8.5.0/build
CoolProp updated
Installing subdir /home/heinz/src/SU2-8.5.0/SU2_PY/../externals/FADO to /home/heinz/SU2-v8.5.0/bin/FADO
Installing /home/heinz/src/SU2-8.5.0/SU2_PY/../externals/FADO/LICENSE to /home/heinz/SU2-v8.5.0/bin/FADO
Installing /home/heinz/src/SU2-8.5.0/SU2_PY/../externals/FADO/README.md to /home/heinz/SU2-v8.5.0/bin/FADO
Installing /home/heinz/src/SU2-8.5.0/SU2_PY/../externals/FADO/variable.py to /home/heinz/SU2-v8.5.0/bin/FADO
Installing /home/heinz/src/SU2-8.5.0/SU2_PY/../externals/FADO/documentation.py to /home/heinz/SU2-v8.5.0/bin/FADO
Installing /home/heinz/src/SU2-8.5.0/SU2_PY/../externals/FADO/.git to /home/heinz/SU2-v8.5.0/bin/FADO
Installing /home/heinz/src/SU2-8.5.0/SU2_PY/../externals/FADO/__init__.py to /home/heinz/SU2-v8.5.0/bin/FADO
Installing /home/heinz/src/SU2-8.5.0/SU2_PY/../externals/FADO/AUTHORS.md to /home/heinz/SU2-v8.5.0/bin/FADO
Installing /home/heinz/src/SU2-8.5.0/SU2_PY/../externals/FADO/function.py to /home/heinz/SU2-v8.5.0/bin/FADO
Installing /home/heinz/src/SU2-8.5.0/SU2_PY/../externals/FADO/evaluation.py to /home/heinz/SU2-v8.5.0/bin/FADO
Installing /home/heinz/src/SU2-8.5.0/SU2_PY/../externals/FADO/drivers/parallel_eval_driver.py to /home/heinz/SU2-v8.5.0/bin/FADO/drivers
Installing /home/heinz/src/SU2-8.5.0/SU2_PY/../externals/FADO/drivers/base_driver.py to /home/heinz/SU2-v8.5.0/bin/FADO/drivers
Installing /home/heinz/src/SU2-8.5.0/SU2_PY/../externals/FADO/drivers/ipopt_driver.py to /home/heinz/SU2-v8.5.0/bin/FADO/drivers
Installing /home/heinz/src/SU2-8.5.0/SU2_PY/../externals/FADO/drivers/scipy_driver.py to /home/heinz/SU2-v8.5.0/bin/FADO/drivers
Installing /home/heinz/src/SU2-8.5.0/SU2_PY/../externals/FADO/drivers/exterior_penalty.py to /home/heinz/SU2-v8.5.0/bin/FADO/drivers
Installing /home/heinz/src/SU2-8.5.0/SU2_PY/../externals/FADO/drivers/__init__.py to /home/heinz/SU2-v8.5.0/bin/FADO/drivers
Installing /home/heinz/src/SU2-8.5.0/SU2_PY/../externals/FADO/drivers/constrained_optim_driver.py to /home/heinz/SU2-v8.5.0/bin/FADO/drivers
Installing /home/heinz/src/SU2-8.5.0/SU2_PY/../externals/FADO/docs/doc2_ipopt to /home/heinz/SU2-v8.5.0/bin/FADO/docs
Installing /home/heinz/src/SU2-8.5.0/SU2_PY/../externals/FADO/docs/doc1_code_design to /home/heinz/SU2-v8.5.0/bin/FADO/docs
Installing /home/heinz/src/SU2-8.5.0/SU2_PY/../externals/FADO/tools/file_parser.py to /home/heinz/SU2-v8.5.0/bin/FADO/tools
Installing /home/heinz/src/SU2-8.5.0/SU2_PY/../externals/FADO/tools/variable_transformation.py to /home/heinz/SU2-v8.5.0/bin/FADO/tools
Installing /home/heinz/src/SU2-8.5.0/SU2_PY/../externals/FADO/tools/__init__.py to /home/heinz/SU2-v8.5.0/bin/FADO/tools
Installing /home/heinz/src/SU2-8.5.0/SU2_PY/../externals/FADO/examples/example4_SU2/example.py to /home/heinz/SU2-v8.5.0/bin/FADO/examples/example4_SU2
Installing /home/heinz/src/SU2-8.5.0/SU2_PY/../externals/FADO/examples/example4_SU2/data.zip to /home/heinz/SU2-v8.5.0/bin/FADO/examples/example4_SU2
Installing /home/heinz/src/SU2-8.5.0/SU2_PY/../externals/FADO/examples/example3_SU2/settings.cfg to /home/heinz/SU2-v8.5.0/bin/FADO/examples/example3_SU2
Installing /home/heinz/src/SU2-8.5.0/SU2_PY/../externals/FADO/examples/example3_SU2/example.py to /home/heinz/SU2-v8.5.0/bin/FADO/examples/example3_SU2
Installing /home/heinz/src/SU2-8.5.0/SU2_PY/../externals/FADO/examples/example3_SU2/data.zip to /home/heinz/SU2-v8.5.0/bin/FADO/examples/example3_SU2
Installing /home/heinz/src/SU2-8.5.0/SU2_PY/../externals/FADO/examples/ipopt/topology_su2.py to /home/heinz/SU2-v8.5.0/bin/FADO/examples/ipopt
Installing /home/heinz/src/SU2-8.5.0/SU2_PY/../externals/FADO/examples/ipopt/rosenbrock.py to /home/heinz/SU2-v8.5.0/bin/FADO/examples/ipopt
Installing /home/heinz/src/SU2-8.5.0/SU2_PY/../externals/FADO/examples/ipopt/settings.cfg to /home/heinz/SU2-v8.5.0/bin/FADO/examples/ipopt
Installing /home/heinz/src/SU2-8.5.0/SU2_PY/../externals/FADO/examples/example1_SU2/settings_tmpl.cfg to /home/heinz/SU2-v8.5.0/bin/FADO/examples/example1_SU2
Installing /home/heinz/src/SU2-8.5.0/SU2_PY/../externals/FADO/examples/example1_SU2/example.py to /home/heinz/SU2-v8.5.0/bin/FADO/examples/example1_SU2
Installing /home/heinz/src/SU2-8.5.0/SU2_PY/../externals/FADO/examples/example1_SU2/data.zip to /home/heinz/SU2-v8.5.0/bin/FADO/examples/example1_SU2
Installing /home/heinz/src/SU2-8.5.0/SU2_PY/../externals/FADO/examples/rosenbrock/data2.txt to /home/heinz/SU2-v8.5.0/bin/FADO/examples/rosenbrock
Installing /home/heinz/src/SU2-8.5.0/SU2_PY/../externals/FADO/examples/rosenbrock/config_tmpl.txt to /home/heinz/SU2-v8.5.0/bin/FADO/examples/rosenbrock
Installing /home/heinz/src/SU2-8.5.0/SU2_PY/../externals/FADO/examples/rosenbrock/direct.py to /home/heinz/SU2-v8.5.0/bin/FADO/examples/rosenbrock
Installing /home/heinz/src/SU2-8.5.0/SU2_PY/../externals/FADO/examples/rosenbrock/adjoint.py to /home/heinz/SU2-v8.5.0/bin/FADO/examples/rosenbrock
Installing /home/heinz/src/SU2-8.5.0/SU2_PY/../externals/FADO/examples/rosenbrock/example.py to /home/heinz/SU2-v8.5.0/bin/FADO/examples/rosenbrock
Installing /home/heinz/src/SU2-8.5.0/SU2_PY/../externals/FADO/examples/rosenbrock/data1.txt to /home/heinz/SU2-v8.5.0/bin/FADO/examples/rosenbrock
Installing /home/heinz/src/SU2-8.5.0/SU2_PY/../externals/FADO/examples/example2_SU2/settings_tmpl.cfg to /home/heinz/SU2-v8.5.0/bin/FADO/examples/example2_SU2
Installing /home/heinz/src/SU2-8.5.0/SU2_PY/../externals/FADO/examples/example2_SU2/example.py to /home/heinz/SU2-v8.5.0/bin/FADO/examples/example2_SU2
Installing /home/heinz/src/SU2-8.5.0/SU2_PY/../externals/FADO/.github/workflows/codeql.yml to /home/heinz/SU2-v8.5.0/bin/FADO/.github/workflows
Installing /home/heinz/src/SU2-8.5.0/SU2_PY/../externals/FADO/optimizers/line_searches.py to /home/heinz/SU2-v8.5.0/bin/FADO/optimizers
Installing /home/heinz/src/SU2-8.5.0/SU2_PY/../externals/FADO/optimizers/__init__.py to /home/heinz/SU2-v8.5.0/bin/FADO/optimizers
Installing /home/heinz/src/SU2-8.5.0/SU2_PY/../externals/FADO/optimizers/fletcher_reeves.py to /home/heinz/SU2-v8.5.0/bin/FADO/optimizers
Installing SU2_CFD/src/SU2_CFD to /home/heinz/SU2-v8.5.0/bin
Installing SU2_DEF/src/SU2_DEF to /home/heinz/SU2-v8.5.0/bin
Installing SU2_DOT/src/SU2_DOT to /home/heinz/SU2-v8.5.0/bin
Installing SU2_GEO/src/SU2_GEO to /home/heinz/SU2-v8.5.0/bin
Installing SU2_SOL/src/SU2_SOL to /home/heinz/SU2-v8.5.0/bin
Installing /home/heinz/src/SU2-8.5.0/SU2_PY/continuous_adjoint.py to /home/heinz/SU2-v8.5.0/bin
Installing /home/heinz/src/SU2-8.5.0/SU2_PY/compute_uncertainty.py to /home/heinz/SU2-v8.5.0/bin
Installing /home/heinz/src/SU2-8.5.0/SU2_PY/finite_differences.py to /home/heinz/SU2-v8.5.0/bin
Installing /home/heinz/src/SU2-8.5.0/SU2_PY/mesh_deformation.py to /home/heinz/SU2-v8.5.0/bin
Installing /home/heinz/src/SU2-8.5.0/SU2_PY/parallel_computation.py to /home/heinz/SU2-v8.5.0/bin
Installing /home/heinz/src/SU2-8.5.0/SU2_PY/parallel_computation_fsi.py to /home/heinz/SU2-v8.5.0/bin
Installing /home/heinz/src/SU2-8.5.0/SU2_PY/shape_optimization.py to /home/heinz/SU2-v8.5.0/bin
Installing /home/heinz/src/SU2-8.5.0/SU2_PY/merge_solution.py to /home/heinz/SU2-v8.5.0/bin
Installing /home/heinz/src/SU2-8.5.0/SU2_PY/set_ffd_design_var.py to /home/heinz/SU2-v8.5.0/bin
Installing /home/heinz/src/SU2-8.5.0/SU2_PY/compute_polar.py to /home/heinz/SU2-v8.5.0/bin
Installing /home/heinz/src/SU2-8.5.0/SU2_PY/discrete_adjoint.py to /home/heinz/SU2-v8.5.0/bin
Installing /home/heinz/src/SU2-8.5.0/SU2_PY/direct_differentiation.py to /home/heinz/SU2-v8.5.0/bin
Installing /home/heinz/src/SU2-8.5.0/SU2_PY/fsi_computation.py to /home/heinz/SU2-v8.5.0/bin
Installing /home/heinz/src/SU2-8.5.0/SU2_PY/SU2_CFD.py to /home/heinz/SU2-v8.5.0/bin
Installing /home/heinz/src/SU2-8.5.0/SU2_PY/SU2/__init__.py to /home/heinz/SU2-v8.5.0/bin/SU2
Installing /home/heinz/src/SU2-8.5.0/SU2_PY/SU2/eval/design.py to /home/heinz/SU2-v8.5.0/bin/SU2/eval
Installing /home/heinz/src/SU2-8.5.0/SU2_PY/SU2/eval/functions.py to /home/heinz/SU2-v8.5.0/bin/SU2/eval
Installing /home/heinz/src/SU2-8.5.0/SU2_PY/SU2/eval/gradients.py to /home/heinz/SU2-v8.5.0/bin/SU2/eval
Installing /home/heinz/src/SU2-8.5.0/SU2_PY/SU2/eval/__init__.py to /home/heinz/SU2-v8.5.0/bin/SU2/eval
Installing /home/heinz/src/SU2-8.5.0/SU2_PY/SU2/io/config.py to /home/heinz/SU2-v8.5.0/bin/SU2/io
Installing /home/heinz/src/SU2-8.5.0/SU2_PY/SU2/io/config_options.py to /home/heinz/SU2-v8.5.0/bin/SU2/io
Installing /home/heinz/src/SU2-8.5.0/SU2_PY/SU2/io/data.py to /home/heinz/SU2-v8.5.0/bin/SU2/io
Installing /home/heinz/src/SU2-8.5.0/SU2_PY/SU2/io/filelock.py to /home/heinz/SU2-v8.5.0/bin/SU2/io
Installing /home/heinz/src/SU2-8.5.0/SU2_PY/SU2/io/redirect.py to /home/heinz/SU2-v8.5.0/bin/SU2/io
Installing /home/heinz/src/SU2-8.5.0/SU2_PY/SU2/io/state.py to /home/heinz/SU2-v8.5.0/bin/SU2/io
Installing /home/heinz/src/SU2-8.5.0/SU2_PY/SU2/io/tools.py to /home/heinz/SU2-v8.5.0/bin/SU2/io
Installing /home/heinz/src/SU2-8.5.0/SU2_PY/SU2/io/historyMap.py to /home/heinz/SU2-v8.5.0/bin/SU2/io
Installing /home/heinz/src/SU2-8.5.0/SU2_PY/SU2/io/__init__.py to /home/heinz/SU2-v8.5.0/bin/SU2/io
Installing /home/heinz/src/SU2-8.5.0/SU2_PY/SU2/opt/project.py to /home/heinz/SU2-v8.5.0/bin/SU2/opt
Installing /home/heinz/src/SU2-8.5.0/SU2_PY/SU2/opt/scipy_tools.py to /home/heinz/SU2-v8.5.0/bin/SU2/opt
Installing /home/heinz/src/SU2-8.5.0/SU2_PY/SU2/opt/__init__.py to /home/heinz/SU2-v8.5.0/bin/SU2/opt
Installing /home/heinz/src/SU2-8.5.0/SU2_PY/SU2/run/adjoint.py to /home/heinz/SU2-v8.5.0/bin/SU2/run
Installing /home/heinz/src/SU2-8.5.0/SU2_PY/SU2/run/deform.py to /home/heinz/SU2-v8.5.0/bin/SU2/run
Installing /home/heinz/src/SU2-8.5.0/SU2_PY/SU2/run/direct.py to /home/heinz/SU2-v8.5.0/bin/SU2/run
Installing /home/heinz/src/SU2-8.5.0/SU2_PY/SU2/run/interface.py to /home/heinz/SU2-v8.5.0/bin/SU2/run
Installing /home/heinz/src/SU2-8.5.0/SU2_PY/SU2/run/merge.py to /home/heinz/SU2-v8.5.0/bin/SU2/run
Installing /home/heinz/src/SU2-8.5.0/SU2_PY/SU2/run/geometry.py to /home/heinz/SU2-v8.5.0/bin/SU2/run
Installing /home/heinz/src/SU2-8.5.0/SU2_PY/SU2/run/projection.py to /home/heinz/SU2-v8.5.0/bin/SU2/run
Installing /home/heinz/src/SU2-8.5.0/SU2_PY/SU2/run/__init__.py to /home/heinz/SU2-v8.5.0/bin/SU2/run
Installing /home/heinz/src/SU2-8.5.0/SU2_PY/SU2/util/bunch.py to /home/heinz/SU2-v8.5.0/bin/SU2/util
Installing /home/heinz/src/SU2-8.5.0/SU2_PY/SU2/util/filter_adjoint.py to /home/heinz/SU2-v8.5.0/bin/SU2/util
Installing /home/heinz/src/SU2-8.5.0/SU2_PY/SU2/util/lhc_unif.py to /home/heinz/SU2-v8.5.0/bin/SU2/util
Installing /home/heinz/src/SU2-8.5.0/SU2_PY/SU2/util/misc.py to /home/heinz/SU2-v8.5.0/bin/SU2/util
Installing /home/heinz/src/SU2-8.5.0/SU2_PY/SU2/util/mp_eval.py to /home/heinz/SU2-v8.5.0/bin/SU2/util
Installing /home/heinz/src/SU2-8.5.0/SU2_PY/SU2/util/ordered_bunch.py to /home/heinz/SU2-v8.5.0/bin/SU2/util
Installing /home/heinz/src/SU2-8.5.0/SU2_PY/SU2/util/ordered_dict.py to /home/heinz/SU2-v8.5.0/bin/SU2/util
Installing /home/heinz/src/SU2-8.5.0/SU2_PY/SU2/util/plot.py to /home/heinz/SU2-v8.5.0/bin/SU2/util
Installing /home/heinz/src/SU2-8.5.0/SU2_PY/SU2/util/polarSweepLib.py to /home/heinz/SU2-v8.5.0/bin/SU2/util
Installing /home/heinz/src/SU2-8.5.0/SU2_PY/SU2/util/which.py to /home/heinz/SU2-v8.5.0/bin/SU2/util
Installing /home/heinz/src/SU2-8.5.0/SU2_PY/SU2/util/switch.py to /home/heinz/SU2-v8.5.0/bin/SU2/util
Installing /home/heinz/src/SU2-8.5.0/SU2_PY/SU2/util/__init__.py to /home/heinz/SU2-v8.5.0/bin/SU2/util
Installing /home/heinz/src/SU2-8.5.0/SU2_PY/FSI_tools/__init__.py to /home/heinz/SU2-v8.5.0/bin/FSI_tools
Installing /home/heinz/src/SU2-8.5.0/SU2_PY/FSI_tools/FSIInterface.py to /home/heinz/SU2-v8.5.0/bin/FSI_tools
Installing /home/heinz/src/SU2-8.5.0/SU2_PY/FSI_tools/FSI_config.py to /home/heinz/SU2-v8.5.0/bin/FSI_tools
Installing /home/heinz/src/SU2-8.5.0/SU2_PY/SU2_Nastran/__init__.py to /home/heinz/SU2-v8.5.0/bin/SU2_Nastran
Installing /home/heinz/src/SU2-8.5.0/SU2_PY/SU2_Nastran/pysu2_nastran.py to /home/heinz/SU2-v8.5.0/bin/SU2_Nastran
== SU2 install tree ==
compute_polar.py
compute_uncertainty.py
continuous_adjoint.py
direct_differentiation.py
discrete_adjoint.py
FADO
finite_differences.py
fsi_computation.py
FSI_tools
merge_solution.py
mesh_deformation.py
parallel_computation_fsi.py
parallel_computation.py
set_ffd_design_var.py
shape_optimization.py
SU2
SU2_CFD
SU2_CFD.py
SU2_DEF
SU2_DOT
SU2_BUILD_DONE
