<?xml version="1.0" encoding="utf-8"?>
<COLLADA xmlns="http://www.collada.org/2005/11/COLLADASchema" version="1.4.1" xmlns:xsi="http://www.w3.org/2001/XMLSchema-instance">
  <asset>
    <contributor>
      <author>Blender User</author>
      <authoring_tool>Blender 4.5.3 LTS commit date:2025-09-08, commit time:12:46, hash:67807e1800cc</authoring_tool>
    </contributor>
    <created>2025-10-04T21:46:00</created>
    <modified>2025-10-04T21:46:00</modified>
    <unit name="meter" meter="1"/>
    <up_axis>Z_UP</up_axis>
  </asset>
  <library_effects>
    <effect id="Wheel_001-effect">
      <profile_COMMON>
        <technique sid="common">
          <lambert>
            <emission>
              <color sid="emission">0 0 0 1</color>
            </emission>
            <diffuse>
              <color sid="diffuse">0.03003497 0.03003497 0.03003497 1</color>
            </diffuse>
            <index_of_refraction>
              <float sid="ior">1.5</float>
            </index_of_refraction>
          </lambert>
        </technique>
      </profile_COMMON>
    </effect>
    <effect id="Wheel_002-effect">
      <profile_COMMON>
        <technique sid="common">
          <lambert>
            <emission>
              <color sid="emission">0 0 0 1</color>
            </emission>
            <diffuse>
              <color sid="diffuse">0.5679815 0.1051709 0 1</color>
            </diffuse>
            <index_of_refraction>
              <float sid="ior">1.5</float>
            </index_of_refraction>
          </lambert>
        </technique>
      </profile_COMMON>
    </effect>
    <effect id="Wheel-effect">
      <profile_COMMON>
        <technique sid="common">
          <lambert>
            <emission>
              <color sid="emission">0 0 0 1</color>
            </emission>
            <diffuse>
              <color sid="diffuse">0.06892576 0.06892576 0.06892576 1</color>
            </diffuse>
            <index_of_refraction>
              <float sid="ior">1.5</float>
            </index_of_refraction>
          </lambert>
        </technique>
      </profile_COMMON>
    </effect>
  </library_effects>
  <library_images/>
  <library_materials>
    <material id="Wheel_001-material" name="Wheel.001">
      <instance_effect url="#Wheel_001-effect"/>
    </material>
    <material id="Wheel_002-material" name="Wheel.002">
      <instance_effect url="#Wheel_002-effect"/>
    </material>
    <material id="Wheel-material" name="Wheel">
      <instance_effect url="#Wheel-effect"/>
    </material>
  </library_materials>
  <library_geometries>
    <geometry id="Plane_042-mesh" name="Plane.042">
      <mesh>
        <source id="Plane_042-mesh-positions">
          <float_array id="Plane_042-mesh-positions-array" count="9444">0.008824944 -0.005586922 -0.528896 0.03226399 0.05019897 -0.52409 0.008558988 -0.09190601 -0.520398 0.03286999 -0.03945297 -0.524611 0.03230196 0.05660092 -0.594927 0.008933961 -0.006516993 -0.600028 0.03279799 -0.04530799 -0.595498 -2.88e-4 -0.104009 -0.590579 0.00870496 -0.103985 -0.590447 -2.88e-4 -0.01425999 -0.599461 0.200823 -0.14851 -0.484605 0.20427 -0.146764 -0.485059 0.20326 -0.148816 -0.484455 0.20427 -0.08140295 -0.501735 0.201011 -0.07612395 -0.5023 0.203315 -0.07839596 -0.502034 0.103284 -0.09274399 -0.512736 0.132206 -0.04077798 -0.513871 0.09653198 -0.087843 -0.51405 0.1256 -0.03645491 -0.515219 0.06557899 -0.05817788 -0.520321 0.09359699 -0.01432496 -0.521635 0.05901491 -0.05149996 -0.521572 0.08726298 -0.008555948 -0.52297 0.02015393 -0.004528999 -0.528676 0.020895 -0.01061195 -0.528036 0.01963299 -0.007658958 -0.52838 0.04321897 0.03518599 -0.524919 0.007211983 0.07688498 -0.522378 0.01322597 0.07389897 -0.52253 0.01428097 -0.003256916 -0.528995 0.03754699 0.04250591 -0.524553 0.06067699 -0.140581 -0.504432 0.08746898 -0.09271699 -0.514669 0.01959598 -0.09477895 -0.51981 0.043217 -0.05297493 -0.522649 0.007209897 -0.01166695 -0.528317 0.013161 -0.01472896 -0.527873 0.01646 -0.08775496 -0.520591 0.03786695 -0.04743695 -0.523537 0.189671 -0.164488 -0.554711 0.193101 -0.1625069 -0.555045 0.1920959 -0.1648499 -0.554406 0.103453 -0.105716 -0.582649 0.193101 -0.08797997 -0.572836 0.189866 -0.081923 -0.573693 0.192153 -0.08454298 -0.573251 0.132279 -0.0469489 -0.584717 0.065499 -0.06645399 -0.590973 0.09359997 -0.01651793 -0.592735 0.125688 -0.04177695 -0.586135 0.096538 -0.100247 -0.584095 0.08699095 -0.01006489 -0.594113 0.05894392 -0.05840498 -0.592369 0.02038699 -0.005454957 -0.599791 0.02113199 -0.01237189 -0.599134 0.01986593 -0.009011983 -0.599487 0.04325991 0.03922593 -0.595941 0.03755789 0.04791498 -0.595473 0.01435399 -0.003883898 -0.60013 0.007319927 0.086676 -0.592818 0.01334893 0.083287 -0.593025 0.03769898 -0.05423295 -0.594348 0.01648288 -0.09934598 -0.590733 0.007355988 -0.01425695 -0.599354 0.01332789 -0.01773399 -0.598895 0.08727198 -0.105633 -0.584637 0.06063991 -0.159645 -0.572967 0.01980197 -0.107817 -0.589722 0.04326891 -0.06076699 -0.593347 -0.009401977 -0.005586922 -0.528896 -0.0328409 0.05019897 -0.52409 -0.009135961 -0.09190601 -0.520398 -0.03344595 -0.03945297 -0.524611 -0.03287899 0.05660092 -0.594927 -0.00950998 -0.006516993 -0.600028 -0.03337395 -0.04530799 -0.595498 -0.009281992 -0.103985 -0.590447 -0.201399 -0.14851 -0.484605 -0.204846 -0.146764 -0.485059 -0.203837 -0.148816 -0.484455 -0.204846 -0.081402 -0.501735 -0.201587 -0.07612395 -0.5023 -0.2038919 -0.07839596 -0.502034 -0.10386 -0.09274399 -0.512736 -0.132782 -0.04077798 -0.513871 -0.09710896 -0.087843 -0.514049 -0.1261759 -0.03645491 -0.515219 -0.06615495 -0.05817788 -0.520321 -0.09417396 -0.01432496 -0.521635 -0.05959188 -0.05149996 -0.521572 -0.08783996 -0.008555948 -0.52297 -0.02072989 -0.004528999 -0.528676 -0.02147096 -0.01061195 -0.528036 -0.02020895 -0.007658958 -0.52838 -0.04379492 0.03518599 -0.524919 -0.007787883 0.07688498 -0.522378 -0.01380288 0.07389897 -0.52253 -0.01485699 -0.003256916 -0.528995 -0.03812295 0.04250591 -0.524553 -0.06125396 -0.140581 -0.504432 -0.08804595 -0.09271699 -0.514669 -0.02017295 -0.09477895 -0.51981 -0.04379296 -0.05297493 -0.522649 -0.007785916 -0.01166695 -0.528317 -0.01373791 -0.01472896 -0.527873 -0.01703596 -0.08775496 -0.520591 -0.03844398 -0.04743695 -0.523537 -0.190248 -0.164488 -0.554711 -0.193677 -0.1625069 -0.555045 -0.192673 -0.1648499 -0.554406 -0.10403 -0.105716 -0.582649 -0.193677 -0.08797997 -0.572836 -0.190443 -0.081923 -0.573693 -0.19273 -0.08454197 -0.573251 -0.132856 -0.0469489 -0.584717 -0.06607496 -0.06645399 -0.590973 -0.09417599 -0.01651793 -0.592735 -0.126265 -0.041776 -0.586135 -0.09711498 -0.100247 -0.584095 -0.08756798 -0.01006489 -0.594113 -0.0595209 -0.05840498 -0.592369 -0.02096295 -0.005454957 -0.599791 -0.02170896 -0.01237189 -0.599134 -0.02044296 -0.009011983 -0.599487 -0.04383695 0.03922593 -0.595941 -0.03813499 0.04791498 -0.595473 -0.01493096 -0.003883898 -0.60013 -0.007895946 0.086676 -0.592818 -0.01392489 0.083287 -0.593025 -0.03827589 -0.05423295 -0.594348 -0.01705998 -0.09934496 -0.590733 -0.007931947 -0.01425695 -0.599354 -0.01390391 -0.01773399 -0.598895 -0.08784896 -0.105632 -0.584637 -0.06121593 -0.159645 -0.572967 -0.02037888 -0.107817 -0.589723 -0.04384595 -0.06076699 -0.593347 0.008824944 -0.177106 -0.496384 0.03226399 -0.123177 -0.511841 0.008558988 -0.255432 -0.45994 0.03286999 -0.208675 -0.483959 0.03230196 -0.140135 -0.580914 0.008932948 -0.201088 -0.563336 0.03279799 -0.237237 -0.549089 -2.88e-4 -0.289692 -0.522412 0.00870496 -0.289627 -0.522296 -2.88e-4 -0.208561 -0.561169 0.200823 -0.298586 -0.409863 0.20427 -0.297155 -0.410953 0.20326 -0.298813 -0.409604 0.20427 -0.2396399 -0.446118 0.201011 -0.234987 -0.448681 0.203315 -0.236982 -0.447556 0.103284 -0.253672 -0.452295 0.132206 -0.206376 -0.473244 0.09653198 -0.2496089 -0.455422 0.1256 -0.202853 -0.47618 0.06557798 -0.224451 -0.47273 0.09359699 -0.1834509 -0.487839 0.05901491 -0.218735 -0.47647 0.08726298 -0.17814 -0.490216 0.02015393 -0.175983 -0.496383 0.020895 -0.181827 -0.494592 0.01963299 -0.179 -0.495492 0.04321897 -0.137396 -0.506824 0.00721091 -0.09769296 -0.519868 0.01322597 -0.100634 -0.519448 0.01428097 -0.17482 -0.496933 0.03754699 -0.130475 -0.509306 0.06067699 -0.298052 -0.431871 0.08746898 -0.254285 -0.454154 0.01959598 -0.257874 -0.458284 0.043217 -0.220441 -0.476933 0.007209897 -0.182967 -0.49465 0.013161 -0.185869 -0.493633 0.01646 -0.251685 -0.461707 0.03786695 -0.21565 -0.47989 0.189671 -0.336669 -0.471229 0.193101 -0.334974 -0.47228 0.1920959 -0.336897 -0.470803 0.103453 -0.288653 -0.514201 0.193101 -0.269094 -0.511495 0.189866 -0.263801 -0.514591 0.192153 -0.266067 -0.513184 0.132279 -0.235224 -0.538232 0.065499 -0.25523 -0.536859 0.09359896 -0.2086189 -0.554356 0.125688 -0.230926 -0.541523 0.096538 -0.284092 -0.517632 0.08699095 -0.202681 -0.557008 0.05894392 -0.248275 -0.541204 0.02038699 -0.199961 -0.563336 0.02113199 -0.206588 -0.561259 0.01986593 -0.2033799 -0.5623 0.04325991 -0.156643 -0.575286 0.03755789 -0.1484 -0.578137 0.01435399 -0.198517 -0.563987 0.007319927 -0.111321 -0.589692 0.01334893 -0.114661 -0.589193 0.03769898 -0.245081 -0.54465 0.01648288 -0.285447 -0.524306 0.007354915 -0.208524 -0.561069 0.01332789 -0.211814 -0.559903 0.08727198 -0.289231 -0.51613 0.06063991 -0.338359 -0.490508 0.01980197 -0.292919 -0.520169 0.04326891 -0.250771 -0.54125 -0.009401977 -0.177106 -0.496384 -0.0328409 -0.123177 -0.511841 -0.009135961 -0.255432 -0.45994 -0.03344595 -0.208675 -0.483959 -0.03287899 -0.140135 -0.580914 -0.00950998 -0.201088 -0.563336 -0.03337395 -0.237237 -0.549089 -0.009281992 -0.289627 -0.522296 -0.201399 -0.298586 -0.409863 -0.204847 -0.297155 -0.410953 -0.203837 -0.298813 -0.409604 -0.204846 -0.2396399 -0.446118 -0.201587 -0.234987 -0.448681 -0.2038919 -0.236982 -0.447556 -0.10386 -0.253672 -0.452295 -0.132782 -0.206376 -0.473244 -0.09710896 -0.2496089 -0.455422 -0.1261759 -0.202853 -0.47618 -0.06615495 -0.224451 -0.47273 -0.09417396 -0.1834509 -0.487839 -0.05959188 -0.218735 -0.47647 -0.08783996 -0.17814 -0.490216 -0.02072989 -0.175983 -0.496383 -0.02147096 -0.181827 -0.494592 -0.0202099 -0.179 -0.495492 -0.04379492 -0.137396 -0.506823 -0.007787883 -0.09769296 -0.519868 -0.01380288 -0.100634 -0.519448 -0.01485699 -0.17482 -0.496933 -0.03812295 -0.130475 -0.509306 -0.06125396 -0.298052 -0.431871 -0.08804595 -0.254285 -0.454154 -0.02017295 -0.257874 -0.458284 -0.04379296 -0.220441 -0.476933 -0.007785916 -0.182967 -0.49465 -0.01373791 -0.185869 -0.493633 -0.01703596 -0.251685 -0.461707 -0.03844398 -0.21565 -0.47989 -0.190248 -0.336669 -0.471229 -0.193677 -0.334974 -0.47228 -0.192673 -0.336897 -0.470803 -0.10403 -0.288653 -0.514201 -0.193677 -0.269094 -0.511495 -0.190443 -0.263801 -0.514591 -0.19273 -0.266067 -0.513184 -0.132856 -0.235224 -0.538232 -0.06607496 -0.25523 -0.536859 -0.09417599 -0.2086189 -0.554356 -0.126265 -0.230926 -0.541523 -0.09711498 -0.284092 -0.517632 -0.08756798 -0.202681 -0.557008 -0.0595209 -0.248275 -0.541204 -0.02096295 -0.199961 -0.563336 -0.02170896 -0.206588 -0.561259 -0.02044296 -0.2033799 -0.5623 -0.04383695 -0.156643 -0.575286 -0.03813499 -0.1484 -0.578137 -0.01493096 -0.198517 -0.563987 -0.007895946 -0.111321 -0.589692 -0.01392489 -0.114661 -0.589193 -0.03827589 -0.245081 -0.54465 -0.01705998 -0.285447 -0.524306 -0.007931947 -0.208524 -0.561069 -0.01390391 -0.211814 -0.559903 -0.08784896 -0.289231 -0.51613 -0.06121593 -0.338359 -0.490508 -0.02037888 -0.292919 -0.520169 -0.04384595 -0.250771 -0.54125 0.008824944 -0.328536 -0.410515 0.03226399 -0.283678 -0.443906 0.008558988 -0.391514 -0.351435 0.03286999 -0.354306 -0.388232 0.03230196 -0.322158 -0.503724 -2.88e-4 -0.37306 -0.46616 0.008932948 -0.372973 -0.466052 -2.88e-4 -0.29619 -0.51892 0.03279799 -0.402493 -0.440567 -2.88e-4 -0.444238 -0.39941 0.00870496 -0.444138 -0.399321 -2.88e-4 -0.379072 -0.46123 0.200823 -0.416633 -0.290144 0.20427 -0.415423 -0.29149 0.20326 -0.416803 -0.289853 0.20427 -0.372438 -0.343798 0.201011 -0.369134 -0.347964 0.203315 -0.370542 -0.346153 0.103284 -0.38726 -0.344684 0.132206 -0.348861 -0.379069 0.09653198 -0.384679 -0.349176 0.1256 -0.346056 -0.382537 0.06557798 -0.367387 -0.374411 0.09359699 -0.331412 -0.39992 0.05901491 -0.362551 -0.37912 0.08726298 -0.327389 -0.40419 0.02015393 -0.327514 -0.410933 0.020895 -0.332222 -0.407032 0.01963299 -0.329956 -0.408952 0.04321897 -0.295961 -0.435355 0.00721091 -0.260569 -0.457229 0.01322597 -0.26313 -0.455706 0.01428097 -0.326643 -0.411895 0.03754699 -0.290321 -0.440041 0.06067699 -0.421758 -0.310046 0.08746898 -0.388462 -0.346258 0.01959598 -0.393146 -0.348952 0.043217 -0.364443 -0.37914 0.007209897 -0.333278 -0.406664 0.013161 -0.335573 -0.404605 0.01646 -0.388743 -0.354496 0.03786695 -0.360342 -0.382929 0.189671 -0.472018 -0.335403 0.193101 -0.470553 -0.336802 0.1920959 -0.47214 -0.334958 0.103453 -0.440455 -0.391866 0.193101 -0.421762 -0.396259 0.189866 -0.418028 -0.401139 0.192153 -0.419598 -0.398972 0.132279 -0.397274 -0.431178 0.065499 -0.417335 -0.425067 0.09359896 -0.376829 -0.454658 0.125688 -0.393831 -0.435211 0.096538 -0.437497 -0.396804 0.08699095 -0.372298 -0.459387 0.05894392 -0.411485 -0.430709 0.02038699 -0.371944 -0.466466 0.02113199 -0.377299 -0.46204 0.01986593 -0.374719 -0.464216 0.04325991 -0.336394 -0.493834 0.03755789 -0.329634 -0.499314 0.01435399 -0.370844 -0.46762 0.007319927 -0.296137 -0.518828 0.01334893 -0.29905 -0.517101 0.03769898 -0.409221 -0.434619 0.01648288 -0.441033 -0.40275 0.007354915 -0.379004 -0.461148 0.01332789 -0.381618 -0.458821 0.08727198 -0.441647 -0.39352 0.06063991 -0.478896 -0.352385 0.01980197 -0.446395 -0.396096 0.04326891 -0.414048 -0.430141 -0.009401977 -0.328536 -0.410515 -0.0328409 -0.283678 -0.443906 -0.009135961 -0.391514 -0.351435 -0.03344595 -0.354306 -0.388232 -0.03287899 -0.322158 -0.503724 -0.00950998 -0.372973 -0.466052 -0.03337395 -0.402493 -0.440567 -0.009281992 -0.444138 -0.399321 -0.201399 -0.416633 -0.290144 -0.204847 -0.415423 -0.29149 -0.203837 -0.416803 -0.289853 -0.204847 -0.372438 -0.343798 -0.201588 -0.369134 -0.347964 -0.2038919 -0.370542 -0.346153 -0.103861 -0.38726 -0.344684 -0.132782 -0.348861 -0.379069 -0.09710896 -0.384679 -0.349176 -0.1261759 -0.346056 -0.382537 -0.06615495 -0.367387 -0.374411 -0.09417396 -0.331412 -0.39992 -0.05959188 -0.362551 -0.37912 -0.08783996 -0.327389 -0.40419 -0.02072989 -0.327514 -0.410933 -0.02147191 -0.332222 -0.407032 -0.0202099 -0.329956 -0.408952 -0.04379492 -0.295961 -0.435355 -0.007787883 -0.260569 -0.457229 -0.01380288 -0.26313 -0.455706 -0.01485699 -0.326643 -0.411895 -0.03812295 -0.290321 -0.440041 -0.06125396 -0.421758 -0.310046 -0.08804595 -0.388462 -0.346258 -0.02017295 -0.393146 -0.348952 -0.04379296 -0.364443 -0.37914 -0.007785916 -0.333278 -0.406664 -0.01373791 -0.335573 -0.404605 -0.01703697 -0.388743 -0.354496 -0.03844398 -0.360342 -0.382929 -0.190248 -0.472018 -0.335403 -0.193677 -0.470553 -0.336802 -0.192673 -0.47214 -0.334958 -0.10403 -0.440455 -0.391866 -0.193677 -0.421762 -0.396259 -0.190443 -0.418028 -0.401139 -0.19273 -0.419598 -0.398972 -0.132856 -0.397274 -0.431179 -0.06607598 -0.417334 -0.425067 -0.09417599 -0.376829 -0.454658 -0.126265 -0.393831 -0.435211 -0.09711498 -0.437497 -0.396804 -0.08756798 -0.372298 -0.459387 -0.0595209 -0.411485 -0.430709 -0.02096295 -0.371944 -0.466466 -0.02170896 -0.377299 -0.46204 -0.02044296 -0.374719 -0.464216 -0.04383695 -0.336394 -0.493834 -0.03813499 -0.329634 -0.499314 -0.01493096 -0.370844 -0.46762 -0.007895946 -0.296137 -0.518828 -0.01392489 -0.29905 -0.517101 -0.03827589 -0.409221 -0.434619 -0.01705998 -0.441033 -0.40275 -0.007931947 -0.379004 -0.461148 -0.01390492 -0.381618 -0.458821 -0.08784896 -0.441647 -0.39352 -0.06121593 -0.478896 -0.352385 -0.02037888 -0.446395 -0.396096 -0.04384595 -0.414048 -0.430141 0.008824944 -0.445505 -0.281377 0.03226399 -0.411464 -0.325735 0.008558988 -0.486418 -0.204895 0.03286999 -0.460761 -0.250851 0.03230196 -0.46729 -0.369807 0.008932948 -0.505583 -0.319469 0.03279799 -0.523328 -0.284687 -2.88e-4 -0.551801 -0.2331089 0.00870496 -0.551678 -0.233057 -2.88e-4 -0.509407 -0.31271 0.2008219 -0.486988 -0.137712 0.20427 -0.486394 -0.139416 0.20326 -0.487034 -0.1373749 0.20427 -0.464976 -0.203455 0.201011 -0.46251 -0.208156 0.203315 -0.463552 -0.20612 0.103284 -0.480481 -0.200018 0.132206 -0.452513 -0.243884 0.09653198 -0.478852 -0.204814 0.1256 -0.451235 -0.2482179 0.06557798 -0.46759 -0.2329249 0.09359699 -0.444288 -0.270138 0.05901491 -0.464921 -0.239166 0.08726298 -0.442195 -0.275668 0.02015298 -0.444732 -0.282137 0.020895 -0.447581 -0.276725 0.01963299 -0.446225 -0.279371 0.04321897 -0.420493 -0.313721 0.00721091 -0.395215 -0.34696 0.01322597 -0.397 -0.344563 0.01428097 -0.444292 -0.283371 0.03754699 -0.416122 -0.3196 0.06067699 -0.499115 -0.155144 0.08746898 -0.482081 -0.201095 0.01959598 -0.487524 -0.202184 0.043217 -0.466643 -0.2385269 0.007209897 -0.448403 -0.276001 0.013161 -0.449735 -0.27321 0.01646 -0.484271 -0.208456 0.03786695 -0.464304 -0.24362 0.189671 -0.554377 -0.162625 0.193101 -0.553555 -0.164461 0.1920959 -0.554324 -0.1621569 0.103453 -0.546121 -0.22736 0.1931 -0.528069 -0.2367759 0.189866 -0.525421 -0.2422879 0.192153 -0.526506 -0.239866 0.132279 -0.515219 -0.277432 0.065499 -0.531283 -0.264604 0.09359896 -0.50503 -0.307155 0.125688 -0.513533 -0.282515 0.096538 -0.544292 -0.2327049 0.08699095 -0.5026 -0.313282 0.05894392 -0.527982 -0.27207 0.02038699 -0.504795 -0.320224 0.02113199 -0.508085 -0.314105 0.01986593 -0.506516 -0.317096 0.04325991 -0.477768 -0.355919 0.03755789 -0.47256 -0.362886 0.01435399 -0.504207 -0.321718 0.007319927 -0.448857 -0.393655 0.01334798 -0.450908 -0.390951 0.03769898 -0.527321 -0.276625 0.01648288 -0.549342 -0.237078 0.007354915 -0.509316 -0.312654 0.01332789 -0.510862 -0.309508 0.08727198 -0.547736 -0.228515 0.06063991 -0.566926 -0.176629 0.01980197 -0.553199 -0.22947 0.04326891 -0.530111 -0.270637 -0.009401977 -0.445505 -0.281377 -0.0328409 -0.411464 -0.325735 -0.009135961 -0.486418 -0.204895 -0.0334469 -0.460761 -0.250851 -0.03287899 -0.46729 -0.369807 -0.00950998 -0.505583 -0.319469 -0.03337496 -0.523328 -0.284687 -0.009281992 -0.551678 -0.233057 -0.201399 -0.486988 -0.137712 -0.204847 -0.486394 -0.139416 -0.203837 -0.487034 -0.1373749 -0.204847 -0.464976 -0.203455 -0.201588 -0.46251 -0.208156 -0.2038919 -0.463552 -0.20612 -0.103861 -0.480481 -0.200019 -0.132782 -0.452512 -0.243884 -0.09710896 -0.478852 -0.204814 -0.1261759 -0.451234 -0.2482179 -0.06615495 -0.46759 -0.2329249 -0.09417396 -0.444288 -0.270138 -0.05959188 -0.464921 -0.239166 -0.08783996 -0.442195 -0.275668 -0.02072989 -0.444732 -0.282137 -0.02147191 -0.447581 -0.276725 -0.0202099 -0.446225 -0.279371 -0.04379492 -0.420493 -0.313721 -0.007787883 -0.395215 -0.34696 -0.01380288 -0.397 -0.344563 -0.01485699 -0.444292 -0.283371 -0.03812295 -0.416122 -0.3196 -0.06125396 -0.499115 -0.155144 -0.08804595 -0.482081 -0.201095 -0.02017295 -0.487524 -0.202184 -0.04379296 -0.466643 -0.2385269 -0.007785916 -0.448403 -0.276001 -0.01373791 -0.449735 -0.27321 -0.01703697 -0.484271 -0.208456 -0.03844398 -0.464304 -0.24362 -0.190248 -0.554377 -0.162625 -0.193677 -0.553555 -0.164461 -0.192673 -0.554324 -0.1621569 -0.10403 -0.546121 -0.22736 -0.193677 -0.528068 -0.2367759 -0.190443 -0.525421 -0.2422879 -0.19273 -0.526506 -0.239866 -0.132856 -0.515218 -0.277433 -0.06607598 -0.531283 -0.264604 -0.09417599 -0.50503 -0.307155 -0.126265 -0.513533 -0.282515 -0.09711498 -0.544292 -0.2327049 -0.08756798 -0.5026 -0.313282 -0.0595209 -0.527982 -0.27207 -0.02096295 -0.504795 -0.320224 -0.02170896 -0.508085 -0.314105 -0.02044296 -0.506516 -0.317096 -0.04383695 -0.477768 -0.355919 -0.03813499 -0.47256 -0.362886 -0.01493096 -0.504207 -0.321718 -0.007895946 -0.448857 -0.393655 -0.01392489 -0.450908 -0.390951 -0.03827589 -0.527321 -0.276625 -0.01705998 -0.549342 -0.237078 -0.007931947 -0.509316 -0.312654 -0.01390492 -0.510862 -0.309508 -0.08784896 -0.547736 -0.228515 -0.06121695 -0.566926 -0.176629 -0.02037888 -0.553199 -0.22947 -0.04384595 -0.530111 -0.270637 0.008824944 -0.512736 -0.120276 0.03226399 -0.495607 -0.173708 0.008558988 -0.524833 -0.03468096 0.03286999 -0.51881 -0.08690899 0.03230196 -0.562721 -0.197252 -2.88e-4 -0.582045 -0.136811 0.008932948 -0.58191 -0.136779 -2.88e-4 -0.554733 -0.226374 0.03279799 -0.588965 -0.09858095 0.00870496 -0.595735 -0.04011791 0.2008219 -0.506037 0.02880895 0.20427 -0.506146 0.02701199 0.20326 -0.505947 0.02914088 0.20427 -0.504546 -0.04034394 0.201011 -0.504088 -0.04563593 0.203315 -0.504263 -0.04335296 0.103284 -0.517494 -0.03197896 0.132206 -0.508605 -0.08298099 0.09653198 -0.517834 -0.03708493 0.1256 -0.509088 -0.08753198 0.06557798 -0.518241 -0.06758099 0.09359699 -0.509142 -0.110321 0.05901491 -0.518173 -0.07440495 0.08726298 -0.508168 -0.116049 0.02015298 -0.51211 -0.121213 0.020895 -0.513869 -0.115359 0.01963299 -0.513046 -0.11821 0.04321789 -0.499337 -0.159106 0.00721091 -0.488742 -0.199602 0.01322597 -0.489472 -0.196696 0.01427996 -0.511921 -0.122483 0.03754591 -0.497555 -0.166235 0.06067699 -0.524025 0.01631999 0.08746898 -0.519381 -0.03248095 0.01959598 -0.524813 -0.03173291 0.043217 -0.519508 -0.07322996 0.007209897 -0.514551 -0.11444 0.013161 -0.515319 -0.111463 0.01646 -0.524219 -0.03877997 0.03786695 -0.519304 -0.07885301 0.189671 -0.578184 0.02716195 0.1931 -0.578118 0.02516597 0.1920959 -0.577956 0.02758598 0.103453 -0.588455 -0.03651297 0.1931 -0.575341 -0.05139899 0.189866 -0.574979 -0.057518 0.192153 -0.575066 -0.05485492 0.132279 -0.578797 -0.09433698 0.065499 -0.588768 -0.07684898 0.09359896 -0.578602 -0.125593 0.125688 -0.579152 -0.09972995 0.096538 -0.588779 -0.04220193 0.08699095 -0.577516 -0.131998 0.05894392 -0.588526 -0.08503997 0.02038699 -0.581284 -0.13772 0.02113199 -0.583232 -0.131054 0.01986593 -0.582319 -0.1342999 0.04325991 -0.567194 -0.180401 0.03755789 -0.564995 -0.188838 0.01435399 -0.581026 -0.13928 0.007319927 -0.554635 -0.226334 0.01334798 -0.555516 -0.2230499 0.03769898 -0.589623 -0.08959496 0.01648288 -0.595089 -0.04471188 0.007354915 -0.584148 -0.129334 0.01332789 -0.585003 -0.125952 0.08727198 -0.590382 -0.03708297 0.06063991 -0.595156 0.01803195 0.01980197 -0.595792 -0.03620195 0.04326891 -0.589949 -0.08297699 -0.009401977 -0.512736 -0.120276 -0.0328409 -0.495607 -0.173708 -0.009135961 -0.524833 -0.03468096 -0.0334469 -0.51881 -0.08690899 -0.03287899 -0.562721 -0.197252 -0.00950998 -0.58191 -0.136779 -0.03337496 -0.588965 -0.09858095 -0.009281992 -0.595735 -0.04011791 -0.201399 -0.506036 0.02880895 -0.204847 -0.506146 0.02701199 -0.203837 -0.505947 0.02914088 -0.204847 -0.504546 -0.04034394 -0.201588 -0.504088 -0.04563593 -0.2038919 -0.504263 -0.04335296 -0.103861 -0.517494 -0.03197896 -0.1327829 -0.508605 -0.08298099 -0.09710896 -0.517834 -0.03708493 -0.1261759 -0.509088 -0.08753198 -0.06615495 -0.518241 -0.06758099 -0.09417396 -0.509142 -0.110321 -0.05959188 -0.518173 -0.07440495 -0.08783996 -0.508168 -0.116049 -0.02072989 -0.51211 -0.121213 -0.02147191 -0.513869 -0.115359 -0.0202099 -0.513046 -0.11821 -0.04379492 -0.499337 -0.159106 -0.007787883 -0.488742 -0.199602 -0.01380288 -0.489472 -0.196696 -0.01485699 -0.511921 -0.122483 -0.03812295 -0.497555 -0.166235 -0.06125396 -0.524025 0.01631999 -0.08804595 -0.519381 -0.03248095 -0.02017295 -0.524813 -0.03173291 -0.04379296 -0.519508 -0.07322996 -0.007785916 -0.514551 -0.11444 -0.01373791 -0.515319 -0.111464 -0.01703697 -0.524219 -0.03877997 -0.03844398 -0.519304 -0.07885301 -0.190248 -0.578184 0.02716195 -0.193677 -0.578118 0.02516597 -0.192673 -0.577956 0.02758598 -0.10403 -0.588455 -0.03651297 -0.193677 -0.575341 -0.05139899 -0.190443 -0.574979 -0.057518 -0.19273 -0.575066 -0.05485492 -0.132856 -0.578797 -0.09433698 -0.06607598 -0.588768 -0.07684898 -0.09417599 -0.578602 -0.125593 -0.126265 -0.579152 -0.09972995 -0.09711498 -0.588779 -0.04220193 -0.08756798 -0.577516 -0.131998 -0.0595209 -0.588526 -0.08503997 -0.02096295 -0.581284 -0.13772 -0.02170896 -0.583232 -0.131054 -0.02044296 -0.582319 -0.1342999 -0.04383695 -0.567194 -0.180401 -0.03813499 -0.564995 -0.188838 -0.01493096 -0.581026 -0.13928 -0.007895946 -0.554635 -0.226334 -0.01392489 -0.555516 -0.2230499 -0.03827589 -0.589623 -0.08959496 -0.01705998 -0.595089 -0.04471188 -0.007931947 -0.584148 -0.129334 -0.01390492 -0.585003 -0.125952 -0.08784896 -0.590382 -0.03708297 -0.06121695 -0.595156 0.01803195 -0.02037888 -0.595792 -0.03620195 -0.04384595 -0.589949 -0.08297699 0.008824944 -0.523215 0.05356192 0.03226399 -0.527203 -0.002295911 0.008558988 -0.507964 0.138528 0.03286999 -0.519015 0.08736097 0.03230196 -0.598328 -0.002759993 -2.89e-4 -0.594145 0.06044197 0.008932948 -0.594007 0.06042796 -2.88e-4 -0.596567 -0.03278398 0.03279799 -0.589179 0.09911698 -2.89e-4 -0.576948 0.156464 0.00870496 -0.576819 0.1564289 -2.89e-4 -0.593378 0.06817895 0.2008219 -0.471055 0.1932719 0.20427 -0.471501 0.191518 0.20326 -0.470908 0.193575 0.20427 -0.491066 0.1267009 0.201011 -0.49269 0.121639 0.203315 -0.491968 0.123816 0.103284 -0.500009 0.138662 0.132206 -0.508391 0.08781099 0.09653198 -0.502305 0.134028 0.125599 -0.509712 0.083561 0.06557798 -0.514471 0.105825 0.09359699 -0.516013 0.06177091 0.05901491 -0.516027 0.09925997 0.08726298 -0.517325 0.05606293 0.02015298 -0.522994 0.052477 0.020895 -0.522368 0.058559 0.01963299 -0.522705 0.05560892 0.04321789 -0.525759 0.0126599 0.00721091 -0.525434 -0.02890288 0.01322597 -0.525592 -0.02592897 0.01427996 -0.52331 0.05121994 0.03754591 -0.526855 0.005370974 0.06067699 -0.490378 0.186644 0.08746898 -0.501981 0.1388069 0.01959598 -0.506808 0.141261 0.04321599 -0.517093 0.100835 0.007208943 -0.522649 0.05964595 0.013161 -0.522213 0.06269699 0.01646 -0.508969 0.1345199 0.03786695 -0.517963 0.09532397 0.189671 -0.53917 0.214907 0.1931 -0.539522 0.212909 0.1920959 -0.538868 0.2152529 0.103453 -0.568593 0.157428 0.1931 -0.561903 0.139325 0.189866 -0.56389 0.133512 0.192153 -0.562959 0.13602 0.132279 -0.57849 0.09987998 0.065499 -0.58418 0.119972 0.09359896 -0.586673 0.06989395 0.125688 -0.579933 0.094787 0.096538 -0.571058 0.152236 0.08699095 -0.588093 0.06350898 0.05894392 -0.585969 0.112049 0.02038598 -0.593781 0.05933892 0.02113199 -0.593069 0.06624996 0.01986593 -0.593449 0.06289595 0.04325991 -0.596833 0.01456499 0.03755789 -0.597981 0.005903959 0.01435399 -0.594132 0.05778592 0.007318913 -0.596461 -0.03277796 0.01334798 -0.59664 -0.02939796 0.03769898 -0.587963 0.108011 0.01648288 -0.577951 0.151941 0.007354915 -0.593272 0.06816697 0.01332789 -0.592786 0.07163095 0.08727198 -0.570625 0.157521 0.06063896 -0.557057 0.211358 0.01980197 -0.575389 0.160093 0.04326891 -0.586916 0.114508 -0.009401977 -0.523215 0.05356192 -0.0328409 -0.527203 -0.002295911 -0.009135961 -0.507964 0.138528 -0.0334469 -0.519015 0.08736097 -0.03287899 -0.598328 -0.002759993 -0.00950998 -0.594007 0.06042796 -0.03337496 -0.589179 0.09911698 -0.009281992 -0.576819 0.1564289 -0.201399 -0.471055 0.1932719 -0.204847 -0.471501 0.191518 -0.203837 -0.470908 0.193575 -0.204847 -0.491066 0.1267009 -0.201588 -0.49269 0.121639 -0.2038919 -0.491968 0.123816 -0.103861 -0.500009 0.138662 -0.1327829 -0.508391 0.08781099 -0.09710896 -0.502305 0.134028 -0.126177 -0.509712 0.083561 -0.06615495 -0.514471 0.105825 -0.09417396 -0.516013 0.06177091 -0.05959188 -0.516027 0.09925997 -0.08783996 -0.517325 0.05606293 -0.02072989 -0.522994 0.052477 -0.02147191 -0.522368 0.058559 -0.0202099 -0.522705 0.05560892 -0.04379492 -0.525759 0.0126599 -0.007787883 -0.525434 -0.02890288 -0.01380288 -0.525592 -0.02592897 -0.01485699 -0.52331 0.05121994 -0.03812295 -0.526855 0.005370974 -0.06125396 -0.490378 0.186644 -0.08804595 -0.501981 0.1388069 -0.02017295 -0.506808 0.141261 -0.04379391 -0.517093 0.100835 -0.007786989 -0.522649 0.05964595 -0.01373791 -0.522213 0.06269699 -0.01703697 -0.508969 0.1345199 -0.03844398 -0.517963 0.09532397 -0.190248 -0.53917 0.214907 -0.193678 -0.539522 0.212909 -0.192673 -0.538868 0.2152529 -0.10403 -0.568593 0.157428 -0.193678 -0.561903 0.139325 -0.190443 -0.56389 0.133512 -0.19273 -0.562959 0.136019 -0.132856 -0.57849 0.09987896 -0.06607598 -0.58418 0.119972 -0.09417599 -0.586673 0.06989395 -0.126265 -0.579933 0.094787 -0.09711498 -0.571058 0.152236 -0.08756798 -0.588093 0.06350898 -0.0595209 -0.585969 0.112049 -0.0209639 -0.593781 0.05933892 -0.02170896 -0.593069 0.06624996 -0.02044296 -0.593449 0.06289595 -0.04383695 -0.596833 0.01456499 -0.03813499 -0.597981 0.005903959 -0.01493096 -0.594132 0.05778592 -0.007895946 -0.596461 -0.03277796 -0.01392489 -0.59664 -0.02939796 -0.03827589 -0.587963 0.108011 -0.01705998 -0.577951 0.151941 -0.007931947 -0.593272 0.06816697 -0.01390492 -0.592786 0.07163095 -0.08784896 -0.570625 0.157521 -0.06121695 -0.557057 0.211358 -0.02037888 -0.575389 0.160093 -0.04384595 -0.586916 0.114508 0.008824944 -0.478658 0.2219049 0.03226399 -0.497691 0.169387 0.008558988 -0.437416 0.298157 0.03286999 -0.461766 0.251545 0.03230196 -0.565108 0.192056 0.008932948 -0.543389 0.251402 0.03279799 -0.524296 0.285454 -2.89e-4 -0.496857 0.337552 0.00870496 -0.496746 0.337477 -2.89e-4 -0.539886 0.258335 0.2008219 -0.381461 0.335429 0.204269 -0.382547 0.333987 0.20326 -0.381206 0.335654 0.204269 -0.424823 0.281217 0.201011 -0.427358 0.276554 0.203315 -0.426246 0.278552 0.103284 -0.429736 0.295613 0.132205 -0.451446 0.248456 0.09653198 -0.433587 0.292119 0.125599 -0.454332 0.244994 0.06557798 -0.450674 0.267162 0.09359699 -0.468669 0.2270759 0.05901491 -0.454375 0.261481 0.08726298 -0.472099 0.2222689 0.02015298 -0.478862 0.2208369 0.020895 -0.475947 0.226213 0.01963299 -0.477392 0.223616 0.04321789 -0.492725 0.183564 0.00721091 -0.5063 0.144092 0.01322597 -0.505301 0.146906 0.01427996 -0.479642 0.219787 0.03754591 -0.495181 0.176667 0.06067699 -0.40257 0.335962 0.08746898 -0.431573 0.296406 0.01959598 -0.435286 0.300252 0.04321599 -0.454794 0.263279 0.007208943 -0.475799 0.227303 0.013161 -0.47422 0.22996 0.01645892 -0.439586 0.29466 0.03786695 -0.457726 0.258507 0.189671 -0.439108 0.378215 0.1931 -0.440181 0.376511 0.1920959 -0.43869 0.37843 0.103453 -0.488503 0.335642 0.1931 -0.48716 0.315821 0.189866 -0.490274 0.310562 0.192153 -0.488863 0.312808 0.132279 -0.513811 0.282639 0.065499 -0.512011 0.303192 0.09359896 -0.532863 0.257717 0.125688 -0.517099 0.278425 0.096538 -0.492707 0.331683 0.08699095 -0.536609 0.252303 0.05894392 -0.516388 0.296309 0.02038598 -0.543582 0.250325 0.02113199 -0.540315 0.256457 0.01986593 -0.541933 0.253492 0.04325991 -0.559367 0.208471 0.03755789 -0.562274 0.200278 0.01435399 -0.544497 0.249009 0.007318913 -0.574723 0.1634989 0.01334798 -0.573611 0.1667039 0.03769898 -0.519805 0.293246 0.01648288 -0.499111 0.333512 0.007354915 -0.539789 0.258289 0.01332789 -0.538029 0.26132 0.08727198 -0.490415 0.336406 0.06063896 -0.457618 0.381009 0.01980197 -0.49403 0.340344 0.04326891 -0.516372 0.298886 -0.009401977 -0.478658 0.2219049 -0.0328409 -0.497691 0.169387 -0.009135961 -0.437416 0.298157 -0.0334469 -0.461766 0.251545 -0.03287899 -0.565108 0.192056 -0.00950998 -0.543389 0.251402 -0.03337496 -0.524296 0.285454 -0.009281992 -0.496746 0.337477 -0.2014 -0.381461 0.335429 -0.204847 -0.382548 0.333987 -0.203837 -0.381207 0.335654 -0.204847 -0.424823 0.281217 -0.201588 -0.427358 0.276554 -0.2038919 -0.426246 0.278552 -0.103861 -0.429736 0.295613 -0.1327829 -0.451446 0.248456 -0.09710896 -0.433587 0.292119 -0.126177 -0.454332 0.244994 -0.06615495 -0.450674 0.267162 -0.09417396 -0.468669 0.2270759 -0.05959188 -0.454375 0.261481 -0.08783996 -0.472099 0.2222689 -0.02072989 -0.478862 0.2208369 -0.02147191 -0.475947 0.226213 -0.0202099 -0.477392 0.223616 -0.04379492 -0.492725 0.183564 -0.007787883 -0.5063 0.144092 -0.01380288 -0.505301 0.146906 -0.01485788 -0.479642 0.219787 -0.03812295 -0.495181 0.176667 -0.06125396 -0.40257 0.335962 -0.08804595 -0.431573 0.296406 -0.02017295 -0.435286 0.300252 -0.04379391 -0.454794 0.263279 -0.007786989 -0.475799 0.227303 -0.01373791 -0.47422 0.22996 -0.01703697 -0.439586 0.29466 -0.03844398 -0.457726 0.258507 -0.190248 -0.439108 0.378215 -0.193678 -0.440181 0.376511 -0.192673 -0.43869 0.37843 -0.10403 -0.488503 0.335642 -0.193678 -0.48716 0.315821 -0.190443 -0.490274 0.310562 -0.19273 -0.488863 0.312808 -0.132856 -0.513811 0.282639 -0.06607598 -0.512011 0.303192 -0.09417599 -0.532863 0.257717 -0.126265 -0.517099 0.278425 -0.09711498 -0.492707 0.331683 -0.08756798 -0.536609 0.252303 -0.0595209 -0.516388 0.296309 -0.0209639 -0.543582 0.250325 -0.02170896 -0.540315 0.256457 -0.02044296 -0.541933 0.253492 -0.04383695 -0.559367 0.208471 -0.03813499 -0.562274 0.200278 -0.01493096 -0.544497 0.249009 -0.007896959 -0.574723 0.1634989 -0.01392489 -0.573611 0.1667039 -0.03827589 -0.519805 0.293246 -0.01705998 -0.499111 0.333512 -0.007931947 -0.539789 0.258289 -0.01390492 -0.538029 0.26132 -0.08784896 -0.490415 0.336406 -0.06121695 -0.457618 0.381009 -0.02037888 -0.49403 0.340344 -0.04384595 -0.516372 0.298886 0.008824944 -0.381134 0.366691 0.03226399 -0.416038 0.322745 0.008558988 -0.315879 0.423499 0.03286898 -0.355957 0.389457 0.03230196 -0.472432 0.366086 -2.89e-4 -0.432856 0.415698 0.008932948 -0.432755 0.415603 -2.89e-4 -0.492227 0.343291 0.03279691 -0.404071 0.441833 0.00870496 -0.359175 0.479902 0.2008219 -0.252195 0.442084 0.204269 -0.25375 0.441176 0.20326 -0.25187 0.442195 0.204269 -0.309485 0.403351 0.2010099 -0.313627 0.400028 0.203315 -0.311828 0.401443 0.103283 -0.309622 0.418849 0.132205 -0.347106 0.383076 0.09653198 -0.314048 0.416299 0.125599 -0.35115 0.380955 0.06557798 -0.339594 0.399709 0.09359699 -0.370911 0.369185 0.05901491 -0.345224 0.395863 0.08726298 -0.375125 0.365197 0.02015298 -0.381568 0.365646 0.020895 -0.377679 0.370362 0.01963299 -0.379591 0.368095 0.04321789 -0.405978 0.333956 0.00721091 -0.433742 0.302654 0.01322597 -0.431733 0.304875 0.01427996 -0.382517 0.364785 0.03754591 -0.410911 0.328516 0.06067699 -0.272414 0.45019 0.08746898 -0.311071 0.420152 0.01959598 -0.313421 0.425119 0.04321599 -0.344979 0.397635 0.007208943 -0.377292 0.371444 0.013161 -0.375245 0.373735 0.01645892 -0.318948 0.420709 0.03786695 -0.349537 0.394343 0.189671 -0.292975 0.501556 0.1931 -0.2946 0.500392 0.1920959 -0.292497 0.501601 0.103453 -0.352197 0.4758 0.1931 -0.357397 0.456557 0.189866 -0.362284 0.452862 0.192153 -0.360118 0.454411 0.132279 -0.394976 0.435657 0.06549799 -0.385897 0.453709 0.09359896 -0.421658 0.41901 0.125688 -0.399653 0.432966 0.096538 -0.357104 0.472918 0.08699095 -0.426378 0.414559 0.05894392 -0.392574 0.448967 0.02038598 -0.433194 0.414558 0.02113199 -0.428728 0.419875 0.01986593 -0.430922 0.417316 0.04325991 -0.460897 0.37915 0.03755789 -0.466695 0.372643 0.01435399 -0.434347 0.413479 0.007318913 -0.49214 0.343231 0.01334798 -0.489896 0.345785 0.03769898 -0.396961 0.447364 0.01648288 -0.362641 0.476815 0.007354915 -0.427803 0.421594 0.013327 -0.425464 0.424181 0.08727198 -0.353725 0.477098 0.06063896 -0.30985 0.510694 0.01980197 -0.355951 0.482119 0.04326891 -0.391638 0.451304 -0.009401977 -0.381134 0.366691 -0.0328409 -0.416038 0.322745 -0.009135961 -0.315879 0.423499 -0.0334469 -0.355957 0.389457 -0.03287899 -0.472432 0.366086 -0.00950998 -0.432755 0.415603 -0.03337496 -0.404071 0.441833 -0.009281992 -0.359175 0.479902 -0.2014 -0.252195 0.442084 -0.204847 -0.25375 0.441176 -0.203837 -0.25187 0.442195 -0.204847 -0.309485 0.403351 -0.201588 -0.313627 0.400028 -0.2038919 -0.311828 0.401442 -0.103861 -0.309622 0.418849 -0.1327829 -0.347106 0.383076 -0.09710896 -0.314048 0.416299 -0.126177 -0.35115 0.380955 -0.06615495 -0.339594 0.399709 -0.09417396 -0.370911 0.369185 -0.05959188 -0.345224 0.395863 -0.08783996 -0.375125 0.365197 -0.02073097 -0.381568 0.365646 -0.02147191 -0.377679 0.370362 -0.0202099 -0.379591 0.368095 -0.043796 -0.405978 0.333956 -0.007787883 -0.433742 0.302654 -0.01380288 -0.431733 0.304875 -0.01485788 -0.382517 0.364785 -0.03812396 -0.410911 0.328516 -0.06125396 -0.272414 0.45019 -0.08804595 -0.311071 0.420152 -0.02017295 -0.313421 0.425119 -0.04379391 -0.344979 0.397635 -0.007786989 -0.377292 0.371444 -0.01373791 -0.375245 0.373735 -0.01703697 -0.318948 0.420709 -0.03844398 -0.349537 0.394343 -0.190248 -0.292975 0.501556 -0.193678 -0.2946 0.500392 -0.192673 -0.292497 0.501601 -0.10403 -0.352197 0.4758 -0.193678 -0.357397 0.456557 -0.190443 -0.362284 0.452862 -0.19273 -0.360118 0.454411 -0.132856 -0.394976 0.435657 -0.06607598 -0.385897 0.453709 -0.09417599 -0.421658 0.41901 -0.126265 -0.399653 0.432966 -0.09711498 -0.357104 0.472918 -0.08756798 -0.426378 0.414559 -0.0595209 -0.392574 0.448967 -0.0209639 -0.433194 0.414558 -0.02170896 -0.428728 0.419875 -0.02044296 -0.430922 0.417316 -0.04383695 -0.460897 0.37915 -0.03813499 -0.466695 0.372643 -0.01493096 -0.434347 0.413479 -0.007896959 -0.49214 0.343231 -0.0139259 -0.489896 0.345785 -0.03827589 -0.396961 0.447364 -0.01705998 -0.362641 0.476815 -0.007931947 -0.427803 0.421594 -0.01390492 -0.425464 0.424181 -0.08784896 -0.353725 0.477098 -0.06121695 -0.30985 0.510694 -0.02037888 -0.355951 0.482119 -0.04384595 -0.391638 0.451304 0.008824944 -0.240977 0.470234 0.03226399 -0.29004 0.4431 0.008558988 -0.161422 0.503706 0.03286898 -0.210554 0.485524 0.03230196 -0.329294 0.50241 -2.89e-4 -0.273976 0.533395 0.008932948 -0.273912 0.533271 -2.89e-4 -0.353534 0.484664 0.03279691 -0.2390519 0.550711 -2.89e-4 -0.184098 0.571275 0.00870496 -0.184056 0.571147 -2.89e-4 -0.267113 0.537048 0.2008219 -0.09554398 0.503066 0.204269 -0.097319 0.502802 0.20326 -0.09519696 0.503043 0.204269 -0.162069 0.483013 0.2010099 -0.167178 0.481547 0.203315 -0.164968 0.482158 0.103283 -0.15697 0.497141 0.132205 -0.204383 0.476894 0.09653198 -0.162089 0.496477 0.125599 -0.20864 0.475634 0.06557798 -0.192259 0.490925 0.09359699 -0.230213 0.468777 0.05901491 -0.198972 0.489527 0.08726298 -0.23568 0.466698 0.02015298 -0.241759 0.469445 0.02089399 -0.236356 0.472305 0.01963198 -0.238995 0.470945 0.04321789 -0.276407 0.449606 0.00721091 -0.31141 0.427211 0.01322597 -0.309027 0.428994 0.01427996 -0.242978 0.46901 0.03754591 -0.283072 0.446467 0.06067699 -0.11168 0.515823 0.08746796 -0.157925 0.498867 0.01959598 -0.158511 0.504263 0.04321599 -0.198137 0.491041 0.007208943 -0.235605 0.473145 0.013161 -0.232827 0.474477 0.01645892 -0.165315 0.502313 0.03786695 -0.203353 0.489074 0.189671 -0.114701 0.572221 0.1931 -0.11656 0.571405 0.1920959 -0.114247 0.572162 0.103453 -0.178734 0.564834 0.1931 -0.1901929 0.549185 0.189866 -0.196129 0.547613 0.192153 -0.1935279 0.548229 0.132279 -0.2325839 0.542198 0.06549799 -0.218506 0.557036 0.09359896 -0.262024 0.532391 0.125688 -0.237613 0.540576 0.096538 -0.184412 0.564006 0.08699095 -0.268117 0.530034 0.05894392 -0.226508 0.555155 0.02038598 -0.274696 0.532477 0.02113199 -0.268551 0.535719 0.01986593 -0.271552 0.534174 0.04325991 -0.313654 0.510172 0.03755789 -0.321494 0.506325 0.01435399 -0.276181 0.531908 0.007318913 -0.353471 0.484578 0.01334798 -0.350759 0.486601 0.03769898 -0.2309809 0.554631 0.01648288 -0.1884199 0.569599 0.007354915 -0.267065 0.536952 0.013327 -0.263915 0.538469 0.08727198 -0.179765 0.566582 0.06063896 -0.12742 0.585167 0.01980197 -0.180217 0.571989 0.04326891 -0.224824 0.556941 -0.009401977 -0.240977 0.470234 -0.0328409 -0.29004 0.4431 -0.009135961 -0.161422 0.503706 -0.0334469 -0.210554 0.485524 -0.03287899 -0.329294 0.50241 -0.009510993 -0.273912 0.533271 -0.03337496 -0.2390519 0.550711 -0.009282946 -0.184056 0.571147 -0.2014 -0.09554398 0.503066 -0.204847 -0.09731996 0.502802 -0.203837 -0.09519797 0.503043 -0.204847 -0.162069 0.483013 -0.201588 -0.167178 0.481547 -0.2038919 -0.164969 0.482158 -0.103861 -0.15697 0.497141 -0.1327829 -0.204383 0.476894 -0.09710896 -0.162089 0.496477 -0.126177 -0.2086409 0.475634 -0.06615597 -0.192259 0.490925 -0.09417396 -0.230213 0.468777 -0.05959188 -0.198972 0.489527 -0.08783996 -0.23568 0.466698 -0.02073097 -0.241759 0.469445 -0.02147191 -0.236356 0.472305 -0.0202099 -0.238995 0.470945 -0.043796 -0.276407 0.449606 -0.007787883 -0.31141 0.427211 -0.01380288 -0.309027 0.428994 -0.01485788 -0.242978 0.46901 -0.03812396 -0.283072 0.446467 -0.06125396 -0.11168 0.515823 -0.08804595 -0.157925 0.498867 -0.02017295 -0.158511 0.504263 -0.04379391 -0.198137 0.491041 -0.007786989 -0.235605 0.473145 -0.01373791 -0.232827 0.474477 -0.01703697 -0.165315 0.502313 -0.03844398 -0.203353 0.489074 -0.190248 -0.114701 0.572221 -0.193678 -0.11656 0.571405 -0.192673 -0.114247 0.572162 -0.10403 -0.178734 0.564834 -0.193678 -0.1901929 0.549185 -0.190443 -0.196129 0.547613 -0.19273 -0.1935279 0.548229 -0.132857 -0.2325839 0.542198 -0.06607598 -0.218506 0.557036 -0.094177 -0.262024 0.532391 -0.126265 -0.237613 0.540576 -0.09711498 -0.184412 0.564006 -0.08756798 -0.268117 0.530034 -0.0595209 -0.226508 0.555155 -0.0209639 -0.274696 0.532477 -0.02170896 -0.268551 0.535719 -0.02044296 -0.271552 0.534174 -0.04383695 -0.313654 0.510172 -0.03813499 -0.321494 0.506325 -0.01493096 -0.276181 0.531908 -0.007896959 -0.353471 0.484578 -0.0139259 -0.350759 0.486601 -0.03827589 -0.2309809 0.554631 -0.01705998 -0.1884199 0.569599 -0.00793296 -0.267065 0.536952 -0.01390492 -0.263915 0.538469 -0.08784896 -0.179765 0.566582 -0.06121695 -0.12742 0.585167 -0.02037888 -0.180217 0.571989 -0.04384595 -0.224824 0.556941 0.00882399 -0.075594 0.524545 0.03226399 -0.130068 0.512316 0.008558988 0.01071792 0.531479 0.03286898 -0.0415759 0.526976 0.03230196 -0.147925 0.581163 -2.89e-4 -0.08628499 0.59501 0.008932948 -0.08626496 0.594873 -2.89e-4 -0.177042 0.573426 0.03279691 -0.04734891 0.597875 0.00870496 0.01122492 0.602648 0.2008219 0.07258498 0.505709 0.204269 0.070782 0.505809 0.20326 0.07291299 0.505622 0.204269 0.003414928 0.51258 0.2010099 -0.001869916 0.51227 0.203315 4.09e-4 0.512457 0.103283 0.01278698 0.523682 0.132205 -0.03852498 0.51667 0.09653198 0.007751882 0.525042 0.125599 -0.04299789 0.517145 0.06557798 -0.02245491 0.526434 0.09359598 -0.06581497 0.519105 0.05901491 -0.02922898 0.526353 0.08726298 -0.07170796 0.519286 0.02015298 -0.076599 0.52412 0.02089399 -0.07050997 0.524685 0.01963198 -0.07347196 0.524443 0.04321789 -0.11553 0.516065 0.00721091 -0.155872 0.505415 0.01322597 -0.152978 0.506148 0.01427996 -0.07790398 0.524185 0.03754591 -0.122625 0.514274 0.06067591 0.06147992 0.523527 0.08746796 0.01244592 0.525649 0.01959598 0.01363992 0.530873 0.04321599 -0.0279529 0.527701 0.007208943 -0.06951797 0.525169 0.013161 -0.06643295 0.525332 0.01645892 0.006601989 0.531687 0.03786695 -0.03354597 0.527487 0.189671 0.07690995 0.577311 0.1931 0.07489299 0.577258 0.1920959 0.07731795 0.577083 0.103452 0.01419591 0.594773 0.1931 -0.001664996 0.58382 0.1898649 -0.007765889 0.583492 0.192153 -0.005115926 0.583564 0.132279 -0.04397892 0.587581 0.06549799 -0.025801 0.597493 0.09359896 -0.07523399 0.589609 0.125687 -0.0493009 0.587979 0.096538 0.008577942 0.596155 0.08699095 -0.08180898 0.589724 0.05894392 -0.03394889 0.597316 0.02038598 -0.08727097 0.594435 0.02113199 -0.08035695 0.595119 0.01986593 -0.08372098 0.594821 0.04325991 -0.13109 0.585491 0.03755789 -0.1395159 0.583365 0.01435399 -0.08887296 0.594467 0.007318913 -0.1770099 0.573325 0.01334798 -0.173728 0.574177 0.03769797 -0.03837692 0.598461 0.01648288 0.006611943 0.60286 0.007354915 -0.07853698 0.595698 0.013327 -0.07503998 0.595915 0.08727198 0.01378995 0.596786 0.06063896 0.06912398 0.594242 0.01980197 0.01511389 0.601978 0.04326891 -0.03178393 0.598733 -0.009401977 -0.075594 0.524545 -0.0328409 -0.130068 0.512316 -0.009135961 0.01071792 0.531479 -0.0334469 -0.0415759 0.526976 -0.03287899 -0.147925 0.581163 -0.009510993 -0.08626496 0.594873 -0.03337496 -0.04734891 0.597875 -0.009282946 0.01122492 0.602648 -0.2014 0.07258498 0.505708 -0.204847 0.07078099 0.505809 -0.203837 0.07291299 0.505622 -0.204847 0.003414928 0.51258 -0.201588 -0.001869916 0.51227 -0.2038919 4.08e-4 0.512457 -0.103861 0.01278698 0.523682 -0.1327829 -0.03852498 0.51667 -0.09710896 0.007751882 0.525042 -0.126177 -0.04299789 0.517145 -0.06615597 -0.02245491 0.526434 -0.09417396 -0.06581497 0.519105 -0.05959188 -0.02922898 0.526353 -0.08783996 -0.07170796 0.519286 -0.02073097 -0.076599 0.52412 -0.02147191 -0.07050997 0.524685 -0.0202099 -0.07347196 0.524443 -0.043796 -0.11553 0.516065 -0.007788956 -0.155872 0.505415 -0.01380288 -0.152978 0.506148 -0.01485788 -0.07790398 0.524185 -0.03812396 -0.122625 0.514274 -0.06125396 0.06147992 0.523527 -0.08804595 0.01244592 0.525649 -0.0201739 0.01363992 0.530873 -0.04379391 -0.0279529 0.527701 -0.007786989 -0.06951797 0.525169 -0.01373791 -0.06643295 0.525332 -0.01703697 0.006601989 0.531687 -0.03844398 -0.03354597 0.527487 -0.190248 0.07690995 0.577311 -0.193678 0.07489299 0.577258 -0.192673 0.07731795 0.577083 -0.10403 0.01419591 0.594773 -0.193678 -0.001664996 0.58382 -0.190443 -0.007765889 0.583492 -0.19273 -0.005115926 0.583564 -0.132857 -0.04397892 0.587581 -0.06607598 -0.025801 0.597493 -0.094177 -0.07523399 0.589609 -0.126265 -0.0493009 0.587979 -0.09711498 0.008577942 0.596154 -0.08756798 -0.08180898 0.589724 -0.0595209 -0.03394889 0.597316 -0.0209639 -0.08727097 0.594435 -0.02170896 -0.08035695 0.595119 -0.02044397 -0.08372098 0.594821 -0.04383695 -0.13109 0.585491 -0.03813499 -0.1395159 0.583365 -0.01493096 -0.08887296 0.594467 -0.007896959 -0.1770099 0.573325 -0.0139259 -0.173728 0.574177 -0.03827589 -0.03837692 0.598461 -0.01705998 0.006611943 0.60286 -0.00793296 -0.07853698 0.595698 -0.01390492 -0.07503998 0.595915 -0.08784896 0.01378995 0.596786 -0.06121695 0.06912398 0.594242 -0.02037996 0.01511389 0.601978 -0.04384696 -0.03178393 0.598733 0.00882399 0.09897196 0.522783 0.03226298 0.04302996 0.527374 0.008558988 0.18224 0.49897 0.03286898 0.131655 0.513368 0.03230196 0.048509 0.598288 -2.89e-4 0.11175 0.592878 0.008932948 0.111725 0.592742 -2.89e-4 0.01857089 0.602113 0.03279691 0.149226 0.582287 -2.89e-4 0.20586 0.566173 0.00870496 0.205814 0.566047 -2.89e-4 0.119478 0.59205 0.2008219 0.232445 0.455382 0.204269 0.230825 0.45617 0.20326 0.232718 0.455174 0.204269 0.1688359 0.482526 0.2010099 0.163771 0.484121 0.203315 0.165948 0.483412 0.103283 0.1817719 0.491212 0.132205 0.131155 0.502493 0.09653198 0.177201 0.493471 0.125599 0.1271539 0.504672 0.06557798 0.149246 0.505472 0.09359598 0.106589 0.515338 0.05901396 0.142926 0.508012 0.08726298 0.101009 0.516969 0.02015298 0.09785997 0.522564 0.02089399 0.103941 0.521952 0.01963198 0.100994 0.522281 0.04321789 0.05793392 0.525243 0.00721091 0.01649791 0.530924 0.01322597 0.01945996 0.530488 0.01427996 0.09661799 0.522874 0.03754591 0.05067288 0.52632 0.06067591 0.2281129 0.476612 0.08746796 0.182071 0.493134 0.01959598 0.1849499 0.497828 0.04321599 0.1445479 0.50879 0.007208943 0.10506 0.522231 0.013161 0.108024 0.521416 0.01645892 0.178213 0.499971 0.03786695 0.139282 0.510748 0.18967 0.25994 0.521984 0.1931 0.258067 0.522692 0.1920959 0.26024 0.521613 0.103452 0.206201 0.55799 0.1931 0.187197 0.551677 0.1898649 0.1814129 0.553691 0.192153 0.183903 0.552749 0.132279 0.149031 0.571319 0.06549799 0.169167 0.573759 0.09359896 0.120588 0.585084 0.125687 0.144206 0.573714 0.096538 0.20109 0.560471 0.08699095 0.11434 0.586867 0.05894392 0.161522 0.576683 0.02038598 0.110609 0.592528 0.02113199 0.11751 0.591762 0.01986593 0.114164 0.592168 0.04325991 0.06577199 0.595938 0.03755789 0.05714493 0.597151 0.01435399 0.1090739 0.592888 0.007318913 0.01856791 0.602007 0.01334798 0.02193695 0.601557 0.03769797 0.15777 0.579439 0.01648199 0.201321 0.567219 0.007354915 0.119457 0.591945 0.013327 0.1228049 0.59093 0.08727198 0.206453 0.559975 0.06063896 0.258324 0.541024 0.01980197 0.209444 0.564596 0.04326891 0.163998 0.577197 -0.009401977 0.09897196 0.522783 -0.0328409 0.04302996 0.527374 -0.009135961 0.18224 0.49897 -0.0334469 0.131655 0.513368 -0.03287988 0.048509 0.598288 -0.009510993 0.111725 0.592742 -0.03337496 0.149226 0.582287 -0.009282946 0.205814 0.566047 -0.2014 0.232445 0.455382 -0.204847 0.230825 0.45617 -0.203837 0.232718 0.455174 -0.204847 0.1688359 0.482526 -0.201588 0.163771 0.484121 -0.2038919 0.165947 0.483412 -0.103861 0.1817719 0.491212 -0.1327829 0.131155 0.502493 -0.09710896 0.177201 0.493471 -0.126177 0.1271539 0.504672 -0.06615597 0.149246 0.505472 -0.09417396 0.106589 0.515338 -0.05959188 0.142926 0.508012 -0.08783996 0.101009 0.516969 -0.02073097 0.09785997 0.522564 -0.02147191 0.103941 0.521952 -0.0202099 0.100994 0.522281 -0.043796 0.05793392 0.525243 -0.007788956 0.01649791 0.530924 -0.01380288 0.01945996 0.530488 -0.01485788 0.09661799 0.522874 -0.03812396 0.05067288 0.52632 -0.06125396 0.2281129 0.476612 -0.08804595 0.18207 0.493134 -0.0201739 0.1849499 0.497828 -0.04379391 0.1445479 0.50879 -0.007786989 0.10506 0.522231 -0.01373791 0.108024 0.521416 -0.01703697 0.178213 0.499971 -0.03844398 0.139282 0.510748 -0.190248 0.25994 0.521984 -0.193678 0.258067 0.522692 -0.192673 0.26024 0.521613 -0.10403 0.206201 0.55799 -0.193678 0.187197 0.551677 -0.190443 0.1814129 0.553691 -0.19273 0.183903 0.552749 -0.132857 0.149031 0.571319 -0.06607598 0.169167 0.573759 -0.094177 0.120588 0.585083 -0.126265 0.144206 0.573714 -0.09711498 0.20109 0.560471 -0.08756899 0.11434 0.586867 -0.0595209 0.161522 0.576683 -0.0209639 0.110609 0.592528 -0.02170896 0.11751 0.591762 -0.02044397 0.114164 0.592168 -0.04383695 0.06577199 0.595938 -0.03813499 0.05714493 0.597151 -0.01493191 0.1090739 0.592888 -0.007896959 0.01856791 0.602007 -0.0139259 0.02193695 0.601557 -0.03827589 0.15777 0.579439 -0.01705998 0.201321 0.567219 -0.00793296 0.119457 0.591945 -0.01390492 0.1228049 0.59093 -0.08784896 0.206453 0.559975 -0.06121695 0.258324 0.541024 -0.02037996 0.209444 0.564596 -0.04384696 0.163998 0.577197 0.00882399 0.262278 0.461604 0.03226298 0.2124429 0.487313 0.008557975 0.333675 0.413108 0.03286898 0.291889 0.444818 0.03230196 0.240662 0.552599 -2.89e-4 0.297139 0.523755 0.008932948 0.297071 0.523634 -2.89e-4 0.212907 0.563994 0.03279691 0.33091 0.504308 -2.89e-4 0.377866 0.469017 0.00870496 0.377783 0.468913 -2.89e-4 0.303985 0.520071 0.2008219 0.368783 0.35732 0.204269 0.367596 0.358669 0.203259 0.368956 0.357019 0.204269 0.315939 0.402277 0.2010099 0.31188 0.405708 0.203315 0.313616 0.404212 0.103283 0.330626 0.40581 0.132205 0.288047 0.434956 0.09653097 0.327235 0.40969 0.125599 0.284641 0.437788 0.06557798 0.30588 0.431659 0.09359598 0.266988 0.451883 0.05901396 0.300992 0.436458 0.08726197 0.262228 0.455267 0.02015298 0.261184 0.461819 0.02089399 0.266565 0.458916 0.01963198 0.263967 0.460354 0.04321789 0.225421 0.479599 0.00721091 0.18781 0.497318 0.01322597 0.190616 0.496328 0.01427996 0.260147 0.462588 0.03754591 0.219112 0.483394 0.06067591 0.371372 0.378513 0.08746796 0.331546 0.40755 0.01959598 0.335752 0.410999 0.04321599 0.302726 0.436598 0.007208943 0.267684 0.458757 0.013161 0.270334 0.457189 0.01645892 0.330351 0.41557 0.03786695 0.298599 0.440443 0.18967 0.416665 0.411587 0.1931 0.415211 0.412941 0.192095 0.41681 0.411122 0.103452 0.375424 0.461029 0.1931 0.355953 0.461951 0.1898649 0.351353 0.466015 0.192153 0.353308 0.464194 0.132279 0.327327 0.494261 0.06549799 0.346903 0.489769 0.09359896 0.302878 0.513286 0.125687 0.323195 0.497541 0.09653699 0.371591 0.465289 0.08699095 0.297544 0.517043 0.05894392 0.340903 0.49538 0.02038598 0.295973 0.523847 0.02113091 0.302078 0.520532 0.01986593 0.299129 0.522172 0.04325991 0.255792 0.543894 0.03755789 0.248244 0.548282 0.01435399 0.294677 0.524766 0.007318913 0.212869 0.563894 0.01334798 0.216055 0.56276 0.03769797 0.338399 0.4994 0.01648199 0.374072 0.471686 0.007354915 0.303932 0.519979 0.013327 0.30694 0.5182 0.08727097 0.376321 0.462845 0.06063896 0.420843 0.429587 0.01980197 0.38061 0.466188 0.04326891 0.343334 0.494963 -0.009401977 0.262278 0.461604 -0.0328409 0.2124429 0.487313 -0.009135961 0.333675 0.413108 -0.0334469 0.291889 0.444818 -0.03287988 0.240662 0.552599 -0.009510993 0.297071 0.523634 -0.03337496 0.33091 0.504308 -0.009282946 0.377783 0.468913 -0.2014 0.368783 0.35732 -0.204847 0.367596 0.358669 -0.203837 0.368956 0.357019 -0.204847 0.315939 0.402278 -0.201588 0.31188 0.405708 -0.203893 0.313616 0.404212 -0.103861 0.330626 0.40581 -0.1327829 0.288047 0.434956 -0.09710896 0.327235 0.40969 -0.126177 0.284641 0.437788 -0.06615597 0.30588 0.431659 -0.09417396 0.266988 0.451883 -0.05959188 0.300992 0.436458 -0.08783996 0.262228 0.455267 -0.02073097 0.261184 0.461819 -0.02147191 0.266565 0.458916 -0.0202099 0.263967 0.460354 -0.043796 0.225421 0.479599 -0.007788956 0.18781 0.497318 -0.01380389 0.190616 0.496328 -0.01485788 0.260147 0.462588 -0.03812396 0.219112 0.483394 -0.06125396 0.371372 0.378513 -0.08804595 0.331546 0.40755 -0.0201739 0.335752 0.410999 -0.04379391 0.302726 0.436598 -0.007786989 0.267684 0.458757 -0.01373893 0.270334 0.457189 -0.01703697 0.330351 0.41557 -0.03844493 0.298599 0.440443 -0.190248 0.416665 0.411587 -0.193678 0.415211 0.412941 -0.192673 0.41681 0.411122 -0.10403 0.375424 0.461029 -0.193678 0.355953 0.461951 -0.190443 0.351353 0.466015 -0.192731 0.353308 0.464194 -0.132857 0.327327 0.494261 -0.06607598 0.346903 0.489769 -0.094177 0.302878 0.513286 -0.126265 0.323195 0.497541 -0.09711498 0.371591 0.465289 -0.08756899 0.297544 0.517043 -0.05952197 0.340903 0.49538 -0.0209639 0.295973 0.523847 -0.02170896 0.302078 0.520532 -0.02044397 0.299129 0.522172 -0.04383796 0.255792 0.543894 -0.03813499 0.248244 0.548282 -0.01493191 0.294677 0.524766 -0.007896959 0.212869 0.563894 -0.0139259 0.216055 0.56276 -0.03827589 0.338399 0.4994 -0.01705998 0.374072 0.471686 -0.00793296 0.303932 0.519979 -0.01390492 0.30694 0.5182 -0.08784896 0.376321 0.462845 -0.06121695 0.420843 0.429587 -0.02037996 0.38061 0.466188 -0.04384696 0.343334 0.494963 0.00882399 0.39788 0.352518 0.03226298 0.358252 0.391834 0.008557975 0.450651 0.283972 0.03286898 0.418803 0.325597 0.03230196 0.406152 0.444413 -2.89e-4 0.45105 0.399977 0.008932948 0.450946 0.399885 -2.89e-4 0.383571 0.46434 0.03279691 0.475025 0.369178 0.00870496 0.510525 0.322438 0.2008219 0.46352 0.218416 0.204269 0.4626 0.219972 0.203259 0.46363 0.218096 0.204269 0.430761 0.279723 0.2010099 0.42834 0.284461 0.203315 0.429365 0.282406 0.103283 0.445274 0.277991 0.132205 0.411858 0.317426 0.09653097 0.443611 0.282924 0.125599 0.409772 0.321399 0.06557798 0.428964 0.309423 0.09359598 0.398747 0.341418 0.05901396 0.425135 0.315003 0.08726197 0.395626 0.346411 0.02015298 0.396966 0.35312 0.02089399 0.40082 0.348372 0.01963198 0.398973 0.350699 0.04321789 0.369445 0.381838 0.00721091 0.338181 0.409443 0.01322597 0.340397 0.407446 0.01427996 0.396296 0.354239 0.03754591 0.364015 0.386737 0.06067591 0.47224 0.237383 0.08746796 0.446731 0.279349 0.01959598 0.451769 0.28121 0.04321599 0.426974 0.314681 0.007208943 0.401776 0.347813 0.013161 0.403626 0.345341 0.01645892 0.448536 0.287512 0.03786695 0.423689 0.319208 0.18967 0.525799 0.253897 0.1931 0.524634 0.255547 0.192095 0.525834 0.253433 0.103452 0.505581 0.31566 0.1931 0.488253 0.32331 0.1898649 0.484914 0.328413 0.192153 0.486443 0.32625 0.132279 0.468266 0.360746 0.06549799 0.486646 0.351056 0.09359896 0.452644 0.387834 0.125687 0.46565 0.365387 0.09653699 0.503618 0.321094 0.08699095 0.449097 0.393363 0.05894392 0.481983 0.357733 0.02038598 0.450021 0.400483 0.02113091 0.454425 0.395109 0.01986593 0.452311 0.397742 0.04325991 0.419086 0.432811 0.03755688 0.412646 0.438639 0.01435399 0.449161 0.401831 0.007318913 0.383503 0.464258 0.01334798 0.386032 0.462001 0.03769797 0.480488 0.36204 0.01648199 0.508141 0.326395 0.007354915 0.455919 0.393913 0.013327 0.458039 0.391125 0.08727097 0.507042 0.317098 0.06063896 0.535636 0.269624 0.01980197 0.512124 0.318832 0.04326891 0.48437 0.356708 -0.009401977 0.39788 0.352518 -0.0328409 0.358252 0.391834 -0.009136974 0.450651 0.283972 -0.0334469 0.418803 0.325597 -0.03287988 0.406152 0.444413 -0.009510993 0.450946 0.399885 -0.03337496 0.475025 0.369178 -0.009282946 0.510525 0.322438 -0.2014 0.46352 0.218416 -0.204847 0.4626 0.219972 -0.203837 0.46363 0.218096 -0.204847 0.430761 0.279723 -0.201588 0.42834 0.284461 -0.203893 0.429365 0.282406 -0.103861 0.445274 0.277991 -0.1327829 0.411858 0.317426 -0.09710896 0.443611 0.282924 -0.126177 0.409772 0.321399 -0.06615597 0.428964 0.309423 -0.09417396 0.398747 0.341418 -0.05959188 0.425135 0.315003 -0.08783996 0.395626 0.346411 -0.02073097 0.396966 0.35312 -0.02147191 0.40082 0.348372 -0.0202099 0.398973 0.350699 -0.043796 0.369445 0.381838 -0.007788956 0.338181 0.409443 -0.01380389 0.340397 0.407446 -0.01485788 0.396296 0.354239 -0.03812396 0.364015 0.386737 -0.06125396 0.47224 0.237383 -0.08804595 0.446731 0.279349 -0.0201739 0.451769 0.28121 -0.04379391 0.426974 0.314681 -0.007786989 0.401776 0.347813 -0.01373893 0.403626 0.345341 -0.01703697 0.448536 0.287512 -0.03844493 0.423689 0.319208 -0.190248 0.525799 0.253897 -0.193678 0.524634 0.255547 -0.192674 0.525834 0.253433 -0.10403 0.505581 0.31566 -0.193678 0.488253 0.32331 -0.190443 0.484914 0.328413 -0.192731 0.486443 0.32625 -0.132857 0.468266 0.360746 -0.06607598 0.486646 0.351056 -0.094177 0.452644 0.387834 -0.126265 0.46565 0.365387 -0.09711599 0.503618 0.321094 -0.08756899 0.449097 0.393363 -0.05952197 0.481983 0.357733 -0.0209639 0.450021 0.400483 -0.02170896 0.454425 0.395109 -0.02044397 0.452311 0.397742 -0.04383796 0.419086 0.432811 -0.03813499 0.412646 0.438639 -0.01493191 0.449161 0.401831 -0.007896959 0.383503 0.464258 -0.0139259 0.386032 0.462001 -0.03827589 0.480488 0.36204 -0.01705998 0.508141 0.326395 -0.00793296 0.455919 0.393913 -0.01390492 0.458039 0.391125 -0.08784997 0.507042 0.317098 -0.06121695 0.535636 0.269624 -0.02037996 0.512124 0.318832 -0.04384696 0.48437 0.356708 0.00882399 0.492475 0.2057729 0.03226298 0.465193 0.254839 0.008557975 0.517886 0.122872 0.03286898 0.501736 0.172935 0.03230196 0.527576 0.289004 -2.89e-4 0.55816 0.233376 0.008932948 0.558032 0.233323 -2.89e-4 0.514156 0.316027 0.03279691 0.569057 0.195883 -2.89e-4 0.587069 0.139813 0.00870496 0.586938 0.139782 -2.89e-4 0.56078 0.226083 0.2008219 0.50839 0.05689895 0.204269 0.508143 0.058685 0.203259 0.508368 0.05655795 0.204269 0.496711 0.125087 0.2010099 0.49522 0.130183 0.203314 0.495841 0.127981 0.103283 0.511157 0.119031 0.132205 0.492379 0.167418 0.09653097 0.510495 0.124077 0.125599 0.491969 0.171945 0.06557798 0.504941 0.153949 0.09359598 0.489418 0.1949239 0.05901396 0.503542 0.160609 0.08726197 0.488442 0.200779 0.02015298 0.491673 0.206579 0.02089399 0.493874 0.200906 0.01963198 0.493062 0.203768 0.04321789 0.471702 0.241272 0.00721091 0.453403 0.278859 0.01322597 0.454686 0.276156 0.01427996 0.491242 0.207782 0.03754591 0.468563 0.247902 0.06067591 0.52365 0.072115 0.08746796 0.512925 0.11983 0.01959598 0.518442 0.119987 0.04321599 0.505094 0.15968 0.007208943 0.494533 0.200046 0.013161 0.495294 0.197044 0.01645892 0.516479 0.126778 0.03786695 0.503796 0.1651419 0.18967 0.579136 0.07026398 0.1931 0.578685 0.07221698 0.192095 0.578993 0.06980997 0.103452 0.580432 0.135065 0.1931 0.564606 0.147484 0.1898649 0.563072 0.153411 0.192152 0.56367 0.150819 0.132279 0.559789 0.190059 0.06549799 0.573017 0.174584 0.09359896 0.555477 0.221314 0.125687 0.559108 0.195394 0.09653699 0.579662 0.140685 0.08699095 0.554266 0.227813 0.05894392 0.57121 0.18256 0.02038598 0.557233 0.234135 0.02113091 0.559756 0.227693 0.01986593 0.558791 0.230931 0.04325991 0.535194 0.273342 0.03755688 0.53142 0.28119 0.01435399 0.556682 0.235611 0.007318913 0.514066 0.315971 0.01334798 0.515559 0.31292 0.03769797 0.571427 0.187197 0.01648199 0.58542 0.144173 0.007354915 0.560681 0.226043 0.013327 0.561594 0.2226549 0.08727097 0.582227 0.135938 0.06063896 0.594101 0.08201301 0.01980197 0.587743 0.13596 0.04326891 0.573015 0.180775 -0.009401977 0.492475 0.2057729 -0.0328409 0.465193 0.254839 -0.009136974 0.517886 0.122872 -0.0334469 0.501736 0.172935 -0.03287988 0.527576 0.289004 -0.009510993 0.558032 0.233323 -0.03337496 0.569057 0.195883 -0.009282946 0.586938 0.139782 -0.2014 0.50839 0.05689895 -0.204847 0.508143 0.058685 -0.203838 0.508368 0.05655795 -0.204847 0.496711 0.125087 -0.201588 0.49522 0.130183 -0.203893 0.495841 0.127981 -0.103861 0.511157 0.119031 -0.1327829 0.492379 0.167418 -0.09710997 0.510495 0.124077 -0.126177 0.491969 0.171945 -0.06615597 0.504941 0.153949 -0.09417396 0.489418 0.1949239 -0.05959188 0.503542 0.160609 -0.08784097 0.488442 0.200779 -0.02073097 0.491673 0.206579 -0.02147191 0.493874 0.200906 -0.0202099 0.493062 0.203768 -0.043796 0.471702 0.241272 -0.007788956 0.453403 0.278859 -0.01380389 0.454686 0.276156 -0.01485788 0.491242 0.207782 -0.03812396 0.468563 0.247902 -0.06125396 0.52365 0.072115 -0.08804595 0.512925 0.11983 -0.0201739 0.518442 0.119987 -0.04379391 0.505094 0.15968 -0.007786989 0.494533 0.200046 -0.01373893 0.495294 0.197044 -0.01703697 0.516479 0.126778 -0.03844493 0.503796 0.1651419 -0.190249 0.579136 0.07026398 -0.193678 0.578685 0.07221698 -0.192674 0.578993 0.06980997 -0.10403 0.580432 0.135065 -0.193678 0.564606 0.147484 -0.190443 0.563072 0.153411 -0.192731 0.56367 0.150819 -0.132857 0.559789 0.190059 -0.06607598 0.573017 0.174584 -0.094177 0.555477 0.221314 -0.126265 0.559108 0.195394 -0.09711599 0.579662 0.140685 -0.08756899 0.554266 0.227813 -0.05952197 0.57121 0.18256 -0.0209639 0.557233 0.234135 -0.02170991 0.559756 0.227693 -0.02044397 0.558791 0.230931 -0.04383796 0.535194 0.273342 -0.03813499 0.53142 0.28119 -0.01493191 0.556682 0.235611 -0.007896959 0.514066 0.315971 -0.0139259 0.515559 0.31292 -0.03827589 0.571427 0.187197 -0.01705998 0.58542 0.144173 -0.00793296 0.560681 0.226043 -0.01390492 0.561594 0.2226549 -0.08784997 0.582227 0.135938 -0.06121695 0.594101 0.08201301 -0.02037996 0.587743 0.13596 -0.04384696 0.573015 0.180775 0.00882399 0.530168 0.03533995 0.03226298 0.52384 0.09106695 0.008557975 0.528373 -0.05096799 0.03286898 0.532672 0.001402974 0.03230196 0.593937 0.103111 -2.89e-4 0.601267 0.0401079 0.008932948 0.601129 0.04009896 -2.89e-4 0.589164 0.132742 0.03279691 0.60381 0.001234889 -2.89e-4 0.59934 -0.05742293 0.00870496 0.599207 -0.05741 -2.89e-4 0.6020001 0.03236889 0.2008219 0.500415 -0.110721 0.204269 0.500877 -0.108983 0.203259 0.500262 -0.111031 0.204269 0.509529 -0.04202389 0.2010099 0.510123 -0.03674393 0.203314 0.509845 -0.03901797 0.103283 0.52062 -0.05240494 0.132205 0.521913 -7.66e-4 0.09653097 0.521959 -0.04743891 0.125599 0.522798 0.003629982 0.06557798 0.528347 -0.01751291 0.09359598 0.524701 0.026093 0.05901396 0.529619 -0.01078891 0.08726197 0.524868 0.03192293 0.02015298 0.529738 0.03637188 0.02089399 0.530316 0.0302869 0.01963198 0.530068 0.03324395 0.04321789 0.52464 0.075998 0.00721091 0.519608 0.117323 0.01322597 0.520344 0.114442 0.01427996 0.529802 0.03766 0.03754591 0.524288 0.08334898 0.06067591 0.520573 -0.101503 0.08746796 0.522576 -0.05222499 0.01959598 0.527775 -0.05386292 0.04321599 0.5307 -0.01216691 0.007208943 0.530806 0.0292629 0.01315999 0.530975 0.02618998 0.01645892 0.528573 -0.04683399 0.03786593 0.531602 -0.006601989 0.18967 0.571976 -0.121149 0.1931 0.572295 -0.119185 0.192095 0.571669 -0.121526 0.103452 0.591346 -0.0597459 0.1931 0.581319 -0.04291999 0.1898649 0.582146 -0.03683996 0.192152 0.581716 -0.03947496 0.132279 0.593011 -0.001251935 0.06549799 0.599432 -0.020114 0.09359896 0.595737 0.02958995 0.125687 0.593908 0.003993988 0.09653699 0.592763 -0.05420297 0.08699095 0.595904 0.03610491 0.05894297 0.600772 -0.01201397 0.02038598 0.600696 0.04113495 0.02113091 0.601325 0.034217 0.01986593 0.601054 0.03757894 0.04325896 0.595086 0.08569896 0.03755688 0.59455 0.09441 0.01435399 0.600743 0.04272097 0.007318913 0.58906 0.132718 0.01334798 0.589884 0.129441 0.03769797 0.602727 -0.007716 0.01648199 0.599456 -0.05278193 0.007354915 0.601893 0.03236293 0.013327 0.602081 0.02887499 0.08727097 0.593352 -0.05950593 0.06063896 0.590378 -0.115022 0.01980197 0.598508 -0.0612719 0.04326891 0.601773 -0.01427996 -0.009401977 0.530168 0.03533995 -0.0328409 0.52384 0.09106695 -0.009136974 0.528373 -0.05096799 -0.0334469 0.532672 0.001402974 -0.03287988 0.593937 0.103111 -0.009510993 0.601129 0.04009896 -0.03337496 0.60381 0.001234889 -0.009282946 0.599207 -0.05741 -0.2014 0.500415 -0.110721 -0.204847 0.500877 -0.108983 -0.203838 0.500262 -0.111031 -0.204847 0.509529 -0.04202389 -0.201588 0.510123 -0.03674393 -0.203893 0.509845 -0.03901797 -0.103861 0.52062 -0.05240494 -0.1327829 0.521913 -7.66e-4 -0.09710997 0.521959 -0.04743891 -0.126177 0.522798 0.003629982 -0.06615597 0.528347 -0.01751291 -0.09417396 0.524701 0.026093 -0.05959296 0.529619 -0.01078891 -0.08784097 0.524868 0.03192293 -0.02073097 0.529738 0.03637188 -0.02147191 0.530316 0.0302869 -0.0202099 0.530068 0.03324395 -0.043796 0.52464 0.075998 -0.007788956 0.519608 0.117323 -0.01380389 0.520344 0.114442 -0.01485788 0.529802 0.03766 -0.03812396 0.524288 0.08334898 -0.06125396 0.520573 -0.101503 -0.08804595 0.522576 -0.05222499 -0.0201739 0.527775 -0.05386292 -0.04379391 0.5307 -0.01216691 -0.007786989 0.530806 0.0292629 -0.01373893 0.530975 0.02618998 -0.01703697 0.528573 -0.04683399 -0.03844493 0.531602 -0.006601989 -0.190249 0.571976 -0.121149 -0.193678 0.572295 -0.119185 -0.192674 0.571669 -0.121525 -0.10403 0.591346 -0.0597459 -0.193678 0.581319 -0.04291999 -0.190443 0.582146 -0.03683996 -0.192731 0.581716 -0.03947496 -0.132857 0.593011 -0.001251935 -0.06607598 0.599432 -0.020114 -0.094177 0.595737 0.02958995 -0.126265 0.593908 0.003993988 -0.09711599 0.592763 -0.05420297 -0.08756899 0.595904 0.03610491 -0.05952197 0.600772 -0.01201397 -0.0209639 0.600696 0.04113495 -0.02170991 0.601325 0.034217 -0.02044397 0.601054 0.03757894 -0.04383796 0.595086 0.08569896 -0.038136 0.59455 0.09441 -0.01493191 0.600743 0.04272097 -0.007896959 0.58906 0.132718 -0.0139259 0.589884 0.129441 -0.03827589 0.602727 -0.007716 -0.01706099 0.599456 -0.05278193 -0.00793296 0.601893 0.03236293 -0.01390492 0.602081 0.02887499 -0.08784997 0.593352 -0.05950593 -0.06121695 0.590378 -0.115022 -0.02037996 0.598508 -0.0612719 -0.04384696 0.601773 -0.01427996 0.00882399 0.51255 -0.137792 0.03226298 0.52435 -0.08321297 0.008557975 0.483823 -0.219314 0.03286898 0.501803 -0.170138 0.03230196 0.594559 -0.09459596 -2.89e-4 0.58135 -0.156384 0.008932948 0.581216 -0.156347 -2.89e-4 0.598613 -0.06476396 0.03279691 0.569026 -0.193409 0.00870496 0.548751 -0.248434 0.2008219 0.436593 -0.266262 0.204269 0.437374 -0.264632 0.203259 0.436388 -0.266531 0.204269 0.469323 -0.20494 0.2010099 0.471914 -0.200294 0.203314 0.470776 -0.202288 0.103283 0.475897 -0.218092 0.132205 0.491188 -0.168795 0.09653097 0.47907 -0.213975 0.125599 0.493328 -0.164862 0.06557798 0.494015 -0.18755 0.09359598 0.503824 -0.144613 0.05901396 0.496522 -0.181272 0.08726197 0.506237 -0.139252 0.02015298 0.512543 -0.136694 0.02089399 0.510738 -0.142536 0.01963198 0.511646 -0.139708 0.04321789 0.522262 -0.09806799 0.00721091 0.527831 -0.05674993 0.01322489 0.527403 -0.05970191 0.01427996 0.5131 -0.135518 0.03754591 0.523317 -0.09083396 0.06067591 0.457109 -0.263128 0.08746796 0.477828 -0.218568 0.0195949 0.48215 -0.221776 0.04321599 0.497272 -0.182992 0.007208943 0.510804 -0.143646 0.01315999 0.509777 -0.146556 0.01645892 0.485591 -0.215586 0.03786593 0.499208 -0.177748 0.18967 0.500291 -0.299003 0.1931 0.501018 -0.297116 0.192095 0.499925 -0.299288 0.103452 0.540401 -0.248012 0.1931 0.537198 -0.2292439 0.1898649 0.540273 -0.2239199 0.192152 0.538873 -0.226204 0.132279 0.558294 -0.192363 0.06549799 0.560404 -0.213106 0.09359896 0.572149 -0.164385 0.125687 0.560701 -0.18762 0.09653699 0.543829 -0.243372 0.08698999 0.574778 -0.158374 0.05894297 0.56337 -0.205528 0.02038598 0.581201 -0.155243 0.02113091 0.579173 -0.161889 0.01986593 0.580191 -0.15867 0.04325896 0.592083 -0.111786 0.03755688 0.593359 -0.103199 0.01435291 0.581845 -0.153782 0.007318913 0.598507 -0.06475198 0.01334798 0.598032 -0.068107 0.03769797 0.566119 -0.20191 0.01648199 0.550723 -0.2442539 0.007354915 0.579006 -0.163799 0.013327 0.577862 -0.1671079 0.08727097 0.542399 -0.248448 0.06063896 0.518752 -0.2986 0.01980096 0.54664 -0.251762 0.04326796 0.563837 -0.208094 -0.009401977 0.51255 -0.137792 -0.0328409 0.52435 -0.08321297 -0.009136974 0.483823 -0.219314 -0.0334469 0.501803 -0.170138 -0.03287988 0.594559 -0.09459596 -0.009510993 0.581216 -0.156347 -0.03337496 0.569026 -0.193409 -0.009282946 0.548751 -0.248434 -0.2014 0.436593 -0.266262 -0.204847 0.437374 -0.264632 -0.203838 0.436388 -0.266531 -0.204847 0.469323 -0.20494 -0.201588 0.471914 -0.200294 -0.203893 0.470776 -0.202288 -0.103861 0.475897 -0.218092 -0.1327829 0.491188 -0.168795 -0.09710997 0.47907 -0.213975 -0.126177 0.493328 -0.164862 -0.06615597 0.494015 -0.18755 -0.09417396 0.503824 -0.144613 -0.05959296 0.496522 -0.181272 -0.08784097 0.506237 -0.139252 -0.02073097 0.512543 -0.136694 -0.02147191 0.510738 -0.142536 -0.0202099 0.511646 -0.139708 -0.043796 0.522262 -0.09806799 -0.007788956 0.527831 -0.05674993 -0.01380389 0.527403 -0.05970191 -0.01485788 0.5131 -0.135518 -0.03812396 0.523317 -0.09083396 -0.06125491 0.457109 -0.263128 -0.08804595 0.477828 -0.218568 -0.0201739 0.48215 -0.221776 -0.04379391 0.497272 -0.182992 -0.007786989 0.510804 -0.143646 -0.01373893 0.509777 -0.146556 -0.01703697 0.485591 -0.215586 -0.03844493 0.499208 -0.177748 -0.190249 0.500291 -0.299003 -0.193678 0.501018 -0.297116 -0.192674 0.499925 -0.299288 -0.104031 0.540401 -0.248012 -0.193678 0.537198 -0.2292439 -0.190443 0.540273 -0.2239199 -0.192731 0.538873 -0.226204 -0.132857 0.558294 -0.192363 -0.06607598 0.560404 -0.213106 -0.094177 0.572149 -0.164385 -0.126266 0.560701 -0.18762 -0.09711599 0.543829 -0.243372 -0.08756899 0.574778 -0.158374 -0.05952197 0.56337 -0.205528 -0.0209639 0.581201 -0.155243 -0.02170991 0.579173 -0.161889 -0.02044397 0.580191 -0.15867 -0.04383796 0.592083 -0.111786 -0.038136 0.593359 -0.103199 -0.01493191 0.581845 -0.153782 -0.007896959 0.598507 -0.06475198 -0.0139259 0.598032 -0.068107 -0.03827697 0.566119 -0.20191 -0.01706099 0.550723 -0.2442539 -0.00793296 0.579006 -0.163799 -0.01390492 0.577862 -0.1671079 -0.08784997 0.542399 -0.248448 -0.06121695 0.518752 -0.2986 -0.02037996 0.54664 -0.251762 -0.04384696 0.563837 -0.208094 0.00882399 0.441337 -0.297063 0.03226298 0.467692 -0.247587 0.008557975 0.386302 -0.364103 0.03286898 0.41895 -0.322843 0.03230088 0.530395 -0.281161 0.008932948 0.500258 -0.336927 0.03279691 0.474959 -0.366684 -2.89e-4 0.438292 -0.41278 0.008703947 0.438195 -0.412688 -2.89e-4 0.49549 -0.343051 0.2008219 0.325527 -0.391915 0.204269 0.326874 -0.390716 0.203259 0.325231 -0.392086 0.204269 0.376523 -0.345107 0.2010099 0.379928 -0.341033 0.203314 0.378443 -0.342774 0.103283 0.379427 -0.360583 0.132205 0.409235 -0.318038 0.09653097 0.383247 -0.357234 0.125599 0.412764 -0.315188 0.06557798 0.404966 -0.336039 0.09359598 0.430417 -0.300332 0.05901396 0.40972 -0.33118 0.08726197 0.434737 -0.296273 0.02015298 0.441741 -0.296064 0.02089399 0.437828 -0.300766 0.01963198 0.439756 -0.298501 0.04321789 0.460035 -0.260533 0.00721091 0.481102 -0.224444 0.01322489 0.479569 -0.227012 0.01427996 0.442715 -0.295182 0.03754591 0.463801 -0.254241 0.06067591 0.346513 -0.396262 0.08746796 0.381059 -0.361624 0.0195949 0.384215 -0.366166 0.04321599 0.409802 -0.332997 0.007208943 0.437477 -0.301796 0.01315999 0.435406 -0.304095 0.01645892 0.388769 -0.360761 0.03786593 0.413619 -0.328885 0.18967 0.375344 -0.443815 0.1931 0.376721 -0.442354 0.192095 0.374889 -0.443948 0.103452 0.430712 -0.409837 0.1931 0.432342 -0.389694 0.1898649 0.436418 -0.38513 0.192152 0.434596 -0.387064 0.132279 0.465036 -0.362121 0.06549799 0.459449 -0.381775 0.09359896 0.488617 -0.341232 0.125687 0.469091 -0.358601 0.09653699 0.434955 -0.406085 0.08698999 0.493348 -0.336626 0.05894297 0.465079 -0.375852 0.02038598 0.50065 -0.335913 0.02113091 0.496265 -0.341302 0.01986491 0.498423 -0.338704 0.04325896 0.521593 -0.296182 0.03755688 0.526027 -0.288691 0.01435291 0.501804 -0.334794 0.007318913 0.545335 -0.254968 0.01334798 0.543625 -0.257902 0.03769797 0.469048 -0.373472 0.01648199 0.441007 -0.408988 0.007354915 0.495403 -0.34299 0.013327 0.493091 -0.345629 0.08727097 0.432421 -0.41086 0.06063896 0.3933 -0.449851 0.01980096 0.435464 -0.415475 0.04326796 0.464588 -0.378353 -0.00940299 0.441337 -0.297063 -0.03284198 0.467692 -0.247587 -0.009136974 0.386302 -0.364103 -0.0334469 0.41895 -0.322843 -0.03287988 0.530395 -0.281161 -0.009510993 0.500258 -0.336927 -0.03337496 0.474959 -0.366684 -0.009282946 0.438195 -0.412688 -0.2014 0.325527 -0.391914 -0.204847 0.326874 -0.390716 -0.203838 0.325231 -0.392086 -0.204847 0.376523 -0.345107 -0.201588 0.379928 -0.341033 -0.203893 0.378443 -0.342774 -0.103861 0.379427 -0.360583 -0.1327829 0.409235 -0.318038 -0.09710997 0.383247 -0.357234 -0.126177 0.412764 -0.315188 -0.06615597 0.404966 -0.336039 -0.09417498 0.430417 -0.300332 -0.05959296 0.40972 -0.33118 -0.08784097 0.434737 -0.296273 -0.02073097 0.441741 -0.296064 -0.02147191 0.437828 -0.300766 -0.0202099 0.439756 -0.298501 -0.043796 0.460035 -0.260533 -0.007788956 0.481102 -0.224444 -0.01380389 0.479569 -0.227012 -0.01485788 0.442715 -0.295182 -0.03812396 0.463801 -0.254241 -0.06125491 0.346513 -0.396262 -0.08804595 0.381059 -0.361624 -0.0201739 0.384215 -0.366166 -0.04379391 0.409802 -0.332997 -0.007786989 0.437477 -0.301796 -0.01373893 0.435406 -0.304095 -0.01703697 0.388769 -0.360761 -0.03844493 0.413619 -0.328885 -0.190249 0.375344 -0.443815 -0.193678 0.376721 -0.442354 -0.192674 0.374889 -0.443948 -0.104031 0.430712 -0.409837 -0.193678 0.432342 -0.389694 -0.1904439 0.436418 -0.38513 -0.192731 0.434596 -0.387064 -0.132857 0.465036 -0.362121 -0.06607598 0.459449 -0.381775 -0.094177 0.488617 -0.341232 -0.126266 0.469091 -0.358601 -0.09711599 0.434955 -0.406085 -0.08756899 0.493348 -0.336626 -0.05952197 0.465079 -0.375852 -0.0209639 0.50065 -0.335913 -0.02170991 0.496265 -0.341302 -0.02044397 0.498423 -0.338704 -0.04383796 0.521593 -0.296182 -0.038136 0.526027 -0.288691 -0.01493191 0.501804 -0.334794 -0.007896959 0.545335 -0.254968 -0.0139259 0.543625 -0.257902 -0.03827697 0.469048 -0.373472 -0.01706099 0.441007 -0.408988 -0.00793296 0.495403 -0.34299 -0.01390492 0.493091 -0.345629 -0.08784997 0.432421 -0.41086 -0.06121695 0.3933 -0.449851 -0.02037996 0.435464 -0.415475 -0.04384696 0.464588 -0.378353 0.00882399 0.319541 -0.422142 0.03226298 0.362356 -0.385901 0.008557975 0.246148 -0.467654 0.03286898 0.292095 -0.442133 0.03230088 0.410749 -0.438024 0.008932948 0.362303 -0.478968 0.03279691 0.330817 -0.501784 -2.89e-4 0.279521 -0.530609 0.008703947 0.279459 -0.53049 -2.89e-4 0.356353 -0.483981 0.2008219 0.1806949 -0.476472 0.204269 0.1823959 -0.475889 0.203259 0.180352 -0.476517 0.204269 0.243303 -0.446913 0.2010099 0.2480199 -0.44447 0.203314 0.245976 -0.445503 0.103283 0.24072 -0.461968 0.132205 0.284398 -0.434311 0.09653097 0.2455829 -0.460325 0.125599 0.288803 -0.43301 0.06557697 0.273977 -0.449018 0.09359598 0.308872 -0.422695 0.05901396 0.280267 -0.446342 0.08726197 0.313804 -0.419598 0.02015298 0.320163 -0.421209 0.02089399 0.315425 -0.425072 0.01963198 0.317745 -0.423222 0.04321789 0.35028 -0.394937 0.00721091 0.382646 -0.368619 0.01322489 0.380661 -0.370832 0.01427996 0.321267 -0.420547 0.03754591 0.356192 -0.390561 0.06067591 0.199405 -0.488216 0.08746796 0.241937 -0.463504 0.0195949 0.243412 -0.468764 0.04321599 0.279711 -0.448013 0.007208943 0.314843 -0.42605 0.01315999 0.312384 -0.427898 0.01645892 0.249698 -0.465521 0.03786593 0.284835 -0.445672 0.18967 0.211051 -0.542046 0.1931 0.2128649 -0.541221 0.192095 0.21057 -0.5420001 0.103452 0.273221 -0.525211 0.1931 0.281758 -0.507477 0.1898649 0.287273 -0.504792 0.192152 0.284845 -0.505896 0.132278 0.322844 -0.494121 0.06549799 0.310644 -0.509972 0.09359896 0.350619 -0.480274 0.125687 0.327972 -0.49237 0.09653699 0.278612 -0.523319 0.08698999 0.356126 -0.476803 0.05894297 0.318122 -0.506596 0.02038598 0.362927 -0.478032 0.02113091 0.357521 -0.482392 0.01986491 0.360168 -0.480301 0.04325896 0.396903 -0.448635 0.03755688 0.403851 -0.443359 0.01435291 0.364271 -0.477191 0.007318913 0.433495 -0.418372 0.01334798 0.431225 -0.420874 0.03769797 0.32277 -0.505846 0.01648199 0.283449 -0.52813 0.007354915 0.35629 -0.483895 0.013327 0.353494 -0.485986 0.08727097 0.274517 -0.526756 0.06063896 0.2262499 -0.554115 0.01980096 0.275861 -0.53205 0.04326796 0.316782 -0.508693 -0.00940299 0.319541 -0.422142 -0.03284198 0.362356 -0.385901 -0.009136974 0.246148 -0.467654 -0.0334469 0.292095 -0.442133 -0.03287988 0.410749 -0.438024 -0.009510993 0.362303 -0.478968 -0.03337496 0.330817 -0.501783 -0.009282946 0.279459 -0.53049 -0.2014 0.1806949 -0.476472 -0.204847 0.1823959 -0.475889 -0.203838 0.180352 -0.476517 -0.204847 0.243303 -0.446913 -0.201588 0.2480199 -0.44447 -0.203893 0.245976 -0.445503 -0.103861 0.24072 -0.461968 -0.1327829 0.284398 -0.434311 -0.09710997 0.2455829 -0.460325 -0.126177 0.288803 -0.43301 -0.06615597 0.273977 -0.449018 -0.09417498 0.308872 -0.422695 -0.05959296 0.280267 -0.446342 -0.08784097 0.313804 -0.419598 -0.02073097 0.320163 -0.421209 -0.02147191 0.315425 -0.425072 -0.02021098 0.317745 -0.423222 -0.043796 0.35028 -0.394937 -0.007788956 0.382646 -0.368619 -0.01380389 0.380661 -0.370832 -0.01485788 0.321267 -0.420547 -0.03812396 0.356192 -0.390561 -0.06125491 0.199405 -0.488216 -0.08804696 0.241937 -0.463504 -0.0201739 0.243412 -0.468764 -0.04379391 0.279711 -0.448013 -0.007786989 0.314843 -0.42605 -0.01373893 0.312384 -0.427898 -0.01703697 0.249698 -0.465521 -0.03844493 0.284835 -0.445672 -0.190249 0.211051 -0.542046 -0.193678 0.2128649 -0.541221 -0.192674 0.21057 -0.5420001 -0.104031 0.273221 -0.525211 -0.193678 0.281758 -0.507477 -0.1904439 0.287273 -0.504792 -0.192731 0.284845 -0.505896 -0.132857 0.322844 -0.494121 -0.06607598 0.310644 -0.509971 -0.094177 0.350619 -0.480274 -0.126266 0.327972 -0.49237 -0.09711599 0.278612 -0.523319 -0.08756899 0.356126 -0.476803 -0.05952197 0.318122 -0.506596 -0.0209639 0.362927 -0.478032 -0.02170991 0.357521 -0.482392 -0.02044397 0.360168 -0.480301 -0.04383796 0.396903 -0.448635 -0.038136 0.403851 -0.443359 -0.01493191 0.364271 -0.477191 -0.007896959 0.433495 -0.418372 -0.0139259 0.431225 -0.420874 -0.03827697 0.32277 -0.505846 -0.01706099 0.283449 -0.52813 -0.00793296 0.35629 -0.483895 -0.01390492 0.353494 -0.485986 -0.08784997 0.274517 -0.526756 -0.06121695 0.2262499 -0.554115 -0.02037996 0.275861 -0.53205 -0.04384696 0.316782 -0.508693 0.00882399 0.16473 -0.501683 0.03226298 0.217115 -0.482228 0.008557975 0.08076697 -0.521973 0.03286898 0.131877 -0.510725 0.03230088 0.24595 -0.547247 -2.89e-4 0.186757 -0.56946 0.008931994 0.1867139 -0.569328 -2.89e-4 0.273009 -0.534076 0.03279691 0.149125 -0.579741 -2.89e-4 0.09187996 -0.592389 0.008703947 0.09185999 -0.592257 -2.89e-4 0.179319 -0.571725 0.2008219 0.015706 -0.508797 0.204269 0.01749593 -0.50854 0.203259 0.01536893 -0.508777 0.204269 0.08487296 -0.501893 0.2010099 0.09017395 -0.501463 0.203314 0.08788496 -0.501626 0.103283 0.077461 -0.514692 0.132205 0.1272079 -0.501125 0.09653097 0.08263695 -0.515042 0.125599 0.131657 -0.500719 0.06557697 0.1131 -0.513923 0.09359598 0.154278 -0.4982 0.05901396 0.119707 -0.512519 0.08726197 0.160068 -0.497227 0.02015298 0.165643 -0.501066 0.02089399 0.159783 -0.502813 0.01963198 0.162639 -0.501996 0.04321789 0.203473 -0.48841 0.007209897 0.241039 -0.470417 0.01322489 0.238349 -0.471701 0.01427996 0.166929 -0.500876 0.03754591 0.2102079 -0.485604 0.06067591 0.02952796 -0.524116 0.08746796 0.07811695 -0.516565 0.0195949 0.07779395 -0.52195 0.04321599 0.118681 -0.514102 0.007208943 0.158893 -0.503486 0.01315999 0.155905 -0.504249 0.01645892 0.08484995 -0.52137 0.03786593 0.124112 -0.512797 0.18967 0.02309089 -0.579979 0.1931 0.02506589 -0.579537 0.192095 0.02265197 -0.579833 0.103452 0.08765298 -0.585063 0.1931 0.101606 -0.571965 0.1898649 0.107739 -0.571568 0.192152 0.105064 -0.571671 0.132278 0.1441439 -0.570206 0.06549799 0.127978 -0.583488 0.093598 0.1750569 -0.566224 0.125687 0.149416 -0.56958 0.09653699 0.09340798 -0.585342 0.08698999 0.18151 -0.565079 0.05894297 0.135922 -0.581754 0.02038598 0.187628 -0.568702 0.02113091 0.180974 -0.570701 0.01986491 0.184217 -0.569762 0.04325896 0.230116 -0.554323 0.03755688 0.238129 -0.551019 0.01435291 0.1892 -0.568428 0.007318913 0.272962 -0.533981 0.01334798 0.269908 -0.535446 0.03769797 0.140442 -0.582038 0.01648199 0.09643501 -0.591577 0.007353961 0.179288 -0.571623 0.013327 0.175902 -0.572506 0.08727097 0.08837997 -0.586971 0.06063896 0.03350692 -0.595122 0.01980096 0.08792299 -0.592345 0.04326796 0.134035 -0.583569 -0.00940299 0.16473 -0.501683 -0.03284198 0.217115 -0.482228 -0.009136974 0.08076697 -0.521973 -0.0334469 0.131877 -0.510725 -0.03287988 0.24595 -0.547247 -0.009510993 0.1867139 -0.569328 -0.03337496 0.149125 -0.579741 -0.009282946 0.09185999 -0.592257 -0.2014 0.015706 -0.508797 -0.204848 0.01749593 -0.50854 -0.203838 0.01536893 -0.508777 -0.204847 0.08487296 -0.501893 -0.201589 0.09017395 -0.501463 -0.203893 0.08788496 -0.501626 -0.103862 0.077461 -0.514692 -0.1327829 0.1272079 -0.501125 -0.09710997 0.08263695 -0.515042 -0.126177 0.131657 -0.500719 -0.06615597 0.1131 -0.513923 -0.09417498 0.154278 -0.4982 -0.05959296 0.119707 -0.512519 -0.08784097 0.160068 -0.497227 -0.02073097 0.165643 -0.501066 -0.02147299 0.159783 -0.502813 -0.02021098 0.162639 -0.501996 -0.043796 0.203473 -0.48841 -0.007788956 0.241039 -0.470418 -0.01380389 0.238349 -0.471701 -0.01485788 0.166929 -0.500876 -0.03812396 0.2102079 -0.485604 -0.06125491 0.02952796 -0.524116 -0.08804696 0.07811695 -0.516565 -0.0201739 0.07779395 -0.52195 -0.04379391 0.118681 -0.514102 -0.007786989 0.158893 -0.503486 -0.01373893 0.155905 -0.504249 -0.01703697 0.08484995 -0.52137 -0.03844493 0.124112 -0.512797 -0.190249 0.02309089 -0.579979 -0.193678 0.02506589 -0.579537 -0.192674 0.02265197 -0.579833 -0.104031 0.08765298 -0.585063 -0.193678 0.101606 -0.571965 -0.1904439 0.107739 -0.571568 -0.192731 0.105064 -0.571671 -0.132857 0.1441439 -0.570206 -0.06607699 0.127978 -0.583488 -0.094177 0.1750569 -0.566224 -0.126266 0.149416 -0.56958 -0.09711599 0.09340798 -0.585342 -0.08756899 0.18151 -0.565079 -0.05952197 0.135922 -0.581754 -0.0209639 0.187628 -0.568702 -0.02170991 0.180974 -0.570701 -0.02044397 0.184217 -0.569762 -0.04383796 0.230116 -0.554323 -0.038136 0.238129 -0.551019 -0.01493191 0.1892 -0.568428 -0.007896959 0.272962 -0.533981 -0.0139259 0.269908 -0.535446 -0.03827697 0.140442 -0.582038 -0.01706099 0.09643501 -0.591577 -0.00793296 0.179288 -0.571623 -0.013906 0.175902 -0.572506 -0.08784997 0.08837997 -0.586971 -0.06121695 0.03350692 -0.595122 -0.02037996 0.08792299 -0.592345 -0.04384696 0.134035 -0.583569 -0.180559 -2.31e-4 -0.567975 -0.179967 0.109034 -0.557487 -0.189899 4e-6 -0.522065 -0.1892459 0.100453 -0.51241 -0.140573 -2.34e-4 -0.574264 -0.140108 0.110237 -0.563637 -0.2046099 4e-5 -0.514699 -0.203904 0.09907799 -0.505192 -0.04633605 0.001425087 -0.008558213 -0.04631525 0.002675712 -0.008437514 -0.224452 0.07853496 -0.397286 -0.222349 0.08837699 -0.448982 -0.223155 3.18e-4 -0.457436 -0.216956 8.8e-4 -0.341586 -0.216021 0.066724 -0.33525 -0.179958 0.2317579 -0.518624 -0.189235 0.213246 -0.476636 -0.1401 0.234314 -0.524345 -0.203893 0.2102839 -0.469913 -0.04631489 0.004076898 -0.007986783 -0.224438 0.166002 -0.369391 -0.2223359 0.1872169 -0.417549 -0.216005 0.1405439 -0.3116 -0.180056 0.342508 -0.453171 -0.189345 0.315013 -0.416424 -0.140177 0.346288 -0.458173 -0.204011 0.310613 -0.410536 -0.04631865 0.00533843 -0.007232129 -0.222474 0.276357 -0.364695 -0.21617 0.207045 -0.271943 -0.1799989 0.435635 -0.364585 -0.189281 0.400569 -0.334969 -0.140132 0.440441 -0.368608 -0.203942 0.394959 -0.330222 -0.04631644 0.006397187 -0.006216108 -0.224501 0.311099 -0.259269 -0.222393 0.351275 -0.293262 -0.216073 0.262887 -0.218478 -0.1797969 0.506422 -0.257467 -0.189055 0.465589 -0.236503 -0.1399739 0.512003 -0.260305 -0.203698 0.459061 -0.233143 -0.04630881 0.007200658 -0.004991412 -0.22211 0.408198 -0.20696 -0.215733 0.305284 -0.153984 -0.179463 0.551333 -0.137342 -0.188681 0.506831 -0.126106 -0.139711 0.557396 -0.138853 -0.203293 0.499725 -0.124302 -0.04629611 0.007709741 -0.003621041 -0.223667 0.393331 -0.09729796 -0.2216399 0.444303 -0.110235 -0.215169 0.332159 -0.08177196 -0.1790069 0.568176 -0.0103619 -0.18817 0.522292 -0.009425997 -0.139353 0.574406 -0.01047599 -0.202741 0.514977 -0.009266972 -0.04627889 0.007900655 -0.002174317 -0.220999 0.457847 -0.00802499 -0.2143999 0.342243 -0.005510926 -0.178722 0.556161 0.117018 -0.187851 0.51124 0.10761 -0.139129 0.562248 0.118299 -0.202396 0.504085 0.106122 -0.04626816 0.007762849 -7.24155e-4 -0.222515 0.396728 0.08379197 -0.2205989 0.448161 0.09448999 -0.213921 0.334993 0.07095098 -0.179038 0.515888 0.23844 -0.188205 0.474208 0.219163 -0.1393769 0.521546 0.241055 -0.2027789 0.467562 0.2161 -0.04628008 0.007300019 6.56754e-4 -0.223007 0.367933 0.170181 -0.221043 0.415663 0.19218 -0.2144539 0.310646 0.143778 -0.179248 0.449475 0.347804 -0.18844 0.413178 0.319637 -0.139542 0.454411 0.351623 -0.203032 0.407386 0.315154 -0.04628801 0.006542205 0.001900494 -0.221338 0.362182 0.280166 -0.214807 0.270714 0.20937 -0.17935 0.360266 0.439566 -0.188554 0.331215 0.403951 -0.139622 0.364225 0.444396 -0.2031559 0.326578 0.398278 -0.04629188 0.005526959 0.002945244 -0.223492 0.257117 0.313307 -0.221481 0.290395 0.354015 -0.2149789 0.21718 0.264451 -0.179343 0.252757 0.509069 -0.188546 0.232445 0.467829 -0.139617 0.255534 0.514662 -0.203148 0.229202 0.461258 -0.04629164 0.004304349 0.00373876 -0.221471 0.2039 0.409992 -0.214967 0.1527 0.306259 -0.179222 0.132377 0.552767 -0.1884109 0.121847 0.508016 -0.139522 0.133831 0.558836 -0.203002 0.120166 0.500888 -0.04628705 0.002934932 0.004241168 -0.223293 0.094971 0.394089 -0.221302 0.107041 0.445254 -0.214763 0.08048397 0.332681 -0.178984 0.005221903 0.568417 -0.188144 0.005010962 0.522448 -0.139334 0.005278885 0.574648 -0.2027119 0.004975914 0.515132 -0.04627799 0.001486599 0.004426598 -0.222921 0.004441976 0.405438 -0.220966 0.004697978 0.45799 -0.2143599 0.004133999 0.342363 -0.179458 -0.122286 0.555072 -0.188675 -0.112163 0.51021 -0.139707 -0.123631 0.561176 -0.203287 -0.110549 0.503058 -0.04629594 3.27257e-5 0.004276573 -0.221633 -0.097961 0.447282 -0.21516 -0.072492 0.33442 -0.179958 -0.243739 0.513393 -0.189235 -0.2237899 0.471934 -0.140101 -0.2464269 0.519057 -0.203893 -0.220603 0.465314 -0.04631489 -0.001353919 0.003803491 -0.224438 -0.172944 0.366348 -0.222337 -0.195776 0.413761 -0.216005 -0.145545 0.309452 -0.180312 -0.35289 0.445406 -0.1896319 -0.324133 0.409479 -0.140379 -0.356791 0.450331 -0.204322 -0.319531 0.403737 -0.04632836 -0.002602577 0.003030657 -0.222835 -0.28373 0.359066 -0.2166039 -0.211293 0.268684 -0.180506 -0.444074 0.3545 -0.189849 -0.407981 0.32595 -0.140531 -0.448989 0.358424 -0.204557 -0.402201 0.321386 -0.04633581 -0.003648579 0.001995384 -0.225293 -0.315925 0.253265 -0.2231079 -0.357259 0.285901 -0.216934 -0.266329 0.214106 -0.1805289 -0.512523 0.245287 -0.189875 -0.470947 0.22558 -0.140549 -0.518197 0.248003 -0.204585 -0.464288 0.222432 -0.04633671 -0.004436969 7.4945e-4 -0.22314 -0.412515 0.197962 -0.216973 -0.307767 0.1484529 -0.18037 -0.554636 0.123374 -0.189697 -0.509712 0.1135179 -0.140425 -0.56077 0.124739 -0.204392 -0.502521 0.111949 -0.04633069 -0.004925727 -6.43869e-4 -0.225081 -0.395139 0.08853095 -0.222917 -0.446584 0.09974998 -0.216705 -0.33341 0.07506901 -0.180424 -0.568135 -0.004948914 -0.189757 -0.522157 -0.004455924 -0.140466 -0.574421 -0.005003929 -0.204457 -0.514796 -0.004366934 -0.04633271 -0.005084574 -0.002112984 -0.225165 -0.40489 -0.003037989 -0.222992 -0.457544 -0.003673911 -0.216795 -0.341711 -0.002272903 -0.180892 -0.552244 -0.13313 -0.190282 -0.507549 -0.122309 -0.140835 -0.558371 -0.134607 -0.205025 -0.500382 -0.120563 -0.04635059 -0.004901826 -0.003581643 -0.223652 -0.444716 -0.107005 -0.217591 -0.332096 -0.07957398 -0.181158 -0.507784 -0.254512 -0.19058 -0.466671 -0.233918 -0.141044 -0.513428 -0.257341 -0.205347 -0.460073 -0.230601 -0.04636079 -0.004391849 -0.004972934 -0.226312 -0.361764 -0.181191 -0.224027 -0.408863 -0.204863 -0.218044 -0.305259 -0.152791 -0.181216 -0.437026 -0.36275 -0.1906459 -0.401609 -0.333441 -0.14109 -0.441885 -0.366784 -0.205418 -0.395924 -0.328724 -0.04636305 -0.003580451 -0.006213665 -0.226404 -0.311237 -0.258468 -0.22411 -0.351809 -0.292127 -0.218143 -0.262561 -0.218086 -0.181066 -0.343654 -0.452189 -0.190478 -0.315752 -0.415675 -0.140972 -0.347471 -0.457212 -0.205236 -0.311276 -0.409805 -0.04635727 -0.002509951 -0.007238864 -0.226169 -0.244571 -0.322322 -0.2238979 -0.276529 -0.364234 -0.2178879 -0.206229 -0.272039 -0.180712 -0.232563 -0.518185 -0.19008 -0.213607 -0.47635 -0.140693 -0.235141 -0.523929 -0.204806 -0.21057 -0.469634 -0.04634368 -0.001236796 -0.007995188 -0.223398 -0.186972 -0.417442 -0.217285 -0.139228 -0.311849 -0.18016 -0.109578 -0.557368 -0.189462 -0.100533 -0.512369 -0.140259 -0.110788 -0.563525 -0.204137 -0.09908795 -0.505159 -0.04632264 1.71773e-4 -0.008444368 -0.224753 -0.07749497 -0.397428 -0.222621 -0.08783996 -0.44904 -0.2163479 -0.06508195 -0.335496 -0.2063699 0.09746199 -0.496702 -0.207091 8.2e-5 -0.50605 -0.206358 0.2068 -0.462003 -0.20648 0.305439 -0.403612 -0.206409 0.388361 -0.324639 -0.2061589 0.451378 -0.229188 -0.205745 0.491353 -0.122177 -0.205179 0.506347 -0.009078979 -0.2048259 0.495636 0.104365 -0.205218 0.459722 0.212486 -0.2054769 0.400557 0.309869 -0.205604 0.321112 0.391591 -0.205595 0.22538 0.453514 -0.205446 0.118183 0.492483 -0.20515 0.004933953 0.5065 -0.205738 -0.108648 0.494633 -0.206359 -0.216853 0.457527 -0.206798 -0.314123 0.396989 -0.2070389 -0.395413 0.316026 -0.207067 -0.456468 0.2187359 -0.20687 -0.494072 0.110107 -0.206936 -0.506148 -0.00426197 -0.207518 -0.491974 -0.118515 -0.207848 -0.452338 -0.226714 -0.207921 -0.389261 -0.323197 -0.207735 -0.306028 -0.402921 -0.207294 -0.207006 -0.461751 -0.206609 -0.09738898 -0.496682 0.180606 -2.31e-4 -0.567975 0.180014 0.109034 -0.557487 0.1899459 4e-6 -0.522065 0.189292 0.100453 -0.51241 0.1406199 -2.34e-4 -0.574264 0.140154 0.110237 -0.563637 0.204656 4e-5 -0.514699 0.203951 0.09907799 -0.505192 0.190253 0.001097977 -0.288933 0.189328 0.05681699 -0.283555 0.224499 0.07853496 -0.397286 0.222396 0.08837699 -0.448982 0.223202 3.18e-4 -0.457436 0.217003 8.8e-4 -0.341586 0.216067 0.066724 -0.33525 0.180005 0.2317579 -0.518624 0.189282 0.213246 -0.476636 0.140147 0.234314 -0.524345 0.203939 0.2102839 -0.469913 0.189312 0.119244 -0.263474 0.224484 0.166002 -0.369391 0.222383 0.1872169 -0.417549 0.2160519 0.1405439 -0.3116 0.180103 0.342508 -0.453171 0.189391 0.315013 -0.416424 0.140224 0.346288 -0.458173 0.204058 0.310613 -0.410536 0.189478 0.17545 -0.229851 0.2225199 0.276357 -0.364695 0.216217 0.207045 -0.271943 0.180045 0.435635 -0.364585 0.189327 0.400569 -0.334969 0.140179 0.440441 -0.368608 0.203988 0.394959 -0.330222 0.189381 0.222622 -0.184583 0.224547 0.311099 -0.259269 0.22244 0.351275 -0.293262 0.21612 0.262887 -0.218478 0.179844 0.506422 -0.257467 0.1891019 0.465589 -0.236503 0.140021 0.512003 -0.260305 0.203745 0.459061 -0.233143 0.18904 0.258419 -0.13002 0.222157 0.408198 -0.20696 0.21578 0.305284 -0.153984 0.1795099 0.551333 -0.137342 0.188728 0.506831 -0.126106 0.139758 0.557396 -0.138853 0.2033399 0.499725 -0.124302 0.188476 0.2811 -0.06896495 0.2237139 0.393331 -0.09729796 0.221687 0.444303 -0.110235 0.215216 0.332159 -0.08177196 0.179054 0.568176 -0.0103619 0.188217 0.522292 -0.009425997 0.1394 0.574406 -0.01047599 0.2027879 0.514977 -0.009266972 0.187708 0.289606 -0.004509985 0.221046 0.457847 -0.00802499 0.214447 0.342243 -0.005510926 0.1787689 0.556161 0.117018 0.187898 0.51124 0.10761 0.1391749 0.562248 0.118299 0.202443 0.504085 0.106122 0.187229 0.283465 0.06010192 0.222562 0.396728 0.08379197 0.220646 0.448161 0.09448999 0.213968 0.334993 0.07095098 0.179085 0.515888 0.23844 0.188252 0.474208 0.219163 0.139424 0.521546 0.241055 0.202825 0.467562 0.2161 0.187761 0.262844 0.121626 0.223054 0.367933 0.170181 0.22109 0.415663 0.19218 0.2145 0.310646 0.143778 0.179294 0.449475 0.347804 0.1884869 0.413178 0.319637 0.139589 0.454411 0.351623 0.203079 0.407386 0.315154 0.188115 0.229083 0.177039 0.221384 0.362182 0.280166 0.214854 0.270714 0.20937 0.179397 0.360266 0.439566 0.188601 0.331215 0.403951 0.139669 0.364225 0.444396 0.203203 0.326578 0.398278 0.188287 0.1838499 0.223586 0.2235389 0.257117 0.313307 0.2215279 0.290395 0.354015 0.215026 0.21718 0.264451 0.17939 0.252757 0.509069 0.188593 0.232445 0.467829 0.139663 0.255534 0.514662 0.203194 0.229202 0.461258 0.188274 0.129379 0.258941 0.221518 0.2039 0.409992 0.215014 0.1527 0.306259 0.179269 0.132377 0.552767 0.188458 0.121847 0.508016 0.139569 0.133831 0.558836 0.203048 0.120166 0.500888 0.188071 0.06836497 0.281324 0.22334 0.094971 0.394089 0.221349 0.107041 0.445254 0.21481 0.08048397 0.332681 0.17903 0.005221903 0.568417 0.1881909 0.005010962 0.522448 0.139381 0.005278885 0.574648 0.202759 0.004975914 0.515132 0.187667 0.003838956 0.289587 0.222968 0.004441976 0.405438 0.221013 0.004697978 0.45799 0.214407 0.004133999 0.342363 0.179505 -0.122286 0.555072 0.188722 -0.112163 0.51021 0.1397539 -0.123631 0.561176 0.203334 -0.110549 0.503058 0.188467 -0.060938 0.282903 0.22168 -0.097961 0.447282 0.215207 -0.072492 0.33442 0.180005 -0.243739 0.513393 0.189282 -0.2237899 0.471934 0.140147 -0.2464269 0.519057 0.20394 -0.220603 0.465314 0.189312 -0.122718 0.261826 0.224485 -0.172944 0.366348 0.222383 -0.195776 0.413761 0.2160519 -0.145545 0.309452 0.180359 -0.35289 0.445406 0.189679 -0.324133 0.409479 0.140426 -0.356791 0.450331 0.2043679 -0.319531 0.403737 0.189912 -0.178351 0.227392 0.222881 -0.28373 0.359066 0.216651 -0.211293 0.268684 0.180553 -0.444074 0.3545 0.189896 -0.407981 0.32595 0.140578 -0.448989 0.358424 0.204604 -0.402201 0.321386 0.190243 -0.224954 0.181268 0.22534 -0.315925 0.253265 0.223155 -0.357259 0.285901 0.2169809 -0.266329 0.214106 0.180576 -0.512523 0.245287 0.189922 -0.470947 0.22558 0.140596 -0.518197 0.248003 0.204631 -0.464288 0.222432 0.190282 -0.260078 0.125756 0.223187 -0.412515 0.197962 0.21702 -0.307767 0.1484529 0.180417 -0.554636 0.123374 0.1897439 -0.509712 0.1135179 0.140471 -0.56077 0.124739 0.204439 -0.502521 0.111949 0.190014 -0.281855 0.06367897 0.2251279 -0.395139 0.08853095 0.222964 -0.446584 0.09974998 0.2167519 -0.33341 0.07506901 0.1804699 -0.568135 -0.004948914 0.189804 -0.522157 -0.004455924 0.140513 -0.574421 -0.005003929 0.204504 -0.514796 -0.004366934 0.190105 -0.288931 -0.00177592 0.225212 -0.40489 -0.003037989 0.223039 -0.457544 -0.003673911 0.2168419 -0.341711 -0.002272903 0.180939 -0.552244 -0.13313 0.190329 -0.507549 -0.122309 0.140881 -0.558371 -0.134607 0.205071 -0.500382 -0.120563 0.1909019 -0.28079 -0.06721097 0.223699 -0.444716 -0.107005 0.217638 -0.332096 -0.07957398 0.181205 -0.507784 -0.254512 0.190627 -0.466671 -0.233918 0.141091 -0.513428 -0.257341 0.205394 -0.460073 -0.230601 0.191356 -0.258069 -0.129196 0.226359 -0.361764 -0.181191 0.224074 -0.408863 -0.204863 0.218091 -0.305259 -0.152791 0.181263 -0.437026 -0.36275 0.190692 -0.401609 -0.333441 0.141137 -0.441885 -0.366784 0.205465 -0.395924 -0.328724 0.191456 -0.221917 -0.184476 0.226451 -0.311237 -0.258468 0.224157 -0.351809 -0.292127 0.21819 -0.262561 -0.218086 0.181113 -0.343654 -0.452189 0.190524 -0.315752 -0.415675 0.141019 -0.347471 -0.457212 0.205283 -0.311276 -0.409805 0.1912 -0.174223 -0.2301509 0.226216 -0.244571 -0.322322 0.223945 -0.276529 -0.364234 0.217935 -0.206229 -0.272039 0.180759 -0.232563 -0.518185 0.190127 -0.213607 -0.47635 0.14074 -0.235141 -0.523929 0.2048529 -0.21057 -0.469634 0.190595 -0.117502 -0.263848 0.2234449 -0.186972 -0.417442 0.2173309 -0.139228 -0.311849 0.180207 -0.109578 -0.557368 0.189508 -0.100533 -0.512369 0.1403059 -0.110788 -0.563525 0.2041839 -0.09908795 -0.505159 0.189656 -0.05474299 -0.283861 0.2247999 -0.07749497 -0.397428 0.2226679 -0.08783996 -0.44904 0.216395 -0.06508195 -0.335496 0.206417 0.09746199 -0.496702 0.207138 8.2e-5 -0.50605 0.206405 0.2068 -0.462003 0.206526 0.305439 -0.403612 0.2064549 0.388361 -0.324639 0.206206 0.451378 -0.229188 0.2057909 0.491353 -0.122177 0.205226 0.506347 -0.009078979 0.204872 0.495636 0.104365 0.205264 0.459722 0.212486 0.205524 0.400557 0.309869 0.205651 0.321112 0.391591 0.205642 0.22538 0.453514 0.205493 0.118183 0.492483 0.205196 0.004933953 0.5065 0.205785 -0.108648 0.494633 0.206405 -0.216853 0.457527 0.206844 -0.314123 0.396989 0.207086 -0.395413 0.316026 0.207114 -0.456468 0.2187359 0.206917 -0.494072 0.110107 0.206983 -0.506148 -0.00426197 0.207565 -0.491974 -0.118515 0.207895 -0.452338 -0.226714 0.2079679 -0.389261 -0.323197 0.207782 -0.306028 -0.402921 0.207341 -0.207006 -0.461751 0.206656 -0.09738898 -0.496682 0.2383365 0.001097977 -0.288933 0.2374114 0.05681699 -0.283555 0.2373954 0.119244 -0.263474 0.2375614 0.17545 -0.229851 0.2374644 0.222622 -0.184583 0.2371234 0.258419 -0.13002 0.2365595 0.2811 -0.06896495 0.2357915 0.289606 -0.004509985 0.2353124 0.283465 0.06010192 0.2358444 0.262844 0.121626 0.2361984 0.229083 0.177039 0.2363705 0.1838499 0.223586 0.2363575 0.129379 0.258941 0.2361544 0.06836497 0.281324 0.2357504 0.003838956 0.289587 0.2365505 -0.060938 0.282903 0.2373954 -0.122718 0.261826 0.2379955 -0.178351 0.227392 0.2383264 -0.224954 0.181268 0.2383654 -0.260078 0.125756 0.2380974 -0.281855 0.06367897 0.2381885 -0.288931 -0.00177592 0.2389854 -0.28079 -0.06721097 0.2394394 -0.258069 -0.129196 0.2395395 -0.221917 -0.184476 0.2392835 -0.174223 -0.2301509 0.2386785 -0.117502 -0.263848 0.2377395 -0.05474299 -0.283861</float_array>
          <technique_common>
            <accessor source="#Plane_042-mesh-positions-array" count="3148" stride="3">
              <param name="X" type="float"/>
              <param name="Y" type="float"/>
              <param name="Z" type="float"/>
            </accessor>
          </technique_common>
        </source>
        <source id="Plane_042-mesh-normals">
          <float_array id="Plane_042-mesh-normals-array" count="20028">0.8318623 0.5517369 0.05993002 0.6378858 0.7645762 0.09233087 0.804902 0.5912935 0.05004996 0.7002334 0.7065149 -0.1025182 0.6962385 0.7096377 -0.1080102 0.6754302 0.7248299 -0.1357043 -0.8601078 0.5085203 -0.04027026 -0.8553885 0.5168944 -0.03362649 -0.8427987 0.5379722 -0.01662862 0.9047681 -0.4257642 -0.01093316 0.9012546 -0.4329292 -0.01768088 0.9124543 -0.4091537 0.004542887 0.8534536 0.5190739 0.04668593 0.8247812 0.5638049 0.04312837 0.8757593 0.4809785 -0.04129552 0.82061 0.5691481 -0.0516709 0.8496552 0.5247312 -0.05237585 -0.03048682 -0.09998184 -0.9945221 -2.18841e-7 -0.09355515 -0.9956142 -0.01824539 -0.09266215 -0.9955304 0.2218039 -0.9178639 0.3291338 -0.2048686 -0.9220301 0.3284654 -0.2218022 -0.9178643 0.3291339 0.9685121 -0.2264973 -0.1033596 0.9799111 0.113792 -0.1637852 0.9628697 -0.2519423 -0.09699016 0.8975011 -0.4369302 0.05986332 0.8922191 -0.4484704 0.05309957 0.9048628 -0.4199598 0.06969475 -0.8858178 0.4582189 -0.07322895 -0.880683 0.4690025 -0.0665884 -0.8709152 0.4884054 -0.05446988 0.4994519 0.8593723 -0.1096671 0.6203005 0.7720761 -0.1382966 0.5278953 0.8461527 -0.07315951 -0.5707022 -0.7987171 0.1906567 -0.402298 -0.883673 0.2393292 -0.3140239 -0.9134337 0.2588974 0.8483476 -0.5288444 0.0250976 0.8535622 -0.5199976 0.03216105 0.8355554 -0.5493413 0.008457005 0.1200588 -0.09916955 -0.9878013 0.1191172 -0.09680354 -0.9881499 0.1217108 -0.1033242 -0.9871731 -0.7577344 -0.6515748 0.03590226 -0.8420147 -0.5388217 0.02612787 -0.8702523 -0.492537 0.008277177 -0.7155293 -0.6901932 0.1079412 -0.7277649 -0.6792467 0.09477543 -0.6995762 -0.7036211 0.1245415 0.08247971 -0.03163117 -0.9960907 0.07499152 -0.08484536 -0.9935681 0.07888519 -0.03376591 -0.9963118 -0.006931245 0.07911694 -0.9968413 0.006929159 0.07911688 -0.9968413 0.001386284 0.06232684 -0.9980549 0.8446272 0.5341954 -0.03521901 0.6482721 0.7602935 -0.04119694 0.0796715 -0.1774624 -0.9808974 0.07993477 -0.1920523 -0.9781239 0.08079117 -0.2483979 -0.965283 0.6631779 0.7414327 0.1023359 0.2320996 0.9637169 0.1318312 0.6701318 0.7417376 -0.0273658 0.2413017 0.9697318 -0.03733652 0.7282774 0.6851662 0.01262742 0.7254182 0.6882523 0.008800685 0.7049524 0.7090329 -0.0177347 -0.8702878 -0.4924743 0.008266389 -0.9203276 -0.3910936 0.00654906 -0.9358966 -0.3522563 0.003636121 -0.9894153 0.1450198 -0.005156815 -0.9445119 0.3284555 0.003780126 -0.9527385 0.3037092 -0.007075965 0.9685006 -0.226558 -0.1033353 0.8921579 -0.4498462 -0.04114317 0.9124536 -0.4057832 -0.05261629 -0.1724811 -0.9540803 0.2449102 0.6085053 0.7771886 -0.1603101 0.868799 0.4635106 -0.174202 0.854807 0.4877628 -0.177179 0.9798762 0.1144377 -0.1635448 -0.7795389 -0.609951 0.1424036 -0.7814148 -0.6083366 0.1389874 -0.7614021 -0.6244608 0.1741141 0.8815079 -0.4687156 0.05700534 0.8835407 -0.4644204 0.06057661 0.8701413 -0.4913387 0.03795295 -0.8813256 0.4724871 0.004605293 -0.865553 0.5000373 0.02794426 0.3952819 -0.9184763 0.01239806 0.2240062 -0.9745245 0.01110619 0.4370765 -0.8993855 0.008375763 0.2444875 -0.9560331 0.161946 0.5070152 -0.8493164 0.1469604 0.4629763 -0.8744863 0.1446611 0.8910732 -0.4420524 0.1028512 0.8881697 -0.4487288 0.09898084 0.9005545 -0.4189664 0.1160552 0.04811203 -0.2465109 -0.9679451 0.07621073 -0.2926563 -0.9531759 0.09022343 -0.2490964 -0.964267 0.6073069 0.7936676 -0.03563803 0.5910217 0.8051877 -0.04864358 0.5758917 0.8152866 -0.0604695 -0.8844287 0.46254 -0.06198799 -0.8863433 0.4583867 -0.06540149 -0.8958529 0.4365005 -0.08315622 -0.637859 0.7645989 0.0923292 -0.8318567 0.5517457 0.05992722 -0.8049263 0.59126 0.05005359 -0.6962291 0.7096477 -0.1080062 -0.7002273 0.7065217 -0.1025135 -0.6754218 0.7248393 -0.1356956 0.8553814 0.5169068 -0.03361749 0.8601052 0.5085249 -0.04026931 0.8427898 0.5379864 -0.01661777 -0.904758 -0.4257856 -0.01094061 -0.9012419 -0.4329553 -0.01769089 -0.8922271 -0.4502909 -0.03419178 -0.8534572 0.5190677 0.04668724 -0.8757172 0.4810546 -0.04130202 -0.8205891 0.5691778 -0.05167412 -0.844607 0.5342267 -0.03522568 0.01823538 0.776719 -0.6295832 3.97735e-7 0.7762985 -0.6303655 0.03045183 0.771811 -0.6351225 -0.9685429 -0.2263448 -0.1034061 -0.9799215 0.1137081 -0.1637812 -0.9798998 0.1142557 -0.1635302 -0.8975003 -0.4369309 0.05987346 -0.8922142 -0.4484794 0.05310243 -0.8836989 -0.4661098 0.0426374 0.8806928 0.4689823 -0.06660282 0.8858082 0.458239 -0.07321822 0.8709239 0.4883887 -0.05448061 -0.4994361 0.8593804 -0.1096764 -0.620263 0.7721054 -0.1383011 -0.6084217 0.7772573 -0.1602943 0.4023176 -0.8836707 0.2393046 0.5706983 -0.7987235 0.1906414 0.3139952 -0.9134457 0.25889 -0.84836 -0.5288239 0.02511566 -0.8535667 -0.5199895 0.03216999 -0.8647112 -0.4999803 0.04789727 -0.1200576 -0.09916853 -0.9878016 -0.1191161 -0.09680211 -0.9881502 -0.1176629 -0.09315234 -0.9886749 0.7577303 -0.6515798 0.03589659 0.8420124 -0.5388255 0.02611929 0.7350269 -0.6747643 0.06654858 0.7155137 -0.6902087 0.1079454 0.7277603 -0.679252 0.0947721 0.7421176 -0.6656205 0.07880967 -0.08247882 -0.03163105 -0.9960908 -0.07888817 -0.03375518 -0.9963119 -0.07499516 -0.08483779 -0.9935685 -0.001214504 -0.7926425 -0.6096854 0.001118242 -0.7926211 -0.6097136 2.25318e-4 -0.8050428 -0.5932168 -0.6482565 0.7603066 -0.041202 -0.07968646 -0.1774591 -0.9808968 -0.07994973 -0.1920492 -0.9781234 -0.07837945 -0.1153659 -0.9902259 -0.6631658 0.7414442 0.1023313 -0.2320654 0.9637255 0.1318292 -0.2501703 0.9589299 0.133673 -0.6701285 0.7417403 -0.0273717 -0.241271 0.9697392 -0.03733992 -0.2565902 0.9658976 -0.03468924 -0.7254197 0.6882504 0.008815824 -0.7282637 0.6851807 0.01262187 -0.7049448 0.7090405 -0.01773434 0.8702697 -0.4925063 0.008259475 0.9203218 -0.3911074 0.006540834 0.9894549 0.1447495 -0.005153834 0.9445123 0.3284547 0.003769516 0.986505 0.1636074 -0.006359696 -0.8923074 -0.4495409 -0.04123872 -0.9629126 -0.2517601 -0.09703695 0.1724725 -0.9540829 0.2449064 0.135474 -0.9608093 0.2418519 -0.8688263 0.4634623 -0.174194 -0.8548151 0.4877499 -0.1771759 0.7795525 -0.609937 0.1423895 0.7814136 -0.6083356 0.1389985 0.7975733 -0.5934178 0.1083163 -0.8815085 -0.468715 0.05700188 -0.8835419 -0.4644191 0.06056952 -0.8932816 -0.4425981 0.0784536 0.8813199 0.4724979 0.004600882 0.8655523 0.5000392 0.02793252 -0.3953338 -0.9184541 0.01239281 -0.2239428 -0.974539 0.01111459 -0.1996302 -0.9797836 0.0131132 -0.5070945 -0.8492705 0.1469526 -0.2445157 -0.9560266 0.1619423 -0.463023 -0.8744631 0.1446517 -0.8910687 -0.4420641 0.1028398 -0.8881652 -0.4487406 0.09896785 -0.8770754 -0.4728077 0.08480358 -0.1323447 -0.1544204 -0.9791013 -0.1213994 -0.08299982 -0.9891276 -0.1395997 -0.1602865 -0.9771491 -0.5910114 0.8051956 -0.04863792 -0.6072719 0.7936939 -0.03565174 -0.5759024 0.8152805 -0.06044918 0.8863505 0.4583691 -0.06542617 0.8844355 0.4625231 -0.0620172 0.8958518 0.4365004 -0.0831688 -0.002315282 -0.8823599 0.4705697 -1.42135e-7 -0.8775544 0.4794771 0.02632993 -0.8787513 0.4765533 0.8305752 0.5432232 -0.122693 0.6370024 0.7543101 -0.1588849 0.805287 0.5749405 -0.1447635 0.7005441 0.6346088 -0.3263584 0.6967223 0.6356433 -0.3324694 0.6767402 0.640377 -0.3632356 -0.8592051 0.4692276 -0.2039415 -0.8544057 0.4794436 -0.2003123 -0.8417904 0.5048651 -0.1910506 0.9052463 -0.4052647 0.1276313 0.9017078 -0.4142744 0.1236919 0.9130886 -0.384146 0.136752 0.8532165 0.5064652 -0.1245577 0.8246185 0.5474626 -0.1424394 0.8753243 0.4422026 -0.1956123 0.8196023 0.5228057 -0.2343635 0.8492249 0.479884 -0.2202918 1.83635e-7 -0.4016624 -0.9157879 0.01394534 -0.3114304 -0.9501667 -0.007283687 -0.3890164 -0.9212021 0.02095496 -0.4626929 -0.8862709 -0.01344048 -0.4412604 -0.8972784 0.04747623 -0.4693347 -0.8817431 0.9684392 -0.2480998 -0.02391862 0.9803916 0.05161434 -0.1901797 0.9621617 -0.2724107 -0.006099522 0.8921592 -0.4030861 0.2038962 0.89752 -0.3970575 0.1918423 0.9050816 -0.3880137 0.1739907 -0.8861099 0.4091053 -0.217812 -0.8808706 0.4215865 -0.2152484 -0.8706719 0.4446079 -0.2103673 0.4994519 0.777156 -0.3828533 0.6184582 0.6870321 -0.3814401 0.5269472 0.7770236 -0.3443269 -0.5699422 -0.6936881 0.4404122 -0.4005466 -0.7587676 0.5136478 -0.3138747 -0.7797119 0.541786 0.8474521 -0.4933528 0.1960307 0.8526814 -0.4826395 0.1999837 0.834909 -0.5177119 0.1868193 0.1010383 -0.4230254 -0.900467 0.1075329 -0.4376183 -0.8927077 0.08945584 -0.3968483 -0.9135148 -0.75654 -0.6058604 0.2461315 -0.8461402 -0.4956565 0.1958869 -0.8669189 -0.4682593 0.1708361 -0.7160315 -0.6172124 0.3261101 -0.728015 -0.6114054 0.3101253 -0.7006281 -0.6240952 0.3458691 0.08002424 -0.3388553 -0.9374291 0.07608896 -0.3171194 -0.9453284 0.07471269 -0.2959461 -0.9522783 0.006160259 -0.278297 -0.9604755 0.04381167 -0.2921855 -0.9553577 0.01702153 -0.2789588 -0.9601522 0.8437837 0.4950058 -0.2073607 0.6424672 0.7112769 -0.2851687 0.0786916 -0.4869413 -0.8698827 0.07872301 -0.4884313 -0.8690441 0.07884395 -0.4942522 -0.8657358 0.2527534 0.9492256 -0.1873142 0.6637946 0.7334583 -0.146341 0.2601368 0.900494 -0.3484815 0.6760399 0.6867303 -0.2671548 0.729553 0.6507933 -0.210287 0.7267912 0.6524084 -0.2147971 0.7065728 0.6632878 -0.2465854 -0.9357227 -0.3317596 0.1198281 -0.9865831 0.1525714 -0.05810296 -0.9544536 0.2796654 -0.1039502 -0.9894692 0.1348271 -0.05265271 0.9082372 -0.4093036 0.08703929 -0.1718278 -0.8227342 0.5418337 0.6132258 0.6793162 -0.4030926 0.8682525 0.3830885 -0.3152473 0.8620998 0.3917353 -0.3214457 0.9801123 0.05429857 -0.1908705 -0.7793686 -0.5307638 0.3329781 -0.7813603 -0.5302332 0.3291335 -0.7602184 -0.5351547 0.3683445 0.8813985 -0.4249663 0.2062529 0.8835479 -0.4195422 0.2081531 0.8694335 -0.4535045 0.196008 -0.8820211 0.4471344 -0.1486939 -0.9426115 0.3172284 -0.1041616 -0.8661479 0.4810003 -0.1357443 0.2048324 -0.9220381 0.3284653 0.4355474 -0.8472894 0.3039726 0.3938999 -0.8664925 0.3066492 0.2428036 -0.8519343 0.4639553 0.5079131 -0.755057 0.4146242 0.4638351 -0.7796722 0.4206759 0.8910244 -0.3847249 0.2409611 0.8882304 -0.3921472 0.2393062 0.9000575 -0.3593758 0.2464664 0.01008921 -0.5416343 -0.8405538 0.07605439 -0.6320877 -0.7711556 0.06657201 -0.5455001 -0.8354626 0.606172 0.7398281 -0.2919072 0.5895081 0.7467436 -0.3079843 0.5738747 0.7527201 -0.3226149 -0.8844733 0.4172386 -0.2088513 -0.8864916 0.4120169 -0.2106532 -0.8964477 0.3847619 -0.219863 -0.6370005 0.7543106 -0.1588895 -0.8305695 0.5432306 -0.1226987 -0.8053119 0.5749094 -0.1447485 -0.6967216 0.6356494 -0.3324589 -0.7005242 0.6346161 -0.3263868 -0.6767317 0.6403836 -0.3632398 0.8543908 0.4794745 -0.2003017 0.8592045 0.4692302 -0.203938 0.8417902 0.5048651 -0.1910512 -0.9052342 -0.4052916 0.1276322 -0.9017099 -0.4142671 0.1237016 -0.892481 -0.4364874 0.1138264 -0.8532202 0.50646 -0.1245545 -0.8752822 0.4422723 -0.1956434 -0.8195815 0.5228328 -0.2343763 -0.8437636 0.4950332 -0.2073772 4.10498e-7 -0.4510853 -0.8924809 0.01344048 -0.4412604 -0.8972784 -0.02095448 -0.4626907 -0.8862721 -0.01590454 -0.4610564 -0.8872284 -0.9684769 -0.2479417 -0.02403187 -0.9804058 0.05150121 -0.1901369 -0.9801306 0.05416506 -0.1908147 -0.8975254 -0.3970504 0.1918315 -0.8921564 -0.4030899 0.2039012 -0.9050821 -0.388013 0.1739896 0.8808788 0.4215679 -0.2152515 0.8861114 0.4091033 -0.2178096 0.8706808 0.444588 -0.2103722 -0.4994527 0.7771582 -0.3828478 -0.6184781 0.6870138 -0.3814407 -0.6131402 0.6793862 -0.4031051 0.4005389 -0.7587743 0.513644 0.5699487 -0.6936994 0.4403856 0.313847 -0.7797259 0.5417819 -0.8474605 -0.4933351 0.1960389 -0.8526806 -0.4826411 0.1999838 -0.8636303 -0.4589877 0.2085023 -0.1010369 -0.4230261 -0.9004669 -0.1075309 -0.4376183 -0.8927078 -0.117518 -0.4599375 -0.8801405 0.756536 -0.6058669 0.2461277 0.8462124 -0.4955495 0.1958452 0.7331928 -0.6183478 0.2829741 0.7160225 -0.6172178 0.3261198 0.7280046 -0.611409 0.3101425 0.7419083 -0.6041217 0.2908765 -0.08002364 -0.3388553 -0.9374292 -0.07471555 -0.2959406 -0.9522799 -0.07609254 -0.3171121 -0.9453306 -0.04381841 -0.292185 -0.9553576 -0.006161689 -0.2782966 -0.9604755 -0.01702588 -0.2789576 -0.9601525 -0.6424535 0.711288 -0.2851716 -0.0786916 -0.4869419 -0.8698823 -0.07872301 -0.4884319 -0.8690437 -0.0785554 -0.4805919 -0.8734189 -0.2527543 0.9492247 -0.1873177 -0.6637837 0.7334659 -0.1463522 -0.2601692 0.9004849 -0.3484812 -0.6760657 0.6867051 -0.2671542 -0.7267798 0.6524201 -0.2148007 -0.7295337 0.6508092 -0.2103047 -0.7065627 0.6632974 -0.2465884 0.9357263 -0.3317551 0.1198122 0.8669188 -0.4682636 0.1708244 0.9545062 0.2795067 -0.1038944 0.986559 0.1527629 -0.05800777 0.9894644 0.1348987 -0.05256229 -0.9083819 -0.4090264 0.08683246 -0.9621632 -0.2724053 -0.006110906 0.1718186 -0.8227388 0.5418297 0.1347648 -0.8300701 0.5411305 -0.8683091 0.3829928 -0.3152077 -0.8621298 0.3916842 -0.321428 0.779383 -0.5307526 0.3329622 0.7813721 -0.5302269 0.3291155 0.7983682 -0.5251206 0.2947145 -0.8814082 -0.4249429 0.2062604 -0.883552 -0.4195293 0.208161 -0.8937546 -0.3922809 0.2175282 0.9426597 0.3170998 -0.1041185 0.8820148 0.4471442 -0.1487012 0.866146 0.481001 -0.1357548 -0.4355564 -0.8472852 0.3039712 -0.3939614 -0.8664658 0.3066455 -0.5079162 -0.7550551 0.414624 -0.2428273 -0.8519272 0.4639558 -0.4638816 -0.7796471 0.4206713 -0.8910209 -0.3847343 0.2409591 -0.88823 -0.3921507 0.2393016 -0.8777314 -0.4185631 0.2332224 -0.1248183 -0.4792202 -0.8687741 -0.121809 -0.4513344 -0.8840022 -0.132911 -0.4855287 -0.8640582 -0.5894954 0.7467492 -0.3079949 -0.6061567 0.7398345 -0.2919229 -0.5738869 0.752716 -0.3226029 0.8864929 0.4120084 -0.2106646 0.8844685 0.4172443 -0.2088605 0.8964472 0.3847566 -0.2198746 0.06983298 -0.5621854 -0.8240578 4.72219e-7 -0.5907346 -0.8068661 -0.004254877 -0.5987451 -0.8009284 0.8066487 0.5027521 -0.3107382 0.6620859 0.6436995 -0.383788 0.6260876 0.6735724 -0.3928288 0.6992478 0.495069 -0.5157124 0.6953968 0.4940215 -0.5218871 0.6755408 0.4883725 -0.5523921 -0.8598552 0.3767207 -0.3445732 -0.8553052 0.3872512 -0.3442233 -0.8433545 0.4135295 -0.3431422 0.9013788 -0.3479232 0.2578101 0.9049387 -0.345659 0.2482057 0.9128025 -0.340268 0.2258526 0.8348091 0.4613177 -0.3004661 0.8267018 0.4730651 -0.3045874 0.8550773 0.4321708 -0.2864807 0.8484277 0.3864223 -0.3617295 0.8517822 0.3843613 -0.3559965 0.8776404 0.3468412 -0.3308302 0.03628867 -0.6858337 -0.7268531 1.42391e-7 -0.7057068 -0.708504 0.009563028 -0.7042295 -0.709908 0.9688761 -0.2411425 0.05594134 0.9813277 -0.01864665 -0.1914378 0.9659069 -0.2502382 0.06636953 0.8968567 -0.3088185 0.3166686 0.8913773 -0.3223302 0.3186689 0.9044879 -0.289027 0.3136318 -0.8800957 0.3233861 -0.3476393 -0.8854826 0.3222585 -0.3347687 -0.8697022 0.3252933 -0.3712177 0.4977378 0.6112671 -0.6153128 0.6173294 0.5267829 -0.5842983 0.5263171 0.6232978 -0.5783514 -0.5715426 -0.5123451 0.6409692 -0.4003704 -0.5507038 0.7324131 -0.3164663 -0.5606346 0.7652046 0.8485864 -0.4015077 0.344518 0.8535868 -0.3904128 0.3449168 0.8364426 -0.4271323 0.3433979 0.1383627 -0.6693544 -0.7299456 0.1477192 -0.6858323 -0.7126101 0.1215942 -0.6391355 -0.7594213 -0.7578644 -0.4918424 0.4286404 -0.845692 -0.4049515 0.3475908 -0.8678933 -0.3866674 0.3118487 -0.7149154 -0.4785327 0.5098062 -0.7268372 -0.4783734 0.4928151 -0.6997593 -0.4784479 0.5304948 0.07841521 -0.630932 -0.7718653 0.07510745 -0.6278314 -0.7747171 0.0747615 -0.6334655 -0.7701508 0.8221367 0.4249725 -0.3788002 0.669574 0.5624544 -0.4850937 0.6370694 0.588481 -0.4978281 0.07801085 -0.7558392 -0.6500934 0.0780524 -0.7574537 -0.6482065 0.07820856 -0.7636514 -0.6408745 0.2296962 0.8418063 -0.4884689 0.2390701 0.7425107 -0.6257184 0.7292737 0.5474013 -0.4105019 0.7266528 0.5473673 -0.4151686 0.7072619 0.5466658 -0.4482602 -0.8679444 -0.3865936 0.3117979 -0.9208544 -0.3035584 0.2447028 -0.9362533 -0.274925 0.2187377 -0.98945 0.1110532 -0.09303683 -0.9413458 0.261248 -0.2135835 -0.9500855 0.248425 -0.1887398 0.9688649 -0.2411748 0.05599623 0.8966073 -0.3750758 0.2354006 0.9160001 -0.3477919 0.1999617 -0.1726015 -0.6021745 0.7794836 0.6134575 0.5113859 -0.6017927 0.8669317 0.2621777 -0.4239013 0.8685387 0.2570145 -0.4237738 0.9804528 -0.0117473 -0.1964038 -0.780431 -0.3930167 0.4862771 -0.7823123 -0.3937693 0.4826317 -0.761696 -0.3854354 0.5208254 0.8805851 -0.3360161 0.3341603 0.8827342 -0.3302186 0.3342692 0.8688687 -0.3659613 0.3333763 -0.8758596 0.3832512 -0.2932381 0.2034569 -0.7655321 0.6103819 0.4358069 -0.7024889 0.5626559 0.3942569 -0.7197494 0.5714215 0.4670568 -0.5948089 0.6542633 0.2622292 -0.6514976 0.7118897 0.5111593 -0.5827614 0.6317479 0.8916214 -0.2848591 0.3519467 0.8888339 -0.2923615 0.3528443 0.9007562 -0.2589563 0.3486832 0.07235825 -0.772211 -0.6312326 0.07590383 -0.7758703 -0.6263097 0.09382635 -0.7715455 -0.6292171 0.6076735 0.6039841 -0.51569 0.5911173 0.6053085 -0.5330874 0.5755267 0.6062204 -0.548877 -0.8836224 0.3279269 -0.3341787 -0.885689 0.3222652 -0.3342159 -0.8956003 0.2935947 -0.3342188 -0.8066717 0.5027237 -0.3107244 -0.6620775 0.6437034 -0.3837962 -0.8348084 0.4613221 -0.3004614 -0.695379 0.4940231 -0.5219092 -0.699247 0.4950731 -0.5157095 -0.6755324 0.4883776 -0.5523979 0.8552933 0.3872784 -0.3442221 0.8598546 0.3767219 -0.344573 0.8433547 0.4135288 -0.3431427 -0.9049372 -0.3456524 0.2482199 -0.9013742 -0.3479191 0.2578316 -0.9128023 -0.3402605 0.2258646 -0.8267329 0.4730294 -0.3045586 -0.8550767 0.4321788 -0.2864704 -0.8517154 0.3844448 -0.3560662 -0.8484049 0.3864465 -0.3617573 -0.8775989 0.3468956 -0.3308833 -0.9689027 -0.2410604 0.05583357 -0.9813238 -0.01864111 -0.1914574 -0.9804702 -0.01186323 -0.1963102 -0.8968502 -0.3088365 0.31667 -0.8913744 -0.322338 0.3186689 -0.8824883 -0.3431679 0.3216367 0.8801107 0.3233728 -0.3476137 0.8854872 0.3222504 -0.3347642 0.8944035 0.3201543 -0.3123199 -0.4977205 0.6112621 -0.6153315 -0.6173322 0.5267865 -0.5842918 -0.613465 0.51138 -0.6017901 0.4003849 -0.5507096 0.7324008 0.571563 -0.5123654 0.6409349 0.3164406 -0.5606483 0.7652052 -0.8485802 -0.40152 0.3445191 -0.853594 -0.3903979 0.3449161 -0.8642209 -0.3656165 0.345611 -0.1383531 -0.6693577 -0.7299444 -0.1477073 -0.6858325 -0.7126124 -0.1620218 -0.7104879 -0.6848036 0.7578644 -0.4918424 0.4286404 0.8456922 -0.4049512 0.3475906 0.7341152 -0.4921482 0.4678302 0.7149233 -0.4785327 0.5097953 0.7268638 -0.4783702 0.4927789 0.7405816 -0.4779112 0.4723769 -0.07841438 -0.6309318 -0.7718655 -0.07476413 -0.6334616 -0.7701538 -0.07511126 -0.6278265 -0.7747207 -0.8221174 0.4249931 -0.3788191 -0.6695804 0.5624523 -0.4850872 -0.07801085 -0.7558397 -0.6500929 -0.0780524 -0.7574541 -0.6482062 -0.07783073 -0.7489941 -0.6579895 -0.2296983 0.8418042 -0.4884715 -0.2517539 0.8383006 -0.4836033 -0.2390382 0.7425171 -0.6257228 -0.2597808 0.7400297 -0.620379 -0.7266386 0.5473746 -0.4151837 -0.7292677 0.5474086 -0.4105026 -0.7072541 0.5466722 -0.4482646 0.8679245 -0.3866199 0.3118211 0.9208508 -0.3035629 0.2447108 0.9894907 0.1108357 -0.09286338 0.941398 0.2611342 -0.2134917 0.9865965 0.1247426 -0.1051992 -0.8966016 -0.3750951 0.235392 -0.9659047 -0.2502495 0.06635886 0.1725934 -0.6021826 0.779479 0.1357453 -0.6093673 0.7811816 -0.8669889 0.2620939 -0.4238363 -0.8685336 0.2570177 -0.4237824 0.7804344 -0.3930124 0.4862752 0.7823246 -0.3937703 0.4826107 0.7989605 -0.4003763 0.4487326 -0.8805903 -0.336001 0.3341619 -0.8827475 -0.3301787 0.3342736 -0.8927643 -0.3016499 0.3346331 0.8758558 0.3832536 -0.2932463 0.9501211 0.2483439 -0.1886674 0.8906602 0.3736833 -0.2590081 -0.4358153 -0.7024856 0.5626537 -0.2034875 -0.7655256 0.6103799 -0.3943164 -0.7197262 0.5714094 -0.4670649 -0.594807 0.6542593 -0.2621804 -0.6514974 0.7119078 -0.2380739 -0.6533063 0.7186875 -0.8916067 -0.2849012 0.3519501 -0.8888306 -0.2923703 0.3528453 -0.8781848 -0.319542 0.3559276 -0.1222709 -0.7588816 -0.6396472 -0.1160534 -0.7376316 -0.6651551 -0.1191266 -0.738213 -0.6639657 -0.5911196 0.6053088 -0.5330844 -0.6076828 0.6039856 -0.5156773 -0.5755386 0.6062201 -0.5488649 0.885688 0.3222694 -0.3342145 0.8836337 0.3278985 -0.3341767 0.8956027 0.2935912 -0.3342157 0.8319791 0.3515462 -0.4292157 0.6371931 0.4955692 -0.5902509 0.804698 0.3652304 -0.468047 0.7000436 0.300321 -0.6478784 0.6960164 0.2974361 -0.6535236 0.6750548 0.2825943 -0.6814994 -0.8601443 0.2441326 -0.4478296 -0.8554518 0.2542635 -0.4511679 -0.8429611 0.2799392 -0.4594027 0.904611 -0.2420324 0.3508552 0.9010635 -0.2516242 0.3532281 0.9123947 -0.2198573 0.3452516 0.8533841 0.322826 -0.4092911 0.8246765 0.3443172 -0.4487253 0.8757762 0.2282453 -0.4253472 0.8204243 0.2679014 -0.5051069 0.8496252 0.2429098 -0.4681154 0.01824462 -0.09266197 -0.9955305 0.03048902 -0.0999819 -0.994522 0.9685115 -0.2104418 0.133041 0.9798111 -0.07474881 -0.1854264 0.9630343 -0.2187682 0.1571795 0.8974273 -0.1886952 0.3987712 0.8921731 -0.2006496 0.4046816 0.9047426 -0.171236 0.3900244 -0.8856947 0.1891635 -0.4239838 -0.8805735 0.2006297 -0.4293462 -0.870872 0.2213187 -0.4388622 0.4993008 0.377807 -0.7797184 0.6203926 0.3059287 -0.722164 0.5279178 0.4011203 -0.7486023 -0.5711922 -0.2767148 0.7727667 -0.4027656 -0.2823324 0.8706712 -0.314214 -0.2823017 0.9064079 0.8484644 -0.267884 0.4564499 0.853643 -0.2571557 0.4529511 0.8357734 -0.2929439 0.4643994 -0.2638503 -0.392201 -0.8812273 0.2372334 -0.3979886 -0.886186 -0.2372562 -0.3979833 -0.8861821 0.1200588 -0.876856 -0.4655209 0.1191115 -0.8758307 -0.467689 0.1217151 -0.8786364 -0.4617183 -0.7578602 -0.3259282 0.5651714 -0.8426766 -0.2721121 0.464598 -0.8699607 -0.2624996 0.4174475 -0.7152702 -0.2868859 0.637248 -0.7275866 -0.2919025 0.6208146 -0.6992303 -0.2803512 0.6576323 0.08176141 -0.8517403 -0.5175458 0.07510817 -0.8737303 -0.4805771 0.07823097 -0.8531462 -0.5157728 0.005141496 -0.07947438 0.9968237 -0.02468514 -0.0912742 0.9955198 0.02468794 -0.09127533 0.9955197 0.8448762 0.2621921 -0.4663041 0.6476818 0.3812808 -0.6596463 0.07984751 -0.9184096 -0.3874898 0.08015024 -0.924925 -0.3716044 0.08110165 -0.9476443 -0.3088574 0.6639753 0.4904164 -0.564472 0.2318034 0.6371091 -0.7350913 0.6371425 0.4955915 -0.5902869 0.6709399 0.3820313 -0.6355248 0.24105 0.4986922 -0.832587 0.7280891 0.3851189 -0.5670711 0.7252491 0.38358 -0.5717345 0.7049769 0.3726031 -0.6034688 -0.8699831 -0.2624687 0.41742 -0.9204981 -0.2080329 0.3307652 -0.9359658 -0.1893538 0.2968387 -0.9894259 0.07488048 -0.1242149 -0.9445851 0.1825337 -0.2728382 -0.9526693 0.1601482 -0.2584065 0.9684947 -0.2104782 0.1331058 0.8928741 -0.2799676 0.3526954 0.9130184 -0.2655302 0.3096631 -0.1724591 -0.3163048 0.93285 0.6075331 0.2909027 -0.739107 0.8688495 0.1072454 -0.483321 0.8534289 0.1193867 -0.5073522 0.9798552 -0.07451713 -0.1852866 -0.7799819 -0.2139043 0.5881099 -0.7817851 -0.2158296 0.5850042 -0.7620406 -0.1952009 0.6174065 0.8814326 -0.2084911 0.4238019 0.8834595 -0.2031451 0.4221748 0.8701782 -0.2366917 0.4321655 -0.8812029 0.2621874 -0.3933691 -0.8652264 0.2969965 -0.403951 0.3956326 -0.4914641 0.7758465 0.2238323 -0.5232689 0.8222462 0.4372959 -0.4844149 0.7577034 0.2447106 -0.3868106 0.8890975 0.5068 -0.3411042 0.7917082 0.4627162 -0.3567979 0.811535 0.8912953 -0.1553139 0.4259934 0.8884022 -0.1621474 0.4294763 0.900845 -0.1315741 0.4137228 0.05469709 -0.9454615 -0.3211085 0.07604444 -0.9553196 -0.2856252 0.09427881 -0.9436001 -0.3173805 0.6074756 0.403797 -0.6840477 0.5911623 0.399234 -0.7008134 0.5759742 0.3948698 -0.7157735 -0.8843451 0.200919 -0.4213849 -0.8862433 0.1958055 -0.4198012 -0.8956817 0.1690272 -0.41132 -0.6372113 0.4955446 -0.5902519 -0.8319811 0.3515421 -0.4292153 -0.8047221 0.3652151 -0.4680173 -0.6960023 0.2974324 -0.6535403 -0.7000364 0.3003263 -0.6478837 -0.6750464 0.2825975 -0.6815065 0.8554542 0.25426 -0.4511652 0.8601434 0.2441308 -0.4478321 0.8429613 0.2799386 -0.4594027 -0.9046118 -0.2420175 0.3508633 -0.9010513 -0.2516455 0.3532437 -0.8919223 -0.2750737 0.3589 -0.8533875 0.3228239 -0.4092853 -0.8757762 0.2282454 -0.425347 -0.820423 0.267902 -0.5051086 -0.8448767 0.2621922 -0.4663033 0.01816207 -0.8797065 -0.4751703 4.22582e-7 -0.8802788 -0.4744571 0.03048205 -0.8829436 -0.4684884 -0.9685361 -0.210411 0.1329103 -0.9798092 -0.07474642 -0.1854373 -0.9798541 -0.07451403 -0.1852936 -0.8974326 -0.1886836 0.3987646 -0.8921642 -0.2006686 0.4046914 -0.8837137 -0.2189955 0.4136316 0.8805747 0.2006248 -0.4293461 0.8856987 0.1891528 -0.4239799 0.870881 0.2213005 -0.4388538 -0.4993049 0.3778144 -0.7797121 -0.6204242 0.3059013 -0.7221484 -0.6075413 0.2908989 -0.7391017 0.4027945 -0.2823295 0.8706588 0.5712115 -0.2767282 0.7727476 0.3142189 -0.2823047 0.9064054 -0.8484705 -0.2678713 0.456446 -0.853645 -0.2571517 0.4529495 -0.8647058 -0.2331166 0.4449054 -0.1200588 -0.8768562 -0.4655203 -0.1191115 -0.875831 -0.4676887 -0.1176549 -0.8742449 -0.471013 0.7578602 -0.3259282 0.5651714 0.8426766 -0.2721124 0.4645977 0.7350126 -0.3130133 0.6014808 0.7152866 -0.2868908 0.6372275 0.7275895 -0.2919037 0.6208106 0.7420366 -0.2977931 0.6005839 -0.08176082 -0.8517405 -0.5175455 -0.07823395 -0.8531426 -0.5157781 -0.07511216 -0.8737288 -0.480579 -0.6476577 0.3812918 -0.6596636 -0.07984751 -0.9184097 -0.3874897 -0.08015018 -0.9249249 -0.3716045 -0.07830888 -0.887898 -0.4533266 -0.6639702 0.4904157 -0.5644786 -0.2318004 0.6371095 -0.7350919 -0.2506247 0.6359092 -0.7299361 -0.6709373 0.3820357 -0.635525 -0.2410176 0.4986968 -0.8325936 -0.2570753 0.4987071 -0.8277702 -0.7252352 0.3835808 -0.5717516 -0.7280902 0.3851302 -0.5670621 -0.7049691 0.3726077 -0.6034752 0.8699768 -0.2624825 0.4174245 0.9204882 -0.2080405 0.3307878 0.9894654 0.07474684 -0.1239805 0.944587 0.1825292 -0.2728342 0.9865652 0.08389937 -0.1401789 -0.8928764 -0.2799784 0.3526811 -0.9630324 -0.2187805 0.1571738 0.1724537 -0.3163051 0.9328509 0.1355999 -0.3225159 0.936801 -0.8688405 0.1072532 -0.4833354 -0.8534255 0.1193912 -0.5073567 0.7799845 -0.2139073 0.5881054 0.7817937 -0.2158462 0.5849866 0.7977806 -0.2334672 0.555913 -0.8814481 -0.2084515 0.4237892 -0.8834639 -0.2031327 0.4221715 -0.8931285 -0.1762889 0.4138162 0.8812008 0.2621921 -0.3933706 0.8652351 0.2969777 -0.4039464 -0.395685 -0.4914515 0.775828 -0.2237737 -0.5232691 0.8222621 -0.2000938 -0.5243939 0.8276313 -0.5067998 -0.3411039 0.7917085 -0.2447102 -0.3868101 0.8890978 -0.4627155 -0.356797 0.8115358 -0.8912973 -0.1553096 0.4259906 -0.8884011 -0.1621537 0.4294761 -0.8772249 -0.1872513 0.4420562 -0.133638 -0.90302 -0.4082839 -0.1212617 -0.8689717 -0.4797749 -0.1407811 -0.9044743 -0.4026253 -0.5911696 0.3992348 -0.7008067 -0.6074758 0.4037987 -0.6840467 -0.5759789 0.3948716 -0.7157687 0.886249 0.1957895 -0.4197965 0.8843597 0.2008835 -0.4213714 0.8956852 0.1690189 -0.4113158 -0.03019016 -0.9565885 -0.2898743 4.66986e-7 -0.9552201 -0.2958964 -0.01793462 -0.9547635 -0.2968248 0.8308554 0.1939032 -0.5216137 0.6405213 0.2756145 -0.716777 0.8053619 0.1929451 -0.5605037 0.7005805 0.0734775 -0.7097803 0.6967299 0.06892436 -0.7140147 0.6766107 0.04575717 -0.7349179 -0.8593636 0.08559429 -0.5041507 -0.8545473 0.09418469 -0.5107623 -0.8418076 0.1158882 -0.5271908 0.9052188 -0.1145802 0.4092068 0.9017075 -0.12279 0.4145436 0.91301 -0.09542596 0.3966189 0.8533076 0.1724014 -0.4920813 0.8247864 0.1798211 -0.5360895 0.8754402 0.07779318 -0.4770251 0.8200222 0.08930617 -0.5653211 0.8493539 0.07772278 -0.5220701 0.02087968 -0.9940736 -0.1066851 0.01301282 -0.992753 -0.1194666 0.04741179 -0.9939932 -0.09863996 -8.69656e-7 -0.6730254 0.7396194 0.2380738 -0.6533065 0.7186874 0.9684848 -0.1557778 0.1943464 0.9803147 -0.1310666 -0.147664 0.9623591 -0.154129 0.2238513 0.8975916 -0.04890501 0.438107 0.892207 -0.05822795 0.4478574 0.9051721 -0.03516232 0.4235886 -0.8861092 0.04114186 -0.4616469 -0.8808913 0.05012643 -0.4706568 -0.8707743 0.06676244 -0.4871292 0.4995589 0.1040495 -0.8600085 0.6188233 0.05580699 -0.7835453 0.5272228 0.1362425 -0.8387337 -0.5697994 -0.01032888 0.8217189 -0.4006639 0.01553475 0.9160934 -0.3137313 0.02756005 0.9491118 0.8474712 -0.105404 0.5202717 0.8527203 -0.09628152 0.5134178 0.8347789 -0.1265126 0.5358535 0.1080723 -0.9856159 -0.1299303 0.1118111 -0.9864054 -0.1204275 0.1014137 -0.9839613 -0.1467497 -0.7565973 -0.1249442 0.641833 -0.8461028 -0.1068122 0.522208 -0.8669022 -0.1128273 0.4855415 -0.7160301 -0.06417888 0.695113 -0.7280614 -0.07436943 0.681466 -0.7005468 -0.05139559 0.7117533 0.08045345 -0.9709483 -0.225359 0.07635873 -0.9644847 -0.2528609 0.07468527 -0.9564946 -0.2820289 0.8436701 0.09695172 -0.5280353 0.643631 0.1495679 -0.7505789 0.07886618 -0.9945857 -0.06767189 0.07893925 -0.9948445 -0.0636633 0.07921302 -0.9957028 -0.04797083 0.6588779 0.2821461 -0.6973332 0.2329876 0.3636128 -0.9019438 0.2614214 0.2001711 -0.9442406 0.6746808 0.1518062 -0.7223302 0.7294633 0.1795722 -0.6600281 0.7266745 0.1766769 -0.6638746 0.7062985 0.1560347 -0.6905038 -0.9356548 -0.08098435 0.343499 -0.9866048 0.03467333 -0.1594021 -0.9546975 0.06558221 -0.2902617 -0.9894565 0.02960151 -0.1417725 0.9090238 -0.1510032 0.3884249 -0.1719411 0.004110634 0.9850987 0.6124844 0.03384399 -0.7897579 0.8684319 -0.05483072 -0.4927674 0.8608886 -0.05467039 -0.5058478 0.9800978 -0.1302856 -0.1497795 -0.7791194 -0.01118534 0.6267759 -0.7811037 -0.01412963 0.6242414 -0.7601264 0.01602953 0.6495777 0.8814657 -0.05949354 0.4684855 0.8836051 -0.05491816 0.4650013 0.8696212 -0.08362114 0.4865866 -0.881961 0.1198267 -0.4558359 -0.9422428 0.08643639 -0.3235853 -0.8661796 0.1491435 -0.4769583 0.2050418 -0.2287766 0.9516403 0.4352816 -0.208485 0.875822 0.3937816 -0.2167063 0.8932942 0.2431452 -0.07699918 0.966929 0.5077903 -0.06537342 0.8589968 0.4637674 -0.07374894 0.8828822 0.8908829 -0.008439898 0.4541547 0.8880601 -0.01388841 0.4595176 0.9000075 0.01001942 0.4357593 0.01672387 -0.9998508 -0.004325509 0.07615071 -0.9922683 0.09800404 0.07074666 -0.9974936 0.001259148 0.605984 0.1598861 -0.7792432 0.5894678 0.1501256 -0.7937191 0.5740889 0.1411373 -0.8065373 -0.8845177 0.05309385 -0.4634755 -0.8865164 0.04873842 -0.4601231 -0.8963898 0.0261383 -0.4424954 0.01752889 0.8798401 0.4749466 0 0.8805974 0.4738653 0.03019917 0.8831089 0.4681951 -0.6405211 0.2756147 -0.716777 -0.8308548 0.1939038 -0.5216143 -0.8053615 0.1929457 -0.560504 -0.6967077 0.06891 -0.7140378 -0.700572 0.07347202 -0.7097893 -0.6766019 0.04575794 -0.7349259 0.8545486 0.09418326 -0.5107607 0.8593565 0.08560872 -0.5041604 0.8418075 0.1158877 -0.5271911 -0.9052116 -0.1145974 0.4092183 -0.9017024 -0.1228031 0.4145506 -0.8925487 -0.1431614 0.4276233 -0.8533071 0.1724021 -0.4920817 -0.8754399 0.07779318 -0.4770255 -0.8200259 0.0893048 -0.565316 -0.8436719 0.0969485 -0.5280329 -0.02087962 -0.9940732 -0.1066899 -0.01301276 -0.9927529 -0.1194676 -0.004768252 -0.9935731 -0.1130917 -0.9684878 -0.1557779 0.1943311 -0.9803128 -0.131064 -0.1476785 -0.9800978 -0.1302846 -0.1497813 -0.8975798 -0.0489245 0.4381291 -0.8922055 -0.05823004 0.4478601 -0.8833779 -0.07283377 0.4629673 0.8808996 0.05011343 -0.4706426 0.8861022 0.04115796 -0.4616591 0.8707835 0.06674766 -0.4871152 -0.4995498 0.104038 -0.8600152 -0.6188401 0.05579352 -0.7835331 -0.6124926 0.03384208 -0.7897517 0.4007012 0.01551979 0.9160774 0.5698173 -0.01035344 0.8217064 0.3137571 0.02756392 0.9491032 -0.8474727 -0.1054031 0.5202693 -0.8527277 -0.09626728 0.5134084 -0.8637885 -0.07616233 0.4980651 -0.1080722 -0.9856159 -0.1299307 -0.111811 -0.9864054 -0.1204271 -0.1175892 -0.9874258 -0.1056558 0.7565973 -0.1249442 0.641833 0.8461027 -0.1068122 0.5222082 0.7335116 -0.1008665 0.6721509 0.7160359 -0.06418359 0.6951066 0.7280625 -0.0743705 0.6814647 0.7420438 -0.08652317 0.6647441 -0.08045285 -0.9709483 -0.2253593 -0.07468765 -0.9564927 -0.282035 -0.07636225 -0.964483 -0.2528667 -0.6435654 0.1495809 -0.7506326 -0.07886618 -0.9945856 -0.06767219 -0.07893925 -0.9948445 -0.06366395 -0.07854169 -0.9933083 -0.08467578 -0.6588513 0.2821515 -0.6973561 -0.2329876 0.3636126 -0.9019439 -0.2465308 0.3646739 -0.8979062 -0.2614121 0.2001665 -0.9442443 -0.6746812 0.151797 -0.7223317 -0.726665 0.1766672 -0.6638876 -0.7294545 0.1795575 -0.660042 -0.7062996 0.1560352 -0.6905028 0.9356563 -0.08098334 0.3434954 0.8669033 -0.1128268 0.4855398 0.9547514 0.06555575 -0.2900902 0.9866057 0.03468334 -0.1593936 0.9894972 0.02953827 -0.1415024 -0.9090353 -0.1510046 0.3883973 -0.9623591 -0.154128 0.2238519 0.171934 0.004109382 0.9850999 0.1349114 -4.80644e-4 0.9908577 -0.8684319 -0.0548312 -0.4927673 -0.8608844 -0.05466848 -0.5058553 0.7791273 -0.01119613 0.6267657 0.7811145 -0.01415139 0.6242274 0.7979772 -0.04017782 0.6013469 -0.8814815 -0.05946266 0.4684598 -0.8836044 -0.05492091 0.4650021 -0.89372 -0.03219842 0.4474685 0.9422414 0.08644634 -0.3235863 0.8819555 0.1198369 -0.4558438 0.8661788 0.1491442 -0.4769594 -0.4352839 -0.2084846 0.8758208 -0.2050431 -0.2287769 0.9516399 -0.3937838 -0.2167067 0.8932932 -0.5077895 -0.065373 0.8589972 -0.2431497 -0.07699888 0.9669278 -0.4637677 -0.07374852 0.8828821 -0.8908827 -0.008442103 0.454155 -0.8880522 -0.01390421 0.4595326 -0.8774327 -0.03345078 0.4785322 -0.1261417 -0.9890704 -0.07634103 -0.1217569 -0.9858624 -0.1151109 -0.1340928 -0.9885779 -0.06879687 -0.5894529 0.1501172 -0.7937317 -0.6059893 0.1598929 -0.7792376 -0.5741007 0.1411445 -0.8065276 0.8865234 0.04872554 -0.4601111 0.8845229 0.0530771 -0.4634677 0.8963896 0.026138 -0.4424957 0 -0.99977 -0.02145099 0.01394951 -0.9968773 -0.07772558 0.01271122 -0.9972731 -0.07269746 0.8083447 0.01052403 -0.5886155 0.6636959 0.02788811 -0.7474825 0.6264281 0.04151719 -0.778373 0.6996324 -0.1612848 -0.6960617 0.6958543 -0.1669782 -0.6985021 0.6762306 -0.1955741 -0.7102557 -0.859669 -0.08276581 -0.5041021 -0.8551114 -0.07669878 -0.5127395 -0.8431735 -0.06142538 -0.5341212 0.9015206 0.02576804 0.4319685 0.9050712 0.01898711 0.424836 0.9129445 0.003211557 0.4080712 0.8524479 0.003191232 -0.5228025 0.8235723 -0.004111528 -0.5671966 0.8484252 -0.09178972 -0.521296 0.8516045 -0.08813863 -0.5167219 0.8774775 -0.08757197 -0.4715554 0.04975539 -0.9823666 0.1802233 -1.28441e-7 -0.9777294 0.2098698 0.005654871 -0.9772102 0.2121993 -1.65198e-7 -0.8768129 0.4808316 0.9689685 -0.0851494 0.2320555 0.9809936 -0.1710957 -0.09153079 0.9665376 -0.08231401 0.24296 0.8914938 0.0993703 0.4420004 0.8969309 0.08904343 0.4331124 0.9045142 0.07394856 0.4199831 -0.8803703 -0.1143102 -0.4603058 -0.8856956 -0.1041675 -0.4524297 -0.8701207 -0.1329289 -0.4745734 0.4978147 -0.1812089 -0.8481415 0.6172726 -0.2014726 -0.7605152 0.5260018 -0.1437731 -0.8382431 -0.5714531 0.2568674 0.7793976 -0.3997372 0.312473 0.8617255 -0.3168212 0.3345295 0.8875328 0.8485038 0.069112 0.524657 0.8534928 0.07554191 0.5156001 0.8364512 0.05416554 0.5453582 0.1372546 -0.9769874 0.1632692 0.1480499 -0.9705259 0.1901595 0.1178016 -0.9863324 0.1152008 -0.7577432 0.09022551 0.6462853 -0.8461192 0.06964892 0.5284234 -0.8674862 0.04996138 0.494946 -0.7154495 0.1653152 0.6788248 -0.7272496 0.1512126 0.6695095 -0.7004276 0.1826607 0.6899538 0.07840639 -0.9922141 0.096767 0.07516837 -0.9928631 0.09258925 0.07482713 -0.9921877 0.0998224 0.01331573 -0.9971109 0.07478517 -0.02763569 -0.9979211 0.0582236 0.01669174 -0.9965407 0.08141279 0.8218324 -0.08500123 -0.5633527 0.6701008 -0.0988813 -0.7356545 0.6362426 -0.09540933 -0.7655668 0.07824981 -0.9565268 0.280951 0.07824665 -0.9565811 0.2807672 0.07823067 -0.9568518 0.2798475 0.2505697 0.05075633 -0.9667671 0.2386233 -0.118265 -0.9638839 0.729413 -0.04462647 -0.6826164 0.7267687 -0.04856109 -0.6851635 0.7072399 -0.07666534 -0.7028046 -0.8675199 0.04996097 0.4948871 -0.9208578 0.03904646 0.3879385 -0.9362899 0.0329352 0.3496806 -0.9867008 -0.01892548 -0.1614414 -0.9503994 -0.02272474 -0.3102009 -0.9895612 -0.01798731 -0.142987 0.9689519 -0.08511811 0.232136 0.8971527 -0.008394002 0.4416409 0.9165928 -0.02325189 0.3991455 -0.1723021 0.3237317 0.9303278 0.6137297 -0.2245357 -0.7569146 0.867316 -0.2117319 -0.4504805 0.8674626 -0.2146851 -0.4487971 0.9803891 -0.1710706 -0.09783828 -0.7803954 0.1924936 0.5949196 -0.7823036 0.1889961 0.593533 -0.7614981 0.2256444 0.6076228 0.8806191 0.09622335 0.4639517 0.8827942 0.09948235 0.4591055 0.8688074 0.07923895 0.4887688 -0.8759194 -0.03614109 -0.4811021 -0.9408875 -0.03574848 -0.3368275 0.2037703 0.09284472 0.9746063 0.4357804 0.0873323 0.8958062 0.3943238 0.08524376 0.9150094 0.2407731 0.2414976 0.940057 0.5076215 0.2172587 0.8337382 0.4634346 0.2171204 0.8591199 0.8915858 0.1390793 0.4309661 0.8888231 0.1357252 0.4376899 0.9006587 0.1505628 0.4076087 0.07229405 -0.9536546 0.2920901 0.07597476 -0.9515308 0.2980217 0.09384691 -0.9515994 0.2926627 0.6075755 -0.1018347 -0.7877067 0.5909719 -0.1156707 -0.7983561 0.5753068 -0.1284102 -0.8077951 -0.8837214 -0.1006301 -0.4570668 -0.8857972 -0.103738 -0.4523295 -0.8957798 -0.1193636 -0.4281716 -5.18489e-7 -0.9982399 0.05930709 0.05364984 -0.9980954 0.03045111 -0.8083442 0.01052445 -0.5886161 -0.6636953 0.02788835 -0.747483 -0.8355033 0.004031538 -0.5494707 -0.6958658 -0.1669742 -0.6984915 -0.6996333 -0.161292 -0.6960591 -0.6762395 -0.195572 -0.7102476 0.8551103 -0.07669711 -0.5127418 0.859672 -0.08276611 -0.5040973 0.8431735 -0.06142598 -0.5341213 -0.9050791 0.01897144 0.4248201 -0.9015166 0.0257771 0.4319761 -0.9129441 0.003212392 0.4080724 -0.8524476 0.003192067 -0.522803 -0.8515924 -0.08813673 -0.5167421 -0.8484129 -0.09179699 -0.5213145 -0.8774775 -0.08757257 -0.4715553 -0.9689205 -0.0850746 0.2322832 -0.9809937 -0.1710851 -0.09154945 -0.980376 -0.1710789 -0.09795475 -0.8969368 0.08903151 0.4331025 -0.8915 0.09935712 0.4419908 -0.904515 0.07394766 0.4199816 0.8803721 -0.1142942 -0.4603064 0.8856944 -0.104155 -0.4524347 0.8945042 -0.08655446 -0.4386007 -0.4978106 -0.1812168 -0.8481422 -0.6172303 -0.2014724 -0.7605496 -0.6137389 -0.2245314 -0.7569084 0.3997052 0.3124735 0.8617401 0.5714582 0.256854 0.7793982 0.3168236 0.3345318 0.8875311 -0.8485045 0.06911528 0.5246555 -0.8534957 0.07554787 0.5155944 -0.8640572 0.08969652 0.4953382 -0.1372546 -0.9769873 0.1632696 -0.1480499 -0.970526 0.1901592 -0.1645711 -0.9587841 0.2316238 0.7577432 0.09022551 0.6462853 0.8461195 0.06964892 0.528423 0.7338181 0.1229143 0.6681341 0.7154409 0.165324 0.6788316 0.7272679 0.1511948 0.6694936 0.7408625 0.1343916 0.6580743 -0.07840681 -0.9922141 0.09676641 -0.07482451 -0.9921873 0.0998286 -0.07516467 -0.9928625 0.09259849 0.02763569 -0.9979209 0.05822539 -0.01331692 -0.9971112 0.07477998 -0.01669204 -0.9965425 0.08139109 -0.8218314 -0.08500123 -0.5633544 -0.6701016 -0.0988847 -0.7356533 -0.07825195 -0.956491 0.2810724 -0.07824873 -0.9565452 0.2808886 -0.07826924 -0.9561918 0.2820836 -0.6264279 0.04151719 -0.778373 -0.25057 0.05075627 -0.9667671 -0.238659 -0.1182638 -0.9638754 -0.2601523 -0.1151353 -0.9586786 -0.7267646 -0.0485689 -0.6851674 -0.7294031 -0.04464399 -0.6826258 -0.7072401 -0.07666474 -0.7028044 0.8675094 0.04995042 0.4949065 0.9208469 0.03905361 0.3879639 0.950363 -0.02275097 -0.3103106 0.9867035 -0.01894038 -0.1614239 0.9895216 -0.01801514 -0.1432564 -0.8971431 -0.008380234 0.4416608 -0.9665397 -0.08230078 0.242956 0.1722966 0.3237316 0.9303289 0.1358886 0.3212658 0.9371888 -0.8672244 -0.2117426 -0.4506518 -0.8674597 -0.2146754 -0.4488076 0.78039 0.1924885 0.5949284 0.7822964 0.1889976 0.5935422 0.7990577 0.156975 0.5804014 -0.880622 0.09622502 0.4639458 -0.8827959 0.09949088 0.4591003 -0.8928944 0.1153441 0.4352418 0.8759335 -0.03613185 -0.4810771 0.9503372 -0.02274119 -0.3103905 0.890806 -0.01270025 -0.4542064 -0.4357836 0.08733212 0.8958045 -0.2037702 0.09284454 0.9746065 -0.3943232 0.08524346 0.9150098 -0.5076211 0.217259 0.8337383 -0.2407734 0.2414977 0.9400569 -0.4634357 0.2171205 0.8591194 -0.8915884 0.1390824 0.4309597 -0.8888305 0.1357322 0.4376724 -0.8782736 0.1234207 0.4619554 -0.1223063 -0.9532623 0.2762828 -0.1176776 -0.9608832 0.25071 -0.1219573 -0.9588223 0.2564884 -0.5909613 -0.1156773 -0.7983631 -0.6075774 -0.1018303 -0.7877058 -0.5752952 -0.1284195 -0.807802 0.8858052 -0.1037431 -0.4523125 0.8837268 -0.100634 -0.4570558 0.8957828 -0.1193623 -0.4281659 0.01825439 0.282479 0.9590998 -1.16279e-6 0.2830018 0.9591194 0.02858227 0.28922 0.9568359 0.8320969 -0.1673468 -0.5287814 0.6363753 -0.223659 -0.7382433 0.8045147 -0.1924433 -0.5618912 0.6996012 -0.3786768 -0.6059391 0.6955674 -0.3850078 -0.606593 0.6746997 -0.4164906 -0.609357 -0.8601503 -0.2416363 -0.4491699 -0.8554852 -0.2388653 -0.4594436 -0.8430963 -0.2316704 -0.4853015 0.9045304 0.1616519 0.3945802 0.9009348 0.1584167 0.404006 0.9123927 0.1690124 0.3727926 0.853345 -0.1663788 -0.4940853 0.8246442 -0.1876421 -0.5336219 0.8757523 -0.2315113 -0.4236277 0.8202062 -0.276742 -0.5006753 0.8495849 -0.2593212 -0.4593017 -0.02633094 -0.8787509 0.4765539 0.002315759 -0.8823614 0.4705668 0.9685498 -0.003885507 0.2487896 0.979731 -0.1964526 -0.0391606 0.963222 0.01141649 0.2684643 0.8973397 0.2309631 0.376082 0.8920936 0.2293414 0.389322 0.9046092 0.2332293 0.3567722 -0.8854746 -0.2519357 -0.3904653 -0.880288 -0.2502086 -0.4030992 -0.8704676 -0.2469592 -0.4257904 0.49911 -0.4465919 -0.7425934 0.6205683 -0.4376779 -0.6506406 0.5279021 -0.4077339 -0.7450319 -0.5714457 0.4958701 0.6538828 -0.4027184 0.5748922 0.7122617 -0.3146946 0.6047829 0.731577 0.8485593 0.2358186 0.4736421 0.8536831 0.2387685 0.4628334 0.8359689 0.2287216 0.4988412 0.1200556 -0.8737822 0.4712659 0.1190962 -0.875029 0.4691911 0.1217266 -0.8715933 0.4748766 -0.7579466 0.2951672 0.5817159 -0.8432567 0.2399188 0.4809961 -0.8696538 0.2063958 0.4484452 -0.7150168 0.3770375 0.5887221 -0.7273847 0.3605244 0.5838953 -0.6988592 0.397754 0.5944641 0.08104205 -0.8987693 0.4308666 0.07508015 -0.8845136 0.4604331 0.0774399 -0.8979808 0.4331671 0.004255771 -0.5987465 -0.8009274 -0.06983482 -0.5621852 -0.8240575 0.8450833 -0.247135 -0.4740871 0.6469947 -0.3442935 -0.6803382 0.07689207 -0.8246686 0.5603654 0.07715922 -0.8159609 0.5729349 0.0780242 -0.7803841 0.6204134 0.6647261 -0.2045602 -0.7185362 0.2314226 -0.2674804 -0.9353597 0.6717976 -0.3231282 -0.6665406 0.2407196 -0.4247825 -0.8727051 0.7280442 -0.2644708 -0.632461 0.7252335 -0.2692032 -0.6336924 0.7051534 -0.3017128 -0.6416604 -0.8696967 0.2063612 0.448378 -0.920571 0.1632539 0.3548203 -0.9360651 0.1450054 0.3205552 -0.9894745 -0.06295752 -0.1302945 -0.9446582 -0.1286781 -0.3017662 -0.9526622 -0.1288899 -0.2753583 0.9685338 -0.003823757 0.248853 0.8937294 0.1410642 0.4258506 0.9137262 0.112984 0.3903065 -0.172818 0.6083721 0.7746079 0.6064773 -0.4603177 -0.6483001 0.8688598 -0.3462362 -0.3538407 0.8520714 -0.3606642 -0.3793362 0.9798055 -0.196107 -0.03902935 -0.7801719 0.3754869 0.5003415 -0.7819792 0.371836 0.5002468 -0.7621134 0.4103429 0.5008012 0.8813561 0.2410739 0.4063187 0.8833593 0.2426431 0.4009996 0.8701953 0.2325813 0.4343573 -0.8811747 -0.1861637 -0.4345967 -0.865032 -0.176125 -0.4697868 0.3959293 0.3811286 0.8354526 0.2235914 0.4026917 0.8876071 0.437416 0.3698301 0.8196907 0.2406828 0.5338301 0.8106154 0.5062604 0.4768111 0.7185761 0.4619264 0.4848998 0.7426279 0.8914361 0.2717136 0.3626478 0.888566 0.2708873 0.3702303 0.9009321 0.2744553 0.3361484 0.06121754 -0.7844488 0.6171649 0.07592296 -0.7677471 0.636239 0.09456598 -0.7809857 0.6173481 0.6076177 -0.3521679 -0.7118839 0.5912712 -0.3686982 -0.7172588 0.5760213 -0.3836377 -0.7218183 -0.884097 -0.243335 -0.3989496 -0.8860284 -0.2448065 -0.3937304 -0.8955308 -0.2522726 -0.3665832 -0.636375 -0.2236588 -0.7382436 -0.8320963 -0.1673465 -0.5287825 -0.8045144 -0.1924426 -0.5618919 -0.6955738 -0.3850048 -0.6065875 -0.6996023 -0.378681 -0.6059353 -0.6747088 -0.4164863 -0.6093499 0.8554729 -0.2388558 -0.4594717 0.8601499 -0.2416349 -0.4491711 0.8430964 -0.2316709 -0.485301 -0.9045304 0.1616426 0.3945841 -0.9009353 0.1584047 0.4040093 -0.8916993 0.1503962 0.4269114 -0.8533448 -0.1663783 -0.4940862 -0.8757521 -0.2315115 -0.4236281 -0.8202047 -0.2767429 -0.5006771 -0.8450837 -0.2471346 -0.4740867 -0.9685053 -0.003759622 0.2489646 -0.9797116 -0.1965233 -0.03929162 -0.9797872 -0.1961724 -0.03916054 -0.8973416 0.2309532 0.3760832 -0.8920856 0.2293277 0.3893483 -0.8836915 0.2267503 0.4094796 0.880275 -0.2502059 -0.4031289 0.8854598 -0.2519302 -0.3905023 0.8704586 -0.2469563 -0.4258104 -0.4991109 -0.446594 -0.7425915 -0.6205776 -0.4376789 -0.6506309 -0.6064866 -0.4603191 -0.6482904 0.402714 0.5748959 0.7122613 0.5714429 0.4958657 0.6538887 0.3146168 0.6047935 0.7316018 -0.8485556 0.2358158 0.4736499 -0.853697 0.2387754 0.4628044 -0.8646722 0.2452318 0.43841 -0.1200556 -0.8737822 0.4712659 -0.1190962 -0.8750292 0.4691907 -0.117627 -0.8769258 0.4660096 0.7579465 0.2951673 0.5817159 0.8432568 0.2399188 0.4809959 0.7349558 0.3326994 0.5908902 0.7150263 0.3770254 0.5887184 0.7273859 0.3605198 0.5838966 0.7419243 0.3403043 0.5777035 -0.08104252 -0.8987694 0.4308665 -0.07743692 -0.8979761 0.4331773 -0.07507628 -0.8845089 0.460443 -0.6470223 -0.3442825 -0.6803175 -0.07689207 -0.824669 0.5603649 -0.07715916 -0.8159609 0.5729349 -0.07556617 -0.8593007 0.5058578 -0.6647509 -0.2045508 -0.7185161 -0.2314257 -0.2674801 -0.9353591 -0.2510876 -0.2637562 -0.9313365 -0.6717988 -0.323131 -0.6665379 -0.2407559 -0.4247782 -0.8726971 -0.2576201 -0.4206409 -0.8698811 -0.7252276 -0.2692149 -0.6336942 -0.7280475 -0.2644698 -0.6324576 -0.7051535 -0.3017123 -0.6416605 0.8696777 0.2063761 0.448408 0.9205602 0.1632696 0.3548408 0.989436 -0.06307917 -0.1305282 0.9446581 -0.1286807 -0.3017658 0.9865823 -0.07150316 -0.1467745 -0.8935721 0.1412802 0.4261091 -0.9631828 0.01152533 0.2686 0.1728078 0.6083886 0.7745972 0.1356139 0.6082913 0.7820426 -0.8688004 -0.3462782 -0.3539454 -0.8519918 -0.3607236 -0.3794581 0.7801663 0.3754901 0.5003479 0.7819845 0.3718131 0.5002552 0.7980598 0.3377701 0.499011 -0.8813601 0.2410792 0.406307 -0.8833599 0.2426484 0.4009952 -0.892957 0.2504159 0.3740583 0.8811797 -0.186167 -0.4345853 0.8650315 -0.1761247 -0.4697877 -0.3958658 0.38114 0.8354776 -0.2235459 0.4026969 0.8876163 -0.2004724 0.4065226 0.8913756 -0.5062559 0.4768126 0.7185783 -0.2406588 0.5338307 0.810622 -0.4618795 0.4849078 0.7426519 -0.8914364 0.2717145 0.3626463 -0.8885611 0.2708826 0.3702456 -0.8774445 0.2676577 0.3980588 -0.1260114 -0.8367983 0.5328131 -0.1131188 -0.8791803 0.4628674 -0.1331329 -0.830834 0.5403616 -0.5912475 -0.3687224 -0.7172658 -0.6076004 -0.3521811 -0.711892 -0.5760102 -0.3836495 -0.7218208 0.8860263 -0.2448056 -0.3937354 0.8840955 -0.2433372 -0.3989514 0.8955306 -0.2522729 -0.3665834 0.002159178 0.869891 -0.4932394 -0.002159237 0.8698949 -0.4932327 0.01079756 0.8768231 -0.480692 0.8311143 -0.3306929 -0.4470919 0.6400255 -0.4498664 -0.6228866 0.8053354 -0.3639723 -0.4679309 0.7005764 -0.5542694 -0.44942 0.6966962 -0.5603285 -0.4479357 0.6764342 -0.590599 -0.4400337 -0.859613 -0.3751121 -0.3469247 -0.8547952 -0.3760011 -0.3576989 -0.8419437 -0.3780332 -0.3849958 0.9051749 0.280148 0.3196491 0.9016726 0.2800951 0.3294442 0.9129149 0.2801585 0.2968127 0.8533687 -0.3178364 -0.4132092 0.824864 -0.3506213 -0.4434683 0.8755109 -0.3568933 -0.3257421 0.8205455 -0.4241012 -0.3832013 0.8494232 -0.3946656 -0.3503134 0.02081263 -0.6402056 0.7679217 0.01299685 -0.6399679 0.7682917 0.04738342 -0.6334646 0.7723196 0.9684924 0.07742345 0.2367026 0.9802505 -0.1956478 0.02882701 0.9625825 0.1022772 0.2509474 0.8976048 0.3401696 0.2803397 0.8922492 0.3431921 0.293446 0.9051359 0.335599 0.2609642 -0.8860883 -0.3641764 -0.2867456 -0.8808926 -0.3667674 -0.299182 -0.8708593 -0.3713715 -0.3220055 0.4996153 -0.663356 -0.5570848 0.6192129 -0.6255664 -0.4745968 0.5274389 -0.6278679 -0.572355 -0.569788 0.6824831 0.4577756 -0.4009781 0.7755973 0.4875093 -0.3138366 0.8098731 0.495593 0.8475894 0.3779896 0.372446 0.8528546 0.3771822 0.3610717 0.8347728 0.3796394 0.3987839 0.1150302 -0.6410009 0.7588714 0.1160417 -0.6389488 0.7604464 0.1132323 -0.6446317 0.7560612 -0.7567995 0.4690759 0.4552167 -0.8460466 0.3790274 0.3748913 -0.8669257 0.3449449 0.3597957 -0.7159813 0.5471063 0.4336422 -0.7280597 0.5300804 0.4346766 -0.700415 0.5680899 0.4320796 0.08088916 -0.7170639 0.6922979 0.07661831 -0.7400237 0.6682025 0.07464689 -0.7651924 0.6394597 0.8436456 -0.3892241 -0.3698199 0.6448485 -0.5461937 -0.5346426 0.07903391 -0.6002379 0.7959072 0.07914841 -0.59517 0.7996927 0.07956552 -0.5751357 0.8141795 0.6598662 -0.4293301 -0.6166462 0.2328324 -0.5566735 -0.7974357 0.261707 -0.6813387 -0.6835839 0.6735042 -0.5227495 -0.5226138 0.7293466 -0.4547088 -0.5111687 0.7265301 -0.4595379 -0.5108612 0.7059909 -0.4932299 -0.5082336 -0.9355647 0.2435837 0.2557064 -0.9865932 -0.1145863 -0.1162062 -0.9549652 -0.2066552 -0.2129205 -0.9894782 -0.1024513 -0.1021599 0.909672 0.2413344 0.3380157 -0.1722642 0.8271852 0.5348737 0.6115796 -0.6433596 -0.4604985 0.8685512 -0.442533 -0.223122 0.8596364 -0.4550724 -0.232238 0.9800548 -0.1968596 0.02718645 -0.7789927 0.5189369 0.3519589 -0.7809659 0.5152066 0.3530644 -0.7601628 0.5527358 0.3415196 0.8815314 0.3597618 0.3057351 0.8836281 0.3593764 0.3000836 0.8697878 0.3616033 0.3357264 -0.881877 -0.3163796 -0.3495668 -0.941825 -0.2244957 -0.2501344 -0.8661853 -0.3179327 -0.385541 0.2052365 0.6719254 0.7116138 0.4351469 0.6195963 0.6532593 0.3936408 0.6297323 0.6696898 0.2435281 0.7676251 0.5928286 0.5077353 0.6836909 0.5241866 0.4637842 0.6990897 0.5442223 0.8907985 0.3758627 0.2553532 0.8879449 0.3774246 0.2628775 0.9000103 0.3704025 0.2297466 0.02355241 -0.5488242 0.835606 0.07619619 -0.46935 0.8797186 0.07498949 -0.5431507 0.8362799 0.6061689 -0.5651116 -0.5596501 0.5898422 -0.5824974 -0.55927 0.5747247 -0.5979987 -0.5586494 -0.8845396 -0.3591148 -0.297702 -0.8865192 -0.3587132 -0.2922474 -0.8963101 -0.3564347 -0.2637851 0.01789826 -0.7765873 0.6297553 -6.98803e-7 -0.7760673 0.6306502 0.03017896 -0.7718232 0.6351208 -0.6400265 -0.4498617 -0.6228889 -0.8311191 -0.3306848 -0.4470891 -0.8053102 -0.3639972 -0.4679548 -0.6966904 -0.5603445 -0.4479247 -0.7005665 -0.5542958 -0.4494028 -0.6764426 -0.5905926 -0.4400293 0.8547984 -0.376002 -0.35769 0.8596193 -0.3751089 -0.3469121 0.8419439 -0.3780334 -0.3849952 -0.9051701 0.2801404 0.3196696 -0.9016748 0.2800865 0.3294453 -0.892593 0.2798227 0.3535211 -0.8533644 -0.3178409 -0.4132145 -0.8755534 -0.3568363 -0.3256904 -0.8205641 -0.4240816 -0.3831832 -0.8436663 -0.3891972 -0.3698012 -0.02081298 -0.6402058 0.7679215 -0.01299744 -0.6399678 0.7682918 -0.00475049 -0.6452425 0.7639631 -0.9684606 0.0775578 0.2367889 -0.9802308 -0.1957615 0.0287255 -0.9800369 -0.1969628 0.02708482 -0.897598 0.3401647 0.2803676 -0.8922456 0.3431833 0.2934674 -0.8834901 0.3477653 0.3138546 0.8808866 -0.3667698 -0.2991968 0.8860778 -0.3641794 -0.2867745 0.8708503 -0.3713756 -0.322025 -0.4996063 -0.6633725 -0.5570731 -0.6192132 -0.6255703 -0.4745914 -0.6116342 -0.6433376 -0.4604566 0.401002 0.775585 0.4875091 0.5697929 0.6824766 0.4577792 0.3138657 0.8098694 0.4955807 -0.8475944 0.3779896 0.3724346 -0.8528678 0.3771824 0.3610401 -0.8640276 0.3751899 0.3356915 -0.1150318 -0.6410009 0.7588713 -0.1160437 -0.6389484 0.7604465 -0.1176164 -0.6357445 0.7628862 0.7567995 0.469076 0.4552167 0.8460472 0.3790268 0.3748904 0.7339945 0.5073996 0.4514396 0.7159963 0.5470845 0.4336447 0.7280657 0.5300702 0.4346793 0.7421228 0.509358 0.43567 -0.08088982 -0.7170637 0.692298 -0.07464456 -0.7651906 0.6394619 -0.07661497 -0.7400209 0.668206 -0.6448644 -0.5461853 -0.5346323 -0.07903391 -0.6002387 0.7959065 -0.07914841 -0.5951707 0.799692 -0.0785132 -0.6214579 0.7795037 -0.6598756 -0.4293177 -0.6166447 -0.2328303 -0.5566712 -0.797438 -0.2471493 -0.5525993 -0.7959594 -0.2616783 -0.6813422 -0.6835916 -0.6734784 -0.5227597 -0.5226367 -0.726539 -0.4595315 -0.5108541 -0.7293363 -0.4547352 -0.5111601 -0.7059991 -0.4932234 -0.5082283 0.9355652 0.2435827 0.2557052 0.8669261 0.3449446 0.3597951 0.95493 -0.2067269 -0.2130086 0.9865474 -0.1147792 -0.1164053 0.9894385 -0.1026392 -0.1023558 -0.9095482 0.2415884 0.3381674 -0.9625418 0.1024235 0.2510436 0.1722584 0.8271924 0.5348642 0.1353105 0.8295045 0.5418611 -0.8684965 -0.4426031 -0.2231957 -0.8595797 -0.4551454 -0.2323045 0.7789976 0.51892 0.3519732 0.7809739 0.5151859 0.3530769 0.7977007 0.4819514 0.3624864 -0.8815235 0.3597654 0.3057537 -0.8836265 0.3593782 0.300086 -0.8936589 0.3572436 0.2715712 0.9417757 -0.2245877 -0.2502375 0.881882 -0.3163694 -0.3495634 0.8661848 -0.3179233 -0.38555 -0.4351484 0.6195954 0.6532591 -0.2052068 0.6719277 0.7116203 -0.3935835 0.629745 0.6697114 -0.5077292 0.6836939 0.5241887 -0.2435095 0.7676268 0.5928341 -0.4637396 0.699104 0.544242 -0.8908036 0.3758606 0.2553385 -0.8879416 0.3774236 0.2628899 -0.8772081 0.3828073 0.2897666 -0.1275029 -0.60665 0.7846776 -0.1217335 -0.6428526 0.7562549 -0.135282 -0.6003177 0.7882369 -0.5898355 -0.5825055 -0.5592688 -0.6061413 -0.5651391 -0.5596523 -0.574713 -0.5980108 -0.5586484 0.8865152 -0.358704 -0.2922709 0.8845399 -0.3591074 -0.2977098 0.8963107 -0.3564264 -0.2637946 1.52335e-7 -0.561752 0.8273058 0.01400184 -0.6176494 0.786329 0.008288264 -0.5994123 0.8003975 0.8087701 -0.4868898 -0.329893 0.6634065 -0.6109707 -0.43198 0.6261025 -0.6293921 -0.460284 0.7000438 -0.6707008 -0.2451515 0.6963207 -0.675795 -0.2417412 0.6768173 -0.701182 -0.2241921 -0.8593976 -0.4678214 -0.2063465 -0.8547673 -0.4718291 -0.2162184 -0.8426749 -0.4815785 -0.2407933 0.9015873 0.3757167 0.2144234 0.9051453 0.3660365 0.2161698 0.9130702 0.3432692 0.2201572 0.8526259 -0.4358419 -0.2882205 0.8240286 -0.4767041 -0.3061538 0.84836 -0.4868417 -0.2080159 0.8513146 -0.4813382 -0.2087514 0.8772348 -0.4431817 -0.1845242 0.06315964 -0.3826351 0.9217382 -3.75058e-7 -0.3527468 0.9357188 0.001621186 -0.3463519 0.9381033 0.9690189 0.1480079 0.1977277 0.9806758 -0.1724432 0.0924037 0.9612157 0.1817248 0.2074617 0.8917077 0.4240806 0.1581552 0.8970912 0.4110773 0.1619963 0.9045817 0.3920053 0.1675223 -0.8806371 -0.4474924 -0.1556566 -0.8859104 -0.4354425 -0.1598522 -0.870454 -0.4695264 -0.1478344 0.4981213 -0.8091445 -0.3117056 0.6172177 -0.7470485 -0.2469025 0.5259189 -0.7806205 -0.3376996 -0.5712578 0.7932624 0.2107115 -0.3990766 0.8927167 0.2092725 -0.3145799 0.9267817 0.2052202 0.8483576 0.4773647 0.2289373 0.8533594 0.4733011 0.2185497 0.8363654 0.486442 0.2527194 0.1242001 -0.3934681 0.9109102 0.1347378 -0.3680843 0.9199782 0.1052321 -0.4377286 0.8929278 -0.7575612 0.5907484 0.2777006 -0.8468458 0.4790834 0.2309363 -0.8673772 0.4424169 0.2278684 -0.7156455 0.6586471 0.2324553 -0.7274892 0.6430944 0.2391424 -0.7005487 0.6775259 0.2240318 0.07842171 -0.4693662 0.8795143 0.07513278 -0.4734549 0.8776079 0.07478284 -0.4673937 0.8808807 0.01693719 -0.4821199 0.8759416 0.04364305 -0.4722944 0.8803598 0.01684314 -0.4850144 0.8743439 0.8214613 -0.5187087 -0.2369449 0.6706339 -0.6697229 -0.3189381 0.6354209 -0.6938942 -0.3387495 0.07839667 -0.2890509 0.9540983 0.07836461 -0.2908817 0.9535444 0.07823759 -0.2979719 0.9513631 0.2508366 -0.7818529 -0.5707777 0.2381966 -0.8719524 -0.4277399 0.7295148 -0.5959642 -0.3356112 0.7268463 -0.6002743 -0.3337144 0.7071731 -0.6305381 -0.3198876 -0.9358671 0.3127222 0.1623508 -0.9866389 -0.1458785 -0.07254952 -0.9535407 -0.2686403 -0.1363544 -0.9895553 -0.12962 -0.06307923 0.9690058 0.1480973 0.1977248 0.885264 0.3899728 0.2534344 0.9170444 0.3210608 0.2365367 -0.1722013 0.9560853 0.2371659 0.6139051 -0.7564806 -0.2255166 0.8675471 -0.4926018 -0.06859749 0.8663831 -0.4949505 -0.06636601 0.9803091 -0.1759338 0.08967351 -0.7803176 0.6035165 0.1639278 -0.7822349 0.6004376 0.1660822 -0.7612565 0.6324552 0.14314 0.8807361 0.4409382 0.1728511 0.8829176 0.4386406 0.1674846 0.8688153 0.4526189 0.2007394 -0.882036 -0.4124922 -0.2277337 -0.944011 -0.2883244 -0.1603511 -0.8657965 -0.4265112 -0.2616958 0.2040693 0.8668893 0.4548172 0.4358543 0.7979094 0.4163794 0.3943507 0.8128691 0.4286389 0.2412864 0.9191257 0.3114306 0.5077423 0.816895 0.2736428 0.4636757 0.838028 0.2876002 0.891554 0.4369929 0.1190322 0.8888163 0.4407461 0.1254932 0.9005491 0.4238628 0.09670418 0.07213008 -0.2863131 0.9554173 0.07576197 -0.2802894 0.9569212 0.09376484 -0.2846949 0.9540215 0.6074218 -0.7154414 -0.3452281 0.5907696 -0.7319428 -0.3394863 0.5750289 -0.7468559 -0.3339882 -0.8838885 -0.4374875 -0.1653665 -0.8859663 -0.4352028 -0.1601952 -0.8960136 -0.423367 -0.1338666 1.49494e-7 -0.4942327 0.8693296 0.031291 -0.511314 0.8588242 -0.8087476 -0.4869163 -0.329909 -0.6634153 -0.6109614 -0.4319796 -0.8349829 -0.4586293 -0.3040769 -0.6963056 -0.6758185 -0.241719 -0.7000386 -0.6707112 -0.2451376 -0.6768178 -0.7011845 -0.224183 0.8547667 -0.4718287 -0.216221 0.8593897 -0.4678298 -0.2063611 0.8426834 -0.4815722 -0.240776 -0.9051401 0.3660435 0.2161796 -0.9015854 0.3757148 0.2144349 -0.9130694 0.3432638 0.2201685 -0.8526218 -0.4358477 -0.2882241 -0.8513584 -0.4812711 -0.208727 -0.8483716 -0.4868235 -0.208011 -0.8772773 -0.4431102 -0.1844935 -0.9689775 0.1482234 0.1977694 -0.9806637 -0.1725335 0.09236317 -0.98029 -0.1760712 0.08961325 -0.8971038 0.411046 0.1620061 -0.8917078 0.424079 0.158159 -0.9045823 0.3920042 0.1675224 0.8806339 -0.4474948 -0.1556673 0.8859096 -0.4354404 -0.1598619 0.8946698 -0.4143097 -0.1670737 -0.4981076 -0.8091611 -0.3116846 -0.6172165 -0.7470511 -0.2468978 -0.6139169 -0.7564749 -0.2255036 0.3991109 0.8927009 0.2092742 0.5712651 0.7932593 0.2107035 0.3144068 0.9268339 0.2052497 -0.8483644 0.4773585 0.2289255 -0.8533553 0.4733045 0.2185583 -0.8638668 0.4641573 0.1956842 -0.1242024 -0.3934674 0.9109101 -0.1347409 -0.3680822 0.9199785 -0.1508954 -0.3280177 0.9325423 0.7575649 0.5907469 0.2776932 0.8468468 0.4790856 0.2309275 0.7334702 0.6270685 0.2623105 0.715649 0.6586467 0.2324458 0.7275037 0.6430794 0.239139 0.7411583 0.6242622 0.2469437 -0.078422 -0.469366 0.8795144 -0.07478034 -0.4673901 0.8808827 -0.07512938 -0.4734499 0.8776109 -0.0436455 -0.4722936 0.8803602 -0.01693701 -0.4821203 0.8759413 -0.01684337 -0.4850175 0.8743422 -0.8214799 -0.5186823 -0.2369382 -0.6706343 -0.669722 -0.3189393 -0.07839661 -0.2890515 0.9540982 -0.07836455 -0.2908825 0.9535442 -0.07852852 -0.2813238 0.9563944 -0.626102 -0.6293869 -0.4602918 -0.2508399 -0.7818503 -0.5707798 -0.2382304 -0.8719437 -0.4277391 -0.2605318 -0.865696 -0.4274268 -0.7268445 -0.6002808 -0.3337066 -0.7295158 -0.5959671 -0.3356039 -0.7071815 -0.6305304 -0.3198841 0.9358681 0.3127259 0.1623381 0.8673785 0.4424207 0.2278565 0.9535135 -0.2687139 -0.1363999 0.986635 -0.1458982 -0.07256233 0.9895161 -0.1298527 -0.06321543 -0.8850803 0.3903429 0.2535062 -0.961174 0.1819007 0.2075013 0.1724832 0.9560745 0.2370045 0.1341122 0.9606851 0.243101 -0.8674907 -0.492695 -0.06864076 -0.8663266 -0.4950432 -0.06641072 0.7803091 0.6035264 0.1639322 0.7822326 0.600437 0.1660953 0.7991253 0.5717705 0.1856812 -0.8807296 0.4409447 0.1728678 -0.8829114 0.4386492 0.1674944 -0.8930822 0.4271835 0.141134 0.9440114 -0.2883212 -0.160354 0.8820411 -0.4124814 -0.2277336 0.8657957 -0.4265053 -0.2617078 -0.435916 0.7978855 0.4163606 -0.2040417 0.8668933 0.454822 -0.3942965 0.8128873 0.4286543 -0.5077816 0.816875 0.2736297 -0.2412627 0.9191304 0.3114348 -0.4636289 0.8380493 0.2876138 -0.8915455 0.4370054 0.1190499 -0.8888053 0.4407601 0.1255219 -0.8783363 0.4542127 0.1490515 -0.1223421 -0.2992015 0.9463145 -0.1193118 -0.3184924 0.9403869 -0.1247732 -0.307915 0.9431968 -0.5907564 -0.731956 -0.3394814 -0.6074243 -0.715438 -0.3452309 -0.5750029 -0.7468799 -0.3339793 0.8859705 -0.4351975 -0.1601856 0.8838869 -0.4374884 -0.1653716 0.8960078 -0.4233741 -0.133882 0.02424919 -0.2331249 0.9721445 5.67456e-7 -0.2129341 0.9770666 0.002738833 -0.2103235 0.977628 0.8308458 -0.5370435 -0.1458754 0.635631 -0.7410575 -0.2163493 0.8027043 -0.5771679 -0.1501442 0.6992231 -0.714766 -0.01401954 0.6952052 -0.7187545 -0.009047269 0.6745394 -0.7380697 0.01580244 -0.8601344 -0.5082436 -0.0430991 -0.8554999 -0.5152818 -0.05103486 -0.8432206 -0.5328386 -0.07114923 0.9045095 0.4188321 0.08026367 0.9008837 0.4250205 0.08812594 0.9124474 0.4044451 0.06216096 0.8308646 -0.5370197 -0.145856 0.8274052 -0.5436776 -0.1407668 0.8557026 -0.5026304 -0.1230277 0.8757182 -0.4813553 -0.03761601 0.8199416 -0.5709127 -0.04188668 0.8494631 -0.5265633 -0.03381931 -0.002737522 -0.210325 0.9776278 -0.02424901 -0.2331247 0.9721445 -0.0912643 -0.1189265 0.9886999 0.03177767 -0.08241355 0.9960915 0.9685862 0.2060061 0.139292 0.9804199 -0.1349062 0.143447 0.963449 0.2299878 0.1373753 0.8971402 0.4415804 0.01209241 0.8918244 0.4519065 0.02073574 0.9044654 0.4265467 -3.64128e-4 -0.8853233 -0.46497 -0.002395153 -0.8800755 -0.4747124 -0.01074725 -0.8701226 -0.4921545 -0.02589476 0.4988731 -0.8660916 -0.0317986 0.6205955 -0.7840519 0.01113182 0.5278461 -0.8467968 -0.06568074 -0.5715378 0.8185223 -0.05801624 -0.4021279 0.9109305 -0.09218984 -0.3150944 0.9430352 -0.1067724 0.8486129 0.5254459 0.061342 0.8537227 0.5180306 0.05293458 0.8361194 0.5425301 0.08102941 -0.2341849 0.2039156 -0.9505661 0.234279 0.203908 -0.9505445 0.1237593 -0.08334594 0.9888059 0.1249211 -0.08040869 0.9889031 0.1217265 -0.0884757 0.9886126 -0.7579894 0.6484249 0.070692 -0.8438369 0.5330177 0.06189829 -0.8693255 0.4889238 0.07229632 -0.7145607 0.6995484 0.005934476 -0.7269012 0.6865264 0.0172078 -0.6985832 0.7154813 -0.008251368 0.08030337 -0.1299494 0.9882634 0.07518571 -0.1076601 0.9913407 0.07678127 -0.1275104 0.9888609 0.8452784 -0.5317883 -0.05201745 0.6463267 -0.7584721 -0.08355915 0.07713788 0.02212363 0.996775 0.07735556 0.03468042 0.9964002 0.07808339 0.08325821 0.9934642 0.6654393 -0.7129411 -0.221146 0.2311434 -0.9295763 -0.2871599 0.6726155 -0.7340583 -0.09352487 0.240427 -0.9630756 -0.121162 0.7281448 -0.6740931 -0.1241123 0.7253754 -0.6776654 -0.1208312 0.705509 -0.7019023 -0.09793007 -0.8693555 0.4888724 0.07228362 -0.9206753 0.3861215 0.05715852 -0.9361255 0.3475383 0.05372393 -0.9894797 -0.1434875 -0.01847064 -0.944704 -0.3229173 -0.05708563 -0.9526508 -0.3010765 -0.04253858 0.9685682 0.2060956 0.1392847 0.8943917 0.4322745 0.1149009 0.9142991 0.387173 0.1189718 -0.1724895 0.9812362 -0.08615708 0.6053514 -0.7953526 0.03105229 0.8687964 -0.4856357 0.09669947 0.8544866 -0.51064 0.09539103 0.9797985 -0.1399901 0.1428209 -0.7802907 0.6240693 -0.04103487 -0.782127 0.621959 -0.03800636 -0.7621002 0.6436667 -0.06997662 0.8810936 0.4725113 0.02017986 0.8831233 0.46887 0.01594233 0.8698073 0.4915441 0.04265826 -0.8812385 -0.4655776 -0.08158564 -0.8649419 -0.4898346 -0.10926 0.3962423 0.9078146 0.137349 0.2224376 0.9636719 0.1478443 0.4377552 0.8884103 0.138194 0.4660583 0.8847286 -0.006711661 0.2643755 0.9644111 -0.004101336 0.5101246 0.8601006 -2.92025e-4 0.8915151 0.4520369 -0.0293889 0.8886567 0.4579169 -0.02452373 0.9009277 0.4315062 -0.04617249 0.06794458 0.08943158 0.9936727 0.07590144 0.1030061 0.9917806 0.09407377 0.09082454 0.9914137 0.6077133 -0.788564 -0.09408199 0.59132 -0.8021348 -0.08318984 0.5759949 -0.8141726 -0.07316297 -0.8838613 -0.4675316 -0.01426374 -0.8858337 -0.4638923 -0.01013547 -0.895433 -0.4450619 0.01094949 -0.635658 -0.7410349 -0.2163476 -0.8308495 -0.5370388 -0.1458719 -0.802677 -0.5772031 -0.1501538 -0.6951934 -0.7187661 -0.009022831 -0.6992319 -0.7147574 -0.01402193 -0.6745395 -0.7380694 0.01581197 0.8554992 -0.515283 -0.05103504 0.8601251 -0.5082578 -0.04311537 0.8432208 -0.5328382 -0.07114839 -0.9045055 0.4188372 0.08028286 -0.9008838 0.4250171 0.08814126 -0.8915416 0.4400145 0.1074296 -0.8273656 -0.5437334 -0.1407849 -0.8557024 -0.5026334 -0.1230169 -0.8757219 -0.4813483 -0.03761661 -0.819957 -0.5708903 -0.04189056 -0.8452765 -0.5317907 -0.05202192 0.09127926 -0.1189324 0.9886977 -0.005141437 -0.07947421 0.9968237 -0.9685421 0.2062318 0.1392649 -0.9804076 -0.1350069 0.1434372 -0.9797796 -0.1401351 0.1428078 -0.8971421 0.4415769 0.01208961 -0.8918282 0.4518989 0.02073264 -0.8833615 0.467464 0.03391033 0.8800808 -0.4747026 -0.01074105 0.8853237 -0.4649692 -0.002391874 0.8701226 -0.4921548 -0.02589464 -0.4988565 -0.8661017 -0.03178453 -0.6206978 -0.7839705 0.01116114 -0.60536 -0.7953456 0.03105926 0.4021542 0.9109196 -0.09218204 0.5715519 0.8185133 -0.05800658 0.3151283 0.943023 -0.1067794 -0.8486079 0.5254533 0.06134694 -0.8537211 0.5180332 0.05293327 -0.8646204 0.5012603 0.03420525 -0.123762 -0.08333599 0.9888065 -0.1249253 -0.08039301 0.9889038 -0.126707 -0.07587778 0.9890339 0.7579934 0.6484209 0.0706855 0.8438388 0.5330159 0.06188917 0.7348456 0.6767874 0.04428005 0.7145815 0.699527 0.005943655 0.726906 0.6865215 0.01720488 0.7412958 0.6704744 0.03073686 -0.08030384 -0.1299492 0.9882634 -0.07678586 -0.1275054 0.9888612 -0.07518941 -0.1076534 0.9913412 -0.6463461 -0.7584552 -0.08356201 -0.07713901 0.02212357 0.9967749 -0.07735669 0.03468012 0.9964002 -0.07608652 -0.03088593 0.9966228 -0.6654506 -0.7129297 -0.221149 -0.2311744 -0.9295684 -0.2871606 -0.2503742 -0.9242907 -0.2880963 -0.6726182 -0.7340551 -0.09353023 -0.2404583 -0.9630676 -0.1211644 -0.259272 -0.9579356 -0.1230341 -0.7253649 -0.67768 -0.1208127 -0.7281479 -0.6740911 -0.124104 -0.7055177 -0.7018937 -0.09792935 0.8694105 0.4887763 0.07227218 0.920673 0.3861295 0.05714219 0.9894802 -0.1434842 -0.0184704 0.9447045 -0.3229156 -0.05708938 0.9865366 -0.1622704 -0.02035063 -0.8942962 0.43248 0.1148706 -0.96343 0.2300739 0.1373637 0.1724828 0.9812374 -0.08615607 0.135787 0.9873328 -0.08207368 -0.8687953 -0.4856377 0.09670042 -0.8544297 -0.5107373 0.09537953 0.7802938 0.6240659 -0.04103046 0.7821269 0.6219596 -0.03799897 0.7983171 0.6021516 -0.01016938 -0.881084 0.4725291 0.02018308 -0.8831234 0.4688705 0.01592177 -0.8928101 0.4504021 -0.005307197 0.8812438 -0.4655671 -0.08158904 0.8649412 -0.4898329 -0.1092728 -0.3962283 0.9078208 0.1373488 -0.2224156 0.9636752 0.1478565 -0.2009494 0.9685631 0.1466448 -0.4660278 0.8847446 -0.006716132 -0.2643715 0.9644122 -0.004116892 -0.2360868 0.9717038 -0.00740987 -0.8915128 0.4520422 -0.02937352 -0.8886604 0.4579103 -0.02451795 -0.8776494 0.4792575 -0.006624162 -0.1162874 -0.0116136 0.9931478 -0.1031006 -0.09475952 0.990147 -0.1232967 0.002781331 0.992366 -0.5913138 -0.8021397 -0.0831862 -0.6077151 -0.7885619 -0.09408748 -0.5759947 -0.8141727 -0.07316291 0.8858303 -0.4638986 -0.01014208 0.8838568 -0.46754 -0.01427119 0.895433 -0.4450619 0.01094955 -0.0285843 0.28922 0.9568358 -0.01825791 0.2824786 0.9590998 0.83136 -0.5547747 0.03264671 0.6395243 -0.7679126 0.03631854 0.8052398 -0.5909138 0.04909116 0.7005451 -0.6793017 0.2185996 0.696636 -0.6813954 0.2244965 0.6762345 -0.6914389 0.2542032 0 -0.8969066 -0.4422202 -0.8598882 -0.4950832 0.1244387 -0.8550842 -0.50457 0.1193328 -0.842195 -0.528623 0.1061379 0.9051091 0.4209306 -0.05996012 0.9016311 0.4290512 -0.05455833 0.9127995 0.4019268 -0.0724703 0.8534299 -0.5196433 0.04035556 0.8248218 -0.5630599 0.05130892 0.8756454 -0.4675974 0.1208218 0.8209322 -0.5521412 0.1456385 0.8495126 -0.508911 0.1390617 0.01789307 0.09317398 0.9954891 8.58995e-7 0.09420567 0.9955528 0.03021603 0.1003273 0.9944956 0.9684975 0.2404692 0.06470799 0.9801634 -0.08332753 0.1798229 0.9627608 0.2653116 0.0519762 0.8975996 0.4206851 -0.1316779 0.8922737 0.4332599 -0.127018 0.9050823 0.4020609 -0.1384671 -0.8860431 -0.4392347 0.1483259 -0.8808677 -0.4510342 0.1436672 -0.8709142 -0.4725217 0.1350259 0.4996303 -0.8290387 0.2511261 0.619552 -0.7390035 0.2646304 0.5276265 -0.8223348 0.213016 -0.5698778 0.7562972 -0.3213313 -0.4010348 0.8320937 -0.3831338 -0.3139519 0.8575932 -0.4073919 0.8478099 0.5181279 -0.1129689 0.8530876 0.5081421 -0.1184625 0.834876 0.5412812 -0.0999844 0 -0.9548153 -0.2971998 0.1199908 0.2876266 0.9501965 0.1190659 0.2853955 0.9509852 0.1216126 0.2915368 0.9487976 -0.7571434 0.6371836 -0.143983 -0.8460959 0.5210195 -0.1125191 -0.867009 0.4896838 -0.09222412 -0.7159194 0.6622105 -0.2212162 -0.7280163 0.6537444 -0.2064232 -0.7002426 0.6724599 -0.2397039 0.08132302 0.1910814 0.9781996 0.07689893 0.1532495 0.9851909 0.07461345 0.1075379 0.9913973 0.8438593 -0.5220904 0.1237867 0.6476605 -0.7433305 0.1673187 0.07922202 0.338462 0.9376394 0.07937741 0.3465803 0.9346557 0.07992726 0.3780167 0.9223422 0.6608307 -0.750196 0.02255755 0.2326894 -0.9720751 0.03042846 0.6683692 -0.7283914 0.1507605 0.2392283 -0.9504956 0.1983132 0.729184 -0.67675 0.1014896 0.726339 -0.6791584 0.1057149 0.7056348 -0.6955195 0.1353963 -0.935493 0.3474489 -0.06428259 -0.986508 -0.160445 0.03254967 -0.9551825 -0.2905571 0.05659466 -0.9894558 -0.1416916 0.03001427 0.9102849 0.4136491 -0.01660817 -0.1718437 0.9000935 -0.4003765 0.6108844 -0.7377834 0.2872211 0.868647 -0.4284655 0.2487364 0.8584142 -0.44529 0.2546408 0.9800111 -0.08500128 0.1798702 -0.7789922 0.5783511 -0.2422423 -0.7809377 0.5772614 -0.2385488 -0.7603352 0.5878925 -0.2761754 0.8815477 0.4526244 -0.1341822 0.8836375 0.4476885 -0.1369667 0.8699215 0.4785436 -0.1193003 -0.8817735 -0.4658374 0.07396817 -0.941334 -0.3335278 0.05147606 -0.8661691 -0.4966509 0.05557888 0.2052788 0.9631401 -0.1738446 0.4348036 0.8858439 -0.1619458 0.3932248 0.9051567 -0.1614486 0.2438279 0.9158975 -0.3188726 0.5076449 0.8126641 -0.286136 0.4636169 0.8378959 -0.2880797 0.8907809 0.419281 -0.1752511 0.8878998 0.426486 -0.1724632 0.9000756 0.3946954 -0.1846064 0.03006929 0.4011033 0.9155392 0.07608079 0.4714417 0.8786094 0.07905125 0.4042915 0.9112077 0.6066005 -0.7771935 0.1673507 0.5904037 -0.7862929 0.1821178 0.5754424 -0.7941548 0.1954082 -0.8845368 -0.4455716 0.1380605 -0.8864976 -0.4408202 0.1407121 -0.896207 -0.4158962 0.1544133 -0.6395405 -0.7678992 0.03631347 -0.8313792 -0.554746 0.03264003 -0.8052345 -0.5909205 0.04909694 -0.6966182 -0.6814008 0.2245351 -0.7005279 -0.6793088 0.2186327 -0.6762264 -0.6914393 0.2542235 0.8550782 -0.5045815 0.1193271 0.8598815 -0.4950971 0.1244305 0.8421952 -0.5286225 0.1061401 -0.9051133 0.4209218 -0.05995565 -0.9016317 0.4290516 -0.05454415 -0.8926208 0.4489256 -0.04115873 -0.8534676 -0.5195813 0.04035156 -0.8756489 -0.4675915 0.1208189 -0.8209484 -0.5521199 0.1456273 -0.8438573 -0.5220947 0.1237831 -0.03021639 0.1003277 0.9944956 -0.01788991 0.09317386 0.9954891 -0.9684664 0.2406125 0.06464195 -0.9801483 -0.08344596 0.17985 -0.9799924 -0.0851407 0.1799058 -0.897597 0.420692 -0.1316736 -0.8922661 0.4332776 -0.1270112 -0.8835818 0.4527232 -0.1196877 0.8808706 -0.4510282 0.1436689 0.8860305 -0.4392629 0.1483177 0.8709141 -0.4725215 0.1350261 -0.4996095 -0.8290432 0.2511532 -0.6196333 -0.7389375 0.2646241 -0.6109083 -0.7377632 0.2872219 0.4010968 0.8320742 -0.3831108 0.5698903 0.7562983 -0.3213068 0.313983 0.8575824 -0.4073905 -0.8478236 0.5181029 -0.1129813 -0.8531001 0.5081188 -0.1184729 -0.8643494 0.4856334 -0.1306155 -0.1199839 0.2876062 0.9502035 -0.1190754 0.2854176 0.9509773 -0.1176421 0.2819625 0.9521857 0.757144 0.6371804 -0.1439933 0.8460978 0.5210154 -0.112524 0.7346419 0.6546767 -0.1780447 0.7159274 0.6622014 -0.2212178 0.728039 0.6537237 -0.206409 0.7421709 0.6431579 -0.1884945 -0.08132272 0.1910819 0.9781996 -0.07461726 0.1075429 0.9913964 -0.07690179 0.1532614 0.9851889 -0.6476793 -0.7433161 0.1673108 -0.07922321 0.3384619 0.9376392 -0.0793786 0.34658 0.9346558 -0.07849937 0.3038054 0.9494948 -0.6608334 -0.7501937 0.02255159 -0.2327207 -0.9720676 0.03042501 -0.2476981 -0.9684377 0.02782553 -0.6683719 -0.7283901 0.1507543 -0.2392624 -0.950488 0.1983082 -0.2563214 -0.9467228 0.1949758 -0.7263354 -0.6791609 0.1057234 -0.7291684 -0.6767624 0.1015187 -0.7056434 -0.6955131 0.1353845 0.935584 0.3472101 -0.06424885 0.8670764 0.4895665 -0.09221357 0.9551936 -0.2905209 0.05659276 0.9865126 -0.1604171 0.03254771 0.9894562 -0.1416884 0.03001391 -0.9101639 0.41391 -0.0167393 -0.9627227 0.2654641 0.05190294 0.1719066 0.9000796 -0.4003809 0.1356348 0.9070663 -0.3985398 -0.8686519 -0.4284546 0.248738 -0.8583566 -0.4453909 0.2546584 0.7789956 0.5783497 -0.2422347 0.7809525 0.577255 -0.2385159 0.7975356 0.5671549 -0.2056025 -0.8815496 0.4526161 -0.1341974 -0.8836329 0.447694 -0.1369782 -0.8935834 0.4227992 -0.15083 0.9413345 -0.333527 0.05147129 0.8817786 -0.4658285 0.07396161 0.8661687 -0.496653 0.05556601 -0.4348067 0.8858425 -0.1619458 -0.2052786 0.9631401 -0.1738446 -0.3932244 0.9051568 -0.1614485 -0.5076411 0.8126639 -0.2861433 -0.2438023 0.9159036 -0.318875 -0.4635711 0.8379186 -0.2880874 -0.8907895 0.4192634 -0.1752495 -0.8879054 0.4264781 -0.1724547 -0.8770676 0.4521047 -0.1623387 -0.1288244 0.3228157 0.9376537 -0.121662 0.2723962 0.9544625 -0.1364538 0.3289831 0.9344252 -0.5903862 -0.7863026 0.182133 -0.6065816 -0.7772043 0.1673684 -0.575442 -0.794155 0.1954081 0.886497 -0.4408221 0.1407085 0.884545 -0.4455502 0.1380766 0.8962067 -0.4158968 0.1544135 2.92195e-7 0.3983737 0.9172232 0.014059 0.3115954 0.9501109 -0.003491461 0.3780274 0.9257878 0.8305808 -0.5151404 0.2115796 0.6334869 -0.7201453 0.2829931 0.8040626 -0.5443746 0.2390393 0.7002346 -0.5716763 0.4276187 0.6964843 -0.5716245 0.4337685 0.6768506 -0.5709019 0.464698 -0.8592259 -0.4287006 0.2791896 -0.8545348 -0.4392442 0.2771914 -0.842295 -0.4653374 0.2720301 0.901637 0.3848099 -0.1974139 0.9052034 0.3809517 -0.188368 0.913183 0.3717353 -0.1670622 0.8528083 -0.4792853 0.2073732 0.8242011 -0.5166769 0.2318139 0.8479498 -0.4408197 0.2943794 0.8511071 -0.4381337 0.2892331 0.8771614 -0.3968271 0.2704 -0.2240325 -0.5447692 -0.8081064 0.1993219 -0.5493727 -0.8114558 -0.1993523 -0.5493671 -0.8114521 0.9683801 0.2487953 -0.01846653 0.9806177 -0.01802808 0.1951001 0.9616475 0.271162 -0.04129475 0.891932 0.3638548 -0.2684534 0.8972755 0.3600128 -0.2555145 0.9047208 0.3542805 -0.2365708 -0.8807191 -0.374791 0.2895957 -0.8860013 -0.3716835 0.2772243 -0.8704596 -0.3803818 0.3124259 0.4986532 -0.702979 0.5071148 0.6172468 -0.6149824 0.4907169 0.5260677 -0.7093262 0.4691578 -0.570841 0.6100434 -0.5495341 -0.4002799 0.6627149 -0.6329179 -0.3145017 0.678296 -0.6640807 0.8479732 0.453114 -0.2750076 0.853042 0.4421083 -0.277236 0.835811 0.4782012 -0.2697107 0.111043 0.5526827 0.8259608 0.1213368 0.5736123 0.8100903 0.09256196 0.5144659 0.8525006 -0.7570839 0.5558823 -0.3432475 -0.846616 0.4555093 -0.2752318 -0.8672502 0.4327908 -0.2461081 -0.7158071 0.5544796 -0.4244673 -0.7276938 0.5515318 -0.4077676 -0.7006327 0.5578064 -0.4449334 0.07885706 0.4827932 0.8721768 0.07540571 0.4746243 0.8769525 0.07479274 0.4737193 0.8774942 0.01689755 0.4613538 0.8870553 0.04366528 0.4704967 0.8813207 0.01690798 0.4584641 0.8885521 0.8214733 -0.4818381 0.3049819 0.6722214 -0.6306043 0.3878874 0.6357524 -0.6639074 0.3937585 0.07841175 0.6334775 0.769778 0.07837826 0.6320057 0.77099 0.07824504 0.6262456 0.7756896 0.2510699 -0.9052175 0.3428486 0.6676042 -0.6956909 0.2651769 0.2594145 -0.830087 0.4936193 0.7295822 -0.6066833 0.3156664 0.7268898 -0.6074703 0.3203299 0.7070794 -0.6125574 0.3532879 -0.9359266 0.3067168 -0.1731074 -0.9866281 -0.1405325 0.08255755 -0.9538134 -0.260241 0.1500492 -0.9895471 -0.1237096 0.07411122 0.9063209 0.3921211 -0.1575552 -0.1711517 0.7210461 -0.6714161 0.614183 -0.6020396 0.510223 0.8677257 -0.3262882 0.374951 0.8652761 -0.3278057 0.3792636 0.9802266 -0.02142739 0.1967147 -0.780196 0.4671869 -0.4159695 -0.782141 0.4672992 -0.4121737 -0.7609918 0.4657227 -0.4516571 0.8809056 0.385466 -0.2746292 0.8830928 0.3797145 -0.2756159 0.8688973 0.4153448 -0.2692697 -0.8820605 -0.4160897 0.2209953 -0.9436506 -0.2927851 0.1542739 -0.8659282 -0.4520319 0.2140922 0.2042905 0.8545974 -0.4774189 0.4357925 0.7847709 -0.4407038 0.3942592 0.8032242 -0.446532 0.2417083 0.7630153 -0.5994871 0.5078884 0.6755042 -0.5345498 0.4637092 0.6988101 -0.5446452 0.8914934 0.3385736 -0.3010107 0.8887647 0.3460372 -0.3005919 0.9004284 0.3127847 -0.302315 -0.007878303 0.6714448 0.7410127 0.07564163 0.7692548 0.634449 0.05521768 0.6756866 0.7351182 0.6072279 -0.6802175 0.4105831 0.5905119 -0.6844628 0.4275586 0.5746812 -0.6880459 0.4430966 -0.8841248 -0.377196 0.2757652 -0.8861966 -0.3716445 0.2766515 -0.8963011 -0.3430243 0.2810316 5.74829e-7 0.4524941 0.8917675 0.01770776 0.44102 0.8973227 -0.6334872 -0.7201452 0.2829927 -0.8306024 -0.5151111 0.2115665 -0.8040648 -0.5443699 0.2390426 -0.6964746 -0.5716241 0.4337848 -0.7002178 -0.571677 0.4276453 -0.6768506 -0.5709022 0.4646977 0.8545388 -0.4392352 0.277193 0.8592243 -0.428705 0.2791876 0.842295 -0.4653369 0.2720305 -0.9052107 0.3809443 -0.1883482 -0.9016475 0.3848006 -0.197384 -0.9131889 0.3717281 -0.1670454 -0.8528465 -0.4792278 0.2073488 -0.8511024 -0.438142 0.2892339 -0.8479388 -0.4408333 0.2943907 -0.8771615 -0.3968271 0.2704002 0.005651354 0.6055545 0.7957839 0 0.5957452 0.8031736 -0.06133246 0.56936 0.8197972 -0.9683801 0.2487951 -0.01847046 -0.9806113 -0.01806759 0.1951287 -0.9802261 -0.02143168 0.1967169 -0.897278 0.3600099 -0.2555093 -0.8919304 0.3638575 -0.2684545 -0.9047209 0.3542807 -0.2365699 0.880719 -0.3747918 0.289595 0.8860029 -0.37168 0.2772234 0.8948152 -0.3660828 0.2555178 -0.4986347 -0.7029747 0.5071392 -0.617276 -0.6149517 0.4907186 -0.6141842 -0.602038 0.5102236 0.4003003 0.6627132 -0.6329067 0.5708579 0.6100623 -0.5494956 0.3145049 0.6782934 -0.6640819 -0.8479689 0.4531239 -0.275005 -0.8530392 0.4421135 -0.2772364 -0.8636775 0.4177964 -0.2819704 -0.111043 0.5526827 0.8259609 -0.1213368 0.5736122 0.8100904 -0.1371192 0.6051866 0.7841859 0.757084 0.5558823 -0.3432476 0.8466166 0.4555087 -0.2752311 0.7331673 0.5626372 -0.3819754 0.7158044 0.5544813 -0.4244698 0.7276937 0.5515335 -0.4077655 0.741416 0.5477229 -0.387688 -0.07885718 0.4827933 0.8721768 -0.07479292 0.4737195 0.8774941 -0.07540589 0.4746246 0.8769524 -0.0436719 0.4704975 0.88132 -0.01689732 0.4613524 0.8870561 -0.01691108 0.4584603 0.888554 -0.8214715 -0.4818402 0.3049831 -0.6722204 -0.6306053 0.3878876 -0.07841175 0.6334776 0.7697778 -0.07837831 0.6320058 0.7709901 -0.07855051 0.6396885 0.7646101 -0.2510701 -0.9052174 0.342849 -0.6676043 -0.6956909 0.265177 -0.6357541 -0.6639062 0.393758 -0.2594133 -0.8300874 0.493619 -0.726886 -0.607471 0.3203369 -0.7295667 -0.6066867 0.3156955 -0.7070798 -0.6125574 0.353287 0.9359264 0.3067172 -0.1731079 0.8672502 0.4327911 -0.2461081 0.9538241 -0.260218 0.1500212 0.9866312 -0.1405144 0.08254987 0.9895474 -0.1237079 0.07411032 -0.9065396 0.3917753 -0.1571567 -0.9616481 0.2711598 -0.041296 0.1711518 0.721046 -0.6714162 0.134692 0.7282546 -0.67194 -0.8677303 -0.3262804 0.374947 -0.8652471 -0.3278491 0.379292 0.780209 0.4671897 -0.415942 0.7821505 0.4672991 -0.4121557 0.7991779 0.4679046 -0.3773331 -0.880907 0.3854625 -0.2746297 -0.8830902 0.3797187 -0.2756184 -0.8933283 0.3512585 -0.2803252 0.94365 -0.292787 0.1542744 0.8820602 -0.4160903 0.2209953 0.8659276 -0.4520333 0.2140921 -0.4357978 0.7847687 -0.4407022 -0.2042893 0.8545975 -0.4774192 -0.3942568 0.8032248 -0.4465329 -0.5078901 0.6755036 -0.5345491 -0.2417088 0.7630153 -0.599487 -0.46371 0.6988099 -0.5446447 -0.8914837 0.3386004 -0.3010094 -0.8887606 0.3460518 -0.3005878 -0.8783766 0.3729844 -0.2988933 -0.1212731 0.6235417 0.7723268 -0.1209017 0.6105144 0.7827229 -0.1280775 0.6245121 0.770442 -0.59052 -0.6844618 0.4275491 -0.6072095 -0.6802228 0.4106016 -0.5746806 -0.6880462 0.4430968 0.8861921 -0.3716571 0.2766488 0.8841355 -0.3771652 0.2757735 0.8963011 -0.3430246 0.2810314 0.03666973 0.6882043 0.7245897 4.32744e-7 0.706021 0.708191 8.37967e-4 0.7093166 0.7048896 0.8073478 -0.4431918 0.3895778 0.6605731 -0.5719611 0.4863168 0.6283013 -0.5974156 0.4983294 0.6990159 -0.4024559 0.5911058 0.6950253 -0.4004426 0.597148 0.6745632 -0.3900772 0.6267411 -0.8600913 -0.3138738 0.4021521 -0.8554813 -0.3243505 0.4036687 -0.8432949 -0.3506929 0.4072694 0.9045602 0.2960305 -0.3068175 0.9009073 0.306034 -0.3077486 0.9125695 0.2728909 -0.3045451 0.8350478 -0.4046468 0.3727684 0.8272395 -0.4151833 0.3785468 0.8556233 -0.3777965 0.3538058 0.8756661 -0.2946116 0.3826397 0.8196662 -0.3473331 0.4555294 0.8493597 -0.3161796 0.4226329 -0.07846581 0.7736341 0.6287554 -0.001007974 0.7927742 0.6095148 0.006455481 0.7919549 0.6105455 0.9687022 0.228797 -0.09627175 0.9821774 0.05418097 0.1799783 0.9641154 0.2393974 -0.1147625 0.8969583 0.2516525 -0.3635064 0.8915839 0.2645905 -0.3675189 0.9043677 0.2329201 -0.3575857 -0.8852545 -0.2561765 0.3881989 -0.8799576 -0.2685328 0.3918735 -0.8698759 -0.2908935 0.3983681 0.4985596 -0.4999883 0.7081314 0.6206906 -0.4190521 0.6626753 0.5277503 -0.5177923 0.6733282 -0.5716068 0.3986312 -0.7171882 -0.4016328 0.4207607 -0.8134196 -0.3154709 0.4258007 -0.84804 0.8486244 0.3385158 -0.4065019 0.8537203 0.3274105 -0.4049249 0.8362486 0.3641974 -0.4099371 0.1277157 0.7822763 0.6096987 0.1311441 0.7872286 0.6025549 0.1216834 0.7734372 0.6220838 -0.7580052 0.4135348 -0.5043979 -0.8443671 0.342637 -0.4118789 -0.8690386 0.3280637 -0.3703323 -0.7143403 0.3873495 -0.5828194 -0.7265855 0.3897748 -0.5658174 -0.6985847 0.3840826 -0.6037053 0.07957965 0.7569104 0.6486553 0.07511931 0.7651662 0.6394357 0.07597035 0.7589028 0.6467573 0.8454443 -0.33397 0.4167591 0.6456064 -0.4849015 0.5899686 0.07737362 0.8486975 0.5231884 0.07754218 0.8538002 0.5147936 0.07812392 0.8727651 0.4818482 0.2307353 -0.7485538 0.6216337 0.6733509 -0.4790281 0.5631436 0.2400722 -0.6278252 0.7404059 0.6455535 -0.4849402 0.5899947 0.7283869 -0.4721315 0.4965323 0.7256687 -0.4713217 0.5012593 0.7060213 -0.4652512 0.5339244 -0.8690574 0.3280358 -0.3703134 -0.9207208 0.2587953 -0.2920584 -0.9362674 0.2346656 -0.2614104 -0.9894873 -0.09384673 0.1100354 -0.941326 -0.2220799 0.2541375 -0.9497442 -0.214283 0.2281861 0.9686881 0.22882 -0.09635829 0.8949381 0.3320206 -0.2980744 0.9146568 0.3109171 -0.2583285 -0.172251 0.4641305 -0.8688571 0.6130579 -0.4041194 0.6788576 0.8682677 -0.1857383 0.4600135 0.871298 -0.179405 0.4567862 0.9803424 0.04369705 0.1924042 -0.7803738 0.306613 -0.5449819 -0.7822148 0.3079857 -0.541558 -0.7620493 0.2931737 -0.5773475 0.880844 0.2754206 -0.385042 0.8829339 0.2697554 -0.3842653 0.8694429 0.3047382 -0.3888493 -0.8752362 -0.3298656 0.3537659 0.2025809 0.6533449 -0.7294529 0.4355882 0.5990813 -0.6718366 0.3940026 0.6146429 -0.6833564 0.4663833 0.477781 -0.7444542 0.2641391 0.5236393 -0.8099583 0.5104693 0.4696813 -0.7202921 0.8915781 0.2223486 -0.3945245 0.8887467 0.2296056 -0.3967501 0.9009088 0.1971587 -0.3866419 0.07261025 0.8796115 0.4701187 0.0761491 0.8822212 0.4646367 0.09387481 0.8785758 0.4682865 0.6077607 -0.5096934 0.6089661 0.5913243 -0.5080192 0.6263003 0.5759285 -0.5062249 0.6419057 -0.8837035 -0.2676209 0.3839889 -0.8857102 -0.2621147 0.3831622 -0.895401 -0.234077 0.3787677 -0.8073475 -0.443192 0.3895778 -0.6605732 -0.5719609 0.4863165 -0.8350374 -0.4046573 0.3727803 -0.6950228 -0.4004502 0.5971458 -0.6989933 -0.4024542 0.5911337 -0.6745632 -0.3900858 0.6267358 0.8554791 -0.3243552 0.4036697 0.8600912 -0.3138716 0.402154 0.843295 -0.3506923 0.4072697 -0.9045512 0.2960532 -0.3068219 -0.9009118 0.3060209 -0.307749 -0.891467 0.3305349 -0.3098927 -0.8272377 -0.4151898 0.3785436 -0.8556209 -0.3778 0.3538079 -0.8756662 -0.2946115 0.3826393 -0.8196645 -0.347334 0.4555318 -0.8454535 -0.3339548 0.4167525 0.07846581 0.7736344 0.6287551 0.001000225 0.7928061 0.6094733 0.0208553 0.790966 0.6115046 -0.9687318 0.2287234 -0.09614753 -0.9821777 0.05418103 0.1799764 -0.9803419 0.04369819 0.1924066 -0.8969541 0.2516644 -0.3635086 -0.8915758 0.2646088 -0.3675254 -0.8829837 0.2842966 -0.3735174 0.8799518 -0.2685459 0.3918777 0.8852533 -0.2561776 0.3882008 0.8698759 -0.2908936 0.3983678 -0.4985379 -0.499974 0.7081568 -0.6206982 -0.4190475 0.6626712 -0.6130596 -0.4041206 0.6788554 0.4015975 0.4207718 -0.8134315 0.571616 0.3986412 -0.7171753 0.3154734 0.425803 -0.8480379 -0.8486378 0.3384866 -0.4064985 -0.8537222 0.3274054 -0.4049251 -0.8645438 0.302639 -0.4012153 -0.1277152 0.7822754 0.6096999 -0.1311433 0.7872273 0.6025567 -0.1363943 0.7947106 0.5914657 0.7580053 0.413535 -0.5043975 0.8443669 0.3426372 -0.411879 0.7347019 0.4070302 -0.5427151 0.7143461 0.3873614 -0.5828045 0.7265964 0.3897832 -0.5657975 0.7408038 0.3924483 -0.5451551 -0.07957977 0.7569105 0.6486553 -0.07597035 0.7589013 0.646759 -0.07511919 0.7651644 0.6394377 -0.6456062 -0.4849056 0.5899654 -0.07737243 0.8486977 0.5231881 -0.07754105 0.8538004 0.5147933 -0.07657963 0.8262855 0.5580214 -0.2307355 -0.7485536 0.6216338 -0.2507491 -0.7463062 0.6165646 -0.6733735 -0.4790176 0.5631255 -0.2400712 -0.6278253 0.7404062 -0.2597585 -0.6264411 0.7349129 -0.7256627 -0.4713226 0.501267 -0.7283843 -0.472127 0.4965407 -0.7060221 -0.4652516 0.5339231 0.8690484 0.3280455 -0.3703258 0.9207235 0.2587894 -0.2920554 0.9894876 -0.0938459 0.1100332 0.9413254 -0.2220811 0.2541388 0.9865501 -0.1056665 0.1247135 -0.8949313 0.3320282 -0.2980862 -0.964116 0.2393961 -0.1147602 0.172182 0.4641391 -0.8688662 0.1357163 0.4708482 -0.8717129 -0.8682737 -0.185729 0.4600061 -0.8713002 -0.1794051 0.4567822 0.7803813 0.3066186 -0.5449679 0.782229 0.3079976 -0.5415306 0.7985322 0.3203864 -0.5096065 -0.8808559 0.2753863 -0.3850393 -0.8829375 0.269742 -0.3842667 -0.892724 0.2417707 -0.380251 0.8752344 -0.3298675 0.3537685 0.9497411 -0.2142954 0.228187 0.8902904 -0.3258796 0.318097 -0.4355905 0.59908 -0.6718364 -0.2025808 0.6533448 -0.729453 -0.3940026 0.614643 -0.6833564 -0.4664314 0.4777727 -0.7444293 -0.2641197 0.5236525 -0.8099562 -0.2366889 0.5247473 -0.8176912 -0.8915627 0.2223752 -0.3945443 -0.888733 0.2296289 -0.3967671 -0.8778297 0.2561658 -0.4047149 -0.09987246 0.8451305 0.5251476 -0.08736681 0.8063277 0.5849809 -0.1155517 0.8358008 0.5367355 -0.591329 -0.5080206 0.6262946 -0.6077475 -0.5096938 0.6089789 -0.5759278 -0.5062251 0.6419062 0.8857195 -0.2620879 0.3831593 0.8837041 -0.2676182 0.383989 0.895401 -0.234077 0.378768 -0.03019922 0.8831089 0.4681951 -0.01790922 0.8799727 0.4746865 0.8316011 -0.275609 0.4821611 0.6389175 -0.3895398 0.6633576 0.8051487 -0.2818853 0.5218011 0.7004658 -0.1881718 0.6884323 0.6965246 -0.1843797 0.6934391 0.6759715 -0.1650146 0.7182151 -0.8599905 -0.1662798 0.4824598 -0.85522 -0.1757285 0.4875636 -0.8424481 -0.1998453 0.5003431 0.9050353 0.1798769 -0.3854292 0.9015668 0.188857 -0.3892431 0.9126768 0.1590602 -0.3764585 0.8535155 -0.2501088 0.457118 0.8248369 -0.2647092 0.4995732 0.8757066 -0.1543093 0.4575223 0.820828 -0.1798361 0.5421258 0.8495563 -0.1616255 0.502127 -0.03048139 -0.8829427 -0.4684902 -0.01816111 -0.8797089 -0.4751659 0.9684681 0.185756 -0.1660254 0.9800679 0.1049175 0.1686987 0.9628838 0.188545 -0.1931467 0.8975809 0.1196196 -0.4243108 0.8922641 0.1304184 -0.4322683 0.9050148 0.1037852 -0.4125251 -0.8859819 -0.1158304 0.4490207 -0.8808234 -0.1261951 0.4563165 -0.8709422 -0.145128 0.4694653 0.4995996 -0.2427297 0.8315544 0.6198992 -0.1819767 0.7632887 0.5277631 -0.2709597 0.8050137 -0.5700961 0.14425 -0.8088154 -0.4015364 0.1337733 -0.9060206 -0.3137857 0.127534 -0.9408899 0.8481048 0.1883404 -0.4952236 0.8533667 0.1783366 -0.4898586 0.8351211 0.2119136 -0.5076075 0.1200316 0.9501172 0.2878712 0.1191035 0.9495364 0.2901639 0.121656 0.9511221 0.2838428 -0.7574407 0.2274881 -0.6119909 -0.8409364 0.1917663 -0.5060154 -0.8707446 0.188847 -0.4540274 -0.7157963 0.176647 -0.6755971 -0.7279694 0.1843988 -0.6603466 -0.7000346 0.1667863 -0.6943587 0.08023667 0.9253442 0.3705404 0.09812831 0.930883 0.3518918 0.1000256 0.9083214 0.4061368 0.8441726 -0.1814239 0.5044384 0.649181 -0.2655686 0.7127675 0.07939285 0.9701827 0.2290028 0.07958924 0.9726282 0.2183117 0.08026373 0.9810448 0.1763778 0.6616867 -0.3906741 0.6399566 0.2324495 -0.5057685 0.8307619 0.6685861 -0.2717075 0.6922194 0.2416573 -0.3530875 0.9038423 0.7289027 -0.2849693 0.6224898 0.7260359 -0.2827399 0.6268413 0.7052694 -0.266846 0.6568017 -0.8707908 0.1888169 -0.4539512 -0.9201275 0.1503965 -0.3615888 -0.9358006 0.1374821 -0.3246167 -0.9864878 -0.06046509 0.152269 -0.9548986 -0.111741 0.2751049 -0.989444 -0.05232524 0.1351396 0.9107622 0.212123 -0.3542825 -0.1721467 0.1565718 -0.9725486 0.6100066 -0.162949 0.7754608 0.8687195 -0.0256778 0.4946384 0.8570588 -0.03096121 0.5142876 0.9799534 0.1041836 0.1698151 -0.7791072 0.1131709 -0.6165908 -0.7810217 0.1156579 -0.6137006 -0.7606288 0.08992868 -0.6429284 0.8815467 0.1349623 -0.4523944 0.8836111 0.1299577 -0.449825 0.8700194 0.1615454 -0.4657996 -0.8816523 -0.1927019 0.4307615 -0.941659 -0.1387397 0.3066426 -0.866128 -0.2248903 0.4463706 0.2053798 0.3807355 -0.9015873 0.4345371 0.3485172 -0.8304899 0.3929164 0.3594924 -0.8463936 0.2440779 0.2334443 -0.9412385 0.5075241 0.2044581 -0.8370282 0.4633749 0.2166534 -0.8592701 0.8908391 0.08234822 -0.4467935 0.8879501 0.08860164 -0.4513251 0.9002138 0.06104719 -0.4311477 0.0368793 0.9859477 0.1629325 0.07633781 0.9925289 0.09517943 0.0833007 0.9838669 0.1583257 0.6069055 -0.2844752 0.7421183 0.5906814 -0.2771102 0.7578295 0.5756616 -0.2702876 0.7717244 -0.8845122 -0.1278831 0.448647 -0.8864549 -0.1230776 0.4461498 -0.8960867 -0.09801566 0.4329223 -0.6389178 -0.3895396 0.6633574 -0.8315994 -0.2756102 0.4821634 -0.8051484 -0.2818858 0.5218012 -0.6965076 -0.1843696 0.6934588 -0.7004553 -0.1881732 0.6884428 -0.6759713 -0.1650241 0.718213 0.8552076 -0.175751 0.4875775 0.8599766 -0.1663086 0.4824747 0.8424483 -0.1998446 0.5003431 -0.9050347 0.1798768 -0.3854302 -0.9015657 0.1888576 -0.3892455 -0.892624 0.2108556 -0.3984498 -0.8535125 -0.2501113 0.4571223 -0.8757067 -0.1543094 0.457522 -0.8208265 -0.1798365 0.542128 -0.8441729 -0.181424 0.5044378 0.01827836 0.9547078 0.296983 0 0.9551286 0.2961919 0.03045481 0.9565797 0.2898755 -0.9685019 0.1857292 -0.1658576 -0.9800852 0.1049647 0.1685692 -0.9799718 0.1042284 0.1696813 -0.8975751 0.1196296 -0.4243202 -0.8922604 0.1304286 -0.4322731 -0.8836377 0.1471465 -0.444446 0.8808205 -0.1262017 0.4563207 0.8859698 -0.1158518 0.4490389 0.8709422 -0.1451279 0.4694652 -0.4996019 -0.2427327 0.831552 -0.6198463 -0.1819906 0.7633284 -0.6099119 -0.1629882 0.7755271 0.4015282 0.1337768 -0.9060236 0.5700976 0.144253 -0.8088139 0.3137607 0.1275422 -0.940897 -0.8481091 0.1883344 -0.4952182 -0.8533746 0.178319 -0.4898511 -0.8646692 0.1558131 -0.4775663 -0.1200165 0.9501082 0.2879073 -0.1190897 0.9495269 0.2902005 -0.1176714 0.9486269 0.2937014 0.7574447 0.2274919 -0.6119844 0.840938 0.1917735 -0.5060104 0.7349725 0.2085481 -0.6452311 0.7157986 0.1766585 -0.6755917 0.7279605 0.1844022 -0.6603555 0.7421768 0.1936168 -0.6416277 -0.08023738 0.9253441 0.3705409 -0.1000221 0.9083161 0.4061496 -0.0981211 0.9308777 0.3519076 -0.6491827 -0.2655682 0.712766 -0.07939165 0.9701829 0.2290027 -0.07958805 0.9726284 0.2183117 -0.07845467 0.9585429 0.2739351 -0.6616869 -0.3906742 0.6399564 -0.2324496 -0.5057684 0.830762 -0.2482062 -0.5058529 0.8261397 -0.6685866 -0.2717074 0.692219 -0.2416595 -0.3530873 0.9038419 -0.2556381 -0.3541128 0.8995851 -0.726037 -0.2827433 0.6268386 -0.7288987 -0.2849672 0.6224954 -0.7052617 -0.2668402 0.6568123 0.8706982 0.1888863 -0.4541001 0.9201265 0.150406 -0.3615871 0.954914 -0.1117181 0.2750607 0.9864915 -0.06045484 0.1522489 0.9894446 -0.05232357 0.1351363 -0.9108926 0.2120845 -0.3539702 -0.9629257 0.1885163 -0.1929661 0.1721456 0.1565745 -0.9725484 0.1352562 0.1620287 -0.9774726 -0.868726 -0.02567493 0.4946272 -0.8570886 -0.03093969 0.5142392 0.7791041 0.113168 -0.6165954 0.7810325 0.1156754 -0.6136837 0.7974627 0.1377655 -0.58743 -0.8815562 0.1349533 -0.4523787 -0.8836206 0.1299463 -0.4498098 -0.8934901 0.1047773 -0.4366888 0.9416584 -0.138741 0.3066438 0.881652 -0.1927024 0.4307616 0.8661273 -0.2248913 0.4463717 -0.4345402 0.3485168 -0.8304884 -0.2053796 0.3807354 -0.9015874 -0.392916 0.3594922 -0.8463938 -0.5075278 0.2044644 -0.8370245 -0.2441046 0.2334432 -0.9412318 -0.4634227 0.2166476 -0.8592458 -0.8908389 0.08233779 -0.446796 -0.8879405 0.08860814 -0.4513429 -0.8770026 0.1111322 -0.4674572 -0.1301246 0.9607942 0.2448307 -0.1215531 0.9451965 0.3030325 -0.1376371 0.9614076 0.2382259 -0.5906834 -0.2771097 0.7578281 -0.606891 -0.2844639 0.7421346 -0.5756608 -0.2702873 0.771725 0.8864607 -0.1230618 0.4461426 0.8845189 -0.1278674 0.4486386 0.8960868 -0.09801584 0.4329219 0 0.9880422 0.1541841 0.01401603 0.9633149 0.2680074 -0.01539659 0.9882722 0.1519246 0.8305131 -0.104412 0.5471255 0.6346883 -0.1562077 0.7568157 0.8044198 -0.09718233 0.5860584 0.700394 0.04570239 0.7122918 0.6966172 0.05088514 0.7156363 0.6768516 0.07719367 0.7320608 -0.8591402 -4.52336e-4 0.5117402 -0.8543989 -0.007888138 0.519558 -0.8420154 -0.0264886 0.5388028 0.9052345 0.04490894 -0.4225325 0.9016802 0.05207633 -0.4292563 0.9131907 0.02805173 -0.4065659 0.853017 -0.08818298 0.514379 0.8243589 -0.08815461 0.5591611 0.8750503 0.00268644 0.4840248 0.823938 -0.003803908 0.5666672 0.8488609 0.01028323 0.5285163 0 0.999802 0.01989889 0.01402139 0.9968794 0.07768595 0.01248115 0.997345 0.07174438 0.02097189 0.9960209 -0.08661854 -0.03490293 0.9984242 -0.04394215 0.0472759 0.9944083 -0.09443062 0.9684095 0.1206989 -0.2182087 0.980524 0.1536118 0.1223776 0.961851 0.1139061 -0.2487329 0.8920407 -0.02595901 -0.4512089 0.8973867 -0.01726299 -0.4409072 0.9048705 -0.004529356 -0.4256631 -0.8807823 0.03769373 0.472019 -0.8860756 0.02906757 0.4626286 -0.8704456 0.05378884 0.4893173 0.4991846 0.04052239 0.8655476 0.6176218 0.0749861 0.7828924 0.5264201 0.005263447 0.8502083 -0.5704222 -0.1267612 -0.811511 -0.4003735 -0.1678651 -0.9008454 -0.3141804 -0.1853773 -0.9310885 0.8476812 0.01733165 -0.5302228 0.8528147 0.009439706 -0.5221284 0.8353732 0.03548002 -0.548537 0.09784734 0.9950682 -0.01628577 0.1079033 0.9932822 -0.04180175 0.07986176 0.9963864 0.02892088 -0.7567621 0.0163356 -0.6534863 -0.8463578 0.01841652 -0.5322964 -0.8670977 0.03041213 -0.4972091 -0.7159283 -0.0524584 -0.6962004 -0.7278298 -0.04011893 -0.6845834 -0.7006769 -0.06779158 -0.7102509 0.07928389 0.9944512 0.06914544 0.07570856 0.9936101 0.08370995 0.07481551 0.9928824 0.09266769 0.01683503 0.9939841 0.1082229 0.04375606 0.9942851 0.09737884 0.01682174 0.9936222 0.1114998 0.6726164 -0.01971179 0.7397288 0.6348389 -0.03309285 0.7719355 0.07841849 0.9918891 -0.1000335 0.07838362 0.9920809 -0.09814155 0.07824414 0.9927979 -0.09072113 0.2513235 -0.2075204 0.945395 0.6660473 -0.1583842 0.7289001 0.2597038 -0.04022908 0.9648501 0.7295968 -0.06716692 0.6805711 0.7268791 -0.06368666 0.6838062 0.7069213 -0.03887921 0.7062228 -0.9358658 0.02264696 -0.351628 -0.9866145 -0.00766623 0.1628903 -0.9540863 -0.01649475 0.2990775 -0.9895409 -0.005540907 0.1441461 0.9070692 0.08285659 -0.4127473 -0.1715136 -0.1682061 -0.9707161 0.6142804 0.09832787 0.7829377 0.8679403 0.1358076 0.4777405 0.8640748 0.1383821 0.4839681 0.9801751 0.1531283 0.1257327 -0.7800479 -0.09308326 -0.6187574 -0.782024 -0.08982026 -0.616742 -0.7606762 -0.1238113 -0.6372146 0.8811572 -0.01935821 -0.4724271 0.8833325 -0.02327966 -0.4681687 0.869068 0.001456737 -0.4946905 -0.8820663 -0.04230207 0.4692226 -0.9432697 -0.03096127 0.3305807 -0.8660348 -0.06771302 0.4953774 0.2045221 0.06718659 -0.9765535 0.4358133 0.05977284 -0.8980502 0.394182 0.06498885 -0.9167317 0.2421384 -0.0850625 -0.9665058 0.5079454 -0.07851403 -0.8578037 0.4637954 -0.07423108 -0.8828271 0.8913987 -0.06708896 -0.4482271 0.8886952 -0.06265956 -0.4541966 0.9002754 -0.08230966 -0.4274687 -9.62227e-4 0.9873274 -0.1586937 0.0760948 0.9546118 -0.2879686 0.05961602 0.9844854 -0.1650292 0.606994 -0.02785348 0.7942181 0.5902202 -0.01596689 0.8070845 0.5743051 -0.00490123 0.8186267 -0.8843454 0.02481371 0.4661735 -0.8863979 0.02855473 0.4620426 -0.8965005 0.04785841 0.4404504 0 0.9934282 0.1144573 0.004103302 0.992783 0.1198547 -0.634688 -0.1562077 0.7568159 -0.8304886 -0.1044183 0.5471614 -0.8044166 -0.09718883 0.5860617 -0.6966119 0.05088508 0.7156414 -0.7003902 0.04569554 0.712296 -0.676851 0.0771842 0.7320625 0.8543955 -0.007894396 0.5195634 0.8591398 -4.53469e-4 0.5117408 0.8420156 -0.02648782 0.5388027 -0.9052317 0.04489821 -0.4225398 -0.9016796 0.05206453 -0.429259 -0.8923187 0.07004892 -0.445938 -0.8529731 -0.08819621 0.5144497 -0.875047 0.002687513 0.4840307 -0.8239189 -0.003793656 0.5666951 -0.8481842 0.002109587 0.5296972 0 0.9977873 -0.0664882 0.03490298 0.9984242 -0.04394263 -0.02096885 0.9960217 -0.08660978 -0.01596891 0.9962734 -0.08476072 -0.9684292 0.1207162 -0.2181116 -0.9805409 0.153612 0.1222413 -0.9801931 0.1531301 0.1255893 -0.8973911 -0.01725637 -0.4408987 -0.8920369 -0.02596634 -0.4512162 -0.9048781 -0.004516184 -0.425647 0.8807826 0.03769207 0.4720184 0.8860777 0.02906113 0.4626251 0.8949476 0.01392543 0.4459541 -0.4991624 0.04054701 0.8655593 -0.6175612 0.07497632 0.7829411 -0.6141835 0.09831309 0.7830154 0.4002476 -0.167832 -0.9009075 0.5704227 -0.1267435 -0.8115135 0.3141465 -0.1853657 -0.9311023 -0.847685 0.01733553 -0.5302165 -0.8528228 0.009435713 -0.5221152 -0.863583 -0.007817983 -0.5041461 -0.09784716 0.9950683 -0.01628488 -0.1079026 0.9932824 -0.04179936 -0.1233019 0.9890401 -0.0812186 0.756758 0.01634174 -0.653491 0.8463538 0.01841944 -0.5323026 0.7330282 -0.0124399 -0.6800845 0.7159177 -0.05245894 -0.6962111 0.7278394 -0.04010087 -0.6845742 0.7416273 -0.02536231 -0.6703326 -0.07928442 0.9944511 0.06914627 -0.07481169 0.9928814 0.09268122 -0.07570594 0.9936087 0.08372873 -0.0437507 0.9942851 0.09738141 -0.01683497 0.9939841 0.1082237 -0.01682221 0.9936215 0.111505 -0.6726177 -0.01970672 0.7397277 -0.0784173 0.9918891 -0.1000338 -0.07838243 0.9920809 -0.09814167 -0.07856267 0.991032 -0.1080908 -0.2513235 -0.2075207 0.945395 -0.6660476 -0.1583844 0.7288999 -0.6348258 -0.03308731 0.7719466 -0.2597016 -0.04022562 0.9648508 -0.7268654 -0.06366622 0.6838226 -0.7296006 -0.06717449 0.6805663 -0.7069139 -0.03887015 0.7062308 0.935776 0.02267301 -0.3518653 0.8670313 0.03043079 -0.4973238 0.9540989 -0.016496 0.2990369 0.9866167 -0.007662773 0.162877 0.9895414 -0.005540609 0.1441431 -0.9071429 0.08289372 -0.4125778 -0.9618929 0.1139419 -0.2485551 0.1714304 -0.1682538 -0.9707226 0.1348924 -0.1647446 -0.9770687 -0.8679436 0.1358073 0.4777345 -0.8641086 0.1383855 0.483907 0.780058 -0.09306389 -0.6187476 0.7820174 -0.08982717 -0.6167494 0.7991794 -0.06031656 -0.5980588 -0.8811638 -0.01935619 -0.4724149 -0.88334 -0.02328366 -0.4681543 -0.8936355 -0.04275476 -0.4467524 0.943268 -0.03095811 0.3305862 0.8820607 -0.04229873 0.4692332 0.8660342 -0.06770175 0.4953798 -0.4358179 0.05977237 -0.8980479 -0.2045222 0.06718659 -0.9765535 -0.394182 0.06498879 -0.9167317 -0.5079039 -0.07851004 -0.8578286 -0.2421621 -0.08506488 -0.9664996 -0.4638418 -0.07423567 -0.8828024 -0.8913906 -0.06708741 -0.4482433 -0.8886847 -0.06265044 -0.4542186 -0.8783881 -0.04650276 -0.4756807 -0.1226353 0.987689 -0.09711402 -0.1218895 0.9895313 -0.0772711 -0.1309338 0.9857726 -0.1053982 -0.5901997 -0.01595199 0.8070998 -0.606976 -0.02784097 0.7942324 -0.5743051 -0.00490123 0.8186267 0.8863957 0.02855259 0.462047 0.8843419 0.02480643 0.4661803 0.8965004 0.04785847 0.4404507 0.8071086 0.08405381 0.5843892 0.6611723 0.09471666 0.7442312 0.6275747 0.09092295 0.7732291 0.6989625 0.2751311 0.660117 0.695014 0.2812746 0.6616949 0.6747714 0.3116377 0.6690034 -0.8600249 0.1653093 0.4827318 -0.8554394 0.1608284 0.4922983 -0.8433464 0.1494103 0.5161818 0.9010187 -0.09754264 -0.422671 0.9046494 -0.08960592 -0.4166296 0.912664 -0.07119238 -0.4024626 0.8349827 0.09109765 0.5426834 0.8270667 0.09017473 0.5548237 0.8554632 0.08990049 0.5100008 0.8443111 0.1704625 0.5080171 0.8520134 0.1727148 0.4942092 0.8778297 0.1646273 0.4497922 -0.06578397 0.9453967 -0.3192138 -0.007148921 0.9428911 -0.3330245 -0.01892811 0.942645 -0.3332602 0.9687778 0.0446484 -0.2438773 0.9818544 0.1813459 0.05545783 0.9647834 0.03634119 -0.2605231 0.896846 -0.1669747 -0.4096179 0.8914309 -0.1633268 -0.4227001 0.9043521 -0.1722005 -0.3905051 -0.8852648 0.1850863 0.4266723 -0.8799316 0.1814624 0.4390807 -0.8697254 0.1747384 0.4615674 0.4980998 0.3199771 0.8059226 0.6177446 0.3251754 0.7159976 0.5273459 0.2810252 0.8018299 -0.5716177 -0.3828473 -0.725728 -0.4011473 -0.4513599 -0.7970917 -0.315927 -0.4775346 -0.8198481 0.848625 -0.1554262 -0.5056465 0.8536877 -0.1601945 -0.4955352 0.8363453 -0.1442338 -0.5288888 0.1317161 0.9375344 -0.3219943 0.137387 0.9320323 -0.3353217 0.1216747 0.9466572 -0.298388 -0.7579941 -0.1964358 -0.6219793 -0.8448857 -0.1573848 -0.5112712 -0.868658 -0.1310654 -0.4777606 -0.714365 -0.2764249 -0.6428623 -0.7265132 -0.2608643 -0.635711 -0.6988107 -0.2956174 -0.6513632 0.07886189 0.9568302 -0.2797444 0.075181 0.9565014 -0.2818739 0.07527446 0.9562852 -0.2825816 0.8442945 0.1704648 0.5080438 0.6448293 0.2292483 0.7291368 0.8179024 0.1889984 0.5434294 0.07762193 0.9004345 -0.4280101 0.07774227 0.8973656 -0.4343861 0.07817077 0.8850785 -0.4588305 0.2304592 0.1115382 0.9666684 0.674085 0.2096489 0.7082773 0.2397421 0.2769989 0.9304813 0.7287664 0.1577578 0.6663423 0.7261091 0.1621034 0.6681976 0.7066876 0.1927295 0.6807702 -0.8686887 -0.1310553 -0.4777077 -0.9207668 -0.1031397 -0.3762322 -0.9363088 -0.09065872 -0.339274 -0.9894933 0.0408551 0.1386862 -0.9415576 0.09130483 0.3242421 -0.9497449 0.07397449 0.3041587 0.9687574 0.04461354 -0.2439647 0.8955145 -0.06741023 -0.4398974 0.9151713 -0.04565948 -0.4004708 -0.1723221 -0.4740304 -0.8634816 0.6132476 0.3474773 0.7093567 0.8664094 0.2840526 0.4106689 0.8702991 0.2849343 0.4017363 0.9805791 0.184336 0.06696939 -0.7804275 -0.2888045 -0.5545493 -0.7822766 -0.2851943 -0.553812 -0.7619456 -0.3233606 -0.5611389 0.8806858 -0.1720627 -0.441347 0.8828032 -0.1745002 -0.436129 0.8691589 -0.1592822 -0.4681794 -0.875511 0.1158959 0.4690935 0.2028723 -0.2538296 -0.9457343 0.4356419 -0.2352453 -0.8688359 0.3940139 -0.2363895 -0.8881853 0.4667029 -0.3623005 -0.8068003 0.2638933 -0.3922023 -0.8812137 0.5107632 -0.3464943 -0.7868054 0.8915966 -0.2088632 -0.4017856 0.8887923 -0.2067413 -0.4090309 0.9008641 -0.2161056 -0.3764868 0.07267433 0.8792214 -0.4708377 0.07626843 0.8760655 -0.4761222 0.09396892 0.8771172 -0.4709939 0.6077783 0.231464 0.7596249 0.5912955 0.2468938 0.7677326 0.5758244 0.2609693 0.774804 -0.8836122 0.1753887 0.4341296 -0.8856465 0.1777023 0.429013 -0.8954217 0.1892694 0.4029853 0.00107032 0.9763023 -0.2164087 1.32303e-7 0.9777223 -0.209903 -0.04912036 0.9819611 -0.1825914 -0.8071141 0.08405697 0.5843812 -0.6611725 0.09471833 0.7442308 -0.8349661 0.09110099 0.5427085 -0.6950041 0.281282 0.6617022 -0.6989555 0.275132 0.660124 -0.6747713 0.3116292 0.6690075 0.8554373 0.1608253 0.492303 0.8600193 0.1652997 0.4827452 0.8433464 0.1494109 0.5161817 -0.9046441 -0.08963191 -0.4166355 -0.9010188 -0.09754955 -0.4226693 -0.9126639 -0.07120603 -0.4024606 -0.8270598 0.09017699 0.5548335 -0.8554163 0.0899012 0.5100792 -0.8519685 0.1727405 0.494278 -0.8442788 0.1704787 0.5080654 -0.8777884 0.1646529 0.4498634 0.06577241 0.9453977 -0.3192136 0.007148623 0.9428908 -0.3330256 0.01705652 0.9405925 -0.3391088 -0.9687986 0.04471623 -0.2437824 -0.9818703 0.1812989 0.0553317 -0.9805971 0.1842921 0.06682801 -0.8968477 -0.1669881 -0.4096086 -0.8914194 -0.1633291 -0.4227234 -0.8827096 -0.1576411 -0.4426885 0.8799419 0.1814707 0.4390568 0.8852627 0.1850837 0.426678 0.8697345 0.1747442 0.4615477 -0.4980825 0.3199973 0.8059253 -0.6176727 0.3251775 0.7160587 -0.6131508 0.3474879 0.7094352 0.4011732 -0.4513407 -0.7970895 0.5716309 -0.382807 -0.7257389 0.3159018 -0.4775328 -0.8198588 -0.8486381 -0.1554363 -0.5056214 -0.8536952 -0.1601995 -0.4955208 -0.8644422 -0.1706669 -0.472877 -0.1317136 0.9375354 -0.3219922 -0.1373841 0.9320334 -0.3353201 -0.1460691 0.9231044 -0.3557277 0.7579811 -0.1964459 -0.6219918 0.8448742 -0.1573889 -0.5112891 0.734512 -0.2321537 -0.6376495 0.7143479 -0.2764364 -0.6428764 0.7265098 -0.2608562 -0.6357182 0.7405439 -0.2421929 -0.6268472 -0.07886105 0.9568275 -0.2797538 -0.0752722 0.9562858 -0.2825801 -0.07516819 0.9565046 -0.2818669 -0.6448128 0.2292568 0.7291488 -0.8178829 0.1890072 0.5434554 -0.07762199 0.9004344 -0.4280105 -0.07774227 0.8973655 -0.4343864 -0.0770725 0.9128668 -0.4009165 -0.2304288 0.1115423 0.9666752 -0.2511444 0.1085176 0.9618475 -0.6740829 0.2096557 0.7082773 -0.239709 0.2770043 0.9304882 -0.2601898 0.2731048 0.9261291 -0.7261087 0.162095 0.6682001 -0.7287634 0.1577519 0.666347 -0.7066799 0.1927316 0.6807776 0.8686066 -0.1310859 -0.4778484 0.920768 -0.1031301 -0.3762322 0.9894938 0.04085451 0.1386835 0.9415568 0.09130537 0.3242439 0.9865512 0.04670023 0.1566392 -0.8956744 -0.06722968 -0.4395994 -0.964823 0.03642857 -0.2603644 0.1723206 -0.4740242 -0.8634853 0.1358332 -0.4727438 -0.870668 -0.8664071 0.2840557 0.4106715 -0.8703389 0.2849096 0.4016677 0.7804276 -0.2888141 -0.5545442 0.7822909 -0.2851707 -0.5538039 0.7987169 -0.2515933 -0.5465822 -0.8806948 -0.1720727 -0.441325 -0.8828101 -0.1745118 -0.4361101 -0.8926856 -0.1863571 -0.4103458 0.8755073 0.1159017 0.4690991 0.9497414 0.07397967 0.3041681 0.8903883 0.08827263 0.446561 -0.4355819 -0.2352533 -0.8688639 -0.2028715 -0.2538323 -0.9457338 -0.3940156 -0.2363947 -0.8881832 -0.4667407 -0.362288 -0.8067842 -0.8915979 -0.2088625 -0.4017831 -0.8887904 -0.2067385 -0.4090368 -0.8779913 -0.1988285 -0.4354292 -0.1222259 0.8818977 -0.4553211 -0.1133731 0.9021946 -0.4161628 -0.1144039 0.9049346 -0.4098845 -0.5912763 0.2469052 0.7677435 -0.6077763 0.2314552 0.7596293 -0.5758238 0.2609616 0.7748072 0.8856561 0.1777116 0.4289895 0.8836141 0.175393 0.4341239 0.8954274 0.189276 0.4029695 0.04911828 0.9819609 -0.182593 -0.001069664 0.9763027 -0.2164072 0.8317558 0.2531318 0.4940716 0.6383234 0.3428407 0.6892051 0.8049941 0.2830392 0.5214149 0.7003418 0.4737954 0.5338907 0.6963698 0.4800825 0.5334697 0.6756693 0.5115009 0.5308841 -0.8600653 0.3131062 0.4028055 -0.8553252 0.3121808 0.4134757 -0.8426619 0.3096176 0.4405201 0.9049009 -0.2246595 -0.3615003 0.9014147 -0.2229359 -0.3711485 0.9125295 -0.2285278 -0.3392124 0.8534638 0.2462005 0.4593309 0.8247864 0.2737635 0.4947535 0.8757511 0.2987922 0.3791875 0.8207157 0.3558204 0.4470098 0.8496362 0.3321073 0.4096621 -0.03045105 0.7718116 -0.6351218 -0.01823419 0.7767202 -0.629582 0.9685204 -0.03816932 -0.2459909 0.9799695 0.1990903 0.004800736 0.9627702 -0.05782711 -0.2640638 0.8975423 -0.2900413 -0.3321053 0.8922544 -0.2907573 -0.34546 0.9049287 -0.2888901 -0.3124845 -0.8858909 0.3128645 0.3425105 -0.8807465 0.3132693 0.3551732 -0.8709328 0.3138571 0.3781135 0.4995235 0.5638005 0.6577275 0.6200741 0.5398171 0.5693027 0.5278608 0.5260694 0.6667939 -0.5704115 -0.5983385 -0.5626916 -0.4019672 -0.6855843 -0.606957 -0.3140122 -0.718236 -0.6209135 0.8482733 -0.3116556 -0.4281395 0.8534982 -0.3126676 -0.4168689 0.8353932 -0.3090631 -0.454531 0.2356894 -0.04283219 0.9708842 0 -0.0435692 0.9990505 -0.2356581 -0.04283225 0.9708917 0.1200425 0.7666388 -0.6307573 0.1191125 0.7682238 -0.6290028 0.1216883 0.7638152 -0.6338598 -0.7576333 -0.3880837 -0.5247693 -0.8416121 -0.3183042 -0.4363158 -0.870405 -0.2773792 -0.4067628 -0.7156634 -0.4693411 -0.5172474 -0.727858 -0.4523529 -0.5153638 -0.6997874 -0.4905307 -0.5193045 0.0829637 0.8149737 -0.5735285 0.07499688 0.7794156 -0.6220023 0.07941269 0.8140386 -0.5753563 0.8444557 0.3230859 0.4272121 0.6486147 0.4520425 0.6123371 0.07957553 0.7220017 -0.6873 0.07981228 0.7127586 -0.6968538 0.0805996 0.6755724 -0.7328749 0.662593 0.3221115 0.6761766 0.2322635 0.4193718 0.8775995 0.6695544 0.430729 0.6051195 0.2414096 0.5640252 0.7896816 0.7284814 0.3658267 0.5792112 0.725615 0.3707138 0.5797019 0.705023 0.4043821 0.5825957 -0.8704358 -0.2773605 -0.4067096 -0.9202764 -0.2204316 -0.3232666 -0.935783 -0.1967685 -0.292562 -0.9894116 0.08400636 0.1183538 -0.944505 0.177328 0.276523 -0.9528064 0.172671 0.2496895 0.968502 -0.03826117 -0.2460488 0.8916744 -0.2136754 -0.3990733 0.9120963 -0.1797582 -0.3684663 -0.1724063 -0.728897 -0.6625596 0.6091797 0.5607172 0.5607999 0.8687344 0.4002637 0.2917015 0.8557336 0.4151197 0.3088621 0.9799127 0.1993474 0.005640804 -0.7793149 -0.4543491 -0.43155 -0.7812215 -0.4505675 -0.432067 -0.7610445 -0.4889236 -0.4263391 0.8815341 -0.3051398 -0.3602603 0.8835738 -0.3057428 -0.3547095 0.8701034 -0.3017278 -0.3897184 -0.8814531 0.2556443 0.3970975 -0.8658273 0.2511752 0.4327287 0.3951354 -0.5150856 -0.7606279 0.2241247 -0.5447526 -0.8080922 0.4369112 -0.501246 -0.746901 0.2443243 -0.6606476 -0.7098242 0.5072284 -0.5893752 -0.6287736 0.4631497 -0.6013058 -0.6510943 0.8909666 -0.3290004 -0.3129494 0.8880511 -0.3294169 -0.3207021 0.9003999 -0.3274234 -0.2864857 0.04342377 0.6741344 -0.7373311 0.07592159 0.6304664 -0.7724948 0.08731251 0.6694342 -0.7377224 0.6071533 0.4659398 0.6436343 0.5908907 0.4831326 0.6460891 0.5758033 0.4985381 0.6480049 -0.8844683 0.3059015 0.3523352 -0.8863936 0.3064573 0.3469731 -0.8959505 0.3091892 0.3188648 -0.6382969 0.3428547 0.6892226 -0.831749 0.2531402 0.4940785 -0.8050184 0.2830181 0.5213886 -0.6963747 0.4800651 0.533479 -0.7003382 0.473794 0.5338968 -0.6756693 0.5114941 0.5308907 0.8553125 0.3121783 0.4135038 0.8600656 0.3131075 0.4028039 0.8426534 0.3096165 0.4405372 -0.9048928 -0.2246683 -0.3615154 -0.9014112 -0.2229447 -0.3711517 -0.8924748 -0.2186226 -0.3945795 -0.8534653 0.2461984 0.4593291 -0.8757092 0.2988398 0.3792472 -0.8206958 0.3558383 0.447032 -0.8444353 0.3231095 0.4272345 -0.9685445 -0.03809559 -0.2459071 -0.9799878 0.1990026 0.004691541 -0.97993 0.1992654 0.005527734 -0.8975377 -0.2900528 -0.3321078 -0.8922408 -0.2907692 -0.3454846 -0.8836833 -0.2917586 -0.3660339 0.880743 0.3132697 0.3551816 0.8858824 0.3128679 0.3425292 0.8709416 0.3138565 0.3780937 -0.4995145 0.5638061 0.6577295 -0.6200947 0.5398086 0.5692886 -0.6090878 0.5607481 0.5608686 0.4019701 -0.6855811 -0.6069585 0.5704154 -0.5983334 -0.5626929 0.3141466 -0.718218 -0.6208662 -0.8482705 -0.3116531 -0.4281467 -0.853499 -0.3126678 -0.4168673 -0.8647001 -0.314759 -0.391434 -0.1200435 0.7666329 -0.6307644 -0.1191099 0.768225 -0.629002 -0.1176651 0.7706762 -0.6262694 0.757629 -0.3880816 -0.5247771 0.8416101 -0.3182988 -0.4363236 0.735013 -0.4263798 -0.5272155 0.7156509 -0.4693484 -0.5172582 0.7278606 -0.4523386 -0.5153725 0.7421586 -0.4315575 -0.512795 -0.08296316 0.8149738 -0.5735284 -0.07941544 0.8140425 -0.5753505 -0.07500034 0.7794166 -0.6220007 -0.6485992 0.452054 0.6123449 -0.07957547 0.7220007 -0.6873011 -0.07981222 0.7127578 -0.6968546 -0.07841908 0.7596659 -0.6455683 -0.6625814 0.3221215 0.6761832 -0.2322292 0.4193782 0.8776057 -0.2498114 0.415259 0.874731 -0.6695525 0.4307351 0.6051172 -0.2413794 0.5640322 0.7896858 -0.2562539 0.5597638 0.7880346 -0.7255938 0.3707396 0.5797119 -0.7284716 0.365839 0.5792159 -0.7050157 0.4043866 0.5826016 0.8704235 -0.2773589 -0.4067373 0.9202807 -0.2204177 -0.3232637 0.9894513 0.08385473 0.1181293 0.9445048 0.1773378 0.2765176 0.9864856 0.09527993 0.1332964 -0.8918345 -0.2134122 -0.3988564 -0.9628118 -0.05769169 -0.2639419 0.1724094 -0.7288944 -0.6625617 0.1358786 -0.7300396 -0.6697606 -0.8687908 0.400203 0.2916163 -0.8557655 0.4150859 0.3088192 0.7793325 -0.4543254 -0.431543 0.7812238 -0.450568 -0.4320626 0.7974979 -0.416637 -0.4363607 -0.8815345 -0.3051412 -0.3602581 -0.8835796 -0.3057471 -0.3546911 -0.893369 -0.3086237 -0.3265631 0.8814474 0.2556538 0.397104 0.8658266 0.2511858 0.4327241 -0.3951495 -0.5150813 -0.7606236 -0.5072324 -0.5893741 -0.6287715 -0.2443479 -0.6606459 -0.7098177 -0.4631952 -0.6012945 -0.6510724 -0.890957 -0.3290013 -0.3129757 -0.8880534 -0.3294146 -0.3206983 -0.8770248 -0.3307238 -0.3484955 -0.1314382 0.7320066 -0.6684986 -0.1214451 0.7767029 -0.6180483 -0.1388169 0.7269603 -0.6725018 -0.5908821 0.4831411 0.6460907 -0.6071341 0.4659598 0.643638 -0.5758148 0.4985273 0.648003 0.8863985 0.3064593 0.3469589 0.8844793 0.3059073 0.3523026 0.895956 0.3091907 0.318848 0.8305025 0.4011095 0.3864932 0.6360874 0.5477173 0.5435057 0.8048857 0.4372599 0.4012019 0.7004936 0.6214205 0.3509208 0.6966906 0.6270771 0.34842 0.6768006 0.6553075 0.3354299 -0.8591437 0.4283207 0.2800241 -0.8543627 0.4308655 0.2905501 -0.8418363 0.436986 0.3167881 0.9052431 -0.3293157 -0.2684889 0.9017165 -0.3309832 -0.2781323 0.9131317 -0.3252591 -0.2457584 0.8531223 0.3824735 0.3548189 0.8245088 0.4199504 0.3792455 0.8752173 0.4065792 0.2620841 0.8240605 0.4723948 0.3126778 0.8490916 0.4479256 0.2800112 -5.75882e-6 0.5519424 -0.8338823 0.01393234 0.6177558 -0.7862467 5.55233e-4 0.5759397 -0.8174921 0.02090173 0.4804615 -0.8767668 -0.0220738 0.5078843 -0.8611425 0.04742765 0.4729955 -0.8797875 0.9684221 -0.1165454 -0.2203992 0.9804419 0.1869444 -0.06152546 0.9620428 -0.1451558 -0.2310924 0.8921202 -0.39192 -0.2247675 0.8974752 -0.3785366 -0.2263811 0.9050062 -0.3587132 -0.2286674 -0.8860986 0.406795 0.2221427 -0.8808429 0.4115432 0.2339833 -0.8705856 0.4201952 0.2559624 0.4993595 0.7469453 0.4389907 0.6180731 0.6964049 0.3646998 0.5267473 0.7147456 0.4600827 -0.5700821 -0.7490793 -0.337471 -0.4002908 -0.8461874 -0.3517587 -0.3141584 -0.8810456 -0.3536426 0.847519 -0.4347934 -0.3044116 0.8526949 -0.432264 -0.2933589 0.8350526 -0.44038 -0.3297768 0 0.9837875 -0.1793378 0.09632289 0.5246461 -0.8458536 0.1046749 0.5060639 -0.8561206 0.08142006 0.5568607 -0.8266057 -0.7565795 -0.5385174 -0.3709267 -0.8462159 -0.4359155 -0.3064254 -0.8669627 -0.3999687 -0.2973226 -0.7159941 -0.6116556 -0.3364968 -0.7279403 -0.5951467 -0.340446 -0.7006629 -0.6318737 -0.3313718 0.07972651 0.5987757 -0.7969388 0.07592815 0.6145791 -0.7851926 0.0747472 0.6278945 -0.7747008 0.006153225 0.6445208 -0.7645621 0.04379773 0.6325625 -0.7732699 0.0169937 0.6438813 -0.7649368 0.6712862 0.6096778 0.4215068 0.6354919 0.627965 0.4492327 0.07857638 0.4591863 -0.8848581 0.07858157 0.4589308 -0.8849902 0.078592 0.4584198 -0.8852541 0.2526337 0.6781054 0.6901807 0.6646825 0.5247321 0.5318398 0.2599854 0.7859975 0.5609061 0.729585 0.5332662 0.428174 0.7268413 0.5379034 0.4270383 0.7067319 0.5703516 0.4186039 -0.9357663 -0.2823161 -0.2112798 -0.9866014 0.1322916 0.09548181 -0.9542876 0.240944 0.1768652 -0.9894773 0.1180313 0.08368599 0.9077553 -0.2987686 -0.2944788 -0.1714193 -0.9048476 -0.3897003 0.613617 0.7098192 0.3458771 0.868103 0.4740936 0.1470798 0.8628654 0.4827044 0.1498667 0.980145 0.1891288 -0.0595498 -0.7796209 -0.5695551 -0.260381 -0.781591 -0.5660886 -0.2620291 -0.7603603 -0.6016568 -0.2446663 0.8813445 -0.4059307 -0.241769 0.8834998 -0.404522 -0.2361993 0.8692933 -0.4131638 -0.2713391 -0.8820466 0.3698849 0.2918544 -0.9428879 0.2607499 0.2072967 -0.8661108 0.377765 0.3273314 0.2047246 -0.7810907 -0.5899027 0.4357455 -0.7194623 -0.5408327 0.3940277 -0.7322786 -0.555437 0.2425565 -0.8558171 -0.4568845 0.5078436 -0.7613452 -0.403049 0.463859 -0.7798885 -0.4202485 0.8911584 -0.4124794 -0.1889379 0.8884078 -0.4151198 -0.1959774 0.9001287 -0.4032574 -0.1647778 0.005396068 0.4055415 -0.9140608 0.07569086 0.2906288 -0.9538375 0.06360477 0.3989747 -0.9147533 0.6064885 0.6502224 0.4575834 0.5897427 0.6674873 0.4546034 0.5739381 0.6831144 0.4516081 -0.8844295 0.403832 0.2338899 -0.8864616 0.4024475 0.2285212 -0.8964775 0.3950641 0.2006306 -0.6360625 0.547733 0.5435193 -0.8304954 0.4011201 0.3864974 -0.8049104 0.4372308 0.4011839 -0.6966888 0.6270734 0.3484305 -0.7004811 0.6214337 0.3509225 -0.6767917 0.6553146 0.3354336 0.8543664 0.4308573 0.2905516 0.8591496 0.4283091 0.280024 0.8418365 0.4369792 0.3167974 -0.905239 -0.3293254 -0.2684906 -0.9017043 -0.3309984 -0.2781539 -0.8924241 -0.3350293 -0.3022164 -0.8531233 0.3824717 0.3548185 -0.8751858 0.4066252 0.2621181 -0.8240392 0.4724233 0.3126912 -0.8480337 0.4449656 0.2878271 -6.70184e-6 0.4944856 -0.8691858 0.02208513 0.5078931 -0.861137 -0.02088546 0.4804828 -0.8767555 -0.01599556 0.4821237 -0.8759571 -0.9684564 -0.1163877 -0.2203323 -0.9804596 0.1868268 -0.0616005 -0.9801627 0.189012 -0.05962908 -0.8974737 -0.3785399 -0.2263813 -0.8921107 -0.3919419 -0.2247668 -0.9050062 -0.3587132 -0.2286673 0.8808482 0.4115376 0.2339729 0.8861067 0.406787 0.2221242 0.8705949 0.4201877 0.2559435 -0.4993395 0.7469615 0.438986 -0.6180961 0.6963931 0.3646835 -0.6135219 0.7098731 0.3459349 0.4003198 -0.8461692 -0.3517695 0.5701028 -0.7490492 -0.3375028 0.314133 -0.8810519 -0.3536499 -0.8475132 -0.4347953 -0.3044247 -0.852706 -0.4322576 -0.293336 -0.8635842 -0.4264796 -0.2689564 -0.09631025 0.5246444 -0.8458561 -0.1046594 0.5060678 -0.8561203 -0.1174621 0.4768253 -0.8711144 0.7565754 -0.5385178 -0.3709346 0.8462882 -0.4358218 -0.3063591 0.7330649 -0.5763176 -0.3612119 0.7159966 -0.6116511 -0.3364994 0.7279518 -0.5951302 -0.3404502 0.7418064 -0.5750805 -0.3449723 -0.07972609 0.5987757 -0.7969388 -0.07474994 0.6278991 -0.774697 -0.0759319 0.6145855 -0.7851873 -0.04379731 0.6325609 -0.7732714 -0.006153881 0.6445214 -0.7645615 -0.01699525 0.6438856 -0.7649331 -0.671285 0.6096808 0.4215043 -0.07857728 0.4591395 -0.8848823 -0.07858073 0.4589692 -0.8849703 -0.07856327 0.4598206 -0.8845298 -0.2526338 0.6781078 0.6901783 -0.664671 0.5247459 0.5318405 -0.6354793 0.6279771 0.4492337 -0.2599846 0.7859998 0.5609031 -0.7268425 0.5378927 0.4270497 -0.7295675 0.5332909 0.4281731 -0.706724 0.570358 0.4186085 0.9357686 -0.2823036 -0.2112863 0.8669617 -0.3999628 -0.2973335 0.9543365 0.2408108 0.1767819 0.9866523 0.1320448 0.09529644 0.9895178 0.1178095 0.08352035 -0.9077049 -0.2988906 -0.2945106 -0.9620855 -0.144985 -0.2310215 0.1714212 -0.904843 -0.3897101 0.1350454 -0.9082276 -0.3960877 -0.868157 0.474013 0.1470209 -0.8629006 0.4826518 0.1498323 0.7796238 -0.5695536 -0.2603762 0.7816084 -0.566063 -0.2620325 0.7986843 -0.5344067 -0.2766097 -0.8813468 -0.4059274 -0.2417662 -0.8835054 -0.4045196 -0.2361826 -0.8937683 -0.3972727 -0.208213 0.9429366 0.2606421 0.2072111 0.882041 0.3698959 0.2918576 0.8661102 0.3777735 0.3273231 -0.4356921 -0.7194797 -0.5408525 -0.204754 -0.7810875 -0.5898967 -0.3940922 -0.7322603 -0.5554155 -0.5078462 -0.761344 -0.4030478 -0.2425792 -0.8558137 -0.456879 -0.4639031 -0.7798715 -0.4202315 -0.8911556 -0.4124814 -0.1889469 -0.8883951 -0.41513 -0.1960136 -0.8779778 -0.4244468 -0.2213596 -0.1239055 0.4608907 -0.8787647 -0.1218079 0.4847717 -0.8661174 -0.1321191 0.4532555 -0.881535 -0.5897595 0.66747 0.4546073 -0.6064878 0.6502256 0.4575799 -0.5739502 0.6831032 0.4516097 0.8864629 0.4024537 0.2285053 0.8844335 0.4038369 0.2338659 0.8964772 0.3950706 0.2006195 0.8068518 0.5356392 0.2491606 0.6617268 0.6746205 0.3271161 0.6266736 0.6978977 0.3467261 0.6990825 0.7030701 0.130293 0.6951885 0.7076957 0.1260153 0.675175 0.7302107 0.1045531 0.2592682 -0.9579366 -0.1230345 -0.8599314 0.4947677 0.1253917 -0.8553666 0.5002901 0.1343793 -0.8433573 0.5139188 0.1569587 0.9012071 -0.4069151 -0.1491507 0.9047994 -0.3975864 -0.1525227 0.9127267 -0.3758279 -0.1602613 0.8349044 0.5043868 0.2202922 0.8268796 0.5141848 0.227781 0.8552412 0.476577 0.2035606 0.8444155 0.5184662 0.1347417 0.8518683 0.5084999 0.1254925 0.8777193 0.4668518 0.1079739 0.004603326 -0.9432365 0.33209 -0.004603385 -0.9432366 0.3320896 -9.21291e-4 -0.934853 0.3550339 0.9688307 -0.1795138 -0.1707103 0.9815425 0.1480239 -0.1210916 0.9654577 -0.195118 -0.1726862 0.8968251 -0.4343321 -0.08402639 0.8913742 -0.4433683 -0.09421539 0.9044076 -0.4210244 -0.0691781 -0.8853639 0.4582841 0.07814425 -0.88001 0.4667459 0.0879243 -0.8696895 0.4821038 0.1059067 0.4978076 0.8499464 0.1725654 0.6174521 0.7775493 0.1190381 0.526658 0.8254987 0.2029371 -0.5715886 -0.8170218 -0.07590758 -0.4007595 -0.9143685 -0.05763924 -0.3163055 -0.9474422 -0.04800194 0.8486148 -0.5084244 -0.1461433 0.8536453 -0.5026131 -0.1366378 0.8364086 -0.5216594 -0.1682031 -4.96391e-7 -0.2608657 -0.9653752 0.1356721 0.2423228 -0.9606627 0.1435593 0.222536 -0.9642969 0.1216077 0.276943 -0.9531601 -0.7579219 -0.6283244 -0.1753931 -0.8453867 -0.5134053 -0.1474333 -0.8682054 -0.4724962 -0.151547 -0.7146098 -0.6891969 -0.1197518 -0.7266526 -0.6747965 -0.1289408 -0.6992915 -0.7065823 -0.1083191 0.07840365 0.2918987 -0.9532303 0.07512342 0.2960695 -0.9522077 0.07476609 0.2891318 -0.9543651 0.8443796 0.518517 0.1347717 0.6439919 0.736576 0.206713 0.8175683 0.5588503 0.1388106 0.07784765 0.1301478 -0.9884338 0.07792037 0.1258566 -0.9889836 0.07818782 0.1092484 -0.9909347 0.2299674 0.8706144 0.4349087 0.6747091 0.7071892 0.2113085 0.2393211 0.9307256 0.2765416 0.7291582 0.6438761 0.2318448 0.7265522 0.6477394 0.2292501 0.7072507 0.6749142 0.2104459 -0.8682445 -0.4724343 -0.1515172 -0.9208474 -0.3712657 -0.1191726 -0.9362636 -0.3337948 -0.1095056 -0.9894484 0.1387652 0.04166752 -0.9416092 0.3213014 0.1006858 -0.9498426 0.2948812 0.1041351 0.9688187 -0.1795786 -0.1707103 0.8961663 -0.4037725 -0.1839938 0.9156614 -0.3590586 -0.1806687 -0.1725698 -0.9821504 -0.07483541 0.6133666 0.7838665 0.09661668 0.8667215 0.4986041 -0.01371079 0.8692665 0.493997 -0.01851499 0.9805034 0.1573107 -0.117756 -0.7804344 -0.6222395 -0.06115823 -0.7823101 -0.6196133 -0.06380009 -0.7618153 -0.6468018 -0.03584825 0.8806081 -0.4637871 -0.09711331 0.8827499 -0.460709 -0.09219592 0.8689587 -0.4794725 -0.1225437 -0.8757891 0.4557175 0.1591073 0.2033059 -0.930655 -0.3042176 0.4358874 -0.8560724 -0.277745 0.3943235 -0.8728898 -0.2873542 0.4669011 -0.8735599 -0.1374653 0.2624263 -0.952721 -0.1531514 0.5110696 -0.8480976 -0.1397798 0.8916177 -0.4505843 -0.04462945 0.8888225 -0.4554732 -0.05038672 0.9008049 -0.4335175 -0.02476292 0.07249146 0.0962789 -0.9927112 0.076119 0.0900774 -0.9930217 0.09389835 0.09497326 -0.9910416 0.6077254 0.7626987 0.221271 0.5912016 0.7779429 0.212804 0.5756623 0.7916022 0.2048876 -0.8835974 0.459443 0.09037548 -0.8856539 0.4563831 0.08562588 -0.8955143 0.4407373 0.0616824 0.002938508 0.3450276 -0.938588 -8.7627e-7 0.3531268 -0.9355755 -0.06152075 0.3812599 -0.9224187 -0.8068755 0.5356114 0.2491436 -0.661717 0.6746294 0.3271176 -0.8348903 0.5044041 0.2203062 -0.6951655 0.7077212 0.1259986 -0.699071 0.7030817 0.1302921 -0.6751666 0.7302181 0.1045544 0.8553573 0.5003002 0.1344006 0.8599264 0.494773 0.125404 0.8433575 0.5139185 0.1569587 -0.9048048 -0.3975771 -0.1525146 -0.9012126 -0.406904 -0.149148 -0.9127264 -0.3758334 -0.1602488 -0.8269087 0.5141442 0.2277672 -0.8552384 0.476576 0.2035745 -0.8518195 0.5085771 0.1255118 -0.8443786 0.5185202 0.1347652 -0.8776773 0.4669266 0.1079915 -0.01224225 0.2131537 -0.976942 -1.11435e-6 0.2082619 -0.9780732 -0.02727413 0.2326195 -0.9721853 -0.9688568 -0.179374 -0.1707091 -0.9815577 0.1478937 -0.121128 -0.9805219 0.1571678 -0.1177937 -0.8968198 -0.4343433 -0.08402413 -0.8913574 -0.4433982 -0.09423369 -0.8825385 -0.4572009 -0.109969 0.8800142 0.4667397 0.08791661 0.8853681 0.4582774 0.07813578 0.8696988 0.4820903 0.1058911 -0.4977958 0.849955 0.1725571 -0.6174677 0.7775381 0.1190306 -0.6133649 0.7838678 0.09661692 0.4007472 -0.9143735 -0.05764549 0.5716015 -0.8170096 -0.07594329 0.3162822 -0.9474496 -0.04800945 -0.8486102 -0.5084294 -0.1461514 -0.8536423 -0.5026179 -0.1366394 -0.8643189 -0.4894962 -0.1155272 -0.1356721 0.2423228 -0.9606627 -0.1435593 0.222536 -0.9642969 -0.1556341 0.1917079 -0.9690337 0.7579221 -0.6283244 -0.1753932 0.8453863 -0.5134057 -0.1474332 0.7342823 -0.661126 -0.1540848 0.7146121 -0.6891939 -0.1197549 0.726651 -0.6747978 -0.1289432 0.7404979 -0.6573678 -0.1397518 -0.07840317 0.2918988 -0.9532304 -0.0747689 0.2891374 -0.9543632 -0.07512724 0.2960771 -0.952205 -0.6439768 0.7365881 0.2067168 -0.8175492 0.5588766 0.1388174 -0.07784771 0.130147 -0.988434 -0.07792043 0.125856 -0.9889837 -0.07752555 0.1481855 -0.9859163 -0.2299709 0.8706151 0.4349056 -0.2514675 0.8647421 0.4347243 -0.6747162 0.7071819 0.2113096 -0.2392893 0.930733 0.276544 -0.2594166 0.9250551 0.2774459 -0.7265352 0.6477603 0.229245 -0.7291603 0.6438705 0.2318537 -0.707243 0.6749215 0.2104477 0.8682191 -0.472474 -0.1515387 0.9208464 -0.371269 -0.1191695 0.9894891 0.1385006 0.04158151 0.9416614 0.3211624 0.1006412 0.9865246 0.156883 0.04644322 -0.8961547 -0.4037918 -0.1840081 -0.9654576 -0.1951075 -0.1726986 0.1725686 -0.9821505 -0.07483774 0.1358471 -0.987505 -0.07987165 -0.8667767 0.4985071 -0.01374357 -0.8693505 0.4938474 -0.01856267 0.7804465 -0.6222236 -0.06116366 0.7823255 -0.6195928 -0.06380981 0.7988738 -0.5950331 -0.08795619 -0.8806083 -0.4637873 -0.09711068 -0.8827514 -0.4607065 -0.09219288 -0.8927139 -0.4454374 -0.06817144 0.8757902 0.4557143 0.1591103 0.9498801 0.2947719 0.1041028 0.8905568 0.4219193 0.1699788 -0.4358923 -0.8560701 -0.2777442 -0.2033374 -0.9306496 -0.3042128 -0.3943855 -0.8728663 -0.2873402 -0.4669157 -0.8735529 -0.137459 -0.2623918 -0.952732 -0.1531417 -0.2377544 -0.9595254 -0.1509436 -0.8916086 -0.4506004 -0.04464888 -0.8888199 -0.4554774 -0.05039519 -0.8781127 -0.4730935 -0.07141941 -0.1222553 0.1107241 -0.9863032 -0.1149761 0.1480928 -0.9822673 -0.1172347 0.1499825 -0.9817135 -0.5912096 0.7779359 0.2128074 -0.6077283 0.7626957 0.221273 -0.5756737 0.7915924 0.2048935 0.8856561 0.4563795 0.08562159 0.8836065 0.4594296 0.0903548 0.8955143 0.4407375 0.0616824 -2.11352e-6 0.8936316 0.4488014 0 -0.4358235 -0.9000323 0.2366663 0.5247476 -0.8176974 0.2351505 0.789795 0.5665052 0 0.8128738 0.58244 -0.2351194 0.7898013 0.5665094 0.2623353 0.7657873 0.5871543 -0.2623286 0.7657889 0.5871551 0.2506572 0.6359065 -0.7299274 0.2257536 0.6810624 0.6965554 -2.14686e-7 0.7845308 -0.62009 0.2361499 -0.8364008 0.4946384 0 -0.8604875 0.5094718 -0.2361521 -0.8364001 0.4946384 0 0.765986 -0.6428573 0.2601858 0.2731048 0.9261302 -8.31966e-7 -0.8835273 -0.4683796 2.58474e-7 -0.2320597 0.9727016 0.262807 -0.07323342 0.9620652 -0.2628011 -0.0732333 0.9620668 6.57123e-7 0.6659108 -0.7460314 0 0.8660025 -0.5000399 0 -0.9793347 0.2022466 6.09168e-7 0.687803 0.7258974 6.36673e-7 0.8721688 -0.4892051 1.59321e-7 0.988684 0.1500132 0.2009493 0.9685632 0.146645 0 -0.521862 0.8530299 1.23789e-6 0.5524299 0.8335594 1.42448e-7 0.8863191 0.4630752 0 -0.1197852 -0.9927998 0 -0.3657792 0.9307017 -4.30686e-7 -0.3962156 0.9181575 0.1995998 -0.9797897 0.01311612 5.03037e-7 -0.6834577 -0.7299902 0 0.5795431 0.8149417 0.2510549 -0.2637621 -0.9313437 0.06133276 0.5693601 0.8197972 -0.005650937 0.6055536 0.7957845 0.2597545 -0.626442 0.7349137 0.2498073 0.4152593 0.874732 0 -0.951037 -0.3090771 0.234796 0.9073773 -0.348622 0 0.9332934 -0.3591148 -0.2347625 0.907386 -0.3486222 0 0.09653586 0.9953296 -1.21786e-7 -0.9877728 -0.1559003 0.237729 -0.9595316 -0.1509445 -3.33473e-7 0.9434313 -0.3315684 0 0.3874247 -0.9219014 2.70927e-7 0.2516177 0.9678267 0 0.5155842 -0.856839 0.2252872 0.956315 -0.1862992 0.2276874 0.05339199 -0.9722695 0 0.05447626 -0.9985151 -0.2276874 0.05339199 -0.9722695 0.2336265 -0.6847283 -0.6903375 0 -0.5706119 -0.8212199 0.2501667 0.9589308 0.1336731 0.2271924 -0.7851666 -0.5761051 0 -0.8064596 -0.5912892 -0.2271912 -0.7851646 -0.5761082 0 0.9993361 -0.03643459 0 0.1125022 0.9936515 0 -0.9995763 0.02910852 0 -0.7706852 0.6372162 0.2262196 -0.211142 0.9509173 0 -0.2164118 0.9763022 -0.2262195 -0.2111421 0.9509173 0 -0.7808183 0.6247583 0 0.06691449 -0.9977588 -8.36584e-4 0.7093201 0.704886 -0.0366702 0.6882045 0.7245895 -0.01705807 0.9405925 -0.3391089 0.06152033 0.3812595 -0.9224189 -0.002940297 0.3450279 -0.9385879 0.004768192 -0.9935734 -0.1130895 0.02727365 0.2326191 -0.9721854 0.01223772 0.213153 -0.9769422 0 0.3759303 -0.926648 -1.25248e-7 -0.09057253 -0.99589 0.226758 -0.9116399 0.3427734 0 -0.9358984 0.35227 -0.2267581 -0.9116399 0.3427734 -0.03017926 -0.7718226 0.6351214 -0.01789987 -0.7765884 0.629754 0 0.9580045 0.2867532 -1.34012e-7 0.9480338 0.3181695 0.01303237 0.640706 -0.7676758 -0.2220951 -0.7792841 -0.5859951 -0.009563267 -0.7042285 -0.709909 -0.0362904 -0.6858336 -0.7268531 -0.03045463 0.9565793 0.2898768 -0.01827859 0.9547063 0.2969881 0 -0.9854562 0.16993 -0.005654811 -0.9772097 0.2122015 -0.04975414 -0.9823666 0.1802229 0.00475043 -0.6452419 0.7639637 -0.001621603 -0.3463517 0.9381034 -0.06315654 -0.3826336 0.921739 0.01303201 -0.2916571 -0.9564342 -0.02084058 0.7909691 0.6115011 0.02084165 0.7909696 0.6115006 0.01793569 -0.954766 -0.296817 0.030191 -0.9565886 -0.2898738 4.71895e-7 0.2378582 -0.9712999 0.7191941 0.6906846 -0.0755952 -0.8709554 0.4881383 -0.05619364 0.9047475 -0.4258071 -0.01097232 0.8922268 -0.4502906 -0.03420537 0.9012336 -0.4329713 -0.01772069 -0.01484984 -0.08628374 -0.99616 -0.04748231 -0.1019566 -0.993655 -0.01245558 -0.1130495 -0.9935114 3.54771e-7 -0.1047919 -0.9944943 -0.01396393 -0.1072363 -0.9941355 0.8975035 -0.4369257 0.05986303 0.8837085 -0.4660919 0.04263633 0.8922219 -0.4484649 0.0530973 -0.8942481 0.4395036 -0.08459889 -0.5706989 -0.7987211 0.1906499 -0.5890877 -0.7947629 0.1460404 -0.4023886 -0.8836378 0.2393066 0.8483644 -0.5288164 0.02512305 0.8647118 -0.4999797 0.04789721 0.8535783 -0.5199693 0.03218656 0.117664 -0.09315448 -0.9886747 -0.7350359 -0.6747546 0.06654757 -0.7155213 -0.6902003 0.1079486 -0.7421287 -0.6656082 0.07880818 -0.7277858 -0.6792269 0.09475541 0.08767968 0.04087716 -0.9953097 0.07860255 -0.08145058 -0.9935731 0.03734773 -0.09050786 -0.9951953 -0.0255919 0.07813376 -0.9966144 -0.001386761 0.06232762 -0.9980548 0 0.06916844 -0.9976051 0 0.06095075 -0.9981409 0 0.06095081 -0.9981408 0 0.06916821 -0.997605 0.02558416 0.0781337 -0.9966146 0 -0.03870326 -0.9992508 0 -0.03870326 -0.9992508 0.07836467 -0.1153791 -0.9902256 0.2565923 0.9658972 -0.034689 0.7467868 0.6639656 0.0381999 -0.9203301 -0.391088 0.006552517 -0.9865049 0.163609 -0.00634551 0.8921129 -0.4499374 -0.0411235 -0.1355311 -0.9607987 0.2418622 -0.7795606 -0.6099345 0.1423566 -0.7975658 -0.5934271 0.1083197 -0.7814161 -0.6083366 0.1389806 0.8814991 -0.4687336 0.05699312 0.893279 -0.4426029 0.07845556 0.8835337 -0.4644361 0.06056058 0.2591192 -0.9517079 0.1646489 0.8910709 -0.442057 0.1028514 0.8770753 -0.4728068 0.08481007 0.8881685 -0.4487319 0.09897744 0.1395992 -0.1602866 -0.9771491 0.1323368 -0.154424 -0.9791018 0.1292902 -0.09814107 -0.9867383 0.1213921 -0.08298921 -0.9891294 0.0796867 -0.09782296 -0.9920085 0.6214112 0.7831131 -0.02412849 -0.8733721 0.4851378 -0.04315739 -0.6962324 0.7096462 -0.107994 -0.719186 0.690694 -0.0755859 -0.7002309 0.7065197 -0.102502 0.8553852 0.5169002 -0.03362113 0.8709549 0.4881392 -0.05619364 0.8601087 0.5085185 -0.04027342 -0.9124533 -0.4091556 0.004555046 -0.8248314 0.5637308 0.04313528 -0.8496049 0.5248119 -0.05238425 0.04742658 0.7700033 -0.636275 0.01480823 0.7808301 -0.6245679 -3.59977e-7 0.7690899 -0.6391407 0.0138421 0.7674142 -0.6410024 0.01232779 0.763649 -0.6455139 -0.9048594 -0.4199655 0.06970334 0.880693 0.4689825 -0.06659823 0.8942471 0.439506 -0.08459806 0.8858255 0.4582024 -0.07323938 -0.4994555 0.8593717 -0.1096565 -0.5278946 0.8461538 -0.07315218 -0.6202 0.7721626 -0.1382642 0.5890865 -0.7947653 0.1460323 -0.8355551 -0.5493416 0.008457601 -0.1217097 -0.1033241 -0.9871732 0.6995666 -0.7036307 0.1245414 -0.07860207 -0.08145064 -0.9935731 -0.08767825 0.04087591 -0.99531 -0.03736847 -0.09050047 -0.9951952 -0.004362523 -0.7939963 -0.6079071 -2.36536e-4 -0.8050166 -0.5932523 -0.001176714 -0.7925749 -0.6097734 0 -0.791643 -0.610984 0.001176595 -0.7925749 -0.6097734 -4.99189e-7 -0.7916972 -0.6109137 0 -0.7967365 -0.604327 0 -0.7967428 -0.6043186 1.30401e-7 -0.7917036 -0.6109054 1.48662e-7 -0.7917036 -0.6109054 0 -0.7917006 -0.6109094 0.001175463 -0.7925742 -0.6097744 0 -0.791642 -0.6109853 0.001190006 -0.7925895 -0.6097545 0.004362523 -0.7939957 -0.6079079 2.35422e-4 -0.8050141 -0.5932558 0 -0.8529832 -0.5219383 0 -0.8530275 -0.521866 -0.08080607 -0.2484031 -0.9652805 -0.7254166 0.6882539 0.008806824 -0.746786 0.663966 0.03821015 -0.7282851 0.6851576 0.01264441 0.9358968 -0.3522555 0.003622651 0.9527786 0.3035835 -0.007074475 -0.9126045 -0.4054306 -0.05271774 0.7614023 -0.6244577 0.174124 -0.8701491 -0.4913245 0.03795886 -0.3953602 -0.9184427 0.01238477 -0.4370145 -0.8994154 0.008381843 -0.2240033 -0.974525 0.01111197 -0.259163 -0.9516964 0.1646472 -0.9005518 -0.4189751 0.1160451 -0.1292898 -0.09814119 -0.9867383 -0.09022939 -0.2490895 -0.9642682 -0.07981359 -0.09779584 -0.9920009 -0.07621443 -0.2926235 -0.9531857 -0.04812198 -0.2465064 -0.9679457 -0.5910192 0.8051902 -0.04863238 -0.6213864 0.7831326 -0.02413743 -0.6073133 0.7936634 -0.03562259 0.8863337 0.4584062 -0.06539648 0.873372 0.4851369 -0.04316967 0.88442 0.4625574 -0.06198358 0.04741925 -0.8780383 0.4762355 0.01488214 -0.8456174 0.5335821 -7.45686e-7 -0.8766706 0.4810911 0.01401817 -0.8764195 0.4813444 0.01251423 -0.8736426 0.4864075 0.7187998 0.6290312 -0.2960517 -0.8700772 0.4447999 -0.2124119 0.9052373 -0.4052869 0.1276245 0.8924805 -0.4364919 0.1138135 0.9017007 -0.4142941 0.1236778 0.01590549 -0.4610565 -0.8872283 0.8833633 -0.4123808 0.222736 -0.894863 0.3871054 -0.2221932 -0.5699524 -0.6936954 0.4403874 -0.5894947 -0.7039501 0.3961696 -0.4005675 -0.7587657 0.5136345 0.8474707 -0.4933125 0.1960513 0.8636306 -0.4589869 0.2085019 0.8526822 -0.4826386 0.1999824 0.1175203 -0.4599379 -0.8801398 -0.7332017 -0.618339 0.2829703 -0.7160409 -0.6172096 0.3260948 -0.7419185 -0.604116 0.2908624 -0.7280259 -0.6113992 0.3101121 0.07785922 -0.3031191 -0.9497668 0.08171534 -0.3709167 -0.9250641 0.03756862 -0.2950267 -0.9547502 0.07855534 -0.4805915 -0.8734191 0.7478508 0.639208 -0.1792554 -0.920125 -0.3689164 0.1314187 0.8873601 -0.4462862 0.1158484 -0.1348203 -0.8300557 0.5411386 -0.7793876 -0.5307571 0.3329443 -0.7983615 -0.5251284 0.2947186 -0.7813779 -0.5302292 0.3290985 0.8814156 -0.4249248 0.2062655 0.8937548 -0.3922806 0.2175282 0.883546 -0.4195442 0.2081567 0.2621304 -0.8458951 0.4644882 0.891017 -0.3847436 0.2409586 0.8777314 -0.4185633 0.2332221 0.8882243 -0.3921654 0.239299 0.1329103 -0.4855287 -0.8640583 0.1248201 -0.4792137 -0.8687775 0.1294927 -0.4640073 -0.8763155 0.1218104 -0.4513204 -0.8840093 0.07964223 -0.4665988 -0.8808761 0.6207191 0.7333036 -0.2774413 -0.8728333 0.4456833 -0.198818 -0.6967234 0.635649 -0.3324559 -0.7187994 0.6290361 -0.2960424 -0.700549 0.6346119 -0.3263417 0.8544049 0.4794434 -0.2003152 0.8700698 0.4448168 -0.2124065 0.8591992 0.4692404 -0.2039371 -0.9130878 -0.3841435 0.1367643 -0.8246682 0.5473958 -0.1424087 -0.8491743 0.4799579 -0.2203261 0.007283747 -0.3890118 -0.921204 -0.01394456 -0.311441 -0.9501632 -0.0474711 -0.4693327 -0.8817445 -0.8975173 -0.3970594 0.1918507 -0.8833535 -0.4123908 0.2227566 -0.8921481 -0.4030981 0.2039209 0.8808826 0.4215565 -0.2152582 0.8948631 0.3871052 -0.2221927 0.8861155 0.4090918 -0.2178147 -0.4994611 0.7771621 -0.3828284 -0.5269463 0.7770271 -0.3443205 -0.618422 0.6870729 -0.3814252 0.5894938 -0.7039547 0.3961628 -0.8349089 -0.5177119 0.1868197 -0.08945482 -0.3968495 -0.9135144 0.7006281 -0.6240952 0.3458691 -0.08171486 -0.370917 -0.925064 -0.0778585 -0.3031201 -0.9497665 -0.03758943 -0.2950188 -0.9547518 -0.01303398 -0.291657 -0.9564343 -0.07884389 -0.4942532 -0.8657354 -0.2252858 0.9563148 -0.1863023 -0.7267843 0.6524171 -0.2147943 -0.747849 0.6392132 -0.1792439 -0.7295629 0.6507908 -0.2102602 0.9202378 -0.3686673 0.1313272 0.9544762 0.2795935 -0.1039361 0.9865773 0.1526929 -0.05787926 -0.8873594 -0.4462872 0.11585 0.7602183 -0.5351491 0.3683527 -0.8694415 -0.4534863 0.1960148 -0.2621304 -0.8458949 0.4644886 -0.9000519 -0.3593921 0.246463 -0.1294927 -0.4640073 -0.8763155 -0.06657707 -0.5454955 -0.8354654 -0.07960253 -0.4666239 -0.8808664 -0.07605201 -0.6320542 -0.7711833 -0.01009798 -0.5416331 -0.8405544 -0.5895153 0.7467402 -0.3079788 -0.6207193 0.7333036 -0.277441 -0.6061742 0.7398279 -0.2919031 0.8864897 0.4120169 -0.2106613 0.8728333 0.4456783 -0.1988292 0.8844655 0.4172526 -0.2088565 -0.01503115 -0.6174885 -0.7864362 0.1157411 -0.56377 -0.817782 -0.01273006 -0.4927299 -0.8700893 -3.0865e-7 -0.5311918 -0.8472517 -0.01395064 -0.4883931 -0.8725122 0.8347981 0.4613329 -0.3004731 0.7173942 0.499771 -0.4853602 -0.8702153 0.3514921 -0.3452226 0.892143 -0.3533614 0.2814549 0.8266733 0.4731047 -0.3046036 0.8484188 0.3864336 -0.3617386 0.8517693 0.3843792 -0.3560082 -0.01488256 -0.7577327 -0.6523955 0.06118381 -0.6857526 -0.7252585 -0.01248902 -0.6511897 -0.7588123 9.0016e-7 -0.6701195 -0.7422533 -0.01393145 -0.6469223 -0.7624288 0.8968463 -0.3088451 0.3166727 0.8824887 -0.3431668 0.3216369 0.8913666 -0.3223568 0.3186718 -0.8801142 0.3233814 -0.3475968 -0.8944032 0.3201633 -0.3123114 -0.8854811 0.3222621 -0.3347693 -0.5715607 -0.5123603 0.6409409 -0.590965 -0.5363407 0.6025772 -0.4004496 -0.5506907 0.7323797 0.8485861 -0.4015062 0.3445208 0.8642213 -0.365616 0.3456102 0.8536067 -0.3903677 0.3449186 0.1620365 -0.7104915 -0.6847963 -0.7341152 -0.4921482 0.4678302 -0.714933 -0.4785335 0.5097808 -0.7405754 -0.4779112 0.4723866 -0.7268566 -0.4783687 0.4927911 0.07792329 -0.6391587 -0.7651171 0.07873672 -0.6248245 -0.7767849 0.03711682 -0.6335684 -0.772796 0.07783067 -0.7489935 -0.6579903 0.251756 0.8383019 -0.4835999 0.2597807 0.7400278 -0.6203812 0.7468734 0.5472044 -0.3778193 -0.9208398 -0.3035821 0.2447283 -0.9865453 0.1249832 -0.1053933 0.8965817 -0.3751121 0.2354407 -0.1358007 -0.6093516 0.7811843 -0.7804422 -0.3930288 0.4862492 -0.7989537 -0.4003821 0.4487395 -0.782326 -0.393776 0.482604 0.8805955 -0.335985 0.3341642 0.8927645 -0.3016496 0.3346331 0.8827444 -0.3301874 0.3342733 -0.8758719 0.3832426 -0.2932124 -0.8906682 0.3736775 -0.2589893 -0.9500676 0.2484797 -0.1887573 0.2226967 -0.7609993 0.6093327 0.8915994 -0.2849209 0.3519528 0.8781847 -0.3195425 0.3559275 0.8888275 -0.2923779 0.3528472 0.1191239 -0.7382088 -0.663971 0.1222733 -0.7588785 -0.6396507 0.1088562 -0.7079589 -0.6978141 0.1160552 -0.7376228 -0.6651645 0.07928532 -0.7656233 -0.6383845 0.6221767 0.6025043 -0.4998847 -0.8720507 0.3579414 -0.3337748 -0.6260888 0.6735671 -0.3928362 -0.6953858 0.4940261 -0.5218973 -0.7173935 0.4997788 -0.4853532 -0.6992534 0.4950768 -0.5156974 0.8553115 0.3872358 -0.344225 0.8702124 0.351499 -0.3452227 0.8598544 0.3767235 -0.3445721 -0.9049329 -0.3456552 0.2482315 -0.8921433 -0.3533533 0.281464 -0.9013702 -0.3479201 0.2578438 -0.9044884 -0.2890257 0.3136318 0.8697111 0.3252826 -0.3712062 -0.4977559 0.6112855 -0.6152798 -0.5263229 0.6233057 -0.5783375 -0.6172894 0.5268212 -0.5843057 0.590965 -0.5363407 0.602577 -0.8364424 -0.4271321 0.3433984 -0.1215878 -0.6391435 -0.7594157 0.6997592 -0.478448 0.5304948 -0.07873654 -0.624825 -0.7767846 -0.07792156 -0.6391587 -0.7651174 -0.03713738 -0.6335648 -0.7727978 -0.6370541 0.5884913 -0.4978355 -0.07820844 -0.7636514 -0.6408744 -0.7266529 0.5473739 -0.4151594 -0.7468724 0.5472114 -0.3778115 -0.7292812 0.5474094 -0.4104777 0.9362546 -0.2749218 0.2187361 -0.9161463 -0.3475722 0.1996741 0.7616958 -0.3854271 0.5208315 -0.8688764 -0.3659418 0.3333775 -0.2226997 -0.7609986 0.6093325 -0.4670644 -0.5948079 0.6542587 -0.5111593 -0.5827616 0.6317479 -0.2622668 -0.6514942 0.7118789 -0.9007504 -0.2589731 0.3486856 -0.1088603 -0.7079685 -0.6978038 -0.09383523 -0.7715336 -0.6292304 -0.07924664 -0.7656363 -0.6383737 -0.07591307 -0.7758319 -0.6263563 -0.07237297 -0.7721988 -0.6312458 -0.5911282 0.6053058 -0.5330784 -0.6221767 0.6025042 -0.4998849 -0.6076917 0.6039816 -0.5156716 0.8856816 0.3222885 -0.3342127 0.8720576 0.3579273 -0.333772 0.8836275 0.3279176 -0.3341743 0.6640402 0.4903686 -0.5644371 0.7191355 0.3141602 -0.6197964 -0.8709163 0.2197141 -0.4395801 0.9046039 -0.2420476 0.3508628 0.8919219 -0.275085 0.3588922 0.9010407 -0.2516843 0.353243 0.04749137 -0.1019577 -0.9936545 0.0148521 -0.08630573 -0.9961581 0.01395928 -0.1072366 -0.9941356 0.01245915 -0.1130495 -0.9935113 0.8974297 -0.1886931 0.3987669 0.8837141 -0.2189944 0.4136313 0.8921564 -0.2006853 0.4047003 -0.8940754 0.1694595 -0.4146237 -0.5712202 -0.276753 0.7727324 -0.589388 -0.311927 0.7452002 -0.4027903 -0.2823491 0.8706544 0.8484838 -0.2678418 0.4564384 0.8647062 -0.2331161 0.4449046 0.8536425 -0.2571552 0.4529524 0.1176549 -0.8742448 -0.4710131 -0.7350126 -0.3130134 0.6014808 -0.7152985 -0.2868961 0.6372117 -0.7420366 -0.2977933 0.6005839 -0.727586 -0.2919029 0.6208152 0.08599764 -0.8200448 -0.5658012 0.07865101 -0.8718416 -0.4834318 0.038145 -0.8781816 -0.476804 0 -0.06890988 0.9976229 0 -0.06193989 0.99808 0 -0.06193995 0.99808 0 -0.06890976 0.9976229 0.07830882 -0.8878974 -0.4533275 0.2570751 0.4987041 -0.8277721 0.7464348 0.3950679 -0.5354965 -0.9204951 -0.208032 0.3307741 -0.9865651 0.08390015 -0.1401792 0.892831 -0.2799972 0.3527809 -0.1355954 -0.322509 0.9368041 -0.7799852 -0.2139135 0.5881022 -0.7977806 -0.2334672 0.555913 -0.7817869 -0.2158414 0.5849974 0.8814402 -0.2084715 0.4237958 0.8931285 -0.1762889 0.4138162 0.8834661 -0.2031247 0.4221707 0.2000571 -0.524398 0.8276377 0.2585574 -0.382256 0.8871463 0.8912883 -0.155335 0.4260004 0.8772246 -0.1872518 0.4420565 0.8883954 -0.1621692 0.4294822 0.1407769 -0.9044765 -0.4026218 0.1336532 -0.9029844 -0.4083579 0.1292179 -0.8753771 -0.4658516 0.1212756 -0.868916 -0.4798721 0.07973289 -0.8794643 -0.4692392 0.6216298 0.4076452 -0.6688809 -0.8733814 0.2289616 -0.4298622 -0.6371721 0.4955819 -0.590263 -0.831972 0.3515573 -0.4292206 -0.696006 0.2974401 -0.6535328 -0.7191351 0.3141694 -0.6197922 -0.7000436 0.3003274 -0.6478753 0.8554484 0.2542712 -0.4511698 0.8709157 0.2197142 -0.439581 0.8601386 0.2441433 -0.4478344 -0.9123938 -0.219848 0.3452602 -0.8247269 0.3442825 -0.4486595 -0.8496224 0.2429113 -0.4681194 0.04750603 -0.8833129 -0.4663708 0.01477086 -0.8767088 -0.4807947 6.16113e-7 -0.8855997 -0.4644494 0.01394009 -0.8866887 -0.4621569 0.01243972 -0.8893657 -0.4570274 -0.9047432 -0.1712348 0.3900237 0.8805784 0.2006143 -0.4293434 0.8940754 0.1694594 -0.4146237 0.8857028 0.1891431 -0.423976 -0.4993188 0.3778235 -0.7796988 -0.5279307 0.4011326 -0.7485866 -0.6203635 0.3059598 -0.7221757 0.5893892 -0.3119169 0.7452036 -0.8357735 -0.2929433 0.4643996 -0.1217151 -0.8786366 -0.4617176 0.6992303 -0.2803514 0.6576322 -0.07865118 -0.8718423 -0.4834305 -0.08599597 -0.8200448 -0.5658015 -0.03816598 -0.8781796 -0.4768063 -0.08110165 -0.947644 -0.3088582 -0.7252454 0.3835886 -0.5717335 -0.7464337 0.3950766 -0.5354916 -0.7280785 0.3851211 -0.5670834 0.935967 -0.1893517 0.2968364 0.9527096 0.1600916 -0.2582927 -0.9131655 -0.2654216 0.3093222 0.7620403 -0.1952011 0.617407 -0.8701877 -0.2366691 0.4321589 -0.3956966 -0.4914481 0.7758241 -0.4373003 -0.4844094 0.7577046 -0.2238922 -0.5232526 0.8222404 -0.2585581 -0.3822559 0.8871461 -0.900845 -0.1315741 0.4137228 -0.1292159 -0.8753737 -0.4658586 -0.09428775 -0.9435969 -0.3173874 -0.07929217 -0.8796799 -0.4689095 -0.07605117 -0.9553193 -0.2856245 -0.05470591 -0.9454587 -0.3211159 -0.5911719 0.3992395 -0.7008021 -0.6216297 0.4076456 -0.6688808 -0.6074801 0.4037989 -0.6840428 0.8862484 0.1957968 -0.4197946 0.8733867 0.2289518 -0.429857 0.8843418 0.2009328 -0.4213852 -0.01499891 -0.9524986 -0.3041737 -0.04658192 -0.9566082 -0.2876299 -0.01260876 -0.960501 -0.2779911 3.15664e-7 -0.9583 -0.2857643 -0.01383936 -0.959101 -0.2827258 0.7189534 0.09578907 -0.6884262 -0.870329 0.06512194 -0.4881463 0.9052034 -0.1146165 0.4092311 0.8925486 -0.1431626 0.4276232 0.9017089 -0.1227908 0.4145403 0.8975828 -0.04891932 0.4381234 0.8833783 -0.072833 0.462967 0.8921976 -0.05824112 0.4478745 -0.8948008 0.02546787 -0.4457389 -0.5698214 -0.01035863 0.8217033 -0.5891616 -0.05291986 0.8062804 -0.4007471 0.01551753 0.9160574 0.8474761 -0.1053954 0.5202654 0.8637892 -0.07616215 0.498064 0.8527244 -0.09627139 0.5134131 0.1175892 -0.9874257 -0.1056571 -0.7335116 -0.1008665 0.6721509 -0.7160466 -0.06419634 0.6950943 -0.7420444 -0.08652323 0.6647435 -0.7280788 -0.07438379 0.6814458 0.07781654 -0.958382 -0.2746795 0.08247631 -0.980104 -0.1805382 0.03774368 -0.9580315 -0.2841672 0.07854169 -0.9933082 -0.08467692 0.2465658 0.364674 -0.8978965 0.7478945 0.1991842 -0.6332296 -0.9200914 -0.0915547 0.3808537 0.8882593 -0.1471104 0.4351484 -0.1349068 -4.80904e-4 0.9908582 -0.7791315 -0.01120382 0.6267605 -0.7979776 -0.04017782 0.6013465 -0.7811144 -0.01415032 0.6242275 0.8814795 -0.05946779 0.4684631 0.89372 -0.03219842 0.4474685 0.8836017 -0.05492746 0.4650065 0.2202814 -0.2260342 0.948886 0.8908869 -0.008433163 0.4541472 0.8774324 -0.03345137 0.4785325 0.8880475 -0.01391392 0.4595413 0.1340928 -0.9885779 -0.06879645 0.1261418 -0.9890709 -0.07633608 0.1294826 -0.986504 -0.1002213 0.1217569 -0.9858632 -0.1151044 0.07957178 -0.9917217 -0.1007788 0.620311 0.1684483 -0.7660545 -0.8729858 0.07701176 -0.4816275 0.04613387 0.8834169 0.4663113 0.014934 0.8762379 0.4816474 1.21344e-7 0.8855717 0.4645029 0.01389276 0.8870086 0.4615442 0.01271682 0.8891937 0.4573543 -0.6967352 0.06894093 -0.7140078 -0.7189527 0.09579926 -0.6884254 -0.7005721 0.07347649 -0.7097886 0.8545434 0.09419095 -0.5107678 0.8703287 0.06512182 -0.4881467 0.8593705 0.08558136 -0.5041412 -0.9130095 -0.09542697 0.3966201 -0.8247856 0.1798218 -0.5360904 -0.8493508 0.07772272 -0.5220752 -0.04741179 -0.9939931 -0.09864121 -0.9051725 -0.03516125 0.4235875 0.8809063 0.05010306 -0.4706314 0.8948007 0.02546787 -0.445739 0.8861078 0.04114556 -0.4616492 -0.4995712 0.1040707 -0.8599988 -0.5272231 0.1362435 -0.8387333 -0.6188068 0.05581754 -0.7835577 0.5891615 -0.05291998 0.8062806 -0.8347787 -0.1265122 0.5358538 -0.1014137 -0.9839611 -0.1467512 0.7005468 -0.05139571 0.7117533 -0.08247631 -0.9801044 -0.1805359 -0.07781517 -0.9583813 -0.2746818 -0.03776222 -0.958031 -0.2841668 -0.07921302 -0.9957028 -0.04797285 -0.7266828 0.1766868 -0.6638628 -0.747894 0.1991839 -0.6332302 -0.7294701 0.1795805 -0.6600183 0.9200912 -0.09155499 0.3808543 0.9547324 0.06556099 -0.2901512 0.9865632 0.0347563 -0.1596403 -0.8882588 -0.1471087 0.43515 0.7601265 0.01602929 0.6495776 -0.869629 -0.08360546 0.4865753 -0.2202826 -0.2260342 0.9488859 -0.9000075 0.01001918 0.4357595 -0.1294826 -0.986504 -0.1002213 -0.07074636 -0.9974936 0.001253724 -0.0795716 -0.9917196 -0.1008001 -0.07614982 -0.9922703 0.09798455 -0.01672434 -0.9998508 -0.004329025 -0.589473 0.1501247 -0.7937155 -0.6203112 0.1684486 -0.7660543 -0.6059761 0.1598818 -0.7792502 0.8865181 0.04873806 -0.4601198 0.8729864 0.07701063 -0.4816264 0.8845188 0.05309224 -0.4634737 -0.05365049 -0.9980954 0.0304498 0.835504 0.004030704 -0.5494696 0.7175772 -0.1333206 -0.6835997 -0.8700218 -0.09710812 -0.4833552 0.8922704 0.0426051 0.4494867 0.8484025 -0.09179431 -0.5213321 0.8515912 -0.08813625 -0.5167441 -0.01486164 -0.9631128 0.2686876 0.08638858 -0.9795834 0.1815309 -0.01251375 -0.9925897 0.1208693 -2.51966e-7 -0.9883074 0.1524752 -0.01396077 -0.9932324 0.1153028 0.8826758 0.1153547 0.4556058 -0.8803862 -0.114282 -0.4602825 -0.8945044 -0.08656656 -0.4385978 -0.8857095 -0.1041357 -0.4524096 -0.5714566 0.256857 0.7793985 -0.5911005 0.2115212 0.7783696 -0.3997634 0.3124738 0.861713 0.8485178 0.06913304 0.5246316 0.8640578 0.08969646 0.4953371 0.8535066 0.07556247 0.5155742 0.1645711 -0.9587838 0.2316251 -0.7338181 0.1229144 0.6681341 -0.7154359 0.1653279 0.6788359 -0.7408619 0.1343915 0.6580749 -0.7272664 0.1511979 0.6694946 0.07792204 -0.9911606 0.1073723 0.07872247 -0.9929216 0.08893525 0.03789204 -0.9944273 0.0983802 0.07825195 -0.9564913 0.2810714 0.07826924 -0.9561921 0.2820826 0.07824802 -0.9565591 0.2808415 0.2601569 -0.1151313 -0.9586779 0.7471294 -0.01736789 -0.6644518 -0.9208309 0.0390594 0.388001 0.897166 -0.008407533 0.4416138 -0.1358839 0.321262 0.9371907 -0.7804011 0.1924792 0.5949168 -0.799065 0.1569725 0.580392 -0.7823091 0.1889814 0.5935307 0.8806336 0.09624087 0.4639205 0.8928944 0.1153441 0.4352418 0.8828061 0.09950619 0.4590774 -0.8759413 -0.03610563 -0.4810648 -0.8907982 -0.01270139 -0.4542217 -0.9503791 -0.02270436 -0.310265 0.2223871 0.09445393 0.9703724 0.264019 0.243212 0.9333499 0.8915749 0.1390608 0.4309945 0.8782737 0.1234204 0.4619555 0.8888285 0.1357274 0.4376782 0.1219586 -0.9588216 0.2564905 0.122282 -0.9532598 0.2763025 0.1146345 -0.9678537 0.2238709 0.117654 -0.9608795 0.2507353 0.07899701 -0.9559398 0.2827341 0.6221433 -0.08939558 -0.7777828 -0.8720558 -0.08392161 -0.4821577 -0.01271003 -0.9972731 -0.07269829 -0.01394772 -0.9968766 -0.07773369 -0.6958714 -0.1669634 -0.6984886 -0.7175781 -0.1333303 -0.683597 -0.699641 -0.1612838 -0.6960533 0.8551211 -0.0767166 -0.5127208 0.8700214 -0.0971083 -0.4833557 0.8596634 -0.08276098 -0.5041127 -0.9050626 0.0190072 0.4248535 -0.8922708 0.04260432 0.4494863 -0.9015148 0.02577769 0.43198 -0.8235719 -0.004110872 -0.567197 -0.8969316 0.08904552 0.4331104 -0.8826751 0.1153558 0.4556071 -0.8914943 0.09937036 0.4419993 0.8701117 -0.132933 -0.4745888 -0.49783 -0.1811888 -0.8481368 -0.5260109 -0.1437597 -0.8382397 -0.6171808 -0.2014621 -0.7605926 0.5911005 0.2115211 0.7783695 -0.8364513 0.05416613 0.545358 -0.1178016 -0.9863322 0.1152024 0.7004271 0.1826605 0.6899545 -0.07872241 -0.9929217 0.08893519 -0.07792323 -0.9911608 0.1073691 -0.03787201 -0.9944269 0.09839296 -0.6362712 -0.09540575 -0.7655435 -0.07825064 -0.9565142 0.2809934 -0.07823067 -0.9568529 0.279844 -0.07824581 -0.9565957 0.2807176 -0.7267722 -0.0485565 -0.6851602 -0.7471293 -0.01736837 -0.6644518 -0.7294108 -0.0446316 -0.6826186 0.9362909 0.03293466 0.3496779 0.9408876 -0.03576183 -0.3368259 0.9866781 -0.0189464 -0.1615779 -0.9164744 -0.02314555 0.3994236 0.7614979 0.2256342 0.6076267 -0.8687999 0.07922923 0.4887838 -0.2223888 0.09445381 0.970372 -0.2640184 0.2432123 0.9333499 -0.9006646 0.1505706 0.407593 -0.1146335 -0.9678548 0.2238666 -0.09383672 -0.9515991 0.2926669 -0.07934719 -0.9559658 0.2825479 -0.07596898 -0.9515269 0.2980357 -0.0722754 -0.953655 0.2920934 -0.5909618 -0.1156823 -0.798362 -0.6221432 -0.0893951 -0.7777832 -0.6075773 -0.1018341 -0.7877054 0.8857957 -0.103726 -0.452335 0.8720565 -0.08391541 -0.4821574 0.8837178 -0.1006149 -0.4570773 0.04751431 0.2912403 0.9554693 0.01489257 0.2764105 0.9609243 2.88058e-7 0.2909786 0.9567295 0.01397514 0.2672122 0.9635364 0.003846585 0.3048509 0.9523924 0.7186145 -0.3476435 -0.6022768 -0.8708448 -0.2481363 -0.4243324 0.9045304 0.1616518 0.39458 0.8916915 0.1504006 0.4269264 0.9009351 0.1584154 0.4040054 -0.01488441 -0.8456314 0.5335597 -0.04741978 -0.8780372 0.4762376 -0.01251661 -0.8736432 0.4864062 -0.0140196 -0.8764367 0.4813132 0.8973382 0.2309629 0.3760856 0.8836827 0.2267591 0.4094939 0.8920741 0.229336 0.3893697 -0.8939468 -0.2547758 -0.3687118 -0.5714403 0.4958702 0.6538874 -0.589763 0.453473 0.6682379 -0.4027513 0.5748698 0.7122613 0.8485532 0.2358181 0.4736532 0.8646727 0.2452315 0.4384093 0.8536984 0.2387753 0.4628019 0.117627 -0.8769254 0.4660107 -0.7349557 0.3326994 0.5908902 -0.7150259 0.3770232 0.5887202 -0.7419244 0.340304 0.5777036 -0.7273926 0.3605086 0.5838953 0.08429414 -0.9162541 0.3916286 0.07868725 -0.8858696 0.4572128 0.03739345 -0.8838204 0.4663295 -0.1157444 -0.5637705 -0.8177812 0.01503103 -0.6175034 -0.7864246 0.01395183 -0.4883875 -0.8725154 0.01272791 -0.4927302 -0.8700892 0.07556617 -0.8593012 0.505857 0.2576243 -0.420637 -0.8698819 0.7462269 -0.23264 -0.623718 -0.9205249 0.1633086 0.3549146 -0.9865822 -0.07150322 -0.146775 0.8937286 0.141061 0.4258531 -0.1357844 0.6082954 0.7820098 -0.7801818 0.3754674 0.5003407 -0.7980667 0.3377645 0.4990037 -0.7819873 0.3718157 0.500249 0.8813596 0.2410805 0.4063074 0.8929573 0.2504159 0.3740577 0.8833629 0.2426491 0.4009882 0.200499 0.4065205 0.8913704 0.2614853 0.5336551 0.8042623 0.8914229 0.2717096 0.3626832 0.8774445 0.2676575 0.3980588 0.8885532 0.2708814 0.3702656 0.1331336 -0.8308336 0.5403618 0.1260079 -0.836798 0.5328143 0.1217559 -0.8683212 0.4808263 0.1131161 -0.8791733 0.4628812 0.0786066 -0.8782693 0.4716611 0.6218248 -0.3373404 -0.7067782 -0.8730527 -0.2351718 -0.427169 -0.6955735 -0.3850055 -0.6065874 -0.7186143 -0.347652 -0.602272 -0.6996042 -0.3786834 -0.6059315 0.8554942 -0.2388757 -0.4594214 0.8708442 -0.2481368 -0.424333 0.8601536 -0.2416379 -0.4491625 -0.9123926 0.1690006 0.3727985 -0.8246441 -0.1876416 -0.5336225 -0.8495821 -0.2593235 -0.4593057 -0.9046102 0.2332181 0.356777 0.8802837 -0.2502055 -0.4031103 0.8939468 -0.254776 -0.3687118 0.8854853 -0.2519379 -0.3904395 -0.4991162 -0.4465885 -0.7425913 -0.527903 -0.40774 -0.7450278 -0.6205595 -0.4376834 -0.6506452 0.5897627 0.4534728 0.6682383 -0.835969 0.2287224 0.4988407 -0.1217266 -0.8715929 0.4748773 0.6988593 0.3977538 0.5944642 -0.07868713 -0.8858697 0.4572125 -0.08429539 -0.9162549 0.3916264 -0.0373736 -0.883815 0.4663416 -0.0780242 -0.7803851 0.6204122 -0.725228 -0.2692086 -0.6336965 -0.7462267 -0.2326405 -0.623718 -0.7280482 -0.2644637 -0.6324594 0.9360663 0.1450038 0.3205527 0.9526229 -0.1289532 -0.2754645 -0.9136056 0.1131743 0.3905335 0.7621131 0.4103348 0.5008085 -0.8701881 0.2325767 0.434374 -0.3959066 0.3811315 0.8354622 -0.4374199 0.3698238 0.8196915 -0.2236479 0.4026864 0.8875954 -0.2614837 0.5336555 0.8042625 -0.9009383 0.274457 0.3361302 -0.1217561 -0.8683215 0.4808258 -0.09455734 -0.7809823 0.6173537 -0.07865607 -0.8782725 0.4716466 -0.07591223 -0.7677304 0.6362605 -0.06120395 -0.7844462 0.6171697 -0.591278 -0.3686934 -0.7172556 -0.6218246 -0.3373395 -0.7067788 -0.6076318 -0.352154 -0.7118787 0.8860266 -0.2448045 -0.3937357 0.8730466 -0.2351675 -0.4271838 0.8840959 -0.2433354 -0.3989517 0.0398671 0.8761466 -0.4803934 0 0.8096957 -0.58685 0 0.8097072 -0.5868341 -0.03986626 0.8761466 -0.4803934 -0.01079767 0.8768228 -0.4806925 0 0.8682322 -0.4961582 0 0.8682326 -0.4961576 0 0.8639785 -0.5035288 0 0.8639714 -0.5035409 0.719071 -0.5240983 -0.456353 -0.8706609 -0.3727692 -0.3209249 0.9051637 0.2801502 0.319679 0.8925931 0.279832 0.3535135 0.9016773 0.2800979 0.3294289 0.8975825 0.34018 0.2803983 0.8834814 0.347778 0.3138647 0.892244 0.3431931 0.2934607 -0.8947172 -0.3595126 -0.2650133 -0.5697984 0.6824623 0.4577937 -0.5889338 0.6464543 0.4850296 -0.4010479 0.7755532 0.4875222 0.8476093 0.3779877 0.3724027 0.8640281 0.3751895 0.3356908 0.8528742 0.3771793 0.3610284 0.117614 -0.6357455 0.7628857 -0.7339945 0.5073997 0.4514396 -0.7159944 0.5470891 0.4336423 -0.7421124 0.5093734 0.4356696 -0.7280706 0.5300619 0.4346811 0.07778394 -0.7601959 0.6450209 0.08321774 -0.6761169 0.7320798 0.03775542 -0.76778 0.6396001 0.07851332 -0.6214584 0.7795032 0.247147 -0.5526023 -0.7959581 0.7479154 -0.4214518 -0.5128363 -0.9199293 0.2691841 0.285079 0.8892537 0.282121 0.3600495 -0.1352518 0.829506 0.5418734 -0.7789964 0.5189248 0.3519687 -0.797708 0.4819438 0.3624808 -0.7809743 0.5151941 0.3530643 0.8815323 0.3597637 0.3057303 0.8936589 0.3572434 0.2715712 0.8836297 0.3593759 0.3000792 0.2198539 0.671217 0.7079068 0.8907927 0.3758664 0.2553681 0.877208 0.3828073 0.2897666 0.8879399 0.3774253 0.2628934 0.135283 -0.6003177 0.7882369 0.1275006 -0.6066459 0.7846811 0.1294733 -0.6307336 0.7651222 0.1217312 -0.6428412 0.756265 0.07986986 -0.6342918 0.7689569 0.6202683 -0.5495269 -0.5597211 -0.8731154 -0.3611063 -0.3275239 0.04654312 -0.7699753 0.6363739 0.01498711 -0.7813628 0.6238971 0 -0.7693364 0.638844 0.01382482 -0.7671171 0.6413583 0.01265621 -0.7641207 0.6449491 -0.6967073 -0.5603131 -0.4479379 -0.7190713 -0.5241045 -0.4563452 -0.7005823 -0.554264 -0.4494174 0.8548073 -0.3759992 -0.3576719 0.8706677 -0.3727682 -0.3209077 0.8596262 -0.3751111 -0.3468927 -0.9129148 0.2801491 0.296822 -0.8248136 -0.3506759 -0.4435191 -0.8494682 -0.3946126 -0.3502643 -0.04738873 -0.6334629 0.7723206 -0.9051367 0.3355904 0.2609725 0.8808872 -0.3667696 -0.2991958 0.894717 -0.3595127 -0.2650134 0.8860947 -0.3641745 -0.2867285 -0.49962 -0.6633506 -0.5570871 -0.5274397 -0.6278722 -0.5723496 -0.6191974 -0.6255691 -0.4746134 0.5889348 0.6464589 0.4850226 -0.8347725 0.3796397 0.3987837 -0.1132336 -0.6446323 0.7560604 0.7004149 0.5680901 0.4320796 -0.08321779 -0.6761163 0.7320804 -0.07778525 -0.7601966 0.64502 -0.0377354 -0.7677703 0.6396131 -0.07956558 -0.5751377 0.8141781 -0.2336603 -0.6847249 -0.6903294 -0.7265321 -0.4595386 -0.5108575 -0.7479154 -0.42146 -0.5128296 -0.729356 -0.4547021 -0.5111613 0.9199302 0.2691831 0.2850771 0.9549112 -0.2067711 -0.21305 0.9865226 -0.1148755 -0.1165202 -0.8890948 0.2824031 0.3602205 0.7601628 0.5527302 0.3415287 -0.8697805 0.3616047 0.3357442 -0.2198558 0.6712167 0.7079066 -0.9000163 0.3703989 0.2297292 -0.1294732 -0.630733 0.7651225 -0.07498586 -0.5431488 0.8362814 -0.07991069 -0.6343047 0.7689421 -0.07620316 -0.4693233 0.8797323 -0.02354645 -0.5488231 0.8356068 -0.5898429 -0.5824978 -0.5592688 -0.6202681 -0.5495265 -0.5597215 -0.6061824 -0.5650972 -0.5596501 0.8865244 -0.3587 -0.2922481 0.8731162 -0.3610976 -0.3275313 0.8845331 -0.3591059 -0.297732 -0.03128975 -0.5113139 0.8588243 0.8349765 -0.458638 -0.3040816 0.7178922 -0.6450521 -0.2617989 -0.8698703 -0.4581083 -0.1829276 0.892267 0.3997218 0.2099574 0.8483327 -0.4868783 -0.2080416 0.8513237 -0.4813239 -0.2087469 -0.01497483 -0.3104832 0.9504609 0.1113511 -0.3786444 0.9188196 -0.01252287 -0.4500666 0.8929072 2.62873e-7 -0.4153048 0.9096825 -0.01402288 -0.4553353 0.8902096 0.8830107 0.4440072 0.1521503 -0.8806428 -0.4474803 -0.1556596 -0.8946701 -0.4143136 -0.1670621 -0.8859162 -0.4354301 -0.1598541 -0.5712696 0.7932502 0.2107255 -0.5911939 0.7673871 0.2482076 -0.3991354 0.8926869 0.2092878 0.8483685 0.4773557 0.2289158 0.8638672 0.4641566 0.1956841 0.8533508 0.4733075 0.2185692 0.1508923 -0.328019 0.9325423 -0.7334612 0.6270774 0.2623143 -0.715636 0.658658 0.2324536 -0.7411474 0.6242734 0.246948 -0.7275084 0.6430687 0.239153 0.07792067 -0.4605069 0.8842296 0.07875388 -0.4758025 0.8760193 0.03743094 -0.4698479 0.8819535 0.07852858 -0.2813239 0.9563944 0.2605317 -0.8656959 -0.4274271 0.7473529 -0.5657353 -0.3484356 -0.9202978 0.3464218 0.1817802 0.8852603 0.3899808 0.253435 -0.1344395 0.9606511 0.2430546 -0.7803108 0.6035259 0.1639253 -0.7991324 0.5717613 0.1856783 -0.7822492 0.6004126 0.1661055 0.8807328 0.4409419 0.1728584 0.8930823 0.4271829 0.1411339 0.8829132 0.4386472 0.1674902 0.2221029 0.8643373 0.4512109 0.2636082 0.9146732 0.3064045 0.891547 0.437003 0.1190475 0.8783438 0.4542036 0.1490355 0.8888098 0.4407545 0.1255096 0.1247733 -0.3079161 0.9431964 0.1223405 -0.2991925 0.9463174 0.1203626 -0.329248 0.9365409 0.1193102 -0.3184781 0.9403919 0.07962268 -0.2955403 0.9520064 0.6220556 -0.7002873 -0.3502066 -0.8721368 -0.4495285 -0.1931363 -0.0082888 -0.5994117 0.8003981 -0.01400113 -0.6176663 0.7863156 -0.6963245 -0.6757914 -0.2417402 -0.7178928 -0.6450553 -0.2617895 -0.7000589 -0.6706833 -0.2451561 0.8547768 -0.471823 -0.216194 0.8698699 -0.4581089 -0.1829279 0.8594025 -0.467816 -0.2063385 -0.9051384 0.3660485 0.2161778 -0.8922669 0.399716 0.2099689 -0.9015835 0.3757199 0.2144342 -0.8239784 -0.4767713 -0.3061844 -0.8970839 0.4110941 0.161994 -0.8830196 0.4439876 0.1521561 -0.8917067 0.4240832 0.1581539 0.8704449 -0.4695414 -0.1478394 -0.4981347 -0.8091348 -0.3117097 -0.5259255 -0.7806166 -0.3376985 -0.6171929 -0.7470628 -0.2469214 0.5911949 0.7673889 0.2481996 -0.8363654 0.4864425 0.2527191 -0.1052343 -0.4377272 0.8929281 0.7005604 0.6775149 0.2240282 -0.07875382 -0.4758021 0.8760195 -0.07792145 -0.4605076 0.884229 -0.03741097 -0.4698379 0.8819597 -0.6354388 -0.6938771 -0.338751 -0.07823753 -0.2979733 0.9513626 -0.7268569 -0.6002616 -0.3337142 -0.7473534 -0.5657407 -0.3484256 -0.7295297 -0.5959475 -0.3356086 0.9202971 0.3464291 0.1817697 0.9534935 -0.2687735 -0.136422 0.9866142 -0.1460072 -0.07262486 -0.9170445 0.321019 0.236593 0.7612566 0.6324528 0.1431506 -0.868811 0.4526232 0.200748 -0.222141 0.8643311 0.4512041 -0.2636367 0.9146671 0.3063983 -0.900555 0.4238538 0.09668892 -0.1203637 -0.3292458 0.9365414 -0.09375393 -0.2846895 0.9540243 -0.07966327 -0.2955754 0.9519922 -0.0757457 -0.2802628 0.9569302 -0.07211267 -0.2863103 0.9554194 -0.590752 -0.7319617 -0.3394763 -0.6220673 -0.7002748 -0.3502108 -0.6074188 -0.7154436 -0.3452289 0.8859671 -0.4352016 -0.1601931 0.8721376 -0.4495276 -0.1931348 0.8838832 -0.4374936 -0.1653785 -0.01501327 -0.1232956 0.9922565 0.03828477 -0.2306803 0.9722762 -0.01269948 -0.2704253 0.9626572 -6.16892e-7 -0.2505427 0.9681056 -0.01393514 -0.2751587 0.9612979 0.7180646 -0.6949375 -0.03801625 -0.8707448 -0.4911441 -0.02410709 0.9044982 0.4188519 0.08028936 0.8915417 0.440017 0.1074178 0.9008888 0.4250115 0.08811694 0.8273961 -0.5436886 -0.1407781 -0.03828489 -0.2306801 0.9722762 0.01501303 -0.1232882 0.9922574 0.01393955 -0.2751567 0.9612984 0.01269447 -0.2704261 0.962657 0.8971417 0.4415776 0.01208966 0.8833529 0.4674792 0.03392314 0.8918266 0.4519021 0.02073526 -0.8938974 -0.4481145 0.01187866 -0.571561 0.8185092 -0.05797308 -0.5900976 0.8072 -0.01459556 -0.4021865 0.9109073 -0.09216243 0.848603 0.525461 0.06135034 0.8646207 0.5012596 0.03420525 0.8537335 0.5180147 0.05291241 0.1267006 -0.0759021 0.9890328 -0.7348368 0.676797 0.0442807 -0.7145798 0.6995286 0.005955576 -0.7412853 0.670486 0.0307374 -0.7268927 0.6865357 0.01720243 0.08253592 -0.1577648 0.9840214 0.07870596 -0.1110296 0.9906957 0.03840154 -0.1024708 0.9939946 0.07608532 -0.03088653 0.9966229 0.250374 -0.9242908 -0.288096 0.746145 -0.6495701 -0.1460354 -0.920651 0.3861795 0.05715984 -0.9865372 -0.162266 -0.02035033 0.8944221 0.4322099 0.114908 -0.1357643 0.9873361 -0.08207088 -0.7803049 0.6240534 -0.04100877 -0.7983171 0.6021515 -0.01016944 -0.7821391 0.6219455 -0.03797751 0.8810963 0.4725069 0.02016568 0.892816 0.4503902 -0.005306959 0.8831273 0.4688628 0.01593124 0.2361096 0.9716983 -0.007406532 0.8915043 0.4520591 -0.02937299 0.8776496 0.479257 -0.006636559 0.8886627 0.4579046 -0.0245366 0.1232967 0.002780258 0.992366 0.1162776 -0.0116195 0.9931489 0.1124357 -0.06685054 0.9914078 0.1030914 -0.09475678 0.9901481 0.07908904 -0.095344 0.9922977 0.621986 -0.7761294 -0.1037136 -0.8726934 -0.4868997 -0.0365383 -0.6952179 -0.7187421 -0.009058654 -0.7180727 -0.6949292 -0.0380159 -0.6992338 -0.7147557 -0.01402127 0.855512 -0.5152645 -0.05100917 0.8707445 -0.4911447 -0.02410721 0.8601388 -0.5082364 -0.0430926 -0.9124473 0.4044435 0.0621739 -0.8495078 -0.5264905 -0.03382563 -0.03177702 -0.08241319 0.9960916 -0.9044586 0.4265613 -3.52063e-4 0.8800838 -0.4746972 -0.01073294 0.8938975 -0.4481143 0.01187884 0.8853275 -0.4649618 -0.002386808 -0.4988833 -0.866085 -0.03181469 -0.5278452 -0.8467972 -0.06568139 -0.6206466 -0.7840115 0.01113432 0.590102 0.8071968 -0.01459544 -0.8361192 0.5425303 0.08102893 -0.1217266 -0.08847558 0.9886126 0.6985945 0.7154704 -0.008251368 -0.07870632 -0.1110296 0.9906956 -0.08253657 -0.1577661 0.9840211 -0.03842395 -0.1024671 0.9939941 -0.07808458 0.08325731 0.9934642 -0.7253914 -0.6776459 -0.1208448 -0.7461457 -0.6495718 -0.1460244 -0.72815 -0.6740881 -0.124109 0.9362189 0.3472921 0.05368858 0.952654 -0.3010662 -0.04253733 -0.9141837 0.3874568 0.1189348 0.7621 0.6436668 -0.06997662 -0.8697999 0.4915572 0.04265946 -0.396276 0.907799 0.1373546 -0.4378254 0.8883755 0.138195 -0.2224991 0.9636573 0.1478477 -0.4660479 0.8847341 -0.006708085 -0.5101705 0.8600734 -2.852e-4 -0.2644402 0.9643934 -0.004109382 -0.9009343 0.4314926 -0.04617106 -0.1124359 -0.0668506 0.9914076 -0.0940656 0.09083116 0.9914138 -0.07918405 -0.0953918 0.9922854 -0.07591247 0.1030318 0.9917771 -0.06792467 0.08943706 0.9936736 -0.5913138 -0.8021399 -0.08318364 -0.6219866 -0.776129 -0.1037142 -0.607716 -0.7885619 -0.09408336 0.8858296 -0.4638999 -0.01014578 0.872694 -0.4868987 -0.03653717 0.8838566 -0.4675403 -0.01427602 -0.01489222 0.2764057 0.9609257 -0.04751884 0.2912403 0.9554691 -0.003843724 0.3048508 0.9523924 -0.01397353 0.2672106 0.9635369 0.7191585 -0.6685017 0.189517 -0.8709647 -0.4719581 0.1366615 0.9051083 0.4209322 -0.05995947 0.8926208 0.4489246 -0.04117059 0.9016315 0.4290508 -0.05455386 0.04667228 0.1024228 0.9936455 0.0149194 0.08535903 0.9962386 -3.50023e-7 0.1047577 0.9944978 0.01389646 0.107896 0.9940651 0.0126903 0.1127395 0.9935436 0.8975875 0.4207139 -0.1316682 0.8835729 0.4527422 -0.1196807 0.8922612 0.4332884 -0.1270081 -0.894612 -0.4186063 0.1563274 -0.5699014 0.7563017 -0.3212794 -0.5888301 0.7595391 -0.2763684 -0.4011228 0.8320633 -0.3831074 0.8478202 0.5181094 -0.1129766 0.8643575 0.4856168 -0.1306237 0.8530983 0.5081227 -0.1184681 0.1199818 0.2876043 0.9502043 0.1176412 0.2819602 0.9521865 0.1190566 0.2853734 0.950993 -0.7346414 0.6546799 -0.1780346 -0.7159178 0.6622111 -0.2212197 -0.74216 0.6431697 -0.1884977 -0.728043 0.6537238 -0.2063942 0.07773083 0.1149733 0.9903227 0.08394694 0.2576695 0.9625796 0.03796082 0.1061807 0.9936221 0.07849806 0.3038045 0.9494951 0.2476979 -0.9684377 0.02782553 0.2563213 -0.9467228 0.1949757 0.7478921 -0.6598262 0.07271093 -0.9198147 0.3861157 -0.06968265 0.8900826 0.4541653 -0.0385605 -0.1355761 0.9070758 -0.3985381 -0.7790109 0.5783431 -0.242201 -0.7975356 0.5671549 -0.2056025 -0.7809556 0.5772547 -0.2385067 0.8815594 0.452597 -0.1341981 0.8935897 0.4227873 -0.1508258 0.8836477 0.4476625 -0.1369864 0.2193903 0.9597595 -0.1752992 0.2606739 0.910637 -0.3206078 0.8907887 0.4192611 -0.1752583 0.8770638 0.452109 -0.162347 0.8878906 0.4265084 -0.1724553 0.1364537 0.3289832 0.9344253 0.1288115 0.3228154 0.9376556 0.1294332 0.2865846 0.9492716 0.1216499 0.2723998 0.954463 0.07989466 0.2876337 0.9544023 0.6205598 -0.7688307 0.1542883 -0.8732189 -0.4714491 0.1233873 -0.6966334 -0.681395 0.2245059 -0.7191663 -0.6684938 0.1895146 -0.7005456 -0.6792989 0.2186066 0.8550954 -0.5045478 0.119346 0.8709633 -0.4719601 0.1366621 0.8598971 -0.4950643 0.1244524 -0.9128057 0.4019132 -0.07246798 -0.8248218 -0.5630589 0.05132001 -0.8495574 -0.5088441 0.1390322 -0.01492089 0.08535814 0.9962387 -0.04667401 0.1024245 0.9936453 -0.01268821 0.1127395 0.9935436 -0.01390308 0.1078958 0.994065 -0.9050824 0.4020606 -0.1384672 0.8808634 -0.4510439 0.1436641 0.8946119 -0.4186064 0.1563277 0.8860424 -0.4392363 0.1483257 -0.4996377 -0.8290399 0.251108 -0.5276257 -0.8223355 0.2130156 -0.6196215 -0.7389482 0.2646223 0.5888302 0.7595391 -0.2763682 -0.8348851 0.5412654 -0.099994 -0.1199824 0.2876032 0.9502045 -0.1216042 0.2915135 0.9488058 -0.1190737 0.2854148 0.9509785 0.7002543 0.6724492 -0.2397 -0.08394622 0.2576707 0.9625794 -0.07773113 0.1149715 0.9903229 -0.03798311 0.1061834 0.9936209 -0.07992833 0.3780156 0.9223426 -0.7263518 -0.6791483 0.1056921 -0.7478847 -0.6598332 0.07272291 -0.7291852 -0.676749 0.1014881 0.9198144 0.3861165 -0.06968253 0.9551675 -0.2906059 0.05659848 0.9864873 -0.1605689 0.0325663 -0.8899317 0.4544484 -0.03870999 0.7603352 0.5878926 -0.2761754 -0.8699141 0.4785562 -0.1193035 -0.2193921 0.9597591 -0.1752993 -0.2606766 0.9106351 -0.3206112 -0.9000822 0.3946833 -0.1846007 -0.1294333 0.2865844 0.9492715 -0.07906192 0.4043002 0.9112028 -0.07998979 0.2875788 0.9544109 -0.07612067 0.4714674 0.8785921 -0.030074 0.4011022 0.9155395 -0.5904119 -0.7862894 0.1821069 -0.6205578 -0.7688319 0.1542906 -0.6066083 -0.7771886 0.1673451 0.8864877 -0.4408435 0.1407004 0.8732197 -0.4714476 0.1233882 0.8845389 -0.4455679 0.1380594 -0.01770782 0.4410203 0.8973224 0.718194 -0.5714978 0.3969731 -0.869812 -0.4036282 0.2837457 0.8922426 0.3943158 -0.2200417 0.8479411 -0.4408287 0.294391 0.8511022 -0.4381424 0.2892339 0.8832936 0.3696484 -0.2883618 -0.8807279 -0.3747875 0.2895738 -0.8948152 -0.3660829 0.2555173 -0.8860112 -0.3716747 0.2772042 -0.570856 0.610061 -0.5494989 -0.5909258 0.6273692 -0.5071635 -0.4003519 0.6627027 -0.6328851 0.8479785 0.4531006 -0.2750136 0.8636779 0.4177961 -0.28197 0.8530482 0.4420945 -0.2772385 0.1371194 0.6051868 0.7841858 -0.7331675 0.5626375 -0.3819745 -0.7158215 0.5544769 -0.4244467 -0.741416 0.5477231 -0.3876879 -0.7277075 0.5515295 -0.4077464 0.07792127 0.4802458 0.873666 0.0795741 0.486239 0.8701953 0.0376392 0.4732956 0.8800992 0.07855045 0.6396878 0.7646106 0.7475355 -0.6007761 0.2832998 -0.9203258 0.3414872 -0.1907539 0.8850381 0.4239308 -0.1923288 -0.1346852 0.7282582 -0.6719374 -0.7802192 0.4671934 -0.4159185 -0.7991779 0.4679045 -0.3773331 -0.7821663 0.4673008 -0.4121237 0.8809122 0.385446 -0.2746366 0.8933283 0.3512583 -0.2803252 0.8830994 0.3796944 -0.2756224 0.2217222 0.8502942 -0.477325 0.2632522 0.7565208 -0.598644 0.8914847 0.3385965 -0.3010109 0.8783764 0.3729845 -0.2988937 0.8887574 0.3460603 -0.3005873 0.1280776 0.6245121 0.770442 0.1212731 0.6235421 0.7723265 0.1260585 0.6139447 0.7792184 0.120902 0.6105155 0.782722 0.07955127 0.6279898 0.7741451 0.6219409 -0.6760641 0.3951288 -0.8722962 -0.4071649 0.2707696 0.003494024 0.3780267 0.9257882 -0.01406174 0.3115921 0.9501119 -0.6964899 -0.5716263 0.4337572 -0.7181939 -0.5714979 0.3969733 -0.7002349 -0.571676 0.4276188 0.8545339 -0.4392467 0.27719 0.8698116 -0.4036287 0.2837461 0.8592376 -0.4286733 0.279195 -0.9051955 0.3809619 -0.1883855 -0.8922424 0.3943158 -0.2200423 -0.9016326 0.3848156 -0.1974226 -0.8242012 -0.5166723 0.2318241 -0.07874995 0.5819712 0.8093874 0.0148012 0.6182315 0.7858567 0 0.5323041 0.8465533 0.01389223 0.4884727 0.8724687 0.0124529 0.4933533 0.8697399 -0.8972687 0.3600174 -0.2555317 -0.8832932 0.3696492 -0.2883621 -0.8919216 0.3638618 -0.2684782 0.8704596 -0.3803817 0.312426 -0.4986451 -0.7029775 0.5071251 -0.5260668 -0.7093269 0.4691579 -0.6172254 -0.6150076 0.4907121 0.5909259 0.6273694 -0.5071629 -0.8358108 0.4782013 -0.2697109 -0.09256201 0.514466 0.8525006 0.7006326 0.5578067 -0.4449334 -0.07957422 0.486239 0.8701952 -0.07792145 0.4802459 0.8736661 -0.03763943 0.473293 0.8801006 -0.07824498 0.626245 0.77569 -0.7268982 -0.6074693 0.3203126 -0.7475351 -0.6007763 0.2833008 -0.7295787 -0.6066852 0.3156709 0.9203266 0.341486 -0.1907523 0.9537982 -0.2602806 0.1500765 0.9866353 -0.140493 0.08253788 -0.8852459 0.4236488 -0.1919937 0.7609915 0.4657229 -0.4516574 -0.8688973 0.4153448 -0.2692697 -0.2217246 0.8502938 -0.4773246 -0.2632533 0.7565206 -0.5986437 -0.9004284 0.3127848 -0.3023154 -0.1260583 0.6139447 0.7792184 -0.0552178 0.6756936 0.7351116 -0.07955688 0.6280016 0.7741348 -0.07565033 0.7692713 0.6344279 0.007880747 0.6714533 0.7410051 -0.5905244 -0.6844577 0.4275496 -0.6219422 -0.6760638 0.3951274 -0.6072456 -0.6802115 0.4105668 0.886195 -0.3716485 0.2766513 0.8722969 -0.4071631 0.2707701 0.8841221 -0.3772009 0.2757672 -0.01505273 0.7573655 0.6528177 0.05939018 0.6897037 0.7216522 -0.0127229 0.6509136 0.7590453 4.01747e-7 0.6713553 0.7411358 -0.0139985 0.6469753 0.7623825 0.8350199 -0.4046791 0.3727959 0.7176842 -0.4118348 0.561535 -0.8706309 -0.2886985 0.3983153 0.9045511 0.2960557 -0.3068199 0.891467 0.3305351 -0.3098922 0.9009146 0.3060143 -0.3077468 0.8272294 -0.4152003 0.3785502 0.8969477 0.2516796 -0.3635138 0.8829842 0.2842956 -0.373517 0.8915724 0.2646166 -0.3675281 -0.8939267 -0.2348986 0.38173 -0.5716244 0.3986591 -0.7171587 -0.5903955 0.4287726 -0.6838035 -0.4016734 0.4207668 -0.8133965 0.8486493 0.3384636 -0.4064933 0.8645441 0.3026387 -0.4012149 0.853724 0.3274003 -0.4049254 0.1363954 0.7947123 0.5914633 -0.7347019 0.4070301 -0.5427151 -0.7143532 0.3873524 -0.5828016 -0.7408147 0.3924411 -0.5451455 -0.7265996 0.3897735 -0.5658001 0.08078986 0.7480757 0.6586773 0.0787186 0.7626754 0.6419734 0.03745639 0.770367 0.6364997 0.6734153 -0.4789791 0.5631083 0.0765807 0.8262855 0.5580213 0.2507489 -0.7463063 0.6165646 0.7461996 -0.4772344 0.4641484 -0.9207174 0.2587984 -0.2920666 -0.9865506 -0.1056646 0.1247112 0.8949569 0.3320044 -0.2980359 -0.13571 0.4708434 -0.8717163 -0.7803912 0.306631 -0.5449471 -0.7985323 0.3203863 -0.5096065 -0.7822331 0.308001 -0.5415227 0.880855 0.2753855 -0.3850421 0.8927186 0.241787 -0.3802532 0.8829447 0.2697203 -0.3842651 -0.8752335 -0.3298709 0.3537676 -0.8902906 -0.3258789 0.3180971 -0.9497331 -0.2143129 0.2282041 0.2234348 0.6488213 -0.727398 0.8915649 0.2223844 -0.3945342 0.8778296 0.2561764 -0.4047083 0.8887333 0.2296417 -0.3967592 0.1155518 0.835801 0.5367352 0.09987235 0.8451311 0.5251467 0.1030662 0.7976407 0.5942615 0.08736717 0.8063285 0.5849798 -0.1068586 0.8616974 0.4960433 0.6220951 -0.5109375 0.5932459 -0.8724181 -0.2969761 0.3881906 -0.6283015 -0.5974153 0.4983296 -0.6950188 -0.4004485 0.5971514 -0.7176759 -0.4118395 0.5615422 -0.699015 -0.4024649 0.5911009 0.8554763 -0.3243591 0.4036727 0.8706306 -0.2886989 0.3983156 0.8600894 -0.3138763 0.4021542 -0.9125688 0.2728914 -0.3045464 -0.8493567 -0.3161817 0.4226376 -0.006455481 0.7919552 0.6105452 -0.9043679 0.2329199 -0.3575853 0.8799701 -0.2685037 0.3918652 0.8939266 -0.2348983 0.3817304 0.885253 -0.2561776 0.3882012 -0.4985527 -0.4999883 0.7081363 -0.5277496 -0.5177932 0.6733281 -0.6206679 -0.4190673 0.662687 0.5903953 0.4287729 -0.6838036 -0.8362486 0.3641971 -0.4099375 -0.1216834 0.7734366 0.6220844 0.6985843 0.3840911 -0.6037004 -0.07871872 0.7626754 0.6419732 -0.0807901 0.7480759 0.6586771 -0.03745663 0.7703642 0.6365031 -0.6455559 -0.4849359 0.5899957 -0.8454398 -0.3339805 0.4167598 -0.07812279 0.8727656 0.4818476 -0.7256738 -0.4713281 0.5012458 -0.7461992 -0.477234 0.4641492 -0.7283931 -0.4721363 0.4965189 0.9362676 0.2346653 -0.2614101 -0.9147855 0.3107649 -0.2580562 0.7620492 0.2931739 -0.5773474 -0.869443 0.3047384 -0.3888489 -0.2234355 0.6488207 -0.7273983 -0.4664393 0.477775 -0.744423 -0.5104692 0.4696815 -0.720292 -0.2641743 0.5236272 -0.8099547 -0.9009025 0.1971644 -0.3866537 -0.1030661 0.7976403 0.5942621 -0.09386706 0.8785732 0.4682928 0.1068697 0.8616909 0.4960523 -0.07612198 0.8822097 0.4646629 -0.07260197 0.8796101 0.4701226 -0.5913285 -0.5080193 0.6262964 -0.6220961 -0.5109375 0.5932449 -0.6077793 -0.5096958 0.6089454 0.8857054 -0.2621303 0.383163 0.8724185 -0.296975 0.3881908 0.8837053 -0.2676154 0.3839884 -0.01493364 0.8762549 0.4816164 -0.04658889 0.8835607 0.4659936 -0.01271617 0.8891928 0.4573562 -0.01389122 0.8869785 0.4616017 0.7192087 -0.2065913 0.6633694 -0.8709772 -0.1434618 0.4699122 0.9050307 0.1798902 -0.3854336 0.8926243 0.2108563 -0.3984489 0.9015619 0.1888698 -0.3892485 -0.01477003 -0.8767224 -0.4807701 -0.04750657 -0.8833112 -0.4663739 -0.01243788 -0.8893589 -0.4570406 -0.01393789 -0.8867059 -0.4621239 0.8975696 0.1196393 -0.4243294 0.8836384 0.1471455 -0.4444452 0.8922533 0.1304408 -0.4322837 -0.8944967 -0.0978859 0.4362272 -0.570102 0.1442448 -0.8088123 -0.5888346 0.1836184 -0.7871201 -0.4015641 0.1337529 -0.9060113 0.8481232 0.1883047 -0.4952055 0.8646697 0.1558128 -0.4775657 0.8533844 0.1783002 -0.4898411 0.1200182 0.9501087 0.2879048 0.1176724 0.9486277 0.2936986 0.1190909 0.9495276 0.2901978 -0.734973 0.2085483 -0.6452305 -0.71582 0.1766632 -0.6755678 -0.7421875 0.1936132 -0.6416166 -0.7279657 0.1843959 -0.6603515 0.08242332 0.8885231 0.4513681 0.07851701 0.948619 0.3065245 0.2983912 0.8764933 0.3777858 0.0784558 0.9585427 0.2739355 0.2482057 -0.5058524 0.82614 0.255638 -0.3541129 0.8995852 0.7476641 -0.2997961 0.5925545 -0.9201219 0.1503973 -0.3616024 0.8906891 0.2158717 -0.4000905 -0.1353058 0.1620202 -0.9774671 -0.779109 0.1131793 -0.6165872 -0.7974631 0.1377655 -0.5874295 -0.7810468 0.1156903 -0.6136624 0.8815479 0.1349583 -0.4523931 0.893484 0.1047802 -0.4367008 0.8836123 0.129954 -0.4498234 0.2189509 0.3777158 -0.8996618 0.2601352 0.2291482 -0.9379877 0.8908455 0.08234053 -0.4467823 0.8770025 0.1111443 -0.4674544 0.8879384 0.08862775 -0.4513429 0.1376374 0.9614078 0.2382249 0.1301347 0.9607932 0.2448294 0.1293913 0.9487554 0.2883075 0.1215626 0.9451933 0.3030385 0.0796867 0.9536101 0.2903066 0.6209151 -0.2908306 0.7279301 -0.873296 -0.1542558 0.4621251 -0.6965218 -0.1843893 0.6934392 -0.7192009 -0.2065939 0.6633771 -0.7004722 -0.1881878 0.6884214 0.8552342 -0.1757012 0.4875484 0.870977 -0.143462 0.4699124 0.8600013 -0.1662561 0.4824489 -0.912676 0.1590605 -0.3764603 -0.8248362 -0.2647101 0.4995735 -0.8495531 -0.1616262 0.5021321 0.04739052 0.956538 0.2877316 0.01491922 0.952883 0.3029711 0 0.9584074 0.285404 0.01390153 0.959032 0.2829566 0.01240354 0.9606785 0.2773863 -0.9050146 0.103785 -0.4125255 0.8808289 -0.1261827 0.4563099 0.8944965 -0.09788554 0.4362275 0.8859794 -0.1158365 0.4490239 -0.4996089 -0.2427377 0.8315464 -0.5277619 -0.2709601 0.8050142 -0.6198048 -0.1820152 0.763356 0.5888301 0.1836192 -0.7871235 -0.8351119 0.2119295 -0.5076162 -0.1200311 0.9501172 0.2878711 -0.121656 0.951122 0.2838429 -0.1191045 0.9495361 0.2901644 0.7000228 0.1667888 -0.69437 -0.07851827 0.9486193 0.3065232 -0.08242332 0.888523 0.4513683 -0.2982392 0.8765271 0.3778277 -0.08026248 0.9810448 0.176378 -0.7260469 -0.2827514 0.6268235 -0.7476638 -0.2997956 0.5925551 -0.728908 -0.2849762 0.6224804 0.9357078 0.1375759 -0.3248442 0.954891 -0.1117573 0.2751245 0.9864813 -0.06048256 0.1523045 -0.8908531 0.2158315 -0.3997471 0.7606288 0.08992868 -0.6429284 -0.8700267 0.1615409 -0.465788 -0.2189528 0.3777158 -0.8996613 -0.2601323 0.2291519 -0.9379876 -0.9002074 0.0610485 -0.4311609 -0.1293911 0.9487556 0.2883071 -0.08330649 0.9838668 0.1583235 -0.07960468 0.953626 0.2902769 -0.07634282 0.9925278 0.09518569 -0.03688853 0.9859482 0.1629278 -0.5906855 -0.2771118 0.7578257 -0.6209154 -0.290831 0.7279296 -0.6069248 -0.2844821 0.7420998 0.8864445 -0.1231036 0.4461636 0.8732963 -0.1542541 0.4621249 0.8845013 -0.1279074 0.4486616 -0.004103124 0.9927831 0.1198546 0.7184655 0.02013474 0.6952712 -0.8698362 0.01706194 0.4930456 0.9052391 0.04489827 -0.4225239 0.8923189 0.07006222 -0.4459356 0.9016854 0.05206698 -0.4292466 0.8481841 0.002109706 0.5296974 0.01596963 0.9962734 -0.08476024 0.8833501 -0.03947806 -0.4670484 -0.8807826 0.03769433 0.4720184 -0.8949476 0.01392507 0.4459541 -0.8860751 0.02906602 0.4626296 -0.5704263 -0.1267523 -0.8115096 -0.5903018 -0.08193802 -0.8030131 -0.4004259 -0.1678384 -0.9008271 0.8476831 0.0173245 -0.5302201 0.8635756 -0.007818281 -0.5041587 0.8528168 0.009433269 -0.5221251 0.1233028 0.9890397 -0.08122187 -0.7330375 -0.01243972 -0.6800745 -0.7159276 -0.05245673 -0.6962011 -0.741638 -0.02536195 -0.6703207 -0.7278573 -0.04009073 -0.6845557 0.07789129 0.9933259 0.08506852 0.08038121 0.9953091 0.05384147 0.03822219 0.9947859 0.09455257 0.07856386 0.991032 -0.1080901 0.7476745 -0.09101915 0.6577981 -0.9202174 0.0268799 -0.3904837 0.8859504 0.07115709 -0.4582889 -0.134638 -0.1646589 -0.9771183 -0.7800626 -0.09305858 -0.6187427 -0.7991794 -0.06031674 -0.5980588 -0.7820156 -0.08982992 -0.6167514 0.8811537 -0.0193504 -0.4724339 0.8936293 -0.04275608 -0.4467646 0.8833454 -0.02330297 -0.4681431 0.2214333 0.06491512 -0.9730125 0.2628608 -0.08792734 -0.9608189 0.891388 -0.06706595 -0.4482519 0.8783882 -0.04649025 -0.4756817 0.8886847 -0.06263542 -0.4542207 0.130934 0.9857724 -0.1053997 0.1226448 0.9876886 -0.09710687 0.1294792 0.9873129 -0.09191542 0.1218989 0.9895309 -0.07726049 0.08026134 0.9924965 -0.09224331 0.6217807 -0.0385341 0.7822429 -0.8725134 0.004247725 0.4885717 0.01539671 0.9882714 0.1519299 -0.01401567 0.9633008 0.2680582 -0.6966164 0.05087447 0.7156378 -0.7184576 0.02013474 0.6952794 -0.7003973 0.04568868 0.7122896 0.8543969 -0.007887601 0.5195611 0.8698363 0.01706182 0.4930454 0.8591424 -4.49464e-4 0.5117365 -0.9131834 0.0280528 -0.4065822 -0.8243578 -0.08816725 0.559161 -0.8488126 0.0102964 0.5285936 -0.01248115 0.9973449 0.07174623 -0.01402133 0.9968739 0.07775539 -0.04727703 0.9944081 -0.09443169 -0.897391 -0.01725465 -0.4408989 -0.8833407 -0.03949201 -0.4670649 -0.8920373 -0.02596616 -0.4512153 0.8704456 0.05378895 0.4893171 -0.4991808 0.04051846 0.8655501 -0.5264188 0.005262851 0.8502092 -0.6175407 0.07495874 0.782959 0.5902977 -0.08193838 -0.8030161 -0.8353738 0.0354914 -0.5485355 -0.07986181 0.9963863 0.02892088 0.7006653 -0.06779289 -0.7102621 -0.08038234 0.9953089 0.05384224 -0.07789111 0.9933261 0.0850659 -0.03820049 0.9947856 0.09456366 -0.07824295 0.992798 -0.09072071 -0.7268782 -0.06368994 0.6838068 -0.747681 -0.09102803 0.6577895 -0.7295936 -0.0671612 0.6805753 0.9202173 0.0268799 -0.390484 0.9540775 -0.01649576 0.2991053 0.9866066 -0.007671594 0.1629375 -0.8861163 0.07123893 -0.4579551 0.7606762 -0.1238113 -0.6372146 -0.8690753 0.001456737 -0.4946777 -0.221436 0.064915 -0.9730119 -0.2628316 -0.08792418 -0.9608272 -0.9002689 -0.08231246 -0.4274819 -0.1294791 0.9873131 -0.0919137 -0.05964052 0.9844822 -0.1650391 -0.08017808 0.9924962 -0.09231925 -0.07619118 0.9545807 -0.2880461 9.4313e-4 0.987324 -0.1587148 -0.5902234 -0.01597291 0.8070819 -0.6217815 -0.03853458 0.7822422 -0.6070009 -0.02785843 0.7942128 0.8863898 0.02853816 0.4620592 0.8725143 0.004248976 0.4885703 0.8843352 0.02479392 0.4661937 0.8349862 0.09110015 0.5426775 0.7174423 0.2453109 0.6519963 -0.8704934 0.1758998 0.4596745 0.8915833 -0.1171643 -0.4374377 0.8270725 0.09017717 0.5548148 0.8520256 0.1727119 0.4941895 0.8968495 -0.1669776 -0.4096091 0.8827188 -0.1576353 -0.4426724 0.8914173 -0.1633145 -0.4227337 -0.8940318 0.1912336 0.4051384 -0.5716441 -0.3827919 -0.7257366 -0.5906452 -0.3382698 -0.7326062 -0.4012116 -0.4513302 -0.7970762 0.8486458 -0.1554415 -0.5056069 0.8644422 -0.1706669 -0.472877 0.853707 -0.1602124 -0.495496 0.1460722 0.9231041 -0.3557273 -0.7579813 -0.1964585 -0.6219875 -0.7345209 -0.2321502 -0.6376404 -0.8448609 -0.1574206 -0.5113014 -0.7143773 -0.276413 -0.6428537 -0.7405548 -0.2421887 -0.626836 -0.7265236 -0.2608496 -0.635705 0.07901954 0.9564231 -0.281089 0.07886356 0.9568235 -0.2797668 0.0752809 0.9562857 -0.2825787 0.07885664 0.9568454 -0.2796938 0.07873797 0.9572287 -0.2784129 0.07519555 0.9565084 -0.2818464 0.07525676 0.9562849 -0.2825876 0.07515358 0.9565035 -0.2818745 0.03784376 0.9569571 -0.287752 0.0770725 0.9128664 -0.4009174 0.2511442 0.1085176 0.9618475 0.7463842 0.1278811 0.6531133 -0.920743 -0.1031614 -0.3762845 -0.9865517 0.04669904 0.1566364 0.895488 -0.06743627 -0.4399473 -0.1358832 -0.4727466 -0.8706588 -0.7804195 -0.2888196 -0.5545527 -0.7987097 -0.2515973 -0.5465911 -0.7822879 -0.2851656 -0.5538108 0.8806995 -0.172082 -0.4413121 0.8926856 -0.1863569 -0.4103458 0.8828175 -0.1745169 -0.4360933 -0.8755154 0.1158848 0.469088 -0.8903963 0.08825796 0.4465479 -0.9497306 0.07398372 0.3042008 0.2231528 -0.2546166 -0.9409427 0.8915989 -0.2088621 -0.401781 0.8779835 -0.198823 -0.4354473 0.8887777 -0.2067278 -0.4090694 0.1144031 0.9049343 -0.4098854 0.1222345 0.8818982 -0.4553179 0.09917801 0.9311894 -0.3507851 0.113381 0.9021967 -0.4161561 0.07935893 0.8833233 -0.4619981 0.6221776 0.2175963 0.7520286 -0.8722178 0.1629316 0.4611826 -0.08069646 0.979253 -0.1858812 0.0150721 0.963284 -0.2680613 0 0.9880748 -0.1539747 0.01402485 0.9932176 -0.1154219 0.0127393 0.9926252 -0.1205529 -0.6275605 0.09093338 0.7732394 -0.6950132 0.2812609 0.6617016 -0.7174417 0.2453016 0.6520004 -0.6989662 0.2751127 0.6601206 0.855435 0.1608276 0.4923063 0.8704933 0.1759001 0.4596744 0.8600356 0.1653214 0.4827087 -0.9046453 -0.08962601 -0.416634 -0.8915827 -0.1171768 -0.4374356 -0.901022 -0.09754866 -0.4226626 0.01892602 0.9426447 -0.333261 -0.9043518 -0.1722125 -0.3905007 0.8799383 0.1814684 0.4390647 0.8940317 0.1912337 0.4051384 0.885277 0.1850946 0.4266434 -0.4980925 0.3199866 0.8059234 -0.5273449 0.281025 0.8018307 -0.617643 0.3251742 0.7160858 0.5906447 -0.3382624 -0.7326101 -0.8363453 -0.1442338 -0.5288888 -0.1216722 0.9466589 -0.2983837 0.6987991 -0.2956221 -0.6513735 -0.07873803 0.9572289 -0.2784118 -0.07901823 0.9564229 -0.2810897 -0.03782224 0.9569543 -0.2877642 -0.07817077 0.8850777 -0.458832 -0.7261208 0.1620758 0.6681916 -0.7463836 0.1278714 0.6531159 -0.7287758 0.157733 0.6663379 0.9362167 -0.09072476 -0.3395106 -0.9153004 -0.04549914 -0.4001938 0.7619457 -0.3233698 -0.5611336 -0.8691661 -0.15929 -0.4681636 -0.2231195 -0.2546188 -0.94095 -0.4667749 -0.3622735 -0.8067709 -0.5107139 -0.3465126 -0.7868293 -0.2638941 -0.3922264 -0.8812028 -0.900858 -0.216101 -0.376504 -0.09917867 0.9311894 -0.3507848 -0.09397703 0.8771231 -0.4709813 -0.07927232 0.8833141 -0.4620304 -0.07627338 0.8760882 -0.4760798 -0.07268899 0.8792271 -0.4708251 -0.5913028 0.2468795 0.7677314 -0.6221664 0.2175986 0.7520372 -0.6077708 0.2314622 0.7596315 0.8856499 0.1777073 0.4290041 0.8722185 0.1629323 0.4611811 0.8836094 0.1753844 0.4341371 -0.01507192 0.9632842 -0.2680605 0.08068668 0.9792529 -0.1858855 -0.01273936 0.9926242 -0.1205605 -0.01402479 0.9932217 -0.1153864 0.7192105 0.442664 0.5355231 -0.8709689 0.3151536 0.37695 0.9048858 -0.224649 -0.3615445 0.892475 -0.2186105 -0.3945857 0.9014157 -0.2229326 -0.3711482 -0.01480698 0.7808427 -0.6245522 -0.04742246 0.7700052 -0.6362729 -0.01232928 0.7636502 -0.6455125 -0.01384353 0.7674306 -0.6409826 0.8975408 -0.2900431 -0.3321079 0.8836924 -0.2917476 -0.3660205 0.8922353 -0.2907589 -0.3455073 -0.8943552 0.312031 0.3205705 -0.5704249 -0.5983212 -0.5626964 -0.5889456 -0.5587957 -0.5838583 -0.4020225 -0.6855492 -0.6069599 0.8482828 -0.3116534 -0.4281219 0.8647001 -0.3147589 -0.391434 0.8535069 -0.312668 -0.4168512 0.1200371 0.7666479 -0.6307473 0.1176675 0.7706754 -0.6262698 0.1191071 0.7682329 -0.6289927 -0.735022 -0.4263736 -0.527208 -0.7156748 -0.4693204 -0.5172507 -0.7421694 -0.4315496 -0.5127861 -0.7278707 -0.4523335 -0.5153626 0.08879441 0.8591349 -0.503987 0.07856887 0.7812768 -0.6192201 0.03779089 0.7776576 -0.6275511 0.07841908 0.7596659 -0.6455682 0.2562537 0.5597634 0.788035 0.7470966 0.3327446 0.575437 -0.920275 -0.2204372 -0.3232668 -0.986486 0.09526592 0.1333032 0.8916624 -0.2136929 -0.399091 -0.1356626 -0.730038 -0.6698061 -0.7793375 -0.4543075 -0.4315528 -0.7974907 -0.4166436 -0.4363676 -0.7812196 -0.4505678 -0.4320705 0.8815267 -0.3051401 -0.3602783 0.893369 -0.3086237 -0.3265631 0.8835823 -0.3057492 -0.3546828 0.2595189 -0.660429 -0.7046159 0.8909549 -0.3289983 -0.312985 0.8770171 -0.3307247 -0.3485144 0.8880558 -0.3294134 -0.3206927 0.1388165 0.7269594 -0.6725029 0.1314411 0.7320103 -0.6684939 0.1293453 0.7662773 -0.6293561 0.1214476 0.7767131 -0.6180352 0.07975333 0.7709098 -0.6319316 0.621221 0.4505464 0.641165 -0.8733499 0.3026623 0.3816488 -0.6963841 0.4800525 0.5334781 -0.7192103 0.4426565 0.5355296 -0.7003474 0.4737812 0.533896 0.8553299 0.3121811 0.4134657 0.8709686 0.3151541 0.3769506 0.860063 0.3131076 0.4028094 -0.9125285 -0.2285398 -0.3392072 -0.8248366 0.2737173 0.4946954 -0.8495878 0.332156 0.4097231 -0.9049284 -0.2889 -0.3124764 0.8807479 0.3132706 0.3551687 0.894355 0.3120312 0.320571 0.8858881 0.3128651 0.3425167 -0.49953 0.5637871 0.6577339 -0.5278542 0.5260719 0.6667972 -0.6200713 0.5398094 0.5693131 0.5889444 -0.55879 -0.5838649 -0.8353932 -0.3090631 -0.454531 -0.1216858 0.7638169 -0.6338583 0.6997758 -0.490538 -0.5193134 -0.07856905 0.7812768 -0.6192201 -0.08879303 0.859135 -0.503987 -0.03781163 0.7776628 -0.6275435 -0.08059948 0.6755706 -0.7328767 -0.7256246 0.3706876 0.5797066 -0.7470961 0.3327362 0.5754426 -0.7284752 0.3658258 0.5792196 0.9357824 -0.1967588 -0.2925699 0.9528467 0.1726002 0.2495849 -0.9122247 -0.1795201 -0.3682645 0.7610448 -0.4889305 -0.4263306 -0.8701103 -0.3017303 -0.3897013 -0.3951911 -0.5150637 -0.7606137 -0.4368489 -0.5012679 -0.7469227 -0.224151 -0.5447533 -0.8080844 -0.2595186 -0.6604292 -0.7046157 -0.9003939 -0.3274245 -0.2865035 -0.1293448 0.7662788 -0.6293544 -0.08732277 0.6694411 -0.737715 -0.07971268 0.7708706 -0.6319847 -0.07593226 0.6305022 -0.7724645 -0.04344004 0.6741402 -0.7373248 -0.5908916 0.4831296 0.6460906 -0.6212108 0.4505578 0.6411667 -0.6071446 0.4659495 0.6436353 0.8863961 0.306456 0.3469681 0.8733503 0.3026623 0.3816477 0.8844605 0.3058997 0.3523566 0.718671 0.5931047 0.3629584 -0.8699486 0.4220777 0.2550293 0.9052398 -0.3293147 -0.2685014 0.8924239 -0.3350203 -0.302227 0.901696 -0.3309919 -0.2781885 0.8480519 0.4449437 0.287808 0.01599264 0.4821075 -0.8759661 0.8833658 -0.4126927 -0.2221481 -0.8948954 0.3982938 0.2013068 -0.5700981 -0.7490586 -0.3374901 -0.5897821 -0.7176244 -0.3703678 -0.4003368 -0.8461651 -0.3517602 0.8475264 -0.434789 -0.3043971 0.8635842 -0.4264796 -0.2689564 0.8527024 -0.4322589 -0.2933447 0.1174806 0.4768154 -0.8711173 -0.733074 -0.5763094 -0.3612065 -0.7160142 -0.611629 -0.3365021 -0.7418115 -0.5750724 -0.3449746 -0.727959 -0.5951196 -0.3404532 0.07787442 0.6218254 -0.7792746 0.08118468 0.5771256 -0.8126101 0.03775441 0.6304761 -0.7752901 0.07857733 0.4591395 -0.8848823 0.07856327 0.4598206 -0.8845298 0.07857894 0.4590544 -0.8849264 0.747791 0.5010536 0.4356076 -0.9201822 -0.3124022 -0.235944 0.8868222 -0.3431284 -0.3095306 -0.1350964 -0.9082224 -0.3960821 -0.7796204 -0.5695533 -0.2603868 -0.7986772 -0.5344152 -0.2766138 -0.7816159 -0.5660466 -0.2620456 0.8813452 -0.4059289 -0.2417697 0.8937682 -0.3972729 -0.208213 0.8834985 -0.4045256 -0.2361979 0.2221239 -0.7792806 -0.5859887 0.2623608 -0.8528289 -0.4514974 0.8911488 -0.4124881 -0.1889646 0.8779778 -0.4244467 -0.2213596 0.8883982 -0.4151276 -0.1960043 0.1321179 0.4532556 -0.8815352 0.123907 0.4608968 -0.8787612 0.1294928 0.4713494 -0.8723883 0.1218097 0.4847842 -0.8661101 0.07944321 0.4736229 -0.8771375 0.6211829 0.6344367 0.4600239 -0.872711 0.4111887 0.2632478 -0.69669 0.6270737 0.3484272 -0.7186704 0.5930999 0.3629675 -0.7005071 0.6213966 0.3509362 0.8543735 0.4308557 0.2905329 0.8699467 0.4220727 0.2550439 0.8591383 0.4283154 0.280049 -0.9131309 -0.3252682 -0.2457492 -0.8245587 0.4198877 0.379206 -0.8490433 0.4479914 0.2800524 -5.50268e-4 0.5759137 -0.8175104 -0.01393711 0.6177719 -0.7862338 -0.04732447 0.4730391 -0.8797696 -0.8974677 -0.3785574 -0.226376 -0.8833565 -0.4127139 -0.2221451 -0.8921045 -0.3919592 -0.2247609 0.8808584 0.4115299 0.2339482 0.8948954 0.3982939 0.2013068 0.8860991 0.4067942 0.2221416 -0.4993718 0.7469238 0.4390134 -0.5267463 0.7147419 0.4600896 -0.6180646 0.6964073 0.3647097 0.5897812 -0.7176209 -0.3703762 -0.8350525 -0.4403802 -0.3297767 -0.081411 0.5568528 -0.826612 0.7006627 -0.6318739 -0.3313717 -0.08118468 0.5771255 -0.8126102 -0.0778734 0.6218241 -0.7792757 -0.03777533 0.6304867 -0.7752804 -0.01303249 0.6407048 -0.7676768 -0.07857984 0.4590146 -0.8849468 -0.078592 0.4584184 -0.8852548 -0.07858157 0.4589295 -0.8849908 -0.2257185 0.6810678 0.6965615 -0.7268438 0.5378895 0.4270514 -0.7477904 0.5010474 0.4356158 -0.7295913 0.5332469 0.4281873 0.9202952 -0.3121887 -0.235786 0.9543206 0.2408641 0.1767955 0.9866319 0.1321409 0.09537488 -0.8867844 -0.3432143 -0.3095439 0.7603601 -0.601661 -0.2446562 -0.8693005 -0.4131601 -0.2713217 -0.2623611 -0.8528288 -0.4514973 -0.9001231 -0.4032636 -0.1647942 -0.129493 0.4713495 -0.8723883 -0.06360387 0.3989768 -0.9147524 -0.07940417 0.4735939 -0.8771568 -0.07567816 0.290655 -0.9538305 -0.005394101 0.4055438 -0.9140598 -0.5897427 0.6674877 0.454603 -0.6211717 0.6344487 0.4600224 -0.6065024 0.6502082 0.4575852 0.886459 0.4024538 0.2285201 0.8727117 0.4111949 0.2632361 0.8844282 0.403841 0.2338791 0.8348789 0.5044206 0.2203114 0.7173652 0.6801657 0.1508708 -0.8703364 0.4813641 0.1039386 0.8918878 -0.4298019 -0.1407361 0.8268637 0.5142053 0.2277927 0.851864 0.5085062 0.1254955 0.01698005 -0.9418831 0.3355115 9.21271e-4 -0.9348531 0.3550336 0 -0.9474676 0.319852 0 -0.9447498 0.3277927 0 -0.9447503 0.327791 0 -0.9474688 0.3198487 -0.01698011 -0.9418829 0.3355121 0 -0.9074452 0.4201704 0 -0.9074497 0.4201608 0.8968213 -0.4343381 -0.08403599 0.8825477 -0.4571841 -0.109965 0.8913518 -0.4434045 -0.09425717 -0.8942167 0.4434329 0.06118816 -0.571608 -0.817004 -0.075953 -0.5908466 -0.7982506 -0.1170313 -0.4007889 -0.9143562 -0.05762952 0.8486201 -0.5084182 -0.1461341 0.8643189 -0.4894962 -0.1155272 0.8536487 -0.5026108 -0.1366252 0.1556341 0.1917079 -0.9690337 -0.7342821 -0.661126 -0.1540848 -0.7146157 -0.6891901 -0.1197559 -0.740498 -0.6573676 -0.1397518 -0.7266565 -0.6747907 -0.1289491 0.07789778 0.2817105 -0.9563322 0.07873529 0.2993701 -0.950883 0.03734028 0.2913503 -0.9558874 0.07752555 0.1481855 -0.9859163 0.2514703 0.8647428 0.4347214 0.2594146 0.9250565 0.2774428 0.7466826 0.6165428 0.2496799 -0.9208378 -0.3712885 -0.1191746 -0.9865502 0.1567031 0.0465058 0.8961709 -0.4037622 -0.1839942 -0.1358969 -0.9874989 -0.07986313 -0.7804449 -0.6222247 -0.06117421 -0.7988667 -0.5950425 -0.08795762 -0.7823213 -0.6195976 -0.06381458 0.8806102 -0.4637851 -0.09710437 0.892714 -0.4454374 -0.06817144 0.8827534 -0.4607033 -0.09218996 -0.8758009 0.4556919 0.1591161 -0.8905648 0.4219003 0.169984 -0.9498317 0.2949046 0.1041681 0.2229217 -0.9272102 -0.3009774 0.8916101 -0.450598 -0.04464346 0.8781127 -0.4730934 -0.07141941 0.8888157 -0.4554849 -0.05040276 0.1172338 0.1499825 -0.9817136 0.1222603 0.1107334 -0.9863015 0.1049835 0.2024945 -0.9736398 0.1149812 0.1481083 -0.9822645 0.07933378 0.1060189 -0.9911944 0.6221842 0.7487138 0.2287239 -0.8720921 0.4754797 0.1156476 -0.1016269 0.3759171 -0.9210637 0.01504677 0.3111818 -0.9502313 -4.17327e-7 0.4139815 -0.9102853 0.01391237 0.4546623 -0.8905554 0.01270461 0.4503069 -0.8927835 -0.6266585 0.6979126 0.3467234 -0.6952015 0.7076784 0.1260402 -0.7173644 0.6801641 0.1508811 -0.6990836 0.7030671 0.1303026 0.855373 0.5002831 0.1343652 0.8703362 0.4813644 0.1039387 0.8599424 0.494754 0.1253697 -0.9047899 -0.3976172 -0.1524984 -0.8918875 -0.4298062 -0.1407245 -0.9011979 -0.4069432 -0.1491296 -0.04434579 0.2320135 -0.9717012 0.014822 0.1222875 -0.9923841 2.91472e-7 0.2498931 -0.9682735 0.01396316 0.2752687 -0.961266 0.01247125 0.2697785 -0.9628417 -0.9044073 -0.4210268 -0.06916558 0.8800132 0.466741 0.08792012 0.8942165 0.4434331 0.06118822 0.885367 0.4582791 0.07813864 -0.4978004 0.8499493 0.1725725 -0.5266572 0.8254972 0.2029451 -0.6174144 0.777575 0.1190664 0.5908467 -0.7982505 -0.1170312 -0.8364084 -0.5216597 -0.1682031 -0.1216077 0.2769429 -0.9531601 0.6992917 -0.7065821 -0.1083191 -0.07873529 0.2993699 -0.950883 -0.07789671 0.2817095 -0.9563326 -0.03736108 0.2913599 -0.9558836 -0.07818782 0.109247 -0.9909349 -0.7265512 0.6477355 0.2292646 -0.7466818 0.6165399 0.2496896 -0.7291532 0.6438801 0.2318494 0.9362636 -0.3337948 -0.1095055 -0.9157871 -0.3587445 -0.1806558 0.7618153 -0.6468024 -0.03583747 -0.8689658 -0.4794635 -0.1225287 -0.2229226 -0.9272099 -0.3009775 -0.4669722 -0.8735216 -0.1374664 -0.5110695 -0.8480989 -0.1397725 -0.2624891 -0.9527032 -0.153154 -0.900799 -0.4335289 -0.02477633 -0.1049834 0.2024946 -0.9736398 -0.09390723 0.09498137 -0.9910399 -0.07925248 0.1059898 -0.991204 -0.07614231 0.09010678 -0.9930172 -0.07250207 0.09628582 -0.9927097 -0.5912224 0.7779241 0.2128151 -0.622184 0.7487139 0.2287238 -0.6077408 0.7626835 0.2212802 0.8856564 0.4563781 0.08562541 0.8720998 0.4754696 0.1156314 0.8835887 0.4594563 0.09039336 -0.01480263 0.6182255 0.7858614 0.07875239 0.5819716 0.809387 -0.01245337 0.4933524 0.8697404 -0.01388937 0.4884459 0.8724837 -0.05939179 0.6897052 0.7216505 0.01505345 0.7573831 0.6527974 0.01400113 0.6469938 0.7623667 0.01272517 0.6509119 0.7590466 0 0.9473871 -0.3200902 0 0.9451036 -0.3267711 0 0.9451158 -0.326736 0 0.9473903 -0.3200808 -0.01504522 0.3111841 -0.9502307 0.1016319 0.3759165 -0.9210634 -0.01270359 0.4503062 -0.8927838 -0.01391488 0.4546615 -0.8905556 0 -0.9865863 -0.1632405 0 -0.9694906 -0.2451285 0 -0.9695004 -0.2450898 0 -0.986587 -0.1632369 -0.01482468 0.1222909 -0.9923836 0.04434317 0.2320113 -0.9717019 -0.01247358 0.2697773 -0.962842 -0.01395708 0.2752646 -0.9612672 -0.01498675 -0.7813673 0.6238915 -0.04654198 -0.7699741 0.6363756 -0.01265496 -0.7641185 0.6449518 -0.01382416 -0.7671253 0.6413484 0 0.6616851 -0.7497819 0 0.7405926 -0.6719543 0 0.7406141 -0.6719307 0 0.6616925 -0.7497753 -0.06119161 -0.6857503 -0.7252601 0.01488304 -0.7577407 -0.6523861 0.01393359 -0.646899 -0.7624484 0.01249325 -0.6511942 -0.7588083 -0.01491934 0.9528635 0.3030324 -0.04738992 0.956537 0.2877349 -0.0124036 0.9606781 0.2773876 -0.01390099 0.9590224 0.2829891 -0.08638834 -0.9795839 0.1815283 0.01486021 -0.9631088 0.268702 0.01395869 -0.9932262 0.1153563 0.01251262 -0.9925888 0.1208761 0 -0.6580662 0.7529601 0 -0.741764 0.670661 0 -0.7417683 0.6706563 0 -0.6580711 0.752956 -0.1113365 -0.3786396 0.9188234 0.01497012 -0.3104763 0.9504634 0.01402604 -0.4553289 0.8902129 0.01252323 -0.4500677 0.8929067 0 -0.2791368 -0.9602514 0 -0.1477631 -0.9890228 0 -0.1477647 -0.9890226 0 -0.2791337 -0.9602522 -9.91792e-4 0.7927873 0.6094977 9.84864e-4 0.7927743 0.6095146 0 0.7918412 0.6107272 -9.84667e-4 0.7927743 0.6095145 3.29688e-7 0.7918236 0.6107499 0 0.7960208 0.6052693 0 0.7960044 0.6052908 1.96045e-7 0.7918364 0.6107333 0 0.7918365 0.6107334 0 0.791841 0.6107274 -9.98458e-4 0.7928021 0.6094783 0 0.791841 0.6107274 0.04658216 -0.9566088 -0.2876279 0.01500111 -0.952522 -0.3041003 0.01383918 -0.9590966 -0.2827405 0.01260977 -0.9605022 -0.2779868 0.6845872 -0.5603688 -0.4661837 0.6809277 0.4655632 0.5653215 0.6827221 -0.4491099 0.57636 0.6406064 -0.151223 -0.7528315 0.6860863 0.005102574 -0.7275022 0.67539 -0.2980991 -0.674526 0.655511 0.1577974 -0.7385156 0.6706389 0.3064839 -0.675508 0.6802333 0.4456399 -0.5819689 0.6821699 0.5641738 -0.4651368 0.6817328 0.6544775 -0.3269552 0.6783721 0.7142369 -0.1722702 0.6797746 0.5807064 0.4479808 0.6693794 0.742871 -0.00860387 0.675356 0.6696767 0.3089135 0.6569018 0.7376077 0.1562528 0.6796343 0.3281279 0.6560711 0.6749032 0.1743342 0.7170169 0.6797941 -0.3082969 0.6654571 0.6521142 0.01114022 0.7580389 0.6720138 -0.1524906 0.7246683 0.6828964 -0.5675647 0.4599161 0.680054 -0.6597111 0.3198561 0.6837461 -0.6529018 -0.3258996 0.670517 -0.7236714 0.1634215 0.6796876 -0.7138602 -0.168607 0.6648291 -0.7469932 -0.001859009 0.6832395 -0.4395276 -0.5830947 0.07751709 -0.4278087 0.9005393 -0.0774632 -0.2147073 0.9736017 -0.07751739 -0.4278091 0.9005391 0.8789888 0.2117784 0.4272337 0.9581708 -0.1808278 -0.2218332 0.9558508 -0.1323523 -0.2623589 0.9991661 -0.02528411 -0.03206163 0.07738524 0.1994533 -0.9768469 -0.07772022 -4.16072e-4 -0.9969752 -0.07738566 0.1994529 -0.976847 -0.9991382 0.00285536 -0.04140996 -0.9992057 0.02303797 -0.03251624 -0.982864 -0.03304421 0.1813463 -0.9993208 0.03199869 0.01828473 -0.9583169 0.2538321 0.1311418 -0.9581745 0.2207852 0.182087 0.9559612 -0.2593686 0.1373541 0.9583066 -0.2178259 0.1849336 0.9992282 -0.02874571 0.02677297 0.07747417 -0.9732531 0.216278 -0.07754224 -0.8993852 0.430225 -0.07747495 -0.973253 0.2162785 0.07748162 0.8885873 -0.4521164 -0.07747906 0.7644187 -0.6400477 -0.07748162 0.8885863 -0.4521186 -0.07753807 -0.6193221 0.781299 0.878922 0.1089121 0.4643644 0.9581089 -0.07146823 -0.2773442 -0.07744824 0.905066 0.4181596 0.07731795 0.9756932 0.205048 -0.07731902 0.9756932 0.2050481 0.9582844 -0.1184297 0.2601257 0.879232 0.1036785 -0.4649751 0.9581331 -0.05059683 0.2818174 0.9588513 0.2189767 0.1807028 0.8793177 -0.4272173 -0.2104426 0.9588937 0.2520565 0.1303477 0.8790438 0.3033413 0.3677856 0.9558065 -0.2305338 -0.1824504 0.9566197 0.2813791 0.07552844 0.07771998 -4.13407e-4 -0.9969752 -0.07735741 -0.2005059 -0.9766336 0.879055 -0.4298375 0.2061606 0.9586898 0.2232688 -0.176253 0.956437 0.2623544 -0.1280568 0.8790574 -0.3699895 0.3006092 0.9563822 0.1852235 -0.2258877 0.8806133 -0.4738293 0.002493083 0.9586311 0.2774464 -0.06364083 0.9586833 0.2843611 0.008069396 0.9588267 0.1761543 0.2227579 0.8793311 -0.3657768 -0.3049332 0.07746136 0.9673376 -0.2413662 -0.0774613 0.9673371 -0.2413681 0.8793484 0.3680571 -0.3021265 0.9581336 -0.2756742 0.07735508 0.8793309 0.4276738 -0.209457 0.07753807 -0.779308 0.6218255 -0.07753807 -0.7793063 0.6218277 0.07754218 -0.8993864 0.4302226 0.07735681 -0.2005035 -0.9766342 -0.07753628 -0.4082655 -0.9095644 -0.9992642 0.01017898 0.03698045 -0.9579427 0.05845528 0.2809428 -0.9569354 0.001719892 0.2902962 -0.9991627 -0.03775036 0.01577126 -0.9583011 -0.2751879 0.07701075 -0.9558181 -0.2936921 0.0125271 -0.07739561 0.9968275 -0.01857358 0.9558162 0.07254046 -0.2848744 0.9582029 -3.25596e-4 -0.2860897 0.9991382 0.0028553 -0.04140949 0.8808931 0.008852124 0.4732325 0.07748055 0.6010469 -0.7954492 -0.07743954 0.4067124 -0.9102683 -0.07748037 0.601045 -0.7954508 -0.9589008 0.1295074 -0.2524625 -0.9566048 0.1846792 -0.2253906 0.07745963 0.7885937 0.6100166 -0.07745802 0.7885953 0.6100146 0.9580327 -0.2804225 -0.05946904 0.8798923 0.4751732 -8.33233e-7 0.955322 -0.2952884 0.01283913 0.07746618 0.6321112 0.7709959 -0.07746607 0.6321129 0.7709943 -0.07756584 -0.8911629 -0.4470036 0.07754349 -0.9691326 -0.2340283 -0.07754385 -0.9691326 -0.2340284 0.879291 -0.4648084 -0.1039262 0.07746338 0.4435131 0.8929141 -0.07746392 0.4435132 0.892914 0.07753616 -0.4082635 -0.9095653 -0.07754951 -0.60319 -0.7938187 -0.07744526 -0.9969556 -0.00904417 -0.9993049 0.02531635 0.02736747 -0.9581486 0.1775119 0.2245904 -0.9558936 0.1283932 0.2641639 0.07739531 0.9968276 -0.01857137 -0.9992031 -0.0032503 0.03978216 -0.9992163 -0.01766598 0.03542339 -0.9822477 0.07629913 -0.1713706 -0.6722864 0.1498202 -0.7249723 -0.8064815 5.68607e-4 -0.5912592 -0.8090011 0.12022 -0.5753819 -0.9578996 -0.05102211 0.2825332 -0.8899229 0.001115083 0.4561099 -0.891005 -0.08494049 0.4459766 -0.9562506 0.0623089 -0.2858362 -0.7558277 0.2671933 -0.5977728 -0.7563725 0.1335684 -0.6403596 -0.9833686 0.001421272 -0.1816152 -0.9823386 0.04204314 -0.1823273 0.9992028 -0.00324732 0.03979015 0.957333 0.001539051 0.2889831 -0.6714844 0.3021001 -0.6766419 -0.8098328 0.2392676 -0.535651 -0.9581218 -0.1186642 0.2606173 -0.8909546 -0.1882368 0.4132394 -0.9563797 0.1189817 -0.266798 -0.7558925 0.3948828 -0.5222012 -0.671657 0.4465243 -0.5911792 -0.8096239 0.3538899 -0.4682639 -0.9558184 -0.1783245 0.233691 -0.8907159 -0.2761657 0.3610508 -0.9562897 0.1762709 -0.233321 -0.7559694 0.5026955 -0.4192941 -0.9827249 0.1115517 -0.1476759 0.9992681 0.03786712 0.005433976 0.9992622 0.03709101 -0.009981274 0.9820162 -0.1843798 0.04059916 -0.6716981 0.5683766 -0.4751524 -0.8096956 0.450652 -0.3759071 -0.9581173 -0.2183564 0.1852886 -0.8908582 -0.3474874 0.2926163 -0.9563261 0.2250816 -0.1864905 -0.7561844 0.5841845 -0.2948111 -0.9822615 0.1449429 -0.1189698 -0.6718636 0.6606939 -0.334788 -0.8099045 0.523716 -0.264152 -0.9559004 -0.2596133 0.1373146 -0.891341 -0.4017239 0.2100697 -0.9564751 0.2613915 -0.1297309 -0.7565239 0.6352165 -0.1554726 -0.9991021 -0.03572857 -0.02277153 -0.999166 -0.02528715 -0.03206205 -0.9830627 0.1462905 0.1103943 -0.9828411 0.1660864 -0.08024173 -0.6721312 0.7188473 -0.1774773 -0.8102491 0.5693457 -0.1390752 -0.8921399 -0.4361429 0.1177531 -0.9567123 0.2833635 -0.06638419 -0.7568605 0.653508 -0.009461402 -0.9825423 0.1816694 -0.04008489 -0.6722631 0.7402148 -0.01202046 -0.8108108 0.5852515 -0.00816071 0.07732731 0.00915414 0.9969637 -0.07746773 0.2323396 0.9695449 -0.0773254 0.009156346 0.9969639 -0.8933127 -0.4491195 0.01685756 -0.9570743 0.2898392 -0.001423954 -0.7569192 0.6395245 0.1344693 -0.9829599 0.183812 0.001752078 0.9991627 -0.03775101 0.01577031 -0.6721915 0.7245451 0.1522931 -0.8112409 0.5721955 0.1203352 0.07756608 -0.7670241 -0.6369127 -0.07756602 -0.7670254 -0.636911 -0.9587296 -0.2781224 -0.05903792 -0.8942533 -0.4377894 -0.09301447 -0.9573215 0.2828333 0.05950641 -0.7570724 0.5937997 0.2724766 -0.9828496 0.180453 0.03799235 -0.6726227 0.6723054 0.3091669 -0.8106043 0.5323972 0.2438728 -0.893866 -0.4040624 -0.1942607 -0.9586619 -0.2556318 -0.1249791 -0.9571233 0.2640827 0.1190605 -0.756837 0.5176408 0.3990561 -0.9827479 0.1692938 0.07447326 -0.8104608 0.4640128 0.357555 -0.6724525 0.5858657 0.4522933 0.07746368 -0.2147096 0.9736012 -0.8937852 -0.3525058 -0.2772862 -0.9564065 -0.22897 -0.1812716 -0.9568549 0.1846323 0.224365 -0.7567071 0.4148229 0.5052886 -0.9569445 0.2306224 0.1762681 0.9580346 -0.2575342 -0.1258807 0.999102 -0.03573113 -0.0227704 -0.8103607 0.3717926 0.452864 -0.6724056 0.4694409 0.5722727 -0.8939071 -0.2838913 -0.3468946 -0.9587795 -0.1794723 -0.220299 -0.9568797 0.1287124 0.2604119 -0.756749 0.2905836 0.5855699 -0.9825877 0.1182939 0.1432759 -0.6724423 0.3289562 0.6630304 -0.8103744 0.260334 0.5248997 -0.8942162 -0.2017018 -0.3996171 -0.9565676 -0.131206 -0.2603143 -0.9569815 0.06594461 0.2825556 -0.7568719 0.1513831 0.6357894 -0.9830272 0.0809437 0.1646385 -0.6725671 0.1715998 0.719866 -0.8104807 0.1354192 0.569897 0.8800407 -0.09189897 -0.4659217 0.958231 0.05848979 0.2799507 -0.8947077 -0.1101334 -0.4328613 -0.9589567 -0.07064485 -0.2746118 -0.9570838 0.004209101 0.2897811 -0.7564916 0.007122516 0.6539647 -0.9826589 0.04107475 0.180816 -0.6719252 0.00745666 0.7405816 -0.8111815 0.006502509 0.5847584 -0.8954267 -0.002845168 -0.4451999 -0.959141 -4.88851e-4 -0.2829279 -0.9567039 -0.05759251 0.2853081 -0.7564275 -0.1373249 0.6394993 -0.9827154 0.003568947 0.1850888 -0.9991259 -0.01381325 -0.03945636 -0.8104831 -0.1226186 0.5727844 -0.6721116 -0.1572402 0.7235618 0.8732852 0.003386914 -0.4871975 -0.894466 0.1065022 -0.4342671 -0.9565121 0.07183688 -0.2827085 -0.9563186 -0.1213088 0.2659677 -0.755952 -0.277979 0.5926757 -0.8099339 -0.2488043 0.5311343 -0.6718658 -0.316054 0.6698555 -0.8935639 0.200559 -0.4016464 -0.9560649 -0.1797568 0.2315757 -0.7555954 -0.4051445 0.5147171 -0.9822863 -0.07537877 0.1715572 -0.809584 -0.3629734 0.4613286 -0.6715974 -0.4592816 0.5813926 0.07748061 0.76442 -0.640046 -0.8929197 0.2834914 -0.3497529 -0.9559243 -0.2287057 0.1841263 -0.7553723 -0.5115423 0.4095573 -0.9826132 -0.112253 0.147888 0.9584918 0.1302534 -0.2536287 0.9992061 0.02303248 -0.0325095 -0.8093717 -0.4584841 0.3670287 -0.6714494 -0.5789596 0.4625598 -0.8925156 0.3530305 -0.2806874 -0.9587984 0.22295 -0.1760652 -0.9559349 -0.2650693 0.1262016 -0.7553735 -0.5911958 0.2826635 -0.9819941 -0.146688 0.1190388 -0.8093283 -0.5299917 0.2531731 -0.6714393 -0.6686672 0.3194581 -0.8923739 0.4055926 -0.1978984 -0.9565323 0.2620809 -0.1279052 -0.9560312 -0.2863522 0.06330031 -0.7552408 -0.63985 0.1421385 -0.9825121 -0.1682721 0.0797165 0.9992778 0.03074759 -0.02232474 -0.6711751 -0.7236945 0.1605938 -0.8096612 -0.5729565 0.1271606 -0.89253 0.4396499 -0.1004906 -0.9587431 0.2770548 -0.06365805 -0.9559601 -0.2934967 2.08603e-4 -0.75502 -0.6556897 -0.003999054 -0.9820161 -0.1843805 0.04059916 -0.8096709 -0.5868737 -0.003534257 -0.6709526 -0.741479 -0.005606353 0.9560363 -0.1779141 0.2331119 0.879993 0.1949738 -0.4331255 -0.8921021 0.4517269 0.009832918 -0.958638 0.2845224 0.007755875 -0.9556003 -0.2872924 -0.0655077 -0.7549008 -0.6381123 -0.1514519 -0.9819873 -0.1889389 0.001760303 -0.9992622 0.03709006 -0.009981274 -0.9992681 0.03786647 0.005433559 -0.6711258 -0.7210369 -0.1723253 -0.8089048 -0.5721293 -0.1354302 0.8792945 0.4643273 -0.1060252 -0.8907697 0.4396077 0.1152154 -0.9562334 0.2826643 0.0756213 -0.955411 -0.2646501 -0.1309594 -0.7546148 -0.5870224 -0.2931915 -0.9823629 -0.1828534 -0.03908896 -0.6708642 -0.6632206 -0.3317827 -0.8086717 -0.5263513 -0.2626872 -0.8900007 0.4057386 0.2080268 -0.7545497 -0.504666 -0.4194844 -0.9816141 -0.1465297 -0.1223228 -0.9816422 -0.1713526 -0.08376741 -0.670748 -0.5705042 -0.4739431 -0.8086372 -0.4524137 -0.3760688 0.07754945 -0.6031882 -0.79382 -0.8895875 0.3518743 0.2912361 -0.9553634 -0.2270137 -0.1890649 -0.7546918 -0.3955093 -0.5234622 0.9993208 0.03199851 0.01828485 0.9993155 0.02888828 0.02311187 -0.6708061 -0.4477994 -0.591181 -0.8087842 -0.3543862 -0.4693387 -0.8895444 0.2807867 0.3603743 -0.9554609 -0.1764885 -0.2365296 -0.7550834 -0.2655553 -0.599441 -0.9816851 -0.1126874 -0.1536094 -0.6710504 -0.3017233 -0.6772404 -0.8091315 -0.2376868 -0.5374119 -0.8899191 0.1960862 0.4118182 -0.9557242 -0.1162223 -0.2703402 -0.7559347 -0.1311535 -0.6413749 -0.982446 -0.07077074 -0.1726019 0.9564541 0.12776 0.2624365 0.9993048 0.02531921 0.027368 -0.6718776 -0.1486547 -0.7255911 0.9992641 0.01017761 0.03698205 0.9833686 0.001421034 -0.1816151 -0.8909659 0.09180933 0.4446918 -0.9561241 -0.05809789 -0.2871434 -0.7581101 7.7752e-4 -0.6521261 -0.8090088 -0.1175529 -0.5759221 -0.9822161 -0.03681415 -0.1841092 -0.9559347 9.85001e-4 -0.293578 0.6722909 0.1498211 -0.724968 0.6750672 4.31688e-5 -0.7377563 0.8064873 5.66473e-4 -0.5912514 0.8794299 -0.1857364 -0.4382981 0.95296 0.1399432 -0.2688554 0.9823388 0.04204291 -0.1823267 0.9498158 0.06617534 -0.3057304 0.7667815 0.1287136 -0.6288712 0.8090004 0.1202222 -0.5753825 0.9826118 -0.1122541 0.1478953 0.9498741 -0.1302329 0.2842158 0.949582 -0.1925093 0.2474554 0.6714853 0.3020981 -0.676642 0.949488 8.66873e-4 -0.3138023 0.8098397 0.2392636 -0.5356422 0.9819943 -0.1466844 0.1190417 0.9494302 -0.244662 0.1967813 0.9992161 -0.01766347 0.03543049 0.07743835 0.4067121 -0.9102684 0.6716639 0.4465236 -0.5911719 0.9826589 0.04107469 0.1808158 0.9504235 0.1378424 0.2787379 0.9505318 0.07079726 0.3024519 0.8096232 0.3538929 -0.4682629 0.7548148 0.2527281 -0.605296 0.9825122 -0.1682714 0.0797159 0.9494401 -0.2834535 0.1349728 0.6716991 0.5683747 -0.4751533 0.9495829 -0.306469 0.06609946 0.7658864 -0.5800716 0.2773715 0.7657739 -0.6277909 0.1395309 0.8096961 0.45065 -0.3759083 0.7549046 0.382466 -0.5327653 0.6718661 0.660691 -0.3347886 0.9495065 -0.3137423 -0.001815021 0.7655267 -0.6433928 -0.003820419 0.8099046 0.5237146 -0.2641544 0.7550051 0.4929622 -0.4323836 0.9819873 -0.1889389 0.001760244 -0.9992282 -0.02874296 0.0267747 0.6721308 0.7188475 -0.177478 0.9526664 -0.04239791 -0.3010469 0.9824461 -0.07077014 -0.1726018 0.9492331 -0.1247695 -0.2887717 0.7670909 0.6226581 -0.1544942 0.8102494 0.5693452 -0.1390759 0.9823628 -0.1828537 -0.0390889 0.9490834 -0.3070304 -0.07052034 0.6722638 0.7402141 -0.0120204 0.8791814 0.434529 0.1955112 0.9489247 -0.2819728 -0.1415397 0.765492 -0.6260619 -0.1485546 0.7653123 -0.5758517 -0.287562 0.7673818 0.6410902 -0.01134502 0.8108118 0.5852502 -0.008160531 0.9573128 0.2776741 0.08030897 0.76762 0.5825191 0.2672659 0.9506709 0.2826441 0.1278172 0.8091317 -0.2376897 -0.5374102 0.6710513 -0.3017245 -0.6772389 0.6718837 -0.148652 -0.725586 0.6721901 0.7245463 0.1522935 0.7561208 -0.5134873 -0.4057246 0.7462251 0.6516101 0.1362072 0.811241 0.5721954 0.1203353 0.8791126 0.378885 0.2891495 0.9494662 -0.2468309 -0.1938778 0.9816422 -0.1713526 -0.08376753 0.07744693 0.9050664 0.4181591 0.6726231 0.6723049 0.3091673 0.8793702 -0.0910117 0.4673595 0.7651976 -0.3880438 -0.513707 0.9489661 -0.1888471 -0.2525872 0.810611 0.5323884 0.2438699 0.9816139 -0.1465308 -0.1223231 0.9991092 -0.04154425 -0.007418751 0.8104551 0.4640185 0.3575603 0.6724463 0.5858688 0.4522982 0.8800283 -0.4634465 0.1037677 0.9816852 -0.112687 -0.1536095 0.81036 0.3717944 0.4528639 0.6724064 0.4694421 0.5722708 0.9531551 0.2981004 -0.05129927 0.9828417 0.1660837 -0.08023959 0.9499912 0.2795705 -0.1391299 0.7558116 0.5282834 0.3868662 0.9535433 0.2277217 0.1972265 0.9827467 0.1692993 0.07447719 0.6724409 0.3289567 0.6630316 0.8103824 0.2603294 0.5248896 0.7672147 0.2869927 0.5735999 0.9562848 0.1928563 -0.2198314 0.9498758 0.2406139 -0.1996016 0.6725665 0.1715988 0.7198669 0.8104883 0.1354175 0.5698869 0.9830273 0.08094358 0.164638 0.9503861 0.197603 0.2402487 0.7674105 0.1505374 0.6232334 0.9828636 -0.0330463 0.1813483 0.950673 0.004275858 0.3101657 0.9502432 -0.06228786 0.3052183 0.07746654 0.2323395 0.9695449 0.671919 0.007455348 0.7405871 0.811175 0.00650078 0.5847674 0.8790476 -0.2901338 0.3782826 0.9535046 0.3009186 0.01664578 0.9825408 0.1816771 -0.04008883 0.7669771 0.009131968 0.6416094 0.9991259 -0.01381289 -0.03945636 0.8104825 -0.122617 0.5727857 0.6721123 -0.1572381 0.7235615 0.8790268 -0.1949231 0.4351055 0.9825881 0.1182947 0.1432723 0.9827138 0.003567278 0.1850973 0.809934 -0.2488044 0.531134 0.6718645 -0.3160538 0.6698567 0.9822617 0.1449381 -0.1189751 0.7553588 -0.1216393 0.6439232 0.07753616 -0.6193221 0.7812992 0.8095917 -0.3629673 0.46132 0.6715967 -0.4592822 0.581393 0.8794029 -0.283577 -0.3824065 0.9822162 -0.03681451 -0.1841091 0.7549425 -0.263654 0.6004569 0.8093721 -0.4584838 0.3670279 0.6714494 -0.5789598 0.4625596 0.7659064 -0.5018915 0.4018611 0.8093361 -0.5299817 0.253169 0.6714399 -0.6686667 0.319458 0.7569459 0.5906112 -0.2796635 0.6711746 -0.723695 0.1605932 0.8096613 -0.5729563 0.1271606 0.982848 0.1804618 0.0379942 0.7459929 0.4203939 0.5164917 0.07744568 -0.9969556 -0.009044468 0.8096655 -0.5868811 -0.003534257 0.6709448 -0.7414861 -0.005607068 0.9827251 0.1115528 -0.1476733 0.6711246 -0.7210382 -0.1723243 0.7567172 -0.2794528 -0.5910037 0.8089123 -0.5721188 -0.1354287 0.9829598 0.1838127 0.001753568 0.07756417 -0.8911629 -0.4470039 0.6708643 -0.6632205 -0.3317826 0.8086727 -0.5263499 -0.2626873 0.7448725 -0.4149179 0.5225019 0.6707539 -0.5704992 -0.4739409 0.8086367 -0.4524129 -0.3760711 0.6708133 -0.4477953 -0.591176 0.7664602 -0.128742 -0.629257 0.8087828 -0.3543875 -0.4693399 -0.9992779 0.03074675 -0.02232658 0.8090086 -0.1175512 -0.5759228 0.9822492 0.07630169 -0.1713612 0.9822846 -0.07538664 0.1715632 0.7471532 6.97977e-4 -0.6646516 0.8793388 0.2884216 -0.3789148 0.8808501 0.4631767 0.09782862 -0.9993155 0.02888828 0.02311158 -0.9991092 -0.0415439 -0.007418751 -0.6750657 4.48676e-5 -0.7377577 0.9830638 0.1462858 0.1103911</float_array>
          <technique_common>
            <accessor source="#Plane_042-mesh-normals-array" count="6676" stride="3">
              <param name="X" type="float"/>
              <param name="Y" type="float"/>
              <param name="Z" type="float"/>
            </accessor>
          </technique_common>
        </source>
        <source id="Plane_042-mesh-map-0">
          <float_array id="Plane_042-mesh-map-0-array" count="27564">0.391848 0.68357 0.407713 0.719974 0.391864 0.719973 0.421651 0.650885 0.385436 0.562932 0.385249 0.651058 0.347089 0.602975 0.383571 0.575518 0.383491 0.603035 0.386938 0.68357 0.359828 0.719975 0.359907 0.683573 0.386938 0.68357 0.391864 0.719973 0.386931 0.719972 0.387086 0.522514 0.392112 0.55891 0.387108 0.558916 0.596602 0.03248596 0.58471 0.123089 0.604378 0.106985 0.356847 0.683571 0.35675 0.719974 0.356847 0.683571 0.336512 0.604934 0.301144 0.640774 0.299585 0.603862 0.387086 0.522514 0.363097 0.558891 0.363361 0.522489 0.421836 0.563287 0.385264 0.588249 0.385436 0.562932 0.30727 0.684265 0.338432 0.645153 0.34329 0.679001 0.311692 0.542626 0.336788 0.602429 0.299861 0.601348 0.422888 0.562992 0.459072 0.590407 0.42267 0.590187 0.65393 0.360095 0.658369 0.45369 0.607076 0.394959 0.459288 0.563425 0.422686 0.65036 0.459087 0.65014 0.383571 0.575518 0.347103 0.654988 0.383505 0.654905 0.712136 0.989366 0.775519 0.916894 0.783488 0.922823 0.21407 0.05339592 0.21407 0.05339592 0.1700969 0.1247709 0.39201 0.522507 0.408641 0.558884 0.392112 0.55891 0.245763 0.451899 0.152949 0.416801 0.216517 0.363644 0.407605 0.683572 0.411231 0.719973 0.407713 0.719974 0.408285 0.522482 0.412159 0.55887 0.408641 0.558884 0.459072 0.590407 0.422562 0.622765 0.42267 0.590187 0.459087 0.65014 0.422674 0.64867 0.459075 0.648447 0.459075 0.648447 0.422665 0.646996 0.459067 0.646769 0.336512 0.604934 0.299619 0.602586 0.336545 0.603664 0.336545 0.603664 0.299861 0.601348 0.336788 0.602429 0.301511 0.644191 0.338208 0.643439 0.338432 0.645153 0.301287 0.642488 0.338065 0.641716 0.338208 0.643439 0.385264 0.588249 0.421549 0.621447 0.385147 0.621448 0.383505 0.654905 0.347072 0.623578 0.383475 0.623582 0.458965 0.622749 0.422665 0.646996 0.422562 0.622765 0.359828 0.719975 0.356847 0.683571 0.359907 0.683573 0.358482 0.558874 0.363361 0.522489 0.363097 0.558891 0.421651 0.650885 0.385147 0.621448 0.421549 0.621447 0.560718 0.316099 0.564261 0.314148 0.56754 0.316464 0.347072 0.623578 0.383491 0.603035 0.383475 0.623582 0.311692 0.542626 0.34329 0.679001 0.347365 0.549877 0.407713 0.719974 0.391848 0.68357 0.391864 0.719973 0.385436 0.562932 0.421651 0.650885 0.385249 0.651058 0.383571 0.575518 0.347089 0.602975 0.383491 0.603035 0.386938 0.68357 0.359828 0.719975 0.386931 0.719972 0.386938 0.68357 0.391864 0.719973 0.391848 0.68357 0.387086 0.522514 0.392112 0.55891 0.39201 0.522507 0.604378 0.106985 0.58471 0.123089 0.596602 0.03248596 0.336512 0.604934 0.301144 0.640774 0.338065 0.641716 0.387086 0.522514 0.363097 0.558891 0.387108 0.558916 0.385264 0.588249 0.421836 0.563287 0.385436 0.562932 0.30727 0.684265 0.338432 0.645153 0.301511 0.644191 0.336788 0.602429 0.311692 0.542626 0.299861 0.601348 0.422888 0.562992 0.459072 0.590407 0.459288 0.563425 0.65393 0.360095 0.658369 0.45369 0.715513 0.423011 0.459288 0.563425 0.422686 0.65036 0.422888 0.562992 0.383571 0.575518 0.347103 0.654988 0.347169 0.57537 0.712136 0.989366 0.783488 0.922823 0.775519 0.916894 0.21407 0.05339592 0.21407 0.05339592 0.1700969 0.1247709 0.408641 0.558884 0.39201 0.522507 0.392112 0.55891 0.245763 0.451899 0.152949 0.416801 0.190001 0.496864 0.407605 0.683572 0.411231 0.719973 0.411131 0.683571 0.408285 0.522482 0.412159 0.55887 0.411812 0.522469 0.422562 0.622765 0.459072 0.590407 0.42267 0.590187 0.459087 0.65014 0.422674 0.64867 0.422686 0.65036 0.459075 0.648447 0.422665 0.646996 0.422674 0.64867 0.336512 0.604934 0.299619 0.602586 0.299585 0.603862 0.336545 0.603664 0.299861 0.601348 0.299619 0.602586 0.338208 0.643439 0.301511 0.644191 0.338432 0.645153 0.338065 0.641716 0.301287 0.642488 0.338208 0.643439 0.385264 0.588249 0.421549 0.621447 0.421666 0.588439 0.383505 0.654905 0.347072 0.623578 0.347103 0.654988 0.422665 0.646996 0.458965 0.622749 0.422562 0.622765 0.359828 0.719975 0.356847 0.683571 0.35675 0.719974 0.363361 0.522489 0.358482 0.558874 0.363097 0.558891 0.421651 0.650885 0.385147 0.621448 0.385249 0.651058 0.504274 0.400257 0.503093 0.410195 0.623414 0.455183 0.383491 0.603035 0.347072 0.623578 0.383475 0.623582 0.34329 0.679001 0.311692 0.542626 0.347365 0.549877 0.604378 0.106985 0.58471 0.123089 0.596602 0.03248596 0.391848 0.68357 0.407713 0.719974 0.391864 0.719973 0.421651 0.650885 0.385436 0.562932 0.385249 0.651058 0.347089 0.602975 0.383571 0.575518 0.383491 0.603035 0.386938 0.68357 0.359828 0.719975 0.359907 0.683573 0.386938 0.68357 0.391864 0.719973 0.386931 0.719972 0.387086 0.522514 0.392112 0.55891 0.387108 0.558916 0.534979 0.01511591 0.545372 0.01085692 0.555512 0.01144891 0.604378 0.106985 0.596602 0.03248596 0.608063 0.0411089 0.336512 0.604934 0.301144 0.640774 0.299585 0.603862 0.387108 0.558916 0.363361 0.522489 0.387086 0.522514 0.421836 0.563287 0.385264 0.588249 0.385436 0.562932 0.30727 0.684265 0.338432 0.645153 0.34329 0.679001 0.311692 0.542626 0.336788 0.602429 0.299861 0.601348 0.422888 0.562992 0.459072 0.590407 0.42267 0.590187 0.65393 0.360095 0.658369 0.45369 0.607076 0.394959 0.459288 0.563425 0.422686 0.65036 0.459087 0.65014 0.383571 0.575518 0.347103 0.654988 0.383505 0.654905 0.712136 0.989366 0.775519 0.916894 0.783488 0.922823 0.161299 0.1262789 0.218354 0.06716197 0.1700969 0.1247709 0.39201 0.522507 0.408641 0.558884 0.392112 0.55891 0.245763 0.451899 0.152949 0.416801 0.216517 0.363644 0.411131 0.683571 0.407713 0.719974 0.407605 0.683572 0.411812 0.522469 0.408641 0.558884 0.408285 0.522482 0.459072 0.590407 0.422562 0.622765 0.42267 0.590187 0.422686 0.65036 0.459075 0.648447 0.459087 0.65014 0.422674 0.64867 0.459067 0.646769 0.459075 0.648447 0.299585 0.603862 0.336545 0.603664 0.336512 0.604934 0.336545 0.603664 0.299861 0.601348 0.336788 0.602429 0.301511 0.644191 0.338208 0.643439 0.338432 0.645153 0.301287 0.642488 0.338065 0.641716 0.338208 0.643439 0.385264 0.588249 0.421549 0.621447 0.385147 0.621448 0.383505 0.654905 0.347072 0.623578 0.383475 0.623582 0.458965 0.622749 0.422665 0.646996 0.422562 0.622765 0.35675 0.719974 0.359907 0.683573 0.359828 0.719975 0.358482 0.558874 0.363361 0.522489 0.363097 0.558891 0.421651 0.650885 0.385147 0.621448 0.421549 0.621447 0.560718 0.316099 0.564261 0.314148 0.56754 0.316464 0.347072 0.623578 0.383491 0.603035 0.383475 0.623582 0.311692 0.542626 0.34329 0.679001 0.347365 0.549877 0.407713 0.719974 0.391848 0.68357 0.391864 0.719973 0.385436 0.562932 0.421651 0.650885 0.385249 0.651058 0.383571 0.575518 0.347089 0.602975 0.383491 0.603035 0.386938 0.68357 0.359828 0.719975 0.386931 0.719972 0.386938 0.68357 0.391864 0.719973 0.391848 0.68357 0.387086 0.522514 0.392112 0.55891 0.39201 0.522507 0.534979 0.01511591 0.58471 0.123089 0.596602 0.03248596 0.604378 0.106985 0.596602 0.03248596 0.596338 0.117201 0.336512 0.604934 0.301144 0.640774 0.338065 0.641716 0.363361 0.522489 0.387108 0.558916 0.387086 0.522514 0.385264 0.588249 0.421836 0.563287 0.385436 0.562932 0.30727 0.684265 0.338432 0.645153 0.301511 0.644191 0.336788 0.602429 0.311692 0.542626 0.299861 0.601348 0.422888 0.562992 0.459072 0.590407 0.459288 0.563425 0.65393 0.360095 0.658369 0.45369 0.715513 0.423011 0.459288 0.563425 0.422686 0.65036 0.422888 0.562992 0.383571 0.575518 0.347103 0.654988 0.347169 0.57537 0.712136 0.989366 0.783488 0.922823 0.775519 0.916894 0.218354 0.06716197 0.161299 0.1262789 0.1700969 0.1247709 0.408641 0.558884 0.39201 0.522507 0.392112 0.55891 0.245763 0.451899 0.152949 0.416801 0.190001 0.496864 0.407713 0.719974 0.411131 0.683571 0.407605 0.683572 0.408641 0.558884 0.411812 0.522469 0.408285 0.522482 0.422562 0.622765 0.459072 0.590407 0.42267 0.590187 0.459075 0.648447 0.422686 0.65036 0.459087 0.65014 0.459067 0.646769 0.422674 0.64867 0.459075 0.648447 0.336545 0.603664 0.299585 0.603862 0.336512 0.604934 0.336545 0.603664 0.299861 0.601348 0.299619 0.602586 0.338208 0.643439 0.301511 0.644191 0.338432 0.645153 0.338065 0.641716 0.301287 0.642488 0.338208 0.643439 0.385264 0.588249 0.421549 0.621447 0.421666 0.588439 0.383505 0.654905 0.347072 0.623578 0.347103 0.654988 0.422665 0.646996 0.458965 0.622749 0.422562 0.622765 0.359907 0.683573 0.35675 0.719974 0.359828 0.719975 0.363361 0.522489 0.358482 0.558874 0.363097 0.558891 0.421651 0.650885 0.385147 0.621448 0.385249 0.651058 0.504274 0.400257 0.503093 0.410195 0.623414 0.455183 0.383491 0.603035 0.347072 0.623578 0.383475 0.623582 0.34329 0.679001 0.311692 0.542626 0.347365 0.549877 0.21407 0.05339592 0.1481519 0.123551 0.1700969 0.1247709 0.391864 0.719973 0.407605 0.683572 0.407713 0.719974 0.421651 0.650885 0.385436 0.562932 0.385249 0.651058 0.347089 0.602975 0.383571 0.575518 0.383491 0.603035 0.386931 0.719972 0.359907 0.683573 0.386938 0.68357 0.391848 0.68357 0.386931 0.719972 0.386938 0.68357 0.39201 0.522507 0.387108 0.558916 0.387086 0.522514 0.596602 0.03248596 0.58471 0.123089 0.604378 0.106985 0.336512 0.604934 0.301144 0.640774 0.299585 0.603862 0.387086 0.522514 0.363097 0.558891 0.363361 0.522489 0.385436 0.562932 0.421666 0.588439 0.385264 0.588249 0.30727 0.684265 0.338432 0.645153 0.34329 0.679001 0.311692 0.542626 0.336788 0.602429 0.299861 0.601348 0.422888 0.562992 0.459072 0.590407 0.42267 0.590187 0.65393 0.360095 0.658369 0.45369 0.607076 0.394959 0.459288 0.563425 0.422686 0.65036 0.459087 0.65014 0.383571 0.575518 0.347103 0.654988 0.383505 0.654905 0.712136 0.989366 0.775519 0.916894 0.783488 0.922823 0.392112 0.55891 0.408285 0.522482 0.408641 0.558884 0.245763 0.451899 0.152949 0.416801 0.216517 0.363644 0.407605 0.683572 0.411231 0.719973 0.407713 0.719974 0.408285 0.522482 0.412159 0.55887 0.408641 0.558884 0.459072 0.590407 0.422562 0.622765 0.42267 0.590187 0.459087 0.65014 0.422674 0.64867 0.459075 0.648447 0.459075 0.648447 0.422665 0.646996 0.459067 0.646769 0.336512 0.604934 0.299619 0.602586 0.336545 0.603664 0.336545 0.603664 0.299861 0.601348 0.336788 0.602429 0.301511 0.644191 0.338208 0.643439 0.338432 0.645153 0.301287 0.642488 0.338065 0.641716 0.338208 0.643439 0.385264 0.588249 0.421549 0.621447 0.385147 0.621448 0.383505 0.654905 0.347072 0.623578 0.383475 0.623582 0.422562 0.622765 0.459067 0.646769 0.422665 0.646996 0.35675 0.719974 0.359907 0.683573 0.359828 0.719975 0.363097 0.558891 0.358814 0.522472 0.363361 0.522489 0.421651 0.650885 0.385147 0.621448 0.421549 0.621447 0.560718 0.316099 0.564261 0.314148 0.56754 0.316464 0.347072 0.623578 0.383491 0.603035 0.383475 0.623582 0.311692 0.542626 0.34329 0.679001 0.347365 0.549877 0.391864 0.719973 0.407605 0.683572 0.391848 0.68357 0.385436 0.562932 0.421651 0.650885 0.385249 0.651058 0.383571 0.575518 0.347089 0.602975 0.383491 0.603035 0.359907 0.683573 0.386931 0.719972 0.386938 0.68357 0.386931 0.719972 0.391848 0.68357 0.386938 0.68357 0.387108 0.558916 0.39201 0.522507 0.387086 0.522514 0.336512 0.604934 0.301144 0.640774 0.338065 0.641716 0.387086 0.522514 0.363097 0.558891 0.387108 0.558916 0.385436 0.562932 0.421666 0.588439 0.421836 0.563287 0.30727 0.684265 0.338432 0.645153 0.301511 0.644191 0.336788 0.602429 0.311692 0.542626 0.299861 0.601348 0.422888 0.562992 0.459072 0.590407 0.459288 0.563425 0.65393 0.360095 0.658369 0.45369 0.715513 0.423011 0.459288 0.563425 0.422686 0.65036 0.422888 0.562992 0.383571 0.575518 0.347103 0.654988 0.347169 0.57537 0.712136 0.989366 0.783488 0.922823 0.775519 0.916894 0.392112 0.55891 0.408285 0.522482 0.39201 0.522507 0.245763 0.451899 0.152949 0.416801 0.190001 0.496864 0.407605 0.683572 0.411231 0.719973 0.411131 0.683571 0.408285 0.522482 0.412159 0.55887 0.411812 0.522469 0.422562 0.622765 0.459072 0.590407 0.42267 0.590187 0.459087 0.65014 0.422674 0.64867 0.422686 0.65036 0.459075 0.648447 0.422665 0.646996 0.422674 0.64867 0.336512 0.604934 0.299619 0.602586 0.299585 0.603862 0.336545 0.603664 0.299861 0.601348 0.299619 0.602586 0.338208 0.643439 0.301511 0.644191 0.338432 0.645153 0.338065 0.641716 0.301287 0.642488 0.338208 0.643439 0.385264 0.588249 0.421549 0.621447 0.421666 0.588439 0.383505 0.654905 0.347072 0.623578 0.347103 0.654988 0.422562 0.622765 0.459067 0.646769 0.458965 0.622749 0.359907 0.683573 0.35675 0.719974 0.359828 0.719975 0.363097 0.558891 0.358814 0.522472 0.358482 0.558874 0.421651 0.650885 0.385147 0.621448 0.385249 0.651058 0.504274 0.400257 0.503093 0.410195 0.623414 0.455183 0.383491 0.603035 0.347072 0.623578 0.383475 0.623582 0.34329 0.679001 0.311692 0.542626 0.347365 0.549877 0.391848 0.68357 0.407713 0.719974 0.391864 0.719973 0.421651 0.650885 0.385436 0.562932 0.385249 0.651058 0.347089 0.602975 0.383571 0.575518 0.383491 0.603035 0.386938 0.68357 0.359828 0.719975 0.359907 0.683573 0.386938 0.68357 0.391864 0.719973 0.386931 0.719972 0.387086 0.522514 0.392112 0.55891 0.387108 0.558916 0.604378 0.106985 0.58471 0.123089 0.596602 0.03248596 0.336512 0.604934 0.301144 0.640774 0.299585 0.603862 0.387086 0.522514 0.363097 0.558891 0.363361 0.522489 0.421836 0.563287 0.385264 0.588249 0.385436 0.562932 0.30727 0.684265 0.338432 0.645153 0.34329 0.679001 0.311692 0.542626 0.336788 0.602429 0.299861 0.601348 0.422888 0.562992 0.459072 0.590407 0.42267 0.590187 0.358814 0.522472 0.358482 0.558874 0.358482 0.558874 0.65393 0.360095 0.658369 0.45369 0.607076 0.394959 0.459288 0.563425 0.422686 0.65036 0.459087 0.65014 0.383571 0.575518 0.347103 0.654988 0.383505 0.654905 0.712136 0.989366 0.775519 0.916894 0.783488 0.922823 0.596602 0.03248596 0.596338 0.117201 0.596338 0.117201 0.39201 0.522507 0.408641 0.558884 0.392112 0.55891 0.245763 0.451899 0.152949 0.416801 0.216517 0.363644 0.407605 0.683572 0.411231 0.719973 0.407713 0.719974 0.408285 0.522482 0.412159 0.55887 0.408641 0.558884 0.459072 0.590407 0.422562 0.622765 0.42267 0.590187 0.459087 0.65014 0.422674 0.64867 0.459075 0.648447 0.459075 0.648447 0.422665 0.646996 0.459067 0.646769 0.336512 0.604934 0.299619 0.602586 0.336545 0.603664 0.336545 0.603664 0.299861 0.601348 0.336788 0.602429 0.301511 0.644191 0.338208 0.643439 0.338432 0.645153 0.301287 0.642488 0.338065 0.641716 0.338208 0.643439 0.385264 0.588249 0.421549 0.621447 0.385147 0.621448 0.383505 0.654905 0.347072 0.623578 0.383475 0.623582 0.458965 0.622749 0.422665 0.646996 0.422562 0.622765 0.359828 0.719975 0.356847 0.683571 0.359907 0.683573 0.358482 0.558874 0.363361 0.522489 0.363097 0.558891 0.421651 0.650885 0.385147 0.621448 0.421549 0.621447 0.560718 0.316099 0.564261 0.314148 0.56754 0.316464 0.347072 0.623578 0.383491 0.603035 0.383475 0.623582 0.311692 0.542626 0.34329 0.679001 0.347365 0.549877 0.407713 0.719974 0.391848 0.68357 0.391864 0.719973 0.385436 0.562932 0.421651 0.650885 0.385249 0.651058 0.383571 0.575518 0.347089 0.602975 0.383491 0.603035 0.386938 0.68357 0.359828 0.719975 0.386931 0.719972 0.386938 0.68357 0.391864 0.719973 0.391848 0.68357 0.387086 0.522514 0.392112 0.55891 0.39201 0.522507 0.604378 0.106985 0.58471 0.123089 0.596602 0.03248596 0.336512 0.604934 0.301144 0.640774 0.338065 0.641716 0.387086 0.522514 0.363097 0.558891 0.387108 0.558916 0.385264 0.588249 0.421836 0.563287 0.385436 0.562932 0.30727 0.684265 0.338432 0.645153 0.301511 0.644191 0.336788 0.602429 0.311692 0.542626 0.299861 0.601348 0.422888 0.562992 0.459072 0.590407 0.459288 0.563425 0.65393 0.360095 0.658369 0.45369 0.715513 0.423011 0.459288 0.563425 0.422686 0.65036 0.422888 0.562992 0.383571 0.575518 0.347103 0.654988 0.347169 0.57537 0.712136 0.989366 0.783488 0.922823 0.775519 0.916894 0.408641 0.558884 0.39201 0.522507 0.392112 0.55891 0.245763 0.451899 0.152949 0.416801 0.190001 0.496864 0.407605 0.683572 0.411231 0.719973 0.411131 0.683571 0.408285 0.522482 0.412159 0.55887 0.411812 0.522469 0.422562 0.622765 0.459072 0.590407 0.42267 0.590187 0.459087 0.65014 0.422674 0.64867 0.422686 0.65036 0.459075 0.648447 0.422665 0.646996 0.422674 0.64867 0.336512 0.604934 0.299619 0.602586 0.299585 0.603862 0.336545 0.603664 0.299861 0.601348 0.299619 0.602586 0.338208 0.643439 0.301511 0.644191 0.338432 0.645153 0.338065 0.641716 0.301287 0.642488 0.338208 0.643439 0.385264 0.588249 0.421549 0.621447 0.421666 0.588439 0.383505 0.654905 0.347072 0.623578 0.347103 0.654988 0.422665 0.646996 0.458965 0.622749 0.422562 0.622765 0.359828 0.719975 0.356847 0.683571 0.35675 0.719974 0.363361 0.522489 0.358482 0.558874 0.363097 0.558891 0.421651 0.650885 0.385147 0.621448 0.385249 0.651058 0.504274 0.400257 0.503093 0.410195 0.623414 0.455183 0.383491 0.603035 0.347072 0.623578 0.383475 0.623582 0.34329 0.679001 0.311692 0.542626 0.347365 0.549877 0.21407 0.05339592 0.1481519 0.123551 0.1700969 0.1247709 0.391848 0.68357 0.407713 0.719974 0.391864 0.719973 0.421651 0.650885 0.385436 0.562932 0.385249 0.651058 0.347089 0.602975 0.383571 0.575518 0.383491 0.603035 0.386938 0.68357 0.359828 0.719975 0.359907 0.683573 0.386938 0.68357 0.391864 0.719973 0.386931 0.719972 0.387086 0.522514 0.392112 0.55891 0.387108 0.558916 0.604378 0.106985 0.596602 0.03248596 0.608063 0.0411089 0.354211 0.522439 0.358482 0.558874 0.358482 0.558874 0.336512 0.604934 0.301144 0.640774 0.299585 0.603862 0.387086 0.522514 0.363097 0.558891 0.363361 0.522489 0.421836 0.563287 0.385264 0.588249 0.385436 0.562932 0.30727 0.684265 0.338432 0.645153 0.34329 0.679001 0.311692 0.542626 0.336788 0.602429 0.299861 0.601348 0.422888 0.562992 0.459072 0.590407 0.42267 0.590187 0.65393 0.360095 0.658369 0.45369 0.607076 0.394959 0.459288 0.563425 0.422686 0.65036 0.459087 0.65014 0.383571 0.575518 0.347103 0.654988 0.383505 0.654905 0.712136 0.989366 0.775519 0.916894 0.783488 0.922823 0.39201 0.522507 0.408641 0.558884 0.392112 0.55891 0.245763 0.451899 0.152949 0.416801 0.216517 0.363644 0.407605 0.683572 0.411231 0.719973 0.407713 0.719974 0.411812 0.522469 0.408641 0.558884 0.408285 0.522482 0.459072 0.590407 0.422562 0.622765 0.42267 0.590187 0.422686 0.65036 0.459075 0.648447 0.459087 0.65014 0.422674 0.64867 0.459067 0.646769 0.459075 0.648447 0.299585 0.603862 0.336545 0.603664 0.336512 0.604934 0.336545 0.603664 0.299861 0.601348 0.336788 0.602429 0.301511 0.644191 0.338208 0.643439 0.338432 0.645153 0.301287 0.642488 0.338065 0.641716 0.338208 0.643439 0.385264 0.588249 0.421549 0.621447 0.385147 0.621448 0.383505 0.654905 0.347072 0.623578 0.383475 0.623582 0.458965 0.622749 0.422665 0.646996 0.422562 0.622765 0.35675 0.719974 0.359907 0.683573 0.359828 0.719975 0.358482 0.558874 0.363361 0.522489 0.363097 0.558891 0.421651 0.650885 0.385147 0.621448 0.421549 0.621447 0.560718 0.316099 0.564261 0.314148 0.56754 0.316464 0.347072 0.623578 0.383491 0.603035 0.383475 0.623582 0.311692 0.542626 0.34329 0.679001 0.347365 0.549877 0.1700969 0.1247709 0.1481519 0.123551 0.21407 0.05339592 0.407713 0.719974 0.391848 0.68357 0.391864 0.719973 0.385436 0.562932 0.421651 0.650885 0.385249 0.651058 0.383571 0.575518 0.347089 0.602975 0.383491 0.603035 0.386938 0.68357 0.359828 0.719975 0.386931 0.719972 0.386938 0.68357 0.391864 0.719973 0.391848 0.68357 0.387086 0.522514 0.392112 0.55891 0.39201 0.522507 0.604378 0.106985 0.596602 0.03248596 0.596338 0.117201 0.336512 0.604934 0.301144 0.640774 0.338065 0.641716 0.387086 0.522514 0.363097 0.558891 0.387108 0.558916 0.385264 0.588249 0.421836 0.563287 0.385436 0.562932 0.30727 0.684265 0.338432 0.645153 0.301511 0.644191 0.336788 0.602429 0.311692 0.542626 0.299861 0.601348 0.422888 0.562992 0.459072 0.590407 0.459288 0.563425 0.65393 0.360095 0.658369 0.45369 0.715513 0.423011 0.459288 0.563425 0.422686 0.65036 0.422888 0.562992 0.383571 0.575518 0.347103 0.654988 0.347169 0.57537 0.712136 0.989366 0.783488 0.922823 0.775519 0.916894 0.408641 0.558884 0.39201 0.522507 0.392112 0.55891 0.245763 0.451899 0.152949 0.416801 0.190001 0.496864 0.407605 0.683572 0.411231 0.719973 0.411131 0.683571 0.408641 0.558884 0.411812 0.522469 0.408285 0.522482 0.422562 0.622765 0.459072 0.590407 0.42267 0.590187 0.459075 0.648447 0.422686 0.65036 0.459087 0.65014 0.459067 0.646769 0.422674 0.64867 0.459075 0.648447 0.336545 0.603664 0.299585 0.603862 0.336512 0.604934 0.336545 0.603664 0.299861 0.601348 0.299619 0.602586 0.338208 0.643439 0.301511 0.644191 0.338432 0.645153 0.338065 0.641716 0.301287 0.642488 0.338208 0.643439 0.385264 0.588249 0.421549 0.621447 0.421666 0.588439 0.383505 0.654905 0.347072 0.623578 0.347103 0.654988 0.422665 0.646996 0.458965 0.622749 0.422562 0.622765 0.359907 0.683573 0.35675 0.719974 0.359828 0.719975 0.363361 0.522489 0.358482 0.558874 0.363097 0.558891 0.421651 0.650885 0.385147 0.621448 0.385249 0.651058 0.504274 0.400257 0.503093 0.410195 0.623414 0.455183 0.383491 0.603035 0.347072 0.623578 0.383475 0.623582 0.34329 0.679001 0.311692 0.542626 0.347365 0.549877 0.176639 0.003458917 0.187396 0.006494939 0.195114 0.01309597 0.391864 0.719973 0.407605 0.683572 0.407713 0.719974 0.421651 0.650885 0.385436 0.562932 0.385249 0.651058 0.347089 0.602975 0.383571 0.575518 0.383491 0.603035 0.386931 0.719972 0.359907 0.683573 0.386938 0.68357 0.386938 0.68357 0.391864 0.719973 0.386931 0.719972 0.39201 0.522507 0.387108 0.558916 0.387086 0.522514 0.596602 0.03248596 0.58471 0.123089 0.604378 0.106985 0.354211 0.522439 0.358482 0.558874 0.358482 0.558874 0.336512 0.604934 0.301144 0.640774 0.299585 0.603862 0.387108 0.558916 0.363361 0.522489 0.387086 0.522514 0.385436 0.562932 0.421666 0.588439 0.385264 0.588249 0.30727 0.684265 0.338432 0.645153 0.34329 0.679001 0.311692 0.542626 0.336788 0.602429 0.299861 0.601348 0.422888 0.562992 0.459072 0.590407 0.42267 0.590187 0.65393 0.360095 0.658369 0.45369 0.607076 0.394959 0.459288 0.563425 0.422686 0.65036 0.459087 0.65014 0.383571 0.575518 0.347103 0.654988 0.383505 0.654905 0.712136 0.989366 0.775519 0.916894 0.783488 0.922823 0.161299 0.1262789 0.218354 0.06716197 0.1700969 0.1247709 0.392112 0.55891 0.408285 0.522482 0.408641 0.558884 0.245763 0.451899 0.152949 0.416801 0.216517 0.363644 0.411131 0.683571 0.407713 0.719974 0.407605 0.683572 0.408285 0.522482 0.412159 0.55887 0.408641 0.558884 0.459072 0.590407 0.422562 0.622765 0.42267 0.590187 0.459087 0.65014 0.422674 0.64867 0.459075 0.648447 0.422674 0.64867 0.459067 0.646769 0.459075 0.648447 0.336512 0.604934 0.299619 0.602586 0.336545 0.603664 0.336545 0.603664 0.299861 0.601348 0.336788 0.602429 0.301511 0.644191 0.338208 0.643439 0.338432 0.645153 0.301287 0.642488 0.338065 0.641716 0.338208 0.643439 0.385264 0.588249 0.421549 0.621447 0.385147 0.621448 0.383505 0.654905 0.347072 0.623578 0.383475 0.623582 0.422562 0.622765 0.459067 0.646769 0.422665 0.646996 0.35675 0.719974 0.359907 0.683573 0.359828 0.719975 0.358482 0.558874 0.363361 0.522489 0.363097 0.558891 0.421651 0.650885 0.385147 0.621448 0.421549 0.621447 0.560718 0.316099 0.564261 0.314148 0.56754 0.316464 0.347072 0.623578 0.383491 0.603035 0.383475 0.623582 0.311692 0.542626 0.34329 0.679001 0.347365 0.549877 0.176639 0.003458917 0.1481519 0.123551 0.21407 0.05339592 0.391864 0.719973 0.407605 0.683572 0.391848 0.68357 0.385436 0.562932 0.421651 0.650885 0.385249 0.651058 0.383571 0.575518 0.347089 0.602975 0.383491 0.603035 0.359907 0.683573 0.386931 0.719972 0.386938 0.68357 0.386938 0.68357 0.391864 0.719973 0.391848 0.68357 0.387108 0.558916 0.39201 0.522507 0.387086 0.522514 0.336512 0.604934 0.301144 0.640774 0.338065 0.641716 0.363361 0.522489 0.387108 0.558916 0.387086 0.522514 0.385436 0.562932 0.421666 0.588439 0.421836 0.563287 0.30727 0.684265 0.338432 0.645153 0.301511 0.644191 0.336788 0.602429 0.311692 0.542626 0.299861 0.601348 0.422888 0.562992 0.459072 0.590407 0.459288 0.563425 0.65393 0.360095 0.658369 0.45369 0.715513 0.423011 0.459288 0.563425 0.422686 0.65036 0.422888 0.562992 0.383571 0.575518 0.347103 0.654988 0.347169 0.57537 0.712136 0.989366 0.783488 0.922823 0.775519 0.916894 0.218354 0.06716197 0.161299 0.1262789 0.1700969 0.1247709 0.392112 0.55891 0.408285 0.522482 0.39201 0.522507 0.245763 0.451899 0.152949 0.416801 0.190001 0.496864 0.407713 0.719974 0.411131 0.683571 0.407605 0.683572 0.408285 0.522482 0.412159 0.55887 0.411812 0.522469 0.422562 0.622765 0.459072 0.590407 0.42267 0.590187 0.459087 0.65014 0.422674 0.64867 0.422686 0.65036 0.459067 0.646769 0.422674 0.64867 0.459075 0.648447 0.336512 0.604934 0.299619 0.602586 0.299585 0.603862 0.336545 0.603664 0.299861 0.601348 0.299619 0.602586 0.338208 0.643439 0.301511 0.644191 0.338432 0.645153 0.338065 0.641716 0.301287 0.642488 0.338208 0.643439 0.385264 0.588249 0.421549 0.621447 0.421666 0.588439 0.383505 0.654905 0.347072 0.623578 0.347103 0.654988 0.422562 0.622765 0.459067 0.646769 0.458965 0.622749 0.359907 0.683573 0.35675 0.719974 0.359828 0.719975 0.363361 0.522489 0.358482 0.558874 0.363097 0.558891 0.421651 0.650885 0.385147 0.621448 0.385249 0.651058 0.504274 0.400257 0.503093 0.410195 0.623414 0.455183 0.383491 0.603035 0.347072 0.623578 0.383475 0.623582 0.34329 0.679001 0.311692 0.542626 0.347365 0.549877 0.604378 0.106985 0.58471 0.123089 0.596602 0.03248596 0.391848 0.68357 0.407713 0.719974 0.391864 0.719973 0.421651 0.650885 0.385436 0.562932 0.385249 0.651058 0.347089 0.602975 0.383571 0.575518 0.383491 0.603035 0.386938 0.68357 0.359828 0.719975 0.359907 0.683573 0.386938 0.68357 0.391864 0.719973 0.386931 0.719972 0.387086 0.522514 0.392112 0.55891 0.387108 0.558916 0.596602 0.03248596 0.58471 0.123089 0.604378 0.106985 0.336512 0.604934 0.301144 0.640774 0.299585 0.603862 0.387086 0.522514 0.363097 0.558891 0.363361 0.522489 0.421836 0.563287 0.385264 0.588249 0.385436 0.562932 0.30727 0.684265 0.338432 0.645153 0.34329 0.679001 0.311692 0.542626 0.336788 0.602429 0.299861 0.601348 0.422888 0.562992 0.459072 0.590407 0.42267 0.590187 0.65393 0.360095 0.658369 0.45369 0.607076 0.394959 0.459288 0.563425 0.422686 0.65036 0.459087 0.65014 0.383571 0.575518 0.347103 0.654988 0.383505 0.654905 0.712136 0.989366 0.775519 0.916894 0.783488 0.922823 0.1700969 0.1247709 0.1481519 0.123551 0.21407 0.05339592 0.39201 0.522507 0.408641 0.558884 0.392112 0.55891 0.245763 0.451899 0.152949 0.416801 0.216517 0.363644 0.407605 0.683572 0.411231 0.719973 0.407713 0.719974 0.408285 0.522482 0.412159 0.55887 0.408641 0.558884 0.459072 0.590407 0.422562 0.622765 0.42267 0.590187 0.459087 0.65014 0.422674 0.64867 0.459075 0.648447 0.459075 0.648447 0.422665 0.646996 0.459067 0.646769 0.336512 0.604934 0.299619 0.602586 0.336545 0.603664 0.336545 0.603664 0.299861 0.601348 0.336788 0.602429 0.301511 0.644191 0.338208 0.643439 0.338432 0.645153 0.301287 0.642488 0.338065 0.641716 0.338208 0.643439 0.385264 0.588249 0.421549 0.621447 0.385147 0.621448 0.383505 0.654905 0.347072 0.623578 0.383475 0.623582 0.458965 0.622749 0.422665 0.646996 0.422562 0.622765 0.359828 0.719975 0.356847 0.683571 0.359907 0.683573 0.358482 0.558874 0.363361 0.522489 0.363097 0.558891 0.421651 0.650885 0.385147 0.621448 0.421549 0.621447 0.560718 0.316099 0.564261 0.314148 0.56754 0.316464 0.347072 0.623578 0.383491 0.603035 0.383475 0.623582 0.311692 0.542626 0.34329 0.679001 0.347365 0.549877 0.407713 0.719974 0.391848 0.68357 0.391864 0.719973 0.385436 0.562932 0.421651 0.650885 0.385249 0.651058 0.383571 0.575518 0.347089 0.602975 0.383491 0.603035 0.386938 0.68357 0.359828 0.719975 0.386931 0.719972 0.386938 0.68357 0.391864 0.719973 0.391848 0.68357 0.387086 0.522514 0.392112 0.55891 0.39201 0.522507 0.336512 0.604934 0.301144 0.640774 0.338065 0.641716 0.387086 0.522514 0.363097 0.558891 0.387108 0.558916 0.385264 0.588249 0.421836 0.563287 0.385436 0.562932 0.30727 0.684265 0.338432 0.645153 0.301511 0.644191 0.336788 0.602429 0.311692 0.542626 0.299861 0.601348 0.422888 0.562992 0.459072 0.590407 0.459288 0.563425 0.65393 0.360095 0.658369 0.45369 0.715513 0.423011 0.459288 0.563425 0.422686 0.65036 0.422888 0.562992 0.383571 0.575518 0.347103 0.654988 0.347169 0.57537 0.712136 0.989366 0.783488 0.922823 0.775519 0.916894 0.408641 0.558884 0.39201 0.522507 0.392112 0.55891 0.245763 0.451899 0.152949 0.416801 0.190001 0.496864 0.407605 0.683572 0.411231 0.719973 0.411131 0.683571 0.408285 0.522482 0.412159 0.55887 0.411812 0.522469 0.422562 0.622765 0.459072 0.590407 0.42267 0.590187 0.459087 0.65014 0.422674 0.64867 0.422686 0.65036 0.459075 0.648447 0.422665 0.646996 0.422674 0.64867 0.336512 0.604934 0.299619 0.602586 0.299585 0.603862 0.336545 0.603664 0.299861 0.601348 0.299619 0.602586 0.338208 0.643439 0.301511 0.644191 0.338432 0.645153 0.338065 0.641716 0.301287 0.642488 0.338208 0.643439 0.385264 0.588249 0.421549 0.621447 0.421666 0.588439 0.383505 0.654905 0.347072 0.623578 0.347103 0.654988 0.422665 0.646996 0.458965 0.622749 0.422562 0.622765 0.359828 0.719975 0.356847 0.683571 0.35675 0.719974 0.363361 0.522489 0.358482 0.558874 0.363097 0.558891 0.421651 0.650885 0.385147 0.621448 0.385249 0.651058 0.504274 0.400257 0.503093 0.410195 0.623414 0.455183 0.383491 0.603035 0.347072 0.623578 0.383475 0.623582 0.34329 0.679001 0.311692 0.542626 0.347365 0.549877 0.1700969 0.1247709 0.1700969 0.1247709 0.21407 0.05339592 0.391848 0.68357 0.407713 0.719974 0.391864 0.719973 0.421651 0.650885 0.385436 0.562932 0.385249 0.651058 0.347089 0.602975 0.383571 0.575518 0.383491 0.603035 0.386938 0.68357 0.359828 0.719975 0.359907 0.683573 0.386938 0.68357 0.391864 0.719973 0.386931 0.719972 0.387086 0.522514 0.392112 0.55891 0.387108 0.558916 0.604378 0.106985 0.596602 0.03248596 0.608063 0.0411089 0.336512 0.604934 0.301144 0.640774 0.299585 0.603862 0.387086 0.522514 0.363097 0.558891 0.363361 0.522489 0.421836 0.563287 0.385264 0.588249 0.385436 0.562932 0.30727 0.684265 0.338432 0.645153 0.34329 0.679001 0.311692 0.542626 0.336788 0.602429 0.299861 0.601348 0.422888 0.562992 0.459072 0.590407 0.42267 0.590187 0.65393 0.360095 0.658369 0.45369 0.607076 0.394959 0.459288 0.563425 0.422686 0.65036 0.459087 0.65014 0.383571 0.575518 0.347103 0.654988 0.383505 0.654905 0.712136 0.989366 0.775519 0.916894 0.783488 0.922823 0.39201 0.522507 0.408641 0.558884 0.392112 0.55891 0.245763 0.451899 0.152949 0.416801 0.216517 0.363644 0.407605 0.683572 0.411231 0.719973 0.407713 0.719974 0.411812 0.522469 0.408641 0.558884 0.408285 0.522482 0.459072 0.590407 0.422562 0.622765 0.42267 0.590187 0.422686 0.65036 0.459075 0.648447 0.459087 0.65014 0.422674 0.64867 0.459067 0.646769 0.459075 0.648447 0.299585 0.603862 0.336545 0.603664 0.336512 0.604934 0.336545 0.603664 0.299861 0.601348 0.336788 0.602429 0.301511 0.644191 0.338208 0.643439 0.338432 0.645153 0.301287 0.642488 0.338065 0.641716 0.338208 0.643439 0.385264 0.588249 0.421549 0.621447 0.385147 0.621448 0.383505 0.654905 0.347072 0.623578 0.383475 0.623582 0.458965 0.622749 0.422665 0.646996 0.422562 0.622765 0.35675 0.719974 0.359907 0.683573 0.359828 0.719975 0.358482 0.558874 0.363361 0.522489 0.363097 0.558891 0.421651 0.650885 0.385147 0.621448 0.421549 0.621447 0.560718 0.316099 0.564261 0.314148 0.56754 0.316464 0.347072 0.623578 0.383491 0.603035 0.383475 0.623582 0.311692 0.542626 0.34329 0.679001 0.347365 0.549877 0.1700969 0.1247709 0.1481519 0.123551 0.21407 0.05339592 0.407713 0.719974 0.391848 0.68357 0.391864 0.719973 0.385436 0.562932 0.421651 0.650885 0.385249 0.651058 0.383571 0.575518 0.347089 0.602975 0.383491 0.603035 0.386938 0.68357 0.359828 0.719975 0.386931 0.719972 0.386938 0.68357 0.391864 0.719973 0.391848 0.68357 0.387086 0.522514 0.392112 0.55891 0.39201 0.522507 0.604378 0.106985 0.596602 0.03248596 0.596338 0.117201 0.336512 0.604934 0.301144 0.640774 0.338065 0.641716 0.387086 0.522514 0.363097 0.558891 0.387108 0.558916 0.385264 0.588249 0.421836 0.563287 0.385436 0.562932 0.30727 0.684265 0.338432 0.645153 0.301511 0.644191 0.336788 0.602429 0.311692 0.542626 0.299861 0.601348 0.422888 0.562992 0.459072 0.590407 0.459288 0.563425 0.65393 0.360095 0.658369 0.45369 0.715513 0.423011 0.459288 0.563425 0.422686 0.65036 0.422888 0.562992 0.383571 0.575518 0.347103 0.654988 0.347169 0.57537 0.712136 0.989366 0.783488 0.922823 0.775519 0.916894 0.408641 0.558884 0.39201 0.522507 0.392112 0.55891 0.245763 0.451899 0.152949 0.416801 0.190001 0.496864 0.407605 0.683572 0.411231 0.719973 0.411131 0.683571 0.408641 0.558884 0.411812 0.522469 0.408285 0.522482 0.422562 0.622765 0.459072 0.590407 0.42267 0.590187 0.459075 0.648447 0.422686 0.65036 0.459087 0.65014 0.459067 0.646769 0.422674 0.64867 0.459075 0.648447 0.336545 0.603664 0.299585 0.603862 0.336512 0.604934 0.336545 0.603664 0.299861 0.601348 0.299619 0.602586 0.338208 0.643439 0.301511 0.644191 0.338432 0.645153 0.338065 0.641716 0.301287 0.642488 0.338208 0.643439 0.385264 0.588249 0.421549 0.621447 0.421666 0.588439 0.383505 0.654905 0.347072 0.623578 0.347103 0.654988 0.422665 0.646996 0.458965 0.622749 0.422562 0.622765 0.359907 0.683573 0.35675 0.719974 0.359828 0.719975 0.363361 0.522489 0.358482 0.558874 0.363097 0.558891 0.421651 0.650885 0.385147 0.621448 0.385249 0.651058 0.504274 0.400257 0.503093 0.410195 0.623414 0.455183 0.383491 0.603035 0.347072 0.623578 0.383475 0.623582 0.34329 0.679001 0.311692 0.542626 0.347365 0.549877 0.176639 0.003458917 0.187396 0.006494939 0.195114 0.01309597 0.391864 0.719973 0.407605 0.683572 0.407713 0.719974 0.421651 0.650885 0.385436 0.562932 0.385249 0.651058 0.347089 0.602975 0.383571 0.575518 0.383491 0.603035 0.386931 0.719972 0.359907 0.683573 0.386938 0.68357 0.386938 0.68357 0.391864 0.719973 0.386931 0.719972 0.39201 0.522507 0.387108 0.558916 0.387086 0.522514 0.596602 0.03248596 0.58471 0.123089 0.604378 0.106985 0.336512 0.604934 0.301144 0.640774 0.299585 0.603862 0.387108 0.558916 0.363361 0.522489 0.387086 0.522514 0.385436 0.562932 0.421666 0.588439 0.385264 0.588249 0.30727 0.684265 0.338432 0.645153 0.34329 0.679001 0.311692 0.542626 0.336788 0.602429 0.299861 0.601348 0.422888 0.562992 0.459072 0.590407 0.42267 0.590187 0.65393 0.360095 0.658369 0.45369 0.607076 0.394959 0.459288 0.563425 0.422686 0.65036 0.459087 0.65014 0.383571 0.575518 0.347103 0.654988 0.383505 0.654905 0.712136 0.989366 0.775519 0.916894 0.783488 0.922823 0.161299 0.1262789 0.218354 0.06716197 0.1700969 0.1247709 0.392112 0.55891 0.408285 0.522482 0.408641 0.558884 0.245763 0.451899 0.152949 0.416801 0.216517 0.363644 0.411131 0.683571 0.407713 0.719974 0.407605 0.683572 0.408285 0.522482 0.412159 0.55887 0.408641 0.558884 0.459072 0.590407 0.422562 0.622765 0.42267 0.590187 0.422686 0.65036 0.459075 0.648447 0.459087 0.65014 0.422674 0.64867 0.459067 0.646769 0.459075 0.648447 0.336512 0.604934 0.299619 0.602586 0.336545 0.603664 0.336545 0.603664 0.299861 0.601348 0.336788 0.602429 0.301511 0.644191 0.338208 0.643439 0.338432 0.645153 0.301287 0.642488 0.338065 0.641716 0.338208 0.643439 0.385264 0.588249 0.421549 0.621447 0.385147 0.621448 0.383505 0.654905 0.347072 0.623578 0.383475 0.623582 0.458965 0.622749 0.422665 0.646996 0.422562 0.622765 0.35675 0.719974 0.359907 0.683573 0.359828 0.719975 0.358482 0.558874 0.363361 0.522489 0.363097 0.558891 0.421651 0.650885 0.385147 0.621448 0.421549 0.621447 0.560718 0.316099 0.564261 0.314148 0.56754 0.316464 0.347072 0.623578 0.383491 0.603035 0.383475 0.623582 0.311692 0.542626 0.34329 0.679001 0.347365 0.549877 0.176639 0.003458917 0.1481519 0.123551 0.21407 0.05339592 0.391864 0.719973 0.407605 0.683572 0.391848 0.68357 0.385436 0.562932 0.421651 0.650885 0.385249 0.651058 0.383571 0.575518 0.347089 0.602975 0.383491 0.603035 0.359907 0.683573 0.386931 0.719972 0.386938 0.68357 0.386938 0.68357 0.391864 0.719973 0.391848 0.68357 0.387108 0.558916 0.39201 0.522507 0.387086 0.522514 0.336512 0.604934 0.301144 0.640774 0.338065 0.641716 0.363361 0.522489 0.387108 0.558916 0.387086 0.522514 0.385436 0.562932 0.421666 0.588439 0.421836 0.563287 0.30727 0.684265 0.338432 0.645153 0.301511 0.644191 0.336788 0.602429 0.311692 0.542626 0.299861 0.601348 0.422888 0.562992 0.459072 0.590407 0.459288 0.563425 0.65393 0.360095 0.658369 0.45369 0.715513 0.423011 0.459288 0.563425 0.422686 0.65036 0.422888 0.562992 0.383571 0.575518 0.347103 0.654988 0.347169 0.57537 0.712136 0.989366 0.783488 0.922823 0.775519 0.916894 0.218354 0.06716197 0.161299 0.1262789 0.1700969 0.1247709 0.392112 0.55891 0.408285 0.522482 0.39201 0.522507 0.245763 0.451899 0.152949 0.416801 0.190001 0.496864 0.407713 0.719974 0.411131 0.683571 0.407605 0.683572 0.408285 0.522482 0.412159 0.55887 0.411812 0.522469 0.422562 0.622765 0.459072 0.590407 0.42267 0.590187 0.459075 0.648447 0.422686 0.65036 0.459087 0.65014 0.459067 0.646769 0.422674 0.64867 0.459075 0.648447 0.336512 0.604934 0.299619 0.602586 0.299585 0.603862 0.336545 0.603664 0.299861 0.601348 0.299619 0.602586 0.338208 0.643439 0.301511 0.644191 0.338432 0.645153 0.338065 0.641716 0.301287 0.642488 0.338208 0.643439 0.385264 0.588249 0.421549 0.621447 0.421666 0.588439 0.383505 0.654905 0.347072 0.623578 0.347103 0.654988 0.422665 0.646996 0.458965 0.622749 0.422562 0.622765 0.359907 0.683573 0.35675 0.719974 0.359828 0.719975 0.363361 0.522489 0.358482 0.558874 0.363097 0.558891 0.421651 0.650885 0.385147 0.621448 0.385249 0.651058 0.504274 0.400257 0.503093 0.410195 0.623414 0.455183 0.383491 0.603035 0.347072 0.623578 0.383475 0.623582 0.34329 0.679001 0.311692 0.542626 0.347365 0.549877 0.21407 0.05339592 0.1481519 0.123551 0.1700969 0.1247709 0.391848 0.68357 0.407713 0.719974 0.391864 0.719973 0.421651 0.650885 0.385436 0.562932 0.385249 0.651058 0.347089 0.602975 0.383571 0.575518 0.383491 0.603035 0.386938 0.68357 0.359828 0.719975 0.359907 0.683573 0.391848 0.68357 0.386931 0.719972 0.386938 0.68357 0.387086 0.522514 0.392112 0.55891 0.387108 0.558916 0.1700969 0.1247709 0.1481519 0.123551 0.21407 0.05339592 0.604378 0.106985 0.596602 0.03248596 0.608063 0.0411089 0.336512 0.604934 0.301144 0.640774 0.299585 0.603862 0.387086 0.522514 0.363097 0.558891 0.363361 0.522489 0.421836 0.563287 0.385264 0.588249 0.385436 0.562932 0.30727 0.684265 0.338432 0.645153 0.34329 0.679001 0.311692 0.542626 0.336788 0.602429 0.299861 0.601348 0.422888 0.562992 0.459072 0.590407 0.42267 0.590187 0.411812 0.522469 0.412159 0.55887 0.412159 0.55887 0.65393 0.360095 0.658369 0.45369 0.607076 0.394959 0.459288 0.563425 0.422686 0.65036 0.459087 0.65014 0.383571 0.575518 0.347103 0.654988 0.383505 0.654905 0.712136 0.989366 0.775519 0.916894 0.783488 0.922823 0.39201 0.522507 0.408641 0.558884 0.392112 0.55891 0.245763 0.451899 0.152949 0.416801 0.216517 0.363644 0.407605 0.683572 0.411231 0.719973 0.407713 0.719974 0.408285 0.522482 0.412159 0.55887 0.408641 0.558884 0.459072 0.590407 0.422562 0.622765 0.42267 0.590187 0.459087 0.65014 0.422674 0.64867 0.459075 0.648447 0.459075 0.648447 0.422665 0.646996 0.459067 0.646769 0.336512 0.604934 0.299619 0.602586 0.336545 0.603664 0.336545 0.603664 0.299861 0.601348 0.336788 0.602429 0.301511 0.644191 0.338208 0.643439 0.338432 0.645153 0.301287 0.642488 0.338065 0.641716 0.338208 0.643439 0.385264 0.588249 0.421549 0.621447 0.385147 0.621448 0.383505 0.654905 0.347072 0.623578 0.383475 0.623582 0.458965 0.622749 0.422665 0.646996 0.422562 0.622765 0.359828 0.719975 0.356847 0.683571 0.359907 0.683573 0.363097 0.558891 0.358814 0.522472 0.363361 0.522489 0.421651 0.650885 0.385147 0.621448 0.421549 0.621447 0.560718 0.316099 0.564261 0.314148 0.56754 0.316464 0.347072 0.623578 0.383491 0.603035 0.383475 0.623582 0.311692 0.542626 0.34329 0.679001 0.347365 0.549877 0.407713 0.719974 0.391848 0.68357 0.391864 0.719973 0.385436 0.562932 0.421651 0.650885 0.385249 0.651058 0.383571 0.575518 0.347089 0.602975 0.383491 0.603035 0.386938 0.68357 0.359828 0.719975 0.386931 0.719972 0.386931 0.719972 0.391848 0.68357 0.386938 0.68357 0.387086 0.522514 0.392112 0.55891 0.39201 0.522507 0.604378 0.106985 0.596602 0.03248596 0.596338 0.117201 0.336512 0.604934 0.301144 0.640774 0.338065 0.641716 0.387086 0.522514 0.363097 0.558891 0.387108 0.558916 0.385264 0.588249 0.421836 0.563287 0.385436 0.562932 0.30727 0.684265 0.338432 0.645153 0.301511 0.644191 0.336788 0.602429 0.311692 0.542626 0.299861 0.601348 0.422888 0.562992 0.459072 0.590407 0.459288 0.563425 0.65393 0.360095 0.658369 0.45369 0.715513 0.423011 0.459288 0.563425 0.422686 0.65036 0.422888 0.562992 0.383571 0.575518 0.347103 0.654988 0.347169 0.57537 0.712136 0.989366 0.783488 0.922823 0.775519 0.916894 0.408641 0.558884 0.39201 0.522507 0.392112 0.55891 0.245763 0.451899 0.152949 0.416801 0.190001 0.496864 0.407605 0.683572 0.411231 0.719973 0.411131 0.683571 0.408285 0.522482 0.412159 0.55887 0.411812 0.522469 0.422562 0.622765 0.459072 0.590407 0.42267 0.590187 0.459087 0.65014 0.422674 0.64867 0.422686 0.65036 0.459075 0.648447 0.422665 0.646996 0.422674 0.64867 0.336512 0.604934 0.299619 0.602586 0.299585 0.603862 0.336545 0.603664 0.299861 0.601348 0.299619 0.602586 0.338208 0.643439 0.301511 0.644191 0.338432 0.645153 0.338065 0.641716 0.301287 0.642488 0.338208 0.643439 0.385264 0.588249 0.421549 0.621447 0.421666 0.588439 0.383505 0.654905 0.347072 0.623578 0.347103 0.654988 0.422665 0.646996 0.458965 0.622749 0.422562 0.622765 0.359828 0.719975 0.356847 0.683571 0.35675 0.719974 0.363097 0.558891 0.358814 0.522472 0.358482 0.558874 0.421651 0.650885 0.385147 0.621448 0.385249 0.651058 0.504274 0.400257 0.503093 0.410195 0.623414 0.455183 0.383491 0.603035 0.347072 0.623578 0.383475 0.623582 0.34329 0.679001 0.311692 0.542626 0.347365 0.549877 0.596602 0.03248596 0.58471 0.123089 0.604378 0.106985 0.391848 0.68357 0.407713 0.719974 0.391864 0.719973 0.421651 0.650885 0.385436 0.562932 0.385249 0.651058 0.412159 0.55887 0.415724 0.522439 0.412159 0.55887 0.347089 0.602975 0.383571 0.575518 0.383491 0.603035 0.386938 0.68357 0.359828 0.719975 0.359907 0.683573 0.386938 0.68357 0.391864 0.719973 0.386931 0.719972 0.387086 0.522514 0.392112 0.55891 0.387108 0.558916 0.1700969 0.1247709 0.1481519 0.123551 0.21407 0.05339592 0.336512 0.604934 0.301144 0.640774 0.299585 0.603862 0.387086 0.522514 0.363097 0.558891 0.363361 0.522489 0.421836 0.563287 0.385264 0.588249 0.385436 0.562932 0.30727 0.684265 0.338432 0.645153 0.34329 0.679001 0.311692 0.542626 0.336788 0.602429 0.299861 0.601348 0.422888 0.562992 0.459072 0.590407 0.42267 0.590187 0.411231 0.719973 0.415025 0.683566 0.411231 0.719973 0.65393 0.360095 0.658369 0.45369 0.607076 0.394959 0.459288 0.563425 0.422686 0.65036 0.459087 0.65014 0.383571 0.575518 0.347103 0.654988 0.383505 0.654905 0.712136 0.989366 0.775519 0.916894 0.783488 0.922823 0.39201 0.522507 0.408641 0.558884 0.392112 0.55891 0.245763 0.451899 0.152949 0.416801 0.216517 0.363644 0.407605 0.683572 0.411231 0.719973 0.407713 0.719974 0.408285 0.522482 0.412159 0.55887 0.408641 0.558884 0.459072 0.590407 0.422562 0.622765 0.42267 0.590187 0.422686 0.65036 0.459075 0.648447 0.459087 0.65014 0.422674 0.64867 0.459067 0.646769 0.459075 0.648447 0.299585 0.603862 0.336545 0.603664 0.336512 0.604934 0.336545 0.603664 0.299861 0.601348 0.336788 0.602429 0.301511 0.644191 0.338208 0.643439 0.338432 0.645153 0.301287 0.642488 0.338065 0.641716 0.338208 0.643439 0.385264 0.588249 0.421549 0.621447 0.385147 0.621448 0.383505 0.654905 0.347072 0.623578 0.383475 0.623582 0.458965 0.622749 0.422665 0.646996 0.422562 0.622765 0.35675 0.719974 0.359907 0.683573 0.359828 0.719975 0.358482 0.558874 0.363361 0.522489 0.363097 0.558891 0.421651 0.650885 0.385147 0.621448 0.421549 0.621447 0.560718 0.316099 0.564261 0.314148 0.56754 0.316464 0.347072 0.623578 0.383491 0.603035 0.383475 0.623582 0.311692 0.542626 0.34329 0.679001 0.347365 0.549877 0.407713 0.719974 0.391848 0.68357 0.391864 0.719973 0.385436 0.562932 0.421651 0.650885 0.385249 0.651058 0.383571 0.575518 0.347089 0.602975 0.383491 0.603035 0.386938 0.68357 0.359828 0.719975 0.386931 0.719972 0.386938 0.68357 0.391864 0.719973 0.391848 0.68357 0.387086 0.522514 0.392112 0.55891 0.39201 0.522507 0.21407 0.05339592 0.1481519 0.123551 0.1700969 0.1247709 0.336512 0.604934 0.301144 0.640774 0.338065 0.641716 0.387086 0.522514 0.363097 0.558891 0.387108 0.558916 0.385264 0.588249 0.421836 0.563287 0.385436 0.562932 0.30727 0.684265 0.338432 0.645153 0.301511 0.644191 0.336788 0.602429 0.311692 0.542626 0.299861 0.601348 0.422888 0.562992 0.459072 0.590407 0.459288 0.563425 0.65393 0.360095 0.658369 0.45369 0.715513 0.423011 0.459288 0.563425 0.422686 0.65036 0.422888 0.562992 0.383571 0.575518 0.347103 0.654988 0.347169 0.57537 0.712136 0.989366 0.783488 0.922823 0.775519 0.916894 0.408641 0.558884 0.39201 0.522507 0.392112 0.55891 0.245763 0.451899 0.152949 0.416801 0.190001 0.496864 0.407605 0.683572 0.411231 0.719973 0.411131 0.683571 0.408285 0.522482 0.412159 0.55887 0.411812 0.522469 0.422562 0.622765 0.459072 0.590407 0.42267 0.590187 0.459075 0.648447 0.422686 0.65036 0.459087 0.65014 0.459067 0.646769 0.422674 0.64867 0.459075 0.648447 0.336545 0.603664 0.299585 0.603862 0.336512 0.604934 0.336545 0.603664 0.299861 0.601348 0.299619 0.602586 0.338208 0.643439 0.301511 0.644191 0.338432 0.645153 0.338065 0.641716 0.301287 0.642488 0.338208 0.643439 0.385264 0.588249 0.421549 0.621447 0.421666 0.588439 0.383505 0.654905 0.347072 0.623578 0.347103 0.654988 0.422665 0.646996 0.458965 0.622749 0.422562 0.622765 0.359907 0.683573 0.35675 0.719974 0.359828 0.719975 0.363361 0.522489 0.358482 0.558874 0.363097 0.558891 0.421651 0.650885 0.385147 0.621448 0.385249 0.651058 0.504274 0.400257 0.503093 0.410195 0.623414 0.455183 0.383491 0.603035 0.347072 0.623578 0.383475 0.623582 0.34329 0.679001 0.311692 0.542626 0.347365 0.549877 0.176639 0.003458917 0.187396 0.006494939 0.195114 0.01309597 0.391848 0.68357 0.407713 0.719974 0.391864 0.719973 0.421651 0.650885 0.385436 0.562932 0.385249 0.651058 0.347089 0.602975 0.383571 0.575518 0.383491 0.603035 0.386931 0.719972 0.359907 0.683573 0.386938 0.68357 0.386938 0.68357 0.391864 0.719973 0.386931 0.719972 0.39201 0.522507 0.387108 0.558916 0.387086 0.522514 0.356847 0.683571 0.35675 0.719974 0.35675 0.719974 0.336512 0.604934 0.301144 0.640774 0.299585 0.603862 0.387108 0.558916 0.363361 0.522489 0.387086 0.522514 0.385436 0.562932 0.421666 0.588439 0.385264 0.588249 0.30727 0.684265 0.338432 0.645153 0.34329 0.679001 0.311692 0.542626 0.336788 0.602429 0.299861 0.601348 0.422888 0.562992 0.459072 0.590407 0.42267 0.590187 0.65393 0.360095 0.658369 0.45369 0.607076 0.394959 0.459288 0.563425 0.422686 0.65036 0.459087 0.65014 0.383571 0.575518 0.347103 0.654988 0.383505 0.654905 0.712136 0.989366 0.775519 0.916894 0.783488 0.922823 0.161299 0.1262789 0.218354 0.06716197 0.1700969 0.1247709 0.392112 0.55891 0.408285 0.522482 0.408641 0.558884 0.245763 0.451899 0.152949 0.416801 0.216517 0.363644 0.411131 0.683571 0.407713 0.719974 0.407605 0.683572 0.411812 0.522469 0.408641 0.558884 0.408285 0.522482 0.459072 0.590407 0.422562 0.622765 0.42267 0.590187 0.422686 0.65036 0.459075 0.648447 0.459087 0.65014 0.422674 0.64867 0.459067 0.646769 0.459075 0.648447 0.299585 0.603862 0.336545 0.603664 0.336512 0.604934 0.336545 0.603664 0.299861 0.601348 0.336788 0.602429 0.301511 0.644191 0.338208 0.643439 0.338432 0.645153 0.301287 0.642488 0.338065 0.641716 0.338208 0.643439 0.385264 0.588249 0.421549 0.621447 0.385147 0.621448 0.383505 0.654905 0.347072 0.623578 0.383475 0.623582 0.458965 0.622749 0.422665 0.646996 0.422562 0.622765 0.35675 0.719974 0.359907 0.683573 0.359828 0.719975 0.358482 0.558874 0.363361 0.522489 0.363097 0.558891 0.421651 0.650885 0.385147 0.621448 0.421549 0.621447 0.560718 0.316099 0.564261 0.314148 0.56754 0.316464 0.347072 0.623578 0.383491 0.603035 0.383475 0.623582 0.311692 0.542626 0.34329 0.679001 0.347365 0.549877 0.176639 0.003458917 0.1481519 0.123551 0.21407 0.05339592 0.407713 0.719974 0.391848 0.68357 0.391864 0.719973 0.385436 0.562932 0.421651 0.650885 0.385249 0.651058 0.383571 0.575518 0.347089 0.602975 0.383491 0.603035 0.359907 0.683573 0.386931 0.719972 0.386938 0.68357 0.386938 0.68357 0.391864 0.719973 0.391848 0.68357 0.387108 0.558916 0.39201 0.522507 0.387086 0.522514 0.604378 0.106985 0.58471 0.123089 0.596602 0.03248596 0.336512 0.604934 0.301144 0.640774 0.338065 0.641716 0.363361 0.522489 0.387108 0.558916 0.387086 0.522514 0.385436 0.562932 0.421666 0.588439 0.421836 0.563287 0.30727 0.684265 0.338432 0.645153 0.301511 0.644191 0.336788 0.602429 0.311692 0.542626 0.299861 0.601348 0.422888 0.562992 0.459072 0.590407 0.459288 0.563425 0.65393 0.360095 0.658369 0.45369 0.715513 0.423011 0.459288 0.563425 0.422686 0.65036 0.422888 0.562992 0.383571 0.575518 0.347103 0.654988 0.347169 0.57537 0.712136 0.989366 0.783488 0.922823 0.775519 0.916894 0.218354 0.06716197 0.161299 0.1262789 0.1700969 0.1247709 0.392112 0.55891 0.408285 0.522482 0.39201 0.522507 0.245763 0.451899 0.152949 0.416801 0.190001 0.496864 0.407713 0.719974 0.411131 0.683571 0.407605 0.683572 0.408641 0.558884 0.411812 0.522469 0.408285 0.522482 0.422562 0.622765 0.459072 0.590407 0.42267 0.590187 0.459075 0.648447 0.422686 0.65036 0.459087 0.65014 0.459067 0.646769 0.422674 0.64867 0.459075 0.648447 0.336545 0.603664 0.299585 0.603862 0.336512 0.604934 0.336545 0.603664 0.299861 0.601348 0.299619 0.602586 0.338208 0.643439 0.301511 0.644191 0.338432 0.645153 0.338065 0.641716 0.301287 0.642488 0.338208 0.643439 0.385264 0.588249 0.421549 0.621447 0.421666 0.588439 0.383505 0.654905 0.347072 0.623578 0.347103 0.654988 0.422665 0.646996 0.458965 0.622749 0.422562 0.622765 0.359907 0.683573 0.35675 0.719974 0.359828 0.719975 0.363361 0.522489 0.358482 0.558874 0.363097 0.558891 0.421651 0.650885 0.385147 0.621448 0.385249 0.651058 0.504274 0.400257 0.503093 0.410195 0.623414 0.455183 0.383491 0.603035 0.347072 0.623578 0.383475 0.623582 0.34329 0.679001 0.311692 0.542626 0.347365 0.549877 0.21407 0.05339592 0.1481519 0.123551 0.1700969 0.1247709 0.391864 0.719973 0.407605 0.683572 0.407713 0.719974 0.421651 0.650885 0.385436 0.562932 0.385249 0.651058 0.347089 0.602975 0.383571 0.575518 0.383491 0.603035 0.386938 0.68357 0.359828 0.719975 0.359907 0.683573 0.391848 0.68357 0.386931 0.719972 0.386938 0.68357 0.387086 0.522514 0.392112 0.55891 0.387108 0.558916 0.604378 0.106985 0.596602 0.03248596 0.608063 0.0411089 0.336512 0.604934 0.301144 0.640774 0.299585 0.603862 0.387086 0.522514 0.363097 0.558891 0.363361 0.522489 0.421836 0.563287 0.385264 0.588249 0.385436 0.562932 0.30727 0.684265 0.338432 0.645153 0.34329 0.679001 0.311692 0.542626 0.336788 0.602429 0.299861 0.601348 0.422888 0.562992 0.459072 0.590407 0.42267 0.590187 0.65393 0.360095 0.658369 0.45369 0.607076 0.394959 0.459288 0.563425 0.422686 0.65036 0.459087 0.65014 0.383571 0.575518 0.347103 0.654988 0.383505 0.654905 0.712136 0.989366 0.775519 0.916894 0.783488 0.922823 0.39201 0.522507 0.408641 0.558884 0.392112 0.55891 0.245763 0.451899 0.152949 0.416801 0.216517 0.363644 0.407605 0.683572 0.411231 0.719973 0.407713 0.719974 0.408285 0.522482 0.412159 0.55887 0.408641 0.558884 0.459072 0.590407 0.422562 0.622765 0.42267 0.590187 0.459087 0.65014 0.422674 0.64867 0.459075 0.648447 0.459075 0.648447 0.422665 0.646996 0.459067 0.646769 0.336512 0.604934 0.299619 0.602586 0.336545 0.603664 0.336545 0.603664 0.299861 0.601348 0.336788 0.602429 0.301511 0.644191 0.338208 0.643439 0.338432 0.645153 0.301287 0.642488 0.338065 0.641716 0.338208 0.643439 0.385264 0.588249 0.421549 0.621447 0.385147 0.621448 0.383505 0.654905 0.347072 0.623578 0.383475 0.623582 0.422562 0.622765 0.459067 0.646769 0.422665 0.646996 0.35675 0.719974 0.359907 0.683573 0.359828 0.719975 0.363097 0.558891 0.358814 0.522472 0.363361 0.522489 0.421651 0.650885 0.385147 0.621448 0.421549 0.621447 0.560718 0.316099 0.564261 0.314148 0.56754 0.316464 0.347072 0.623578 0.383491 0.603035 0.383475 0.623582 0.311692 0.542626 0.34329 0.679001 0.347365 0.549877 0.391864 0.719973 0.407605 0.683572 0.391848 0.68357 0.385436 0.562932 0.421651 0.650885 0.385249 0.651058 0.383571 0.575518 0.347089 0.602975 0.383491 0.603035 0.386938 0.68357 0.359828 0.719975 0.386931 0.719972 0.386931 0.719972 0.391848 0.68357 0.386938 0.68357 0.387086 0.522514 0.392112 0.55891 0.39201 0.522507 0.604378 0.106985 0.596602 0.03248596 0.596338 0.117201 0.336512 0.604934 0.301144 0.640774 0.338065 0.641716 0.387086 0.522514 0.363097 0.558891 0.387108 0.558916 0.385264 0.588249 0.421836 0.563287 0.385436 0.562932 0.30727 0.684265 0.338432 0.645153 0.301511 0.644191 0.336788 0.602429 0.311692 0.542626 0.299861 0.601348 0.422888 0.562992 0.459072 0.590407 0.459288 0.563425 0.65393 0.360095 0.658369 0.45369 0.715513 0.423011 0.459288 0.563425 0.422686 0.65036 0.422888 0.562992 0.383571 0.575518 0.347103 0.654988 0.347169 0.57537 0.712136 0.989366 0.783488 0.922823 0.775519 0.916894 0.408641 0.558884 0.39201 0.522507 0.392112 0.55891 0.245763 0.451899 0.152949 0.416801 0.190001 0.496864 0.407605 0.683572 0.411231 0.719973 0.411131 0.683571 0.408285 0.522482 0.412159 0.55887 0.411812 0.522469 0.422562 0.622765 0.459072 0.590407 0.42267 0.590187 0.459087 0.65014 0.422674 0.64867 0.422686 0.65036 0.459075 0.648447 0.422665 0.646996 0.422674 0.64867 0.336512 0.604934 0.299619 0.602586 0.299585 0.603862 0.336545 0.603664 0.299861 0.601348 0.299619 0.602586 0.338208 0.643439 0.301511 0.644191 0.338432 0.645153 0.338065 0.641716 0.301287 0.642488 0.338208 0.643439 0.385264 0.588249 0.421549 0.621447 0.421666 0.588439 0.383505 0.654905 0.347072 0.623578 0.347103 0.654988 0.422562 0.622765 0.459067 0.646769 0.458965 0.622749 0.359907 0.683573 0.35675 0.719974 0.359828 0.719975 0.363097 0.558891 0.358814 0.522472 0.358482 0.558874 0.421651 0.650885 0.385147 0.621448 0.385249 0.651058 0.504274 0.400257 0.503093 0.410195 0.623414 0.455183 0.383491 0.603035 0.347072 0.623578 0.383475 0.623582 0.34329 0.679001 0.311692 0.542626 0.347365 0.549877 0.21407 0.05339592 0.1481519 0.123551 0.1700969 0.1247709 0.391848 0.68357 0.407713 0.719974 0.391864 0.719973 0.421651 0.650885 0.385436 0.562932 0.385249 0.651058 0.347089 0.602975 0.383571 0.575518 0.383491 0.603035 0.386938 0.68357 0.359828 0.719975 0.359907 0.683573 0.386938 0.68357 0.391864 0.719973 0.386931 0.719972 0.387086 0.522514 0.392112 0.55891 0.387108 0.558916 0.596602 0.03248596 0.58471 0.123089 0.604378 0.106985 0.336512 0.604934 0.301144 0.640774 0.299585 0.603862 0.387086 0.522514 0.363097 0.558891 0.363361 0.522489 0.421836 0.563287 0.385264 0.588249 0.385436 0.562932 0.30727 0.684265 0.338432 0.645153 0.34329 0.679001 0.311692 0.542626 0.336788 0.602429 0.299861 0.601348 0.422888 0.562992 0.459072 0.590407 0.42267 0.590187 0.356847 0.683571 0.35675 0.719974 0.356847 0.683571 0.65393 0.360095 0.658369 0.45369 0.607076 0.394959 0.459288 0.563425 0.422686 0.65036 0.459087 0.65014 0.383571 0.575518 0.347103 0.654988 0.383505 0.654905 0.712136 0.989366 0.775519 0.916894 0.783488 0.922823 0.39201 0.522507 0.408641 0.558884 0.392112 0.55891 0.245763 0.451899 0.152949 0.416801 0.216517 0.363644 0.407605 0.683572 0.411231 0.719973 0.407713 0.719974 0.408285 0.522482 0.412159 0.55887 0.408641 0.558884 0.459072 0.590407 0.422562 0.622765 0.42267 0.590187 0.459087 0.65014 0.422674 0.64867 0.459075 0.648447 0.422674 0.64867 0.459067 0.646769 0.459075 0.648447 0.299585 0.603862 0.336545 0.603664 0.336512 0.604934 0.336545 0.603664 0.299861 0.601348 0.336788 0.602429 0.301511 0.644191 0.338208 0.643439 0.338432 0.645153 0.301287 0.642488 0.338065 0.641716 0.338208 0.643439 0.385264 0.588249 0.421549 0.621447 0.385147 0.621448 0.383505 0.654905 0.347072 0.623578 0.383475 0.623582 0.458965 0.622749 0.422665 0.646996 0.422562 0.622765 0.35675 0.719974 0.359907 0.683573 0.359828 0.719975 0.358482 0.558874 0.363361 0.522489 0.363097 0.558891 0.421651 0.650885 0.385147 0.621448 0.421549 0.621447 0.560718 0.316099 0.564261 0.314148 0.56754 0.316464 0.347072 0.623578 0.383491 0.603035 0.383475 0.623582 0.311692 0.542626 0.34329 0.679001 0.347365 0.549877 0.407713 0.719974 0.391848 0.68357 0.391864 0.719973 0.385436 0.562932 0.421651 0.650885 0.385249 0.651058 0.383571 0.575518 0.347089 0.602975 0.383491 0.603035 0.386938 0.68357 0.359828 0.719975 0.386931 0.719972 0.386938 0.68357 0.391864 0.719973 0.391848 0.68357 0.387086 0.522514 0.392112 0.55891 0.39201 0.522507 0.604378 0.106985 0.58471 0.123089 0.596602 0.03248596 0.336512 0.604934 0.301144 0.640774 0.338065 0.641716 0.387086 0.522514 0.363097 0.558891 0.387108 0.558916 0.385264 0.588249 0.421836 0.563287 0.385436 0.562932 0.30727 0.684265 0.338432 0.645153 0.301511 0.644191 0.336788 0.602429 0.311692 0.542626 0.299861 0.601348 0.422888 0.562992 0.459072 0.590407 0.459288 0.563425 0.65393 0.360095 0.658369 0.45369 0.715513 0.423011 0.459288 0.563425 0.422686 0.65036 0.422888 0.562992 0.383571 0.575518 0.347103 0.654988 0.347169 0.57537 0.712136 0.989366 0.783488 0.922823 0.775519 0.916894 0.408641 0.558884 0.39201 0.522507 0.392112 0.55891 0.245763 0.451899 0.152949 0.416801 0.190001 0.496864 0.407605 0.683572 0.411231 0.719973 0.411131 0.683571 0.408285 0.522482 0.412159 0.55887 0.411812 0.522469 0.422562 0.622765 0.459072 0.590407 0.42267 0.590187 0.459087 0.65014 0.422674 0.64867 0.422686 0.65036 0.459067 0.646769 0.422674 0.64867 0.459075 0.648447 0.336545 0.603664 0.299585 0.603862 0.336512 0.604934 0.336545 0.603664 0.299861 0.601348 0.299619 0.602586 0.338208 0.643439 0.301511 0.644191 0.338432 0.645153 0.338065 0.641716 0.301287 0.642488 0.338208 0.643439 0.385264 0.588249 0.421549 0.621447 0.421666 0.588439 0.383505 0.654905 0.347072 0.623578 0.347103 0.654988 0.422665 0.646996 0.458965 0.622749 0.422562 0.622765 0.359907 0.683573 0.35675 0.719974 0.359828 0.719975 0.363361 0.522489 0.358482 0.558874 0.363097 0.558891 0.421651 0.650885 0.385147 0.621448 0.385249 0.651058 0.504274 0.400257 0.503093 0.410195 0.623414 0.455183 0.383491 0.603035 0.347072 0.623578 0.383475 0.623582 0.34329 0.679001 0.311692 0.542626 0.347365 0.549877 0.176639 0.003458917 0.187396 0.006494939 0.195114 0.01309597 0.391848 0.68357 0.407713 0.719974 0.391864 0.719973 0.421651 0.650885 0.385436 0.562932 0.385249 0.651058 0.347089 0.602975 0.383571 0.575518 0.383491 0.603035 0.386938 0.68357 0.359828 0.719975 0.359907 0.683573 0.386938 0.68357 0.391864 0.719973 0.386931 0.719972 0.387086 0.522514 0.392112 0.55891 0.387108 0.558916 0.534979 0.01511591 0.545372 0.01085692 0.555512 0.01144891 0.604378 0.106985 0.596602 0.03248596 0.608063 0.0411089 0.336512 0.604934 0.301144 0.640774 0.299585 0.603862 0.387108 0.558916 0.363361 0.522489 0.387086 0.522514 0.385436 0.562932 0.421666 0.588439 0.385264 0.588249 0.30727 0.684265 0.338432 0.645153 0.34329 0.679001 0.311692 0.542626 0.336788 0.602429 0.299861 0.601348 0.422888 0.562992 0.459072 0.590407 0.42267 0.590187 0.65393 0.360095 0.658369 0.45369 0.607076 0.394959 0.459288 0.563425 0.422686 0.65036 0.459087 0.65014 0.383571 0.575518 0.347103 0.654988 0.383505 0.654905 0.712136 0.989366 0.775519 0.916894 0.783488 0.922823 0.161299 0.1262789 0.218354 0.06716197 0.1700969 0.1247709 0.392112 0.55891 0.408285 0.522482 0.408641 0.558884 0.245763 0.451899 0.152949 0.416801 0.216517 0.363644 0.411131 0.683571 0.407713 0.719974 0.407605 0.683572 0.411812 0.522469 0.408641 0.558884 0.408285 0.522482 0.459072 0.590407 0.422562 0.622765 0.42267 0.590187 0.422686 0.65036 0.459075 0.648447 0.459087 0.65014 0.422674 0.64867 0.459067 0.646769 0.459075 0.648447 0.299585 0.603862 0.336545 0.603664 0.336512 0.604934 0.336545 0.603664 0.299861 0.601348 0.336788 0.602429 0.301511 0.644191 0.338208 0.643439 0.338432 0.645153 0.301287 0.642488 0.338065 0.641716 0.338208 0.643439 0.385264 0.588249 0.421549 0.621447 0.385147 0.621448 0.383505 0.654905 0.347072 0.623578 0.383475 0.623582 0.458965 0.622749 0.422665 0.646996 0.422562 0.622765 0.35675 0.719974 0.359907 0.683573 0.359828 0.719975 0.358482 0.558874 0.363361 0.522489 0.363097 0.558891 0.421651 0.650885 0.385147 0.621448 0.421549 0.621447 0.560718 0.316099 0.564261 0.314148 0.56754 0.316464 0.347072 0.623578 0.383491 0.603035 0.383475 0.623582 0.311692 0.542626 0.34329 0.679001 0.347365 0.549877 0.176639 0.003458917 0.1481519 0.123551 0.21407 0.05339592 0.407713 0.719974 0.391848 0.68357 0.391864 0.719973 0.385436 0.562932 0.421651 0.650885 0.385249 0.651058 0.383571 0.575518 0.347089 0.602975 0.383491 0.603035 0.386938 0.68357 0.359828 0.719975 0.386931 0.719972 0.386938 0.68357 0.391864 0.719973 0.391848 0.68357 0.387086 0.522514 0.392112 0.55891 0.39201 0.522507 0.534979 0.01511591 0.58471 0.123089 0.596602 0.03248596 0.604378 0.106985 0.596602 0.03248596 0.596338 0.117201 0.336512 0.604934 0.301144 0.640774 0.338065 0.641716 0.363361 0.522489 0.387108 0.558916 0.387086 0.522514 0.385436 0.562932 0.421666 0.588439 0.421836 0.563287 0.30727 0.684265 0.338432 0.645153 0.301511 0.644191 0.336788 0.602429 0.311692 0.542626 0.299861 0.601348 0.422888 0.562992 0.459072 0.590407 0.459288 0.563425 0.65393 0.360095 0.658369 0.45369 0.715513 0.423011 0.459288 0.563425 0.422686 0.65036 0.422888 0.562992 0.383571 0.575518 0.347103 0.654988 0.347169 0.57537 0.712136 0.989366 0.783488 0.922823 0.775519 0.916894 0.218354 0.06716197 0.161299 0.1262789 0.1700969 0.1247709 0.392112 0.55891 0.408285 0.522482 0.39201 0.522507 0.245763 0.451899 0.152949 0.416801 0.190001 0.496864 0.407713 0.719974 0.411131 0.683571 0.407605 0.683572 0.408641 0.558884 0.411812 0.522469 0.408285 0.522482 0.422562 0.622765 0.459072 0.590407 0.42267 0.590187 0.459075 0.648447 0.422686 0.65036 0.459087 0.65014 0.459067 0.646769 0.422674 0.64867 0.459075 0.648447 0.336545 0.603664 0.299585 0.603862 0.336512 0.604934 0.336545 0.603664 0.299861 0.601348 0.299619 0.602586 0.338208 0.643439 0.301511 0.644191 0.338432 0.645153 0.338065 0.641716 0.301287 0.642488 0.338208 0.643439 0.385264 0.588249 0.421549 0.621447 0.421666 0.588439 0.383505 0.654905 0.347072 0.623578 0.347103 0.654988 0.422665 0.646996 0.458965 0.622749 0.422562 0.622765 0.359907 0.683573 0.35675 0.719974 0.359828 0.719975 0.363361 0.522489 0.358482 0.558874 0.363097 0.558891 0.421651 0.650885 0.385147 0.621448 0.385249 0.651058 0.504274 0.400257 0.503093 0.410195 0.623414 0.455183 0.383491 0.603035 0.347072 0.623578 0.383475 0.623582 0.34329 0.679001 0.311692 0.542626 0.347365 0.549877 0.391864 0.719973 0.407605 0.683572 0.407713 0.719974 0.421651 0.650885 0.385436 0.562932 0.385249 0.651058 0.347089 0.602975 0.383571 0.575518 0.383491 0.603035 0.386931 0.719972 0.359907 0.683573 0.386938 0.68357 0.391848 0.68357 0.386931 0.719972 0.386938 0.68357 0.39201 0.522507 0.387108 0.558916 0.387086 0.522514 0.604378 0.106985 0.596602 0.03248596 0.608063 0.0411089 0.336512 0.604934 0.301144 0.640774 0.299585 0.603862 0.387086 0.522514 0.363097 0.558891 0.363361 0.522489 0.421836 0.563287 0.385264 0.588249 0.385436 0.562932 0.30727 0.684265 0.338432 0.645153 0.34329 0.679001 0.311692 0.542626 0.336788 0.602429 0.299861 0.601348 0.422888 0.562992 0.459072 0.590407 0.42267 0.590187 0.65393 0.360095 0.658369 0.45369 0.607076 0.394959 0.459288 0.563425 0.422686 0.65036 0.459087 0.65014 0.383571 0.575518 0.347103 0.654988 0.383505 0.654905 0.712136 0.989366 0.775519 0.916894 0.783488 0.922823 0.39201 0.522507 0.408641 0.558884 0.392112 0.55891 0.245763 0.451899 0.152949 0.416801 0.216517 0.363644 0.407605 0.683572 0.411231 0.719973 0.407713 0.719974 0.408285 0.522482 0.412159 0.55887 0.408641 0.558884 0.459072 0.590407 0.422562 0.622765 0.42267 0.590187 0.459087 0.65014 0.422674 0.64867 0.459075 0.648447 0.459075 0.648447 0.422665 0.646996 0.459067 0.646769 0.336512 0.604934 0.299619 0.602586 0.336545 0.603664 0.336545 0.603664 0.299861 0.601348 0.336788 0.602429 0.301511 0.644191 0.338208 0.643439 0.338432 0.645153 0.301287 0.642488 0.338065 0.641716 0.338208 0.643439 0.385264 0.588249 0.421549 0.621447 0.385147 0.621448 0.383505 0.654905 0.347072 0.623578 0.383475 0.623582 0.422562 0.622765 0.459067 0.646769 0.422665 0.646996 0.35675 0.719974 0.359907 0.683573 0.359828 0.719975 0.363097 0.558891 0.358814 0.522472 0.363361 0.522489 0.421651 0.650885 0.385147 0.621448 0.421549 0.621447 0.560718 0.316099 0.564261 0.314148 0.56754 0.316464 0.347072 0.623578 0.383491 0.603035 0.383475 0.623582 0.311692 0.542626 0.34329 0.679001 0.347365 0.549877 0.1700969 0.1247709 0.1481519 0.123551 0.21407 0.05339592 0.391864 0.719973 0.407605 0.683572 0.391848 0.68357 0.385436 0.562932 0.421651 0.650885 0.385249 0.651058 0.383571 0.575518 0.347089 0.602975 0.383491 0.603035 0.359907 0.683573 0.386931 0.719972 0.386938 0.68357 0.386931 0.719972 0.391848 0.68357 0.386938 0.68357 0.387108 0.558916 0.39201 0.522507 0.387086 0.522514 0.604378 0.106985 0.596602 0.03248596 0.596338 0.117201 0.336512 0.604934 0.301144 0.640774 0.338065 0.641716 0.387086 0.522514 0.363097 0.558891 0.387108 0.558916 0.385264 0.588249 0.421836 0.563287 0.385436 0.562932 0.30727 0.684265 0.338432 0.645153 0.301511 0.644191 0.336788 0.602429 0.311692 0.542626 0.299861 0.601348 0.422888 0.562992 0.459072 0.590407 0.459288 0.563425 0.65393 0.360095 0.658369 0.45369 0.715513 0.423011 0.459288 0.563425 0.422686 0.65036 0.422888 0.562992 0.383571 0.575518 0.347103 0.654988 0.347169 0.57537 0.712136 0.989366 0.783488 0.922823 0.775519 0.916894 0.408641 0.558884 0.39201 0.522507 0.392112 0.55891 0.245763 0.451899 0.152949 0.416801 0.190001 0.496864 0.407605 0.683572 0.411231 0.719973 0.411131 0.683571 0.408285 0.522482 0.412159 0.55887 0.411812 0.522469 0.422562 0.622765 0.459072 0.590407 0.42267 0.590187 0.459087 0.65014 0.422674 0.64867 0.422686 0.65036 0.459075 0.648447 0.422665 0.646996 0.422674 0.64867 0.336512 0.604934 0.299619 0.602586 0.299585 0.603862 0.336545 0.603664 0.299861 0.601348 0.299619 0.602586 0.338208 0.643439 0.301511 0.644191 0.338432 0.645153 0.338065 0.641716 0.301287 0.642488 0.338208 0.643439 0.385264 0.588249 0.421549 0.621447 0.421666 0.588439 0.383505 0.654905 0.347072 0.623578 0.347103 0.654988 0.422562 0.622765 0.459067 0.646769 0.458965 0.622749 0.359907 0.683573 0.35675 0.719974 0.359828 0.719975 0.363097 0.558891 0.358814 0.522472 0.358482 0.558874 0.421651 0.650885 0.385147 0.621448 0.385249 0.651058 0.504274 0.400257 0.503093 0.410195 0.623414 0.455183 0.383491 0.603035 0.347072 0.623578 0.383475 0.623582 0.34329 0.679001 0.311692 0.542626 0.347365 0.549877 0.21407 0.05339592 0.1481519 0.123551 0.1700969 0.1247709 0.391848 0.68357 0.407713 0.719974 0.391864 0.719973 0.421651 0.650885 0.385436 0.562932 0.385249 0.651058 0.347089 0.602975 0.383571 0.575518 0.383491 0.603035 0.386938 0.68357 0.359828 0.719975 0.359907 0.683573 0.386938 0.68357 0.391864 0.719973 0.386931 0.719972 0.387086 0.522514 0.392112 0.55891 0.387108 0.558916 0.596602 0.03248596 0.58471 0.123089 0.604378 0.106985 0.336512 0.604934 0.301144 0.640774 0.299585 0.603862 0.387086 0.522514 0.363097 0.558891 0.363361 0.522489 0.421836 0.563287 0.385264 0.588249 0.385436 0.562932 0.30727 0.684265 0.338432 0.645153 0.34329 0.679001 0.311692 0.542626 0.336788 0.602429 0.299861 0.601348 0.422888 0.562992 0.459072 0.590407 0.42267 0.590187 0.412159 0.55887 0.415724 0.522439 0.412159 0.55887 0.65393 0.360095 0.658369 0.45369 0.607076 0.394959 0.459288 0.563425 0.422686 0.65036 0.459087 0.65014 0.383571 0.575518 0.347103 0.654988 0.383505 0.654905 0.712136 0.989366 0.775519 0.916894 0.783488 0.922823 0.39201 0.522507 0.408641 0.558884 0.392112 0.55891 0.245763 0.451899 0.152949 0.416801 0.216517 0.363644 0.407605 0.683572 0.411231 0.719973 0.407713 0.719974 0.408285 0.522482 0.412159 0.55887 0.408641 0.558884 0.459072 0.590407 0.422562 0.622765 0.42267 0.590187 0.459087 0.65014 0.422674 0.64867 0.459075 0.648447 0.459075 0.648447 0.422665 0.646996 0.459067 0.646769 0.336512 0.604934 0.299619 0.602586 0.336545 0.603664 0.336545 0.603664 0.299861 0.601348 0.336788 0.602429 0.301511 0.644191 0.338208 0.643439 0.338432 0.645153 0.301287 0.642488 0.338065 0.641716 0.338208 0.643439 0.385264 0.588249 0.421549 0.621447 0.385147 0.621448 0.383505 0.654905 0.347072 0.623578 0.383475 0.623582 0.458965 0.622749 0.422665 0.646996 0.422562 0.622765 0.359828 0.719975 0.356847 0.683571 0.359907 0.683573 0.358482 0.558874 0.363361 0.522489 0.363097 0.558891 0.421651 0.650885 0.385147 0.621448 0.421549 0.621447 0.560718 0.316099 0.564261 0.314148 0.56754 0.316464 0.347072 0.623578 0.383491 0.603035 0.383475 0.623582 0.311692 0.542626 0.34329 0.679001 0.347365 0.549877 0.407713 0.719974 0.391848 0.68357 0.391864 0.719973 0.385436 0.562932 0.421651 0.650885 0.385249 0.651058 0.383571 0.575518 0.347089 0.602975 0.383491 0.603035 0.386938 0.68357 0.359828 0.719975 0.386931 0.719972 0.386938 0.68357 0.391864 0.719973 0.391848 0.68357 0.387086 0.522514 0.392112 0.55891 0.39201 0.522507 0.336512 0.604934 0.301144 0.640774 0.338065 0.641716 0.387086 0.522514 0.363097 0.558891 0.387108 0.558916 0.385264 0.588249 0.421836 0.563287 0.385436 0.562932 0.30727 0.684265 0.338432 0.645153 0.301511 0.644191 0.336788 0.602429 0.311692 0.542626 0.299861 0.601348 0.422888 0.562992 0.459072 0.590407 0.459288 0.563425 0.65393 0.360095 0.658369 0.45369 0.715513 0.423011 0.459288 0.563425 0.422686 0.65036 0.422888 0.562992 0.383571 0.575518 0.347103 0.654988 0.347169 0.57537 0.712136 0.989366 0.783488 0.922823 0.775519 0.916894 0.408641 0.558884 0.39201 0.522507 0.392112 0.55891 0.245763 0.451899 0.152949 0.416801 0.190001 0.496864 0.407605 0.683572 0.411231 0.719973 0.411131 0.683571 0.408285 0.522482 0.412159 0.55887 0.411812 0.522469 0.422562 0.622765 0.459072 0.590407 0.42267 0.590187 0.459087 0.65014 0.422674 0.64867 0.422686 0.65036 0.459075 0.648447 0.422665 0.646996 0.422674 0.64867 0.336512 0.604934 0.299619 0.602586 0.299585 0.603862 0.336545 0.603664 0.299861 0.601348 0.299619 0.602586 0.338208 0.643439 0.301511 0.644191 0.338432 0.645153 0.338065 0.641716 0.301287 0.642488 0.338208 0.643439 0.385264 0.588249 0.421549 0.621447 0.421666 0.588439 0.383505 0.654905 0.347072 0.623578 0.347103 0.654988 0.422665 0.646996 0.458965 0.622749 0.422562 0.622765 0.359828 0.719975 0.356847 0.683571 0.35675 0.719974 0.363361 0.522489 0.358482 0.558874 0.363097 0.558891 0.421651 0.650885 0.385147 0.621448 0.385249 0.651058 0.504274 0.400257 0.503093 0.410195 0.623414 0.455183 0.383491 0.603035 0.347072 0.623578 0.383475 0.623582 0.34329 0.679001 0.311692 0.542626 0.347365 0.549877 0.391848 0.68357 0.407713 0.719974 0.391864 0.719973 0.421651 0.650885 0.385436 0.562932 0.385249 0.651058 0.347089 0.602975 0.383571 0.575518 0.383491 0.603035 0.386938 0.68357 0.359828 0.719975 0.359907 0.683573 0.386938 0.68357 0.391864 0.719973 0.386931 0.719972 0.387086 0.522514 0.392112 0.55891 0.387108 0.558916 0.534979 0.01511591 0.545372 0.01085692 0.555512 0.01144891 0.604378 0.106985 0.596602 0.03248596 0.608063 0.0411089 0.336512 0.604934 0.301144 0.640774 0.299585 0.603862 0.387108 0.558916 0.363361 0.522489 0.387086 0.522514 0.421836 0.563287 0.385264 0.588249 0.385436 0.562932 0.30727 0.684265 0.338432 0.645153 0.34329 0.679001 0.311692 0.542626 0.336788 0.602429 0.299861 0.601348 0.422888 0.562992 0.459072 0.590407 0.42267 0.590187 0.352128 0.683566 0.35675 0.719974 0.35675 0.719974 0.65393 0.360095 0.658369 0.45369 0.607076 0.394959 0.459288 0.563425 0.422686 0.65036 0.459087 0.65014 0.383571 0.575518 0.347103 0.654988 0.383505 0.654905 0.712136 0.989366 0.775519 0.916894 0.783488 0.922823 0.161299 0.1262789 0.218354 0.06716197 0.1700969 0.1247709 0.392112 0.55891 0.408285 0.522482 0.408641 0.558884 0.245763 0.451899 0.152949 0.416801 0.216517 0.363644 0.411131 0.683571 0.407713 0.719974 0.407605 0.683572 0.411812 0.522469 0.408641 0.558884 0.408285 0.522482 0.459072 0.590407 0.422562 0.622765 0.42267 0.590187 0.422686 0.65036 0.459075 0.648447 0.459087 0.65014 0.422674 0.64867 0.459067 0.646769 0.459075 0.648447 0.299585 0.603862 0.336545 0.603664 0.336512 0.604934 0.336545 0.603664 0.299861 0.601348 0.336788 0.602429 0.301511 0.644191 0.338208 0.643439 0.338432 0.645153 0.301287 0.642488 0.338065 0.641716 0.338208 0.643439 0.385264 0.588249 0.421549 0.621447 0.385147 0.621448 0.383505 0.654905 0.347072 0.623578 0.383475 0.623582 0.458965 0.622749 0.422665 0.646996 0.422562 0.622765 0.35675 0.719974 0.359907 0.683573 0.359828 0.719975 0.358482 0.558874 0.363361 0.522489 0.363097 0.558891 0.421651 0.650885 0.385147 0.621448 0.421549 0.621447 0.560718 0.316099 0.564261 0.314148 0.56754 0.316464 0.347072 0.623578 0.383491 0.603035 0.383475 0.623582 0.311692 0.542626 0.34329 0.679001 0.347365 0.549877 0.407713 0.719974 0.391848 0.68357 0.391864 0.719973 0.385436 0.562932 0.421651 0.650885 0.385249 0.651058 0.383571 0.575518 0.347089 0.602975 0.383491 0.603035 0.386938 0.68357 0.359828 0.719975 0.386931 0.719972 0.386938 0.68357 0.391864 0.719973 0.391848 0.68357 0.387086 0.522514 0.392112 0.55891 0.39201 0.522507 0.534979 0.01511591 0.58471 0.123089 0.596602 0.03248596 0.604378 0.106985 0.596602 0.03248596 0.596338 0.117201 0.336512 0.604934 0.301144 0.640774 0.338065 0.641716 0.363361 0.522489 0.387108 0.558916 0.387086 0.522514 0.385264 0.588249 0.421836 0.563287 0.385436 0.562932 0.30727 0.684265 0.338432 0.645153 0.301511 0.644191 0.336788 0.602429 0.311692 0.542626 0.299861 0.601348 0.422888 0.562992 0.459072 0.590407 0.459288 0.563425 0.65393 0.360095 0.658369 0.45369 0.715513 0.423011 0.459288 0.563425 0.422686 0.65036 0.422888 0.562992 0.383571 0.575518 0.347103 0.654988 0.347169 0.57537 0.712136 0.989366 0.783488 0.922823 0.775519 0.916894 0.218354 0.06716197 0.161299 0.1262789 0.1700969 0.1247709 0.392112 0.55891 0.408285 0.522482 0.39201 0.522507 0.245763 0.451899 0.152949 0.416801 0.190001 0.496864 0.407713 0.719974 0.411131 0.683571 0.407605 0.683572 0.408641 0.558884 0.411812 0.522469 0.408285 0.522482 0.422562 0.622765 0.459072 0.590407 0.42267 0.590187 0.459075 0.648447 0.422686 0.65036 0.459087 0.65014 0.459067 0.646769 0.422674 0.64867 0.459075 0.648447 0.336545 0.603664 0.299585 0.603862 0.336512 0.604934 0.336545 0.603664 0.299861 0.601348 0.299619 0.602586 0.338208 0.643439 0.301511 0.644191 0.338432 0.645153 0.338065 0.641716 0.301287 0.642488 0.338208 0.643439 0.385264 0.588249 0.421549 0.621447 0.421666 0.588439 0.383505 0.654905 0.347072 0.623578 0.347103 0.654988 0.422665 0.646996 0.458965 0.622749 0.422562 0.622765 0.359907 0.683573 0.35675 0.719974 0.359828 0.719975 0.363361 0.522489 0.358482 0.558874 0.363097 0.558891 0.421651 0.650885 0.385147 0.621448 0.385249 0.651058 0.504274 0.400257 0.503093 0.410195 0.623414 0.455183 0.383491 0.603035 0.347072 0.623578 0.383475 0.623582 0.34329 0.679001 0.311692 0.542626 0.347365 0.549877 0.391864 0.719973 0.407605 0.683572 0.407713 0.719974 0.421651 0.650885 0.385436 0.562932 0.385249 0.651058 0.411812 0.522469 0.412159 0.55887 0.411812 0.522469 0.347089 0.602975 0.383571 0.575518 0.383491 0.603035 0.386931 0.719972 0.359907 0.683573 0.386938 0.68357 0.391848 0.68357 0.386931 0.719972 0.386938 0.68357 0.39201 0.522507 0.387108 0.558916 0.387086 0.522514 0.21407 0.05339592 0.21407 0.05339592 0.1700969 0.1247709 0.336512 0.604934 0.301144 0.640774 0.299585 0.603862 0.387086 0.522514 0.363097 0.558891 0.363361 0.522489 0.421836 0.563287 0.385264 0.588249 0.385436 0.562932 0.30727 0.684265 0.338432 0.645153 0.34329 0.679001 0.311692 0.542626 0.336788 0.602429 0.299861 0.601348 0.422888 0.562992 0.459072 0.590407 0.42267 0.590187 0.352128 0.683566 0.35675 0.719974 0.35675 0.719974 0.65393 0.360095 0.658369 0.45369 0.607076 0.394959 0.459288 0.563425 0.422686 0.65036 0.459087 0.65014 0.383571 0.575518 0.347103 0.654988 0.383505 0.654905 0.712136 0.989366 0.775519 0.916894 0.783488 0.922823 0.39201 0.522507 0.408641 0.558884 0.392112 0.55891 0.245763 0.451899 0.152949 0.416801 0.216517 0.363644 0.407605 0.683572 0.411231 0.719973 0.407713 0.719974 0.408285 0.522482 0.412159 0.55887 0.408641 0.558884 0.459072 0.590407 0.422562 0.622765 0.42267 0.590187 0.459087 0.65014 0.422674 0.64867 0.459075 0.648447 0.459075 0.648447 0.422665 0.646996 0.459067 0.646769 0.336512 0.604934 0.299619 0.602586 0.336545 0.603664 0.336545 0.603664 0.299861 0.601348 0.336788 0.602429 0.301511 0.644191 0.338208 0.643439 0.338432 0.645153 0.301287 0.642488 0.338065 0.641716 0.338208 0.643439 0.385264 0.588249 0.421549 0.621447 0.385147 0.621448 0.383505 0.654905 0.347072 0.623578 0.383475 0.623582 0.422562 0.622765 0.459067 0.646769 0.422665 0.646996 0.35675 0.719974 0.359907 0.683573 0.359828 0.719975 0.363097 0.558891 0.358814 0.522472 0.363361 0.522489 0.421651 0.650885 0.385147 0.621448 0.421549 0.621447 0.560718 0.316099 0.564261 0.314148 0.56754 0.316464 0.347072 0.623578 0.383491 0.603035 0.383475 0.623582 0.311692 0.542626 0.34329 0.679001 0.347365 0.549877 0.1700969 0.1247709 0.1481519 0.123551 0.21407 0.05339592 0.391864 0.719973 0.407605 0.683572 0.391848 0.68357 0.385436 0.562932 0.421651 0.650885 0.385249 0.651058 0.383571 0.575518 0.347089 0.602975 0.383491 0.603035 0.359907 0.683573 0.386931 0.719972 0.386938 0.68357 0.386931 0.719972 0.391848 0.68357 0.386938 0.68357 0.387108 0.558916 0.39201 0.522507 0.387086 0.522514 0.604378 0.106985 0.58471 0.123089 0.596602 0.03248596 0.336512 0.604934 0.301144 0.640774 0.338065 0.641716 0.387086 0.522514 0.363097 0.558891 0.387108 0.558916 0.385264 0.588249 0.421836 0.563287 0.385436 0.562932 0.30727 0.684265 0.338432 0.645153 0.301511 0.644191 0.336788 0.602429 0.311692 0.542626 0.299861 0.601348 0.422888 0.562992 0.459072 0.590407 0.459288 0.563425 0.65393 0.360095 0.658369 0.45369 0.715513 0.423011 0.459288 0.563425 0.422686 0.65036 0.422888 0.562992 0.383571 0.575518 0.347103 0.654988 0.347169 0.57537 0.712136 0.989366 0.783488 0.922823 0.775519 0.916894 0.408641 0.558884 0.39201 0.522507 0.392112 0.55891 0.245763 0.451899 0.152949 0.416801 0.190001 0.496864 0.407605 0.683572 0.411231 0.719973 0.411131 0.683571 0.408285 0.522482 0.412159 0.55887 0.411812 0.522469 0.422562 0.622765 0.459072 0.590407 0.42267 0.590187 0.459087 0.65014 0.422674 0.64867 0.422686 0.65036 0.459075 0.648447 0.422665 0.646996 0.422674 0.64867 0.336512 0.604934 0.299619 0.602586 0.299585 0.603862 0.336545 0.603664 0.299861 0.601348 0.299619 0.602586 0.338208 0.643439 0.301511 0.644191 0.338432 0.645153 0.338065 0.641716 0.301287 0.642488 0.338208 0.643439 0.385264 0.588249 0.421549 0.621447 0.421666 0.588439 0.383505 0.654905 0.347072 0.623578 0.347103 0.654988 0.422562 0.622765 0.459067 0.646769 0.458965 0.622749 0.359907 0.683573 0.35675 0.719974 0.359828 0.719975 0.363097 0.558891 0.358814 0.522472 0.358482 0.558874 0.421651 0.650885 0.385147 0.621448 0.385249 0.651058 0.504274 0.400257 0.503093 0.410195 0.623414 0.455183 0.383491 0.603035 0.347072 0.623578 0.383475 0.623582 0.34329 0.679001 0.311692 0.542626 0.347365 0.549877 0.411231 0.719973 0.415025 0.683566 0.411231 0.719973 0.412159 0.55887 0.415724 0.522439 0.412159 0.55887 0.358814 0.522472 0.358482 0.558874 0.358482 0.558874 0.412159 0.55887 0.415724 0.522439 0.412159 0.55887 0.358814 0.522472 0.358482 0.558874 0.358814 0.522472 0.411131 0.683571 0.411231 0.719973 0.411131 0.683571 0.411131 0.683571 0.411231 0.719973 0.411131 0.683571 0.354211 0.522439 0.358482 0.558874 0.358482 0.558874 0.412159 0.55887 0.415724 0.522439 0.412159 0.55887 0.412159 0.55887 0.415724 0.522439 0.412159 0.55887 0.411812 0.522469 0.412159 0.55887 0.411812 0.522469 0.354211 0.522439 0.358482 0.558874 0.358482 0.558874 0.352128 0.683566 0.35675 0.719974 0.35675 0.719974 0.358814 0.522472 0.358482 0.558874 0.358814 0.522472 0.352128 0.683566 0.35675 0.719974 0.35675 0.719974 0.411231 0.719973 0.415025 0.683566 0.411231 0.719973 0.412159 0.55887 0.415724 0.522439 0.412159 0.55887 0.352128 0.683566 0.35675 0.719974 0.35675 0.719974 0.352128 0.683566 0.35675 0.719974 0.35675 0.719974 0.352128 0.683566 0.35675 0.719974 0.35675 0.719974 0.411231 0.719973 0.415025 0.683566 0.411231 0.719973 0.354211 0.522439 0.358482 0.558874 0.358482 0.558874 0.352128 0.683566 0.35675 0.719974 0.35675 0.719974 0.412159 0.55887 0.415724 0.522439 0.412159 0.55887 0.412159 0.55887 0.415724 0.522439 0.412159 0.55887 0.354211 0.522439 0.358482 0.558874 0.358482 0.558874 0.356847 0.683571 0.35675 0.719974 0.35675 0.719974 0.354211 0.522439 0.358482 0.558874 0.358482 0.558874 0.412159 0.55887 0.415724 0.522439 0.412159 0.55887 0.356847 0.683571 0.35675 0.719974 0.356847 0.683571 0.411131 0.683571 0.411231 0.719973 0.411231 0.719973 0.596602 0.03248596 0.58471 0.123089 0.604378 0.106985 0.411812 0.522469 0.412159 0.55887 0.411812 0.522469 0.411131 0.683571 0.411231 0.719973 0.411131 0.683571 0.352128 0.683566 0.35675 0.719974 0.35675 0.719974 0.412159 0.55887 0.415724 0.522439 0.412159 0.55887 0.352128 0.683566 0.35675 0.719974 0.35675 0.719974 0.354211 0.522439 0.358482 0.558874 0.358482 0.558874 0.354211 0.522439 0.358482 0.558874 0.358482 0.558874 0.352128 0.683566 0.35675 0.719974 0.35675 0.719974 0.354211 0.522439 0.358482 0.558874 0.358482 0.558874 0.412159 0.55887 0.415724 0.522439 0.412159 0.55887 0.358814 0.522472 0.358482 0.558874 0.358814 0.522472 0.411131 0.683571 0.411231 0.719973 0.411131 0.683571 0.411231 0.719973 0.415025 0.683566 0.411231 0.719973 0.411812 0.522469 0.412159 0.55887 0.411812 0.522469 0.411231 0.719973 0.415025 0.683566 0.411231 0.719973 0.411131 0.683571 0.411231 0.719973 0.411131 0.683571 0.411231 0.719973 0.415025 0.683566 0.411231 0.719973 0.412159 0.55887 0.415724 0.522439 0.412159 0.55887 0.411231 0.719973 0.415025 0.683566 0.411231 0.719973 0.411231 0.719973 0.415025 0.683566 0.411231 0.719973 0.411231 0.719973 0.415025 0.683566 0.411231 0.719973 0.411231 0.719973 0.415025 0.683566 0.411231 0.719973 0.352128 0.683566 0.35675 0.719974 0.35675 0.719974 0.352128 0.683566 0.35675 0.719974 0.35675 0.719974 0.1700969 0.1247709 0.1481519 0.123551 0.21407 0.05339592 0.596602 0.03248596 0.596338 0.117201 0.596338 0.117201 0.21407 0.05339592 0.1481519 0.123551 0.1700969 0.1247709 0.596602 0.03248596 0.596338 0.117201 0.596338 0.117201 0.596602 0.03248596 0.58471 0.123089 0.604378 0.106985 0.411231 0.719973 0.415025 0.683566 0.411231 0.719973 0.354211 0.522439 0.358482 0.558874 0.358482 0.558874 0.411231 0.719973 0.415025 0.683566 0.411231 0.719973 0.21407 0.05339592 0.1481519 0.123551 0.1700969 0.1247709 0.412159 0.55887 0.415724 0.522439 0.412159 0.55887 0.354211 0.522439 0.358482 0.558874 0.358482 0.558874 0.21407 0.05339592 0.161299 0.1262789 0.161299 0.1262789 0.356847 0.683571 0.35675 0.719974 0.35675 0.719974 0.604378 0.106985 0.58471 0.123089 0.596602 0.03248596 0.596602 0.03248596 0.58471 0.123089 0.604378 0.106985 0.354211 0.522439 0.358482 0.558874 0.358482 0.558874 0.604378 0.106985 0.58471 0.123089 0.596602 0.03248596 0.596602 0.03248596 0.596338 0.117201 0.596338 0.117201 0.604378 0.106985 0.58471 0.123089 0.596602 0.03248596 0.21407 0.05339592 0.161299 0.1262789 0.161299 0.1262789 0.596602 0.03248596 0.596338 0.117201 0.596338 0.117201 0.1700969 0.1247709 0.1481519 0.123551 0.21407 0.05339592 0.354211 0.522439 0.358482 0.558874 0.358482 0.558874 0.391848 0.68357 0.407605 0.683572 0.407713 0.719974 0.421651 0.650885 0.421836 0.563287 0.385436 0.562932 0.347089 0.602975 0.347169 0.57537 0.383571 0.575518 0.386938 0.68357 0.386931 0.719972 0.359828 0.719975 0.386938 0.68357 0.391848 0.68357 0.391864 0.719973 0.387086 0.522514 0.39201 0.522507 0.392112 0.55891 0.596338 0.117201 0.604378 0.106985 0.58471 0.123089 0.604378 0.106985 0.608063 0.0411089 0.596602 0.03248596 0.596602 0.03248596 0.555512 0.01144891 0.534979 0.01511591 0.555512 0.01144891 0.545372 0.01085692 0.534979 0.01511591 0.534979 0.01511591 0.58471 0.123089 0.596602 0.03248596 0.356847 0.683571 0.35675 0.719974 0.35675 0.719974 0.336512 0.604934 0.338065 0.641716 0.301144 0.640774 0.387086 0.522514 0.387108 0.558916 0.363097 0.558891 0.421836 0.563287 0.421666 0.588439 0.385264 0.588249 0.30727 0.684265 0.301511 0.644191 0.338432 0.645153 0.311692 0.542626 0.347365 0.549877 0.336788 0.602429 0.422888 0.562992 0.459288 0.563425 0.459072 0.590407 0.65393 0.360095 0.715513 0.423011 0.658369 0.45369 0.459288 0.563425 0.422888 0.562992 0.422686 0.65036 0.383571 0.575518 0.347169 0.57537 0.347103 0.654988 0.802705 0.987909 0.712136 0.989366 0.783488 0.922823 0.712136 0.989366 0.693932 0.915632 0.775519 0.916894 0.783488 0.922823 0.775519 0.916894 0.780284 0.918852 0.218354 0.06716197 0.21407 0.05339592 0.1700969 0.1247709 0.21407 0.05339592 0.195114 0.01309597 0.21407 0.05339592 0.195114 0.01309597 0.187396 0.006494939 0.187396 0.006494939 0.187396 0.006494939 0.195114 0.01309597 0.195114 0.01309597 0.195114 0.01309597 0.21407 0.05339592 0.195114 0.01309597 0.21407 0.05339592 0.218354 0.06716197 0.1700969 0.1247709 0.1700969 0.1247709 0.161299 0.1262789 0.161299 0.1262789 0.161299 0.1262789 0.1700969 0.1247709 0.1700969 0.1247709 0.1700969 0.1247709 0.1700969 0.1247709 0.21407 0.05339592 0.39201 0.522507 0.408285 0.522482 0.408641 0.558884 0.245763 0.451899 0.190001 0.496864 0.152949 0.416801 0.407605 0.683572 0.411131 0.683571 0.411231 0.719973 0.408285 0.522482 0.411812 0.522469 0.412159 0.55887 0.459072 0.590407 0.458965 0.622749 0.422562 0.622765 0.459087 0.65014 0.422686 0.65036 0.422674 0.64867 0.459075 0.648447 0.422674 0.64867 0.422665 0.646996 0.336512 0.604934 0.299585 0.603862 0.299619 0.602586 0.336545 0.603664 0.299619 0.602586 0.299861 0.601348 0.301511 0.644191 0.301287 0.642488 0.338208 0.643439 0.301287 0.642488 0.301144 0.640774 0.338065 0.641716 0.385264 0.588249 0.421666 0.588439 0.421549 0.621447 0.383505 0.654905 0.347103 0.654988 0.347072 0.623578 0.458965 0.622749 0.459067 0.646769 0.422665 0.646996 0.359828 0.719975 0.35675 0.719974 0.356847 0.683571 0.358482 0.558874 0.358814 0.522472 0.363361 0.522489 0.421651 0.650885 0.385249 0.651058 0.385147 0.621448 0.56754 0.316464 0.623414 0.455183 0.504274 0.400257 0.623414 0.455183 0.5470001 0.496748 0.503093 0.410195 0.504274 0.400257 0.503093 0.410195 0.5026 0.405046 0.623414 0.455183 0.503093 0.410195 0.504274 0.400257 0.504274 0.400257 0.560718 0.316099 0.56754 0.316464 0.347072 0.623578 0.347089 0.602975 0.383491 0.603035 0.311692 0.542626 0.30727 0.684265 0.34329 0.679001 0.407713 0.719974 0.407605 0.683572 0.391848 0.68357 0.385436 0.562932 0.421836 0.563287 0.421651 0.650885 0.383571 0.575518 0.347169 0.57537 0.347089 0.602975 0.386938 0.68357 0.359907 0.683573 0.359828 0.719975 0.386938 0.68357 0.386931 0.719972 0.391864 0.719973 0.387086 0.522514 0.387108 0.558916 0.392112 0.55891 0.608063 0.0411089 0.604378 0.106985 0.596602 0.03248596 0.604378 0.106985 0.596338 0.117201 0.58471 0.123089 0.58471 0.123089 0.534979 0.01511591 0.596602 0.03248596 0.534979 0.01511591 0.545372 0.01085692 0.555512 0.01144891 0.555512 0.01144891 0.596602 0.03248596 0.534979 0.01511591 0.336512 0.604934 0.299585 0.603862 0.301144 0.640774 0.387086 0.522514 0.363361 0.522489 0.363097 0.558891 0.385264 0.588249 0.421666 0.588439 0.421836 0.563287 0.30727 0.684265 0.34329 0.679001 0.338432 0.645153 0.336788 0.602429 0.347365 0.549877 0.311692 0.542626 0.422888 0.562992 0.42267 0.590187 0.459072 0.590407 0.65393 0.360095 0.607076 0.394959 0.658369 0.45369 0.459288 0.563425 0.459087 0.65014 0.422686 0.65036 0.383571 0.575518 0.383505 0.654905 0.347103 0.654988 0.693932 0.915632 0.712136 0.989366 0.775519 0.916894 0.712136 0.989366 0.802705 0.987909 0.783488 0.922823 0.775519 0.916894 0.783488 0.922823 0.780284 0.918852 0.218354 0.06716197 0.21407 0.05339592 0.1700969 0.1247709 0.21407 0.05339592 0.195114 0.01309597 0.21407 0.05339592 0.195114 0.01309597 0.187396 0.006494939 0.187396 0.006494939 0.187396 0.006494939 0.195114 0.01309597 0.195114 0.01309597 0.195114 0.01309597 0.21407 0.05339592 0.195114 0.01309597 0.21407 0.05339592 0.218354 0.06716197 0.1700969 0.1247709 0.1700969 0.1247709 0.161299 0.1262789 0.161299 0.1262789 0.161299 0.1262789 0.1700969 0.1247709 0.1700969 0.1247709 0.1700969 0.1247709 0.1700969 0.1247709 0.21407 0.05339592 0.408641 0.558884 0.408285 0.522482 0.39201 0.522507 0.245763 0.451899 0.216517 0.363644 0.152949 0.416801 0.407605 0.683572 0.407713 0.719974 0.411231 0.719973 0.408285 0.522482 0.408641 0.558884 0.412159 0.55887 0.422562 0.622765 0.458965 0.622749 0.459072 0.590407 0.459087 0.65014 0.459075 0.648447 0.422674 0.64867 0.459075 0.648447 0.459067 0.646769 0.422665 0.646996 0.336512 0.604934 0.336545 0.603664 0.299619 0.602586 0.336545 0.603664 0.336788 0.602429 0.299861 0.601348 0.338208 0.643439 0.301287 0.642488 0.301511 0.644191 0.338065 0.641716 0.301144 0.640774 0.301287 0.642488 0.385264 0.588249 0.385147 0.621448 0.421549 0.621447 0.383505 0.654905 0.383475 0.623582 0.347072 0.623578 0.422665 0.646996 0.459067 0.646769 0.458965 0.622749 0.359828 0.719975 0.359907 0.683573 0.356847 0.683571 0.363361 0.522489 0.358814 0.522472 0.358482 0.558874 0.421651 0.650885 0.421549 0.621447 0.385147 0.621448 0.5470001 0.496748 0.623414 0.455183 0.503093 0.410195 0.623414 0.455183 0.56754 0.316464 0.504274 0.400257 0.503093 0.410195 0.504274 0.400257 0.5026 0.405046 0.56754 0.316464 0.564261 0.314148 0.560718 0.316099 0.560718 0.316099 0.504274 0.400257 0.56754 0.316464 0.383491 0.603035 0.347089 0.602975 0.347072 0.623578 0.34329 0.679001 0.30727 0.684265 0.311692 0.542626 0.608063 0.0411089 0.604378 0.106985 0.596602 0.03248596 0.604378 0.106985 0.596338 0.117201 0.58471 0.123089 0.58471 0.123089 0.534979 0.01511591 0.596602 0.03248596 0.534979 0.01511591 0.545372 0.01085692 0.555512 0.01144891 0.555512 0.01144891 0.596602 0.03248596 0.534979 0.01511591 0.391848 0.68357 0.407605 0.683572 0.407713 0.719974 0.421651 0.650885 0.421836 0.563287 0.385436 0.562932 0.347089 0.602975 0.347169 0.57537 0.383571 0.575518 0.386938 0.68357 0.386931 0.719972 0.359828 0.719975 0.386938 0.68357 0.391848 0.68357 0.391864 0.719973 0.387086 0.522514 0.39201 0.522507 0.392112 0.55891 0.555512 0.01144891 0.596602 0.03248596 0.534979 0.01511591 0.596602 0.03248596 0.596338 0.117201 0.58471 0.123089 0.534979 0.01511591 0.596602 0.03248596 0.58471 0.123089 0.604378 0.106985 0.596338 0.117201 0.596602 0.03248596 0.336512 0.604934 0.338065 0.641716 0.301144 0.640774 0.387108 0.558916 0.363097 0.558891 0.363361 0.522489 0.421836 0.563287 0.421666 0.588439 0.385264 0.588249 0.30727 0.684265 0.301511 0.644191 0.338432 0.645153 0.311692 0.542626 0.347365 0.549877 0.336788 0.602429 0.422888 0.562992 0.459288 0.563425 0.459072 0.590407 0.65393 0.360095 0.715513 0.423011 0.658369 0.45369 0.459288 0.563425 0.422888 0.562992 0.422686 0.65036 0.383571 0.575518 0.347169 0.57537 0.347103 0.654988 0.802705 0.987909 0.712136 0.989366 0.783488 0.922823 0.712136 0.989366 0.693932 0.915632 0.775519 0.916894 0.783488 0.922823 0.775519 0.916894 0.780284 0.918852 0.161299 0.1262789 0.21407 0.05339592 0.218354 0.06716197 0.39201 0.522507 0.408285 0.522482 0.408641 0.558884 0.245763 0.451899 0.190001 0.496864 0.152949 0.416801 0.411131 0.683571 0.411231 0.719973 0.407713 0.719974 0.411812 0.522469 0.412159 0.55887 0.408641 0.558884 0.459072 0.590407 0.458965 0.622749 0.422562 0.622765 0.422686 0.65036 0.422674 0.64867 0.459075 0.648447 0.422674 0.64867 0.422665 0.646996 0.459067 0.646769 0.299585 0.603862 0.299619 0.602586 0.336545 0.603664 0.336545 0.603664 0.299619 0.602586 0.299861 0.601348 0.301511 0.644191 0.301287 0.642488 0.338208 0.643439 0.301287 0.642488 0.301144 0.640774 0.338065 0.641716 0.385264 0.588249 0.421666 0.588439 0.421549 0.621447 0.383505 0.654905 0.347103 0.654988 0.347072 0.623578 0.458965 0.622749 0.459067 0.646769 0.422665 0.646996 0.35675 0.719974 0.356847 0.683571 0.359907 0.683573 0.358482 0.558874 0.358814 0.522472 0.363361 0.522489 0.421651 0.650885 0.385249 0.651058 0.385147 0.621448 0.56754 0.316464 0.623414 0.455183 0.504274 0.400257 0.623414 0.455183 0.5470001 0.496748 0.503093 0.410195 0.504274 0.400257 0.503093 0.410195 0.5026 0.405046 0.623414 0.455183 0.503093 0.410195 0.504274 0.400257 0.504274 0.400257 0.560718 0.316099 0.56754 0.316464 0.347072 0.623578 0.347089 0.602975 0.383491 0.603035 0.311692 0.542626 0.30727 0.684265 0.34329 0.679001 0.407713 0.719974 0.407605 0.683572 0.391848 0.68357 0.385436 0.562932 0.421836 0.563287 0.421651 0.650885 0.383571 0.575518 0.347169 0.57537 0.347089 0.602975 0.386938 0.68357 0.359907 0.683573 0.359828 0.719975 0.386938 0.68357 0.386931 0.719972 0.391864 0.719973 0.387086 0.522514 0.387108 0.558916 0.392112 0.55891 0.596338 0.117201 0.596602 0.03248596 0.58471 0.123089 0.596602 0.03248596 0.555512 0.01144891 0.534979 0.01511591 0.555512 0.01144891 0.545372 0.01085692 0.534979 0.01511591 0.604378 0.106985 0.608063 0.0411089 0.596602 0.03248596 0.336512 0.604934 0.299585 0.603862 0.301144 0.640774 0.363361 0.522489 0.363097 0.558891 0.387108 0.558916 0.385264 0.588249 0.421666 0.588439 0.421836 0.563287 0.30727 0.684265 0.34329 0.679001 0.338432 0.645153 0.336788 0.602429 0.347365 0.549877 0.311692 0.542626 0.422888 0.562992 0.42267 0.590187 0.459072 0.590407 0.65393 0.360095 0.607076 0.394959 0.658369 0.45369 0.459288 0.563425 0.459087 0.65014 0.422686 0.65036 0.383571 0.575518 0.383505 0.654905 0.347103 0.654988 0.693932 0.915632 0.712136 0.989366 0.775519 0.916894 0.712136 0.989366 0.802705 0.987909 0.783488 0.922823 0.775519 0.916894 0.783488 0.922823 0.780284 0.918852 0.218354 0.06716197 0.21407 0.05339592 0.161299 0.1262789 0.408641 0.558884 0.408285 0.522482 0.39201 0.522507 0.245763 0.451899 0.216517 0.363644 0.152949 0.416801 0.407713 0.719974 0.411231 0.719973 0.411131 0.683571 0.408641 0.558884 0.412159 0.55887 0.411812 0.522469 0.422562 0.622765 0.458965 0.622749 0.459072 0.590407 0.459075 0.648447 0.422674 0.64867 0.422686 0.65036 0.459067 0.646769 0.422665 0.646996 0.422674 0.64867 0.336545 0.603664 0.299619 0.602586 0.299585 0.603862 0.336545 0.603664 0.336788 0.602429 0.299861 0.601348 0.338208 0.643439 0.301287 0.642488 0.301511 0.644191 0.338065 0.641716 0.301144 0.640774 0.301287 0.642488 0.385264 0.588249 0.385147 0.621448 0.421549 0.621447 0.383505 0.654905 0.383475 0.623582 0.347072 0.623578 0.422665 0.646996 0.459067 0.646769 0.458965 0.622749 0.359907 0.683573 0.356847 0.683571 0.35675 0.719974 0.363361 0.522489 0.358814 0.522472 0.358482 0.558874 0.421651 0.650885 0.421549 0.621447 0.385147 0.621448 0.5470001 0.496748 0.623414 0.455183 0.503093 0.410195 0.623414 0.455183 0.56754 0.316464 0.504274 0.400257 0.503093 0.410195 0.504274 0.400257 0.5026 0.405046 0.56754 0.316464 0.564261 0.314148 0.560718 0.316099 0.560718 0.316099 0.504274 0.400257 0.56754 0.316464 0.383491 0.603035 0.347089 0.602975 0.347072 0.623578 0.34329 0.679001 0.30727 0.684265 0.311692 0.542626 0.161299 0.1262789 0.1700969 0.1247709 0.1481519 0.123551 0.1700969 0.1247709 0.218354 0.06716197 0.21407 0.05339592 0.21407 0.05339592 0.195114 0.01309597 0.176639 0.003458917 0.195114 0.01309597 0.187396 0.006494939 0.176639 0.003458917 0.176639 0.003458917 0.1481519 0.123551 0.21407 0.05339592 0.391864 0.719973 0.391848 0.68357 0.407605 0.683572 0.421651 0.650885 0.421836 0.563287 0.385436 0.562932 0.347089 0.602975 0.347169 0.57537 0.383571 0.575518 0.386931 0.719972 0.359828 0.719975 0.359907 0.683573 0.391848 0.68357 0.391864 0.719973 0.386931 0.719972 0.39201 0.522507 0.392112 0.55891 0.387108 0.558916 0.596338 0.117201 0.604378 0.106985 0.58471 0.123089 0.604378 0.106985 0.608063 0.0411089 0.596602 0.03248596 0.596602 0.03248596 0.555512 0.01144891 0.534979 0.01511591 0.555512 0.01144891 0.545372 0.01085692 0.534979 0.01511591 0.534979 0.01511591 0.58471 0.123089 0.596602 0.03248596 0.336512 0.604934 0.338065 0.641716 0.301144 0.640774 0.387086 0.522514 0.387108 0.558916 0.363097 0.558891 0.385436 0.562932 0.421836 0.563287 0.421666 0.588439 0.30727 0.684265 0.301511 0.644191 0.338432 0.645153 0.311692 0.542626 0.347365 0.549877 0.336788 0.602429 0.422888 0.562992 0.459288 0.563425 0.459072 0.590407 0.65393 0.360095 0.715513 0.423011 0.658369 0.45369 0.459288 0.563425 0.422888 0.562992 0.422686 0.65036 0.383571 0.575518 0.347169 0.57537 0.347103 0.654988 0.802705 0.987909 0.712136 0.989366 0.783488 0.922823 0.712136 0.989366 0.693932 0.915632 0.775519 0.916894 0.783488 0.922823 0.775519 0.916894 0.780284 0.918852 0.392112 0.55891 0.39201 0.522507 0.408285 0.522482 0.245763 0.451899 0.190001 0.496864 0.152949 0.416801 0.407605 0.683572 0.411131 0.683571 0.411231 0.719973 0.408285 0.522482 0.411812 0.522469 0.412159 0.55887 0.459072 0.590407 0.458965 0.622749 0.422562 0.622765 0.459087 0.65014 0.422686 0.65036 0.422674 0.64867 0.459075 0.648447 0.422674 0.64867 0.422665 0.646996 0.336512 0.604934 0.299585 0.603862 0.299619 0.602586 0.336545 0.603664 0.299619 0.602586 0.299861 0.601348 0.301511 0.644191 0.301287 0.642488 0.338208 0.643439 0.301287 0.642488 0.301144 0.640774 0.338065 0.641716 0.385264 0.588249 0.421666 0.588439 0.421549 0.621447 0.383505 0.654905 0.347103 0.654988 0.347072 0.623578 0.422562 0.622765 0.458965 0.622749 0.459067 0.646769 0.35675 0.719974 0.356847 0.683571 0.359907 0.683573 0.363097 0.558891 0.358482 0.558874 0.358814 0.522472 0.421651 0.650885 0.385249 0.651058 0.385147 0.621448 0.56754 0.316464 0.623414 0.455183 0.504274 0.400257 0.623414 0.455183 0.5470001 0.496748 0.503093 0.410195 0.504274 0.400257 0.503093 0.410195 0.5026 0.405046 0.623414 0.455183 0.503093 0.410195 0.504274 0.400257 0.504274 0.400257 0.560718 0.316099 0.56754 0.316464 0.347072 0.623578 0.347089 0.602975 0.383491 0.603035 0.311692 0.542626 0.30727 0.684265 0.34329 0.679001 0.391864 0.719973 0.407713 0.719974 0.407605 0.683572 0.385436 0.562932 0.421836 0.563287 0.421651 0.650885 0.383571 0.575518 0.347169 0.57537 0.347089 0.602975 0.359907 0.683573 0.359828 0.719975 0.386931 0.719972 0.386931 0.719972 0.391864 0.719973 0.391848 0.68357 0.387108 0.558916 0.392112 0.55891 0.39201 0.522507 0.336512 0.604934 0.299585 0.603862 0.301144 0.640774 0.387086 0.522514 0.363361 0.522489 0.363097 0.558891 0.385436 0.562932 0.385264 0.588249 0.421666 0.588439 0.30727 0.684265 0.34329 0.679001 0.338432 0.645153 0.336788 0.602429 0.347365 0.549877 0.311692 0.542626 0.422888 0.562992 0.42267 0.590187 0.459072 0.590407 0.65393 0.360095 0.607076 0.394959 0.658369 0.45369 0.459288 0.563425 0.459087 0.65014 0.422686 0.65036 0.383571 0.575518 0.383505 0.654905 0.347103 0.654988 0.693932 0.915632 0.712136 0.989366 0.775519 0.916894 0.712136 0.989366 0.802705 0.987909 0.783488 0.922823 0.775519 0.916894 0.783488 0.922823 0.780284 0.918852 0.392112 0.55891 0.408641 0.558884 0.408285 0.522482 0.245763 0.451899 0.216517 0.363644 0.152949 0.416801 0.407605 0.683572 0.407713 0.719974 0.411231 0.719973 0.408285 0.522482 0.408641 0.558884 0.412159 0.55887 0.422562 0.622765 0.458965 0.622749 0.459072 0.590407 0.459087 0.65014 0.459075 0.648447 0.422674 0.64867 0.459075 0.648447 0.459067 0.646769 0.422665 0.646996 0.336512 0.604934 0.336545 0.603664 0.299619 0.602586 0.336545 0.603664 0.336788 0.602429 0.299861 0.601348 0.338208 0.643439 0.301287 0.642488 0.301511 0.644191 0.338065 0.641716 0.301144 0.640774 0.301287 0.642488 0.385264 0.588249 0.385147 0.621448 0.421549 0.621447 0.383505 0.654905 0.383475 0.623582 0.347072 0.623578 0.422562 0.622765 0.422665 0.646996 0.459067 0.646769 0.359907 0.683573 0.356847 0.683571 0.35675 0.719974 0.363097 0.558891 0.363361 0.522489 0.358814 0.522472 0.421651 0.650885 0.421549 0.621447 0.385147 0.621448 0.5470001 0.496748 0.623414 0.455183 0.503093 0.410195 0.623414 0.455183 0.56754 0.316464 0.504274 0.400257 0.503093 0.410195 0.504274 0.400257 0.5026 0.405046 0.56754 0.316464 0.564261 0.314148 0.560718 0.316099 0.560718 0.316099 0.504274 0.400257 0.56754 0.316464 0.383491 0.603035 0.347089 0.602975 0.347072 0.623578 0.34329 0.679001 0.30727 0.684265 0.311692 0.542626 0.391848 0.68357 0.407605 0.683572 0.407713 0.719974 0.421651 0.650885 0.421836 0.563287 0.385436 0.562932 0.347089 0.602975 0.347169 0.57537 0.383571 0.575518 0.386938 0.68357 0.386931 0.719972 0.359828 0.719975 0.386938 0.68357 0.391848 0.68357 0.391864 0.719973 0.387086 0.522514 0.39201 0.522507 0.392112 0.55891 0.608063 0.0411089 0.604378 0.106985 0.596602 0.03248596 0.604378 0.106985 0.596338 0.117201 0.58471 0.123089 0.58471 0.123089 0.534979 0.01511591 0.596602 0.03248596 0.534979 0.01511591 0.545372 0.01085692 0.555512 0.01144891 0.555512 0.01144891 0.596602 0.03248596 0.534979 0.01511591 0.336512 0.604934 0.338065 0.641716 0.301144 0.640774 0.387086 0.522514 0.387108 0.558916 0.363097 0.558891 0.421836 0.563287 0.421666 0.588439 0.385264 0.588249 0.30727 0.684265 0.301511 0.644191 0.338432 0.645153 0.311692 0.542626 0.347365 0.549877 0.336788 0.602429 0.422888 0.562992 0.459288 0.563425 0.459072 0.590407 0.358814 0.522472 0.358814 0.522472 0.358482 0.558874 0.65393 0.360095 0.715513 0.423011 0.658369 0.45369 0.459288 0.563425 0.422888 0.562992 0.422686 0.65036 0.383571 0.575518 0.347169 0.57537 0.347103 0.654988 0.802705 0.987909 0.712136 0.989366 0.783488 0.922823 0.712136 0.989366 0.693932 0.915632 0.775519 0.916894 0.783488 0.922823 0.775519 0.916894 0.780284 0.918852 0.596338 0.117201 0.596602 0.03248596 0.596602 0.03248596 0.596602 0.03248596 0.555512 0.01144891 0.596602 0.03248596 0.555512 0.01144891 0.545372 0.01085692 0.545372 0.01085692 0.545372 0.01085692 0.555512 0.01144891 0.555512 0.01144891 0.555512 0.01144891 0.596602 0.03248596 0.555512 0.01144891 0.39201 0.522507 0.408285 0.522482 0.408641 0.558884 0.245763 0.451899 0.190001 0.496864 0.152949 0.416801 0.407605 0.683572 0.411131 0.683571 0.411231 0.719973 0.408285 0.522482 0.411812 0.522469 0.412159 0.55887 0.459072 0.590407 0.458965 0.622749 0.422562 0.622765 0.459087 0.65014 0.422686 0.65036 0.422674 0.64867 0.459075 0.648447 0.422674 0.64867 0.422665 0.646996 0.336512 0.604934 0.299585 0.603862 0.299619 0.602586 0.336545 0.603664 0.299619 0.602586 0.299861 0.601348 0.301511 0.644191 0.301287 0.642488 0.338208 0.643439 0.301287 0.642488 0.301144 0.640774 0.338065 0.641716 0.385264 0.588249 0.421666 0.588439 0.421549 0.621447 0.383505 0.654905 0.347103 0.654988 0.347072 0.623578 0.458965 0.622749 0.459067 0.646769 0.422665 0.646996 0.359828 0.719975 0.35675 0.719974 0.356847 0.683571 0.358482 0.558874 0.358814 0.522472 0.363361 0.522489 0.421651 0.650885 0.385249 0.651058 0.385147 0.621448 0.56754 0.316464 0.623414 0.455183 0.504274 0.400257 0.623414 0.455183 0.5470001 0.496748 0.503093 0.410195 0.504274 0.400257 0.503093 0.410195 0.5026 0.405046 0.623414 0.455183 0.503093 0.410195 0.504274 0.400257 0.504274 0.400257 0.560718 0.316099 0.56754 0.316464 0.347072 0.623578 0.347089 0.602975 0.383491 0.603035 0.311692 0.542626 0.30727 0.684265 0.34329 0.679001 0.407713 0.719974 0.407605 0.683572 0.391848 0.68357 0.385436 0.562932 0.421836 0.563287 0.421651 0.650885 0.383571 0.575518 0.347169 0.57537 0.347089 0.602975 0.386938 0.68357 0.359907 0.683573 0.359828 0.719975 0.386938 0.68357 0.386931 0.719972 0.391864 0.719973 0.387086 0.522514 0.387108 0.558916 0.392112 0.55891 0.608063 0.0411089 0.604378 0.106985 0.596602 0.03248596 0.604378 0.106985 0.596338 0.117201 0.58471 0.123089 0.58471 0.123089 0.534979 0.01511591 0.596602 0.03248596 0.534979 0.01511591 0.545372 0.01085692 0.555512 0.01144891 0.555512 0.01144891 0.596602 0.03248596 0.534979 0.01511591 0.336512 0.604934 0.299585 0.603862 0.301144 0.640774 0.387086 0.522514 0.363361 0.522489 0.363097 0.558891 0.385264 0.588249 0.421666 0.588439 0.421836 0.563287 0.30727 0.684265 0.34329 0.679001 0.338432 0.645153 0.336788 0.602429 0.347365 0.549877 0.311692 0.542626 0.422888 0.562992 0.42267 0.590187 0.459072 0.590407 0.65393 0.360095 0.607076 0.394959 0.658369 0.45369 0.459288 0.563425 0.459087 0.65014 0.422686 0.65036 0.383571 0.575518 0.383505 0.654905 0.347103 0.654988 0.693932 0.915632 0.712136 0.989366 0.775519 0.916894 0.712136 0.989366 0.802705 0.987909 0.783488 0.922823 0.775519 0.916894 0.783488 0.922823 0.780284 0.918852 0.408641 0.558884 0.408285 0.522482 0.39201 0.522507 0.245763 0.451899 0.216517 0.363644 0.152949 0.416801 0.407605 0.683572 0.407713 0.719974 0.411231 0.719973 0.408285 0.522482 0.408641 0.558884 0.412159 0.55887 0.422562 0.622765 0.458965 0.622749 0.459072 0.590407 0.459087 0.65014 0.459075 0.648447 0.422674 0.64867 0.459075 0.648447 0.459067 0.646769 0.422665 0.646996 0.336512 0.604934 0.336545 0.603664 0.299619 0.602586 0.336545 0.603664 0.336788 0.602429 0.299861 0.601348 0.338208 0.643439 0.301287 0.642488 0.301511 0.644191 0.338065 0.641716 0.301144 0.640774 0.301287 0.642488 0.385264 0.588249 0.385147 0.621448 0.421549 0.621447 0.383505 0.654905 0.383475 0.623582 0.347072 0.623578 0.422665 0.646996 0.459067 0.646769 0.458965 0.622749 0.359828 0.719975 0.359907 0.683573 0.356847 0.683571 0.363361 0.522489 0.358814 0.522472 0.358482 0.558874 0.421651 0.650885 0.421549 0.621447 0.385147 0.621448 0.5470001 0.496748 0.623414 0.455183 0.503093 0.410195 0.623414 0.455183 0.56754 0.316464 0.504274 0.400257 0.503093 0.410195 0.504274 0.400257 0.5026 0.405046 0.56754 0.316464 0.564261 0.314148 0.560718 0.316099 0.560718 0.316099 0.504274 0.400257 0.56754 0.316464 0.383491 0.603035 0.347089 0.602975 0.347072 0.623578 0.34329 0.679001 0.30727 0.684265 0.311692 0.542626 0.161299 0.1262789 0.1700969 0.1247709 0.1481519 0.123551 0.1700969 0.1247709 0.218354 0.06716197 0.21407 0.05339592 0.21407 0.05339592 0.195114 0.01309597 0.176639 0.003458917 0.195114 0.01309597 0.187396 0.006494939 0.176639 0.003458917 0.176639 0.003458917 0.1481519 0.123551 0.21407 0.05339592 0.391848 0.68357 0.407605 0.683572 0.407713 0.719974 0.421651 0.650885 0.421836 0.563287 0.385436 0.562932 0.347089 0.602975 0.347169 0.57537 0.383571 0.575518 0.386938 0.68357 0.386931 0.719972 0.359828 0.719975 0.386938 0.68357 0.391848 0.68357 0.391864 0.719973 0.387086 0.522514 0.39201 0.522507 0.392112 0.55891 0.604378 0.106985 0.596338 0.117201 0.596602 0.03248596 0.358482 0.558874 0.358814 0.522472 0.354211 0.522439 0.354211 0.522439 0.358814 0.522472 0.358482 0.558874 0.336512 0.604934 0.338065 0.641716 0.301144 0.640774 0.387086 0.522514 0.387108 0.558916 0.363097 0.558891 0.421836 0.563287 0.421666 0.588439 0.385264 0.588249 0.30727 0.684265 0.301511 0.644191 0.338432 0.645153 0.311692 0.542626 0.347365 0.549877 0.336788 0.602429 0.422888 0.562992 0.459288 0.563425 0.459072 0.590407 0.65393 0.360095 0.715513 0.423011 0.658369 0.45369 0.459288 0.563425 0.422888 0.562992 0.422686 0.65036 0.383571 0.575518 0.347169 0.57537 0.347103 0.654988 0.802705 0.987909 0.712136 0.989366 0.783488 0.922823 0.712136 0.989366 0.693932 0.915632 0.775519 0.916894 0.783488 0.922823 0.775519 0.916894 0.780284 0.918852 0.39201 0.522507 0.408285 0.522482 0.408641 0.558884 0.245763 0.451899 0.190001 0.496864 0.152949 0.416801 0.407605 0.683572 0.411131 0.683571 0.411231 0.719973 0.411812 0.522469 0.412159 0.55887 0.408641 0.558884 0.459072 0.590407 0.458965 0.622749 0.422562 0.622765 0.422686 0.65036 0.422674 0.64867 0.459075 0.648447 0.422674 0.64867 0.422665 0.646996 0.459067 0.646769 0.299585 0.603862 0.299619 0.602586 0.336545 0.603664 0.336545 0.603664 0.299619 0.602586 0.299861 0.601348 0.301511 0.644191 0.301287 0.642488 0.338208 0.643439 0.301287 0.642488 0.301144 0.640774 0.338065 0.641716 0.385264 0.588249 0.421666 0.588439 0.421549 0.621447 0.383505 0.654905 0.347103 0.654988 0.347072 0.623578 0.458965 0.622749 0.459067 0.646769 0.422665 0.646996 0.35675 0.719974 0.356847 0.683571 0.359907 0.683573 0.358482 0.558874 0.358814 0.522472 0.363361 0.522489 0.421651 0.650885 0.385249 0.651058 0.385147 0.621448 0.56754 0.316464 0.623414 0.455183 0.504274 0.400257 0.623414 0.455183 0.5470001 0.496748 0.503093 0.410195 0.504274 0.400257 0.503093 0.410195 0.5026 0.405046 0.623414 0.455183 0.503093 0.410195 0.504274 0.400257 0.504274 0.400257 0.560718 0.316099 0.56754 0.316464 0.347072 0.623578 0.347089 0.602975 0.383491 0.603035 0.311692 0.542626 0.30727 0.684265 0.34329 0.679001 0.218354 0.06716197 0.1700969 0.1247709 0.21407 0.05339592 0.1700969 0.1247709 0.161299 0.1262789 0.1481519 0.123551 0.1481519 0.123551 0.176639 0.003458917 0.21407 0.05339592 0.176639 0.003458917 0.187396 0.006494939 0.195114 0.01309597 0.195114 0.01309597 0.21407 0.05339592 0.176639 0.003458917 0.407713 0.719974 0.407605 0.683572 0.391848 0.68357 0.385436 0.562932 0.421836 0.563287 0.421651 0.650885 0.383571 0.575518 0.347169 0.57537 0.347089 0.602975 0.386938 0.68357 0.359907 0.683573 0.359828 0.719975 0.386938 0.68357 0.386931 0.719972 0.391864 0.719973 0.387086 0.522514 0.387108 0.558916 0.392112 0.55891 0.604378 0.106985 0.608063 0.0411089 0.596602 0.03248596 0.336512 0.604934 0.299585 0.603862 0.301144 0.640774 0.387086 0.522514 0.363361 0.522489 0.363097 0.558891 0.385264 0.588249 0.421666 0.588439 0.421836 0.563287 0.30727 0.684265 0.34329 0.679001 0.338432 0.645153 0.336788 0.602429 0.347365 0.549877 0.311692 0.542626 0.422888 0.562992 0.42267 0.590187 0.459072 0.590407 0.65393 0.360095 0.607076 0.394959 0.658369 0.45369 0.459288 0.563425 0.459087 0.65014 0.422686 0.65036 0.383571 0.575518 0.383505 0.654905 0.347103 0.654988 0.693932 0.915632 0.712136 0.989366 0.775519 0.916894 0.712136 0.989366 0.802705 0.987909 0.783488 0.922823 0.775519 0.916894 0.783488 0.922823 0.780284 0.918852 0.408641 0.558884 0.408285 0.522482 0.39201 0.522507 0.245763 0.451899 0.216517 0.363644 0.152949 0.416801 0.407605 0.683572 0.407713 0.719974 0.411231 0.719973 0.408641 0.558884 0.412159 0.55887 0.411812 0.522469 0.422562 0.622765 0.458965 0.622749 0.459072 0.590407 0.459075 0.648447 0.422674 0.64867 0.422686 0.65036 0.459067 0.646769 0.422665 0.646996 0.422674 0.64867 0.336545 0.603664 0.299619 0.602586 0.299585 0.603862 0.336545 0.603664 0.336788 0.602429 0.299861 0.601348 0.338208 0.643439 0.301287 0.642488 0.301511 0.644191 0.338065 0.641716 0.301144 0.640774 0.301287 0.642488 0.385264 0.588249 0.385147 0.621448 0.421549 0.621447 0.383505 0.654905 0.383475 0.623582 0.347072 0.623578 0.422665 0.646996 0.459067 0.646769 0.458965 0.622749 0.359907 0.683573 0.356847 0.683571 0.35675 0.719974 0.363361 0.522489 0.358814 0.522472 0.358482 0.558874 0.421651 0.650885 0.421549 0.621447 0.385147 0.621448 0.5470001 0.496748 0.623414 0.455183 0.503093 0.410195 0.623414 0.455183 0.56754 0.316464 0.504274 0.400257 0.503093 0.410195 0.504274 0.400257 0.5026 0.405046 0.56754 0.316464 0.564261 0.314148 0.560718 0.316099 0.560718 0.316099 0.504274 0.400257 0.56754 0.316464 0.383491 0.603035 0.347089 0.602975 0.347072 0.623578 0.34329 0.679001 0.30727 0.684265 0.311692 0.542626 0.195114 0.01309597 0.21407 0.05339592 0.176639 0.003458917 0.21407 0.05339592 0.161299 0.1262789 0.1481519 0.123551 0.176639 0.003458917 0.21407 0.05339592 0.1481519 0.123551 0.391864 0.719973 0.391848 0.68357 0.407605 0.683572 0.421651 0.650885 0.421836 0.563287 0.385436 0.562932 0.347089 0.602975 0.347169 0.57537 0.383571 0.575518 0.386931 0.719972 0.359828 0.719975 0.359907 0.683573 0.386938 0.68357 0.391848 0.68357 0.391864 0.719973 0.39201 0.522507 0.392112 0.55891 0.387108 0.558916 0.596338 0.117201 0.604378 0.106985 0.58471 0.123089 0.604378 0.106985 0.608063 0.0411089 0.596602 0.03248596 0.596602 0.03248596 0.555512 0.01144891 0.534979 0.01511591 0.555512 0.01144891 0.545372 0.01085692 0.534979 0.01511591 0.534979 0.01511591 0.58471 0.123089 0.596602 0.03248596 0.358482 0.558874 0.358814 0.522472 0.354211 0.522439 0.354211 0.522439 0.358814 0.522472 0.358482 0.558874 0.336512 0.604934 0.338065 0.641716 0.301144 0.640774 0.387108 0.558916 0.363097 0.558891 0.363361 0.522489 0.385436 0.562932 0.421836 0.563287 0.421666 0.588439 0.30727 0.684265 0.301511 0.644191 0.338432 0.645153 0.311692 0.542626 0.347365 0.549877 0.336788 0.602429 0.422888 0.562992 0.459288 0.563425 0.459072 0.590407 0.65393 0.360095 0.715513 0.423011 0.658369 0.45369 0.459288 0.563425 0.422888 0.562992 0.422686 0.65036 0.383571 0.575518 0.347169 0.57537 0.347103 0.654988 0.802705 0.987909 0.712136 0.989366 0.783488 0.922823 0.712136 0.989366 0.693932 0.915632 0.775519 0.916894 0.783488 0.922823 0.775519 0.916894 0.780284 0.918852 0.161299 0.1262789 0.21407 0.05339592 0.218354 0.06716197 0.392112 0.55891 0.39201 0.522507 0.408285 0.522482 0.245763 0.451899 0.190001 0.496864 0.152949 0.416801 0.411131 0.683571 0.411231 0.719973 0.407713 0.719974 0.408285 0.522482 0.411812 0.522469 0.412159 0.55887 0.459072 0.590407 0.458965 0.622749 0.422562 0.622765 0.459087 0.65014 0.422686 0.65036 0.422674 0.64867 0.422674 0.64867 0.422665 0.646996 0.459067 0.646769 0.336512 0.604934 0.299585 0.603862 0.299619 0.602586 0.336545 0.603664 0.299619 0.602586 0.299861 0.601348 0.301511 0.644191 0.301287 0.642488 0.338208 0.643439 0.301287 0.642488 0.301144 0.640774 0.338065 0.641716 0.385264 0.588249 0.421666 0.588439 0.421549 0.621447 0.383505 0.654905 0.347103 0.654988 0.347072 0.623578 0.422562 0.622765 0.458965 0.622749 0.459067 0.646769 0.35675 0.719974 0.356847 0.683571 0.359907 0.683573 0.358482 0.558874 0.358814 0.522472 0.363361 0.522489 0.421651 0.650885 0.385249 0.651058 0.385147 0.621448 0.56754 0.316464 0.623414 0.455183 0.504274 0.400257 0.623414 0.455183 0.5470001 0.496748 0.503093 0.410195 0.504274 0.400257 0.503093 0.410195 0.5026 0.405046 0.623414 0.455183 0.503093 0.410195 0.504274 0.400257 0.504274 0.400257 0.560718 0.316099 0.56754 0.316464 0.347072 0.623578 0.347089 0.602975 0.383491 0.603035 0.311692 0.542626 0.30727 0.684265 0.34329 0.679001 0.161299 0.1262789 0.21407 0.05339592 0.1481519 0.123551 0.21407 0.05339592 0.195114 0.01309597 0.176639 0.003458917 0.195114 0.01309597 0.187396 0.006494939 0.176639 0.003458917 0.391864 0.719973 0.407713 0.719974 0.407605 0.683572 0.385436 0.562932 0.421836 0.563287 0.421651 0.650885 0.383571 0.575518 0.347169 0.57537 0.347089 0.602975 0.359907 0.683573 0.359828 0.719975 0.386931 0.719972 0.386938 0.68357 0.386931 0.719972 0.391864 0.719973 0.387108 0.558916 0.392112 0.55891 0.39201 0.522507 0.336512 0.604934 0.299585 0.603862 0.301144 0.640774 0.363361 0.522489 0.363097 0.558891 0.387108 0.558916 0.385436 0.562932 0.385264 0.588249 0.421666 0.588439 0.30727 0.684265 0.34329 0.679001 0.338432 0.645153 0.336788 0.602429 0.347365 0.549877 0.311692 0.542626 0.422888 0.562992 0.42267 0.590187 0.459072 0.590407 0.65393 0.360095 0.607076 0.394959 0.658369 0.45369 0.459288 0.563425 0.459087 0.65014 0.422686 0.65036 0.383571 0.575518 0.383505 0.654905 0.347103 0.654988 0.693932 0.915632 0.712136 0.989366 0.775519 0.916894 0.712136 0.989366 0.802705 0.987909 0.783488 0.922823 0.775519 0.916894 0.783488 0.922823 0.780284 0.918852 0.218354 0.06716197 0.21407 0.05339592 0.161299 0.1262789 0.392112 0.55891 0.408641 0.558884 0.408285 0.522482 0.245763 0.451899 0.216517 0.363644 0.152949 0.416801 0.407713 0.719974 0.411231 0.719973 0.411131 0.683571 0.408285 0.522482 0.408641 0.558884 0.412159 0.55887 0.422562 0.622765 0.458965 0.622749 0.459072 0.590407 0.459087 0.65014 0.459075 0.648447 0.422674 0.64867 0.459067 0.646769 0.422665 0.646996 0.422674 0.64867 0.336512 0.604934 0.336545 0.603664 0.299619 0.602586 0.336545 0.603664 0.336788 0.602429 0.299861 0.601348 0.338208 0.643439 0.301287 0.642488 0.301511 0.644191 0.338065 0.641716 0.301144 0.640774 0.301287 0.642488 0.385264 0.588249 0.385147 0.621448 0.421549 0.621447 0.383505 0.654905 0.383475 0.623582 0.347072 0.623578 0.422562 0.622765 0.422665 0.646996 0.459067 0.646769 0.359907 0.683573 0.356847 0.683571 0.35675 0.719974 0.363361 0.522489 0.358814 0.522472 0.358482 0.558874 0.421651 0.650885 0.421549 0.621447 0.385147 0.621448 0.5470001 0.496748 0.623414 0.455183 0.503093 0.410195 0.623414 0.455183 0.56754 0.316464 0.504274 0.400257 0.503093 0.410195 0.504274 0.400257 0.5026 0.405046 0.56754 0.316464 0.564261 0.314148 0.560718 0.316099 0.560718 0.316099 0.504274 0.400257 0.56754 0.316464 0.383491 0.603035 0.347089 0.602975 0.347072 0.623578 0.34329 0.679001 0.30727 0.684265 0.311692 0.542626 0.608063 0.0411089 0.604378 0.106985 0.596602 0.03248596 0.604378 0.106985 0.596338 0.117201 0.58471 0.123089 0.58471 0.123089 0.534979 0.01511591 0.596602 0.03248596 0.534979 0.01511591 0.545372 0.01085692 0.555512 0.01144891 0.555512 0.01144891 0.596602 0.03248596 0.534979 0.01511591 0.391848 0.68357 0.407605 0.683572 0.407713 0.719974 0.421651 0.650885 0.421836 0.563287 0.385436 0.562932 0.347089 0.602975 0.347169 0.57537 0.383571 0.575518 0.386938 0.68357 0.386931 0.719972 0.359828 0.719975 0.386938 0.68357 0.391848 0.68357 0.391864 0.719973 0.387086 0.522514 0.39201 0.522507 0.392112 0.55891 0.596338 0.117201 0.604378 0.106985 0.58471 0.123089 0.604378 0.106985 0.608063 0.0411089 0.596602 0.03248596 0.596602 0.03248596 0.555512 0.01144891 0.534979 0.01511591 0.555512 0.01144891 0.545372 0.01085692 0.534979 0.01511591 0.534979 0.01511591 0.58471 0.123089 0.596602 0.03248596 0.336512 0.604934 0.338065 0.641716 0.301144 0.640774 0.387086 0.522514 0.387108 0.558916 0.363097 0.558891 0.421836 0.563287 0.421666 0.588439 0.385264 0.588249 0.30727 0.684265 0.301511 0.644191 0.338432 0.645153 0.311692 0.542626 0.347365 0.549877 0.336788 0.602429 0.422888 0.562992 0.459288 0.563425 0.459072 0.590407 0.65393 0.360095 0.715513 0.423011 0.658369 0.45369 0.459288 0.563425 0.422888 0.562992 0.422686 0.65036 0.383571 0.575518 0.347169 0.57537 0.347103 0.654988 0.802705 0.987909 0.712136 0.989366 0.783488 0.922823 0.712136 0.989366 0.693932 0.915632 0.775519 0.916894 0.783488 0.922823 0.775519 0.916894 0.780284 0.918852 0.218354 0.06716197 0.1700969 0.1247709 0.21407 0.05339592 0.1700969 0.1247709 0.161299 0.1262789 0.1481519 0.123551 0.1481519 0.123551 0.176639 0.003458917 0.21407 0.05339592 0.176639 0.003458917 0.187396 0.006494939 0.195114 0.01309597 0.195114 0.01309597 0.21407 0.05339592 0.176639 0.003458917 0.39201 0.522507 0.408285 0.522482 0.408641 0.558884 0.245763 0.451899 0.190001 0.496864 0.152949 0.416801 0.407605 0.683572 0.411131 0.683571 0.411231 0.719973 0.408285 0.522482 0.411812 0.522469 0.412159 0.55887 0.459072 0.590407 0.458965 0.622749 0.422562 0.622765 0.459087 0.65014 0.422686 0.65036 0.422674 0.64867 0.459075 0.648447 0.422674 0.64867 0.422665 0.646996 0.336512 0.604934 0.299585 0.603862 0.299619 0.602586 0.336545 0.603664 0.299619 0.602586 0.299861 0.601348 0.301511 0.644191 0.301287 0.642488 0.338208 0.643439 0.301287 0.642488 0.301144 0.640774 0.338065 0.641716 0.385264 0.588249 0.421666 0.588439 0.421549 0.621447 0.383505 0.654905 0.347103 0.654988 0.347072 0.623578 0.458965 0.622749 0.459067 0.646769 0.422665 0.646996 0.359828 0.719975 0.35675 0.719974 0.356847 0.683571 0.358482 0.558874 0.358814 0.522472 0.363361 0.522489 0.421651 0.650885 0.385249 0.651058 0.385147 0.621448 0.56754 0.316464 0.623414 0.455183 0.504274 0.400257 0.623414 0.455183 0.5470001 0.496748 0.503093 0.410195 0.504274 0.400257 0.503093 0.410195 0.5026 0.405046 0.623414 0.455183 0.503093 0.410195 0.504274 0.400257 0.504274 0.400257 0.560718 0.316099 0.56754 0.316464 0.347072 0.623578 0.347089 0.602975 0.383491 0.603035 0.311692 0.542626 0.30727 0.684265 0.34329 0.679001 0.407713 0.719974 0.407605 0.683572 0.391848 0.68357 0.385436 0.562932 0.421836 0.563287 0.421651 0.650885 0.383571 0.575518 0.347169 0.57537 0.347089 0.602975 0.386938 0.68357 0.359907 0.683573 0.359828 0.719975 0.386938 0.68357 0.386931 0.719972 0.391864 0.719973 0.387086 0.522514 0.387108 0.558916 0.392112 0.55891 0.336512 0.604934 0.299585 0.603862 0.301144 0.640774 0.387086 0.522514 0.363361 0.522489 0.363097 0.558891 0.385264 0.588249 0.421666 0.588439 0.421836 0.563287 0.30727 0.684265 0.34329 0.679001 0.338432 0.645153 0.336788 0.602429 0.347365 0.549877 0.311692 0.542626 0.422888 0.562992 0.42267 0.590187 0.459072 0.590407 0.65393 0.360095 0.607076 0.394959 0.658369 0.45369 0.459288 0.563425 0.459087 0.65014 0.422686 0.65036 0.383571 0.575518 0.383505 0.654905 0.347103 0.654988 0.693932 0.915632 0.712136 0.989366 0.775519 0.916894 0.712136 0.989366 0.802705 0.987909 0.783488 0.922823 0.775519 0.916894 0.783488 0.922823 0.780284 0.918852 0.408641 0.558884 0.408285 0.522482 0.39201 0.522507 0.245763 0.451899 0.216517 0.363644 0.152949 0.416801 0.407605 0.683572 0.407713 0.719974 0.411231 0.719973 0.408285 0.522482 0.408641 0.558884 0.412159 0.55887 0.422562 0.622765 0.458965 0.622749 0.459072 0.590407 0.459087 0.65014 0.459075 0.648447 0.422674 0.64867 0.459075 0.648447 0.459067 0.646769 0.422665 0.646996 0.336512 0.604934 0.336545 0.603664 0.299619 0.602586 0.336545 0.603664 0.336788 0.602429 0.299861 0.601348 0.338208 0.643439 0.301287 0.642488 0.301511 0.644191 0.338065 0.641716 0.301144 0.640774 0.301287 0.642488 0.385264 0.588249 0.385147 0.621448 0.421549 0.621447 0.383505 0.654905 0.383475 0.623582 0.347072 0.623578 0.422665 0.646996 0.459067 0.646769 0.458965 0.622749 0.359828 0.719975 0.359907 0.683573 0.356847 0.683571 0.363361 0.522489 0.358814 0.522472 0.358482 0.558874 0.421651 0.650885 0.421549 0.621447 0.385147 0.621448 0.5470001 0.496748 0.623414 0.455183 0.503093 0.410195 0.623414 0.455183 0.56754 0.316464 0.504274 0.400257 0.503093 0.410195 0.504274 0.400257 0.5026 0.405046 0.56754 0.316464 0.564261 0.314148 0.560718 0.316099 0.560718 0.316099 0.504274 0.400257 0.56754 0.316464 0.383491 0.603035 0.347089 0.602975 0.347072 0.623578 0.34329 0.679001 0.30727 0.684265 0.311692 0.542626 0.218354 0.06716197 0.1700969 0.1247709 0.21407 0.05339592 0.1700969 0.1247709 0.161299 0.1262789 0.1700969 0.1247709 0.161299 0.1262789 0.161299 0.1262789 0.1700969 0.1247709 0.1700969 0.1247709 0.218354 0.06716197 0.21407 0.05339592 0.21407 0.05339592 0.195114 0.01309597 0.195114 0.01309597 0.195114 0.01309597 0.187396 0.006494939 0.195114 0.01309597 0.187396 0.006494939 0.187396 0.006494939 0.195114 0.01309597 0.195114 0.01309597 0.21407 0.05339592 0.21407 0.05339592 0.21407 0.05339592 0.21407 0.05339592 0.1700969 0.1247709 0.391848 0.68357 0.407605 0.683572 0.407713 0.719974 0.421651 0.650885 0.421836 0.563287 0.385436 0.562932 0.347089 0.602975 0.347169 0.57537 0.383571 0.575518 0.386938 0.68357 0.386931 0.719972 0.359828 0.719975 0.386938 0.68357 0.391848 0.68357 0.391864 0.719973 0.387086 0.522514 0.39201 0.522507 0.392112 0.55891 0.604378 0.106985 0.596338 0.117201 0.596602 0.03248596 0.336512 0.604934 0.338065 0.641716 0.301144 0.640774 0.387086 0.522514 0.387108 0.558916 0.363097 0.558891 0.421836 0.563287 0.421666 0.588439 0.385264 0.588249 0.30727 0.684265 0.301511 0.644191 0.338432 0.645153 0.311692 0.542626 0.347365 0.549877 0.336788 0.602429 0.422888 0.562992 0.459288 0.563425 0.459072 0.590407 0.65393 0.360095 0.715513 0.423011 0.658369 0.45369 0.459288 0.563425 0.422888 0.562992 0.422686 0.65036 0.383571 0.575518 0.347169 0.57537 0.347103 0.654988 0.802705 0.987909 0.712136 0.989366 0.783488 0.922823 0.712136 0.989366 0.693932 0.915632 0.775519 0.916894 0.783488 0.922823 0.775519 0.916894 0.780284 0.918852 0.39201 0.522507 0.408285 0.522482 0.408641 0.558884 0.245763 0.451899 0.190001 0.496864 0.152949 0.416801 0.407605 0.683572 0.411131 0.683571 0.411231 0.719973 0.411812 0.522469 0.412159 0.55887 0.408641 0.558884 0.459072 0.590407 0.458965 0.622749 0.422562 0.622765 0.422686 0.65036 0.422674 0.64867 0.459075 0.648447 0.422674 0.64867 0.422665 0.646996 0.459067 0.646769 0.299585 0.603862 0.299619 0.602586 0.336545 0.603664 0.336545 0.603664 0.299619 0.602586 0.299861 0.601348 0.301511 0.644191 0.301287 0.642488 0.338208 0.643439 0.301287 0.642488 0.301144 0.640774 0.338065 0.641716 0.385264 0.588249 0.421666 0.588439 0.421549 0.621447 0.383505 0.654905 0.347103 0.654988 0.347072 0.623578 0.458965 0.622749 0.459067 0.646769 0.422665 0.646996 0.35675 0.719974 0.356847 0.683571 0.359907 0.683573 0.358482 0.558874 0.358814 0.522472 0.363361 0.522489 0.421651 0.650885 0.385249 0.651058 0.385147 0.621448 0.56754 0.316464 0.623414 0.455183 0.504274 0.400257 0.623414 0.455183 0.5470001 0.496748 0.503093 0.410195 0.504274 0.400257 0.503093 0.410195 0.5026 0.405046 0.623414 0.455183 0.503093 0.410195 0.504274 0.400257 0.504274 0.400257 0.560718 0.316099 0.56754 0.316464 0.347072 0.623578 0.347089 0.602975 0.383491 0.603035 0.311692 0.542626 0.30727 0.684265 0.34329 0.679001 0.218354 0.06716197 0.1700969 0.1247709 0.21407 0.05339592 0.1700969 0.1247709 0.161299 0.1262789 0.1481519 0.123551 0.1481519 0.123551 0.176639 0.003458917 0.21407 0.05339592 0.176639 0.003458917 0.187396 0.006494939 0.195114 0.01309597 0.195114 0.01309597 0.21407 0.05339592 0.176639 0.003458917 0.407713 0.719974 0.407605 0.683572 0.391848 0.68357 0.385436 0.562932 0.421836 0.563287 0.421651 0.650885 0.383571 0.575518 0.347169 0.57537 0.347089 0.602975 0.386938 0.68357 0.359907 0.683573 0.359828 0.719975 0.386938 0.68357 0.386931 0.719972 0.391864 0.719973 0.387086 0.522514 0.387108 0.558916 0.392112 0.55891 0.604378 0.106985 0.608063 0.0411089 0.596602 0.03248596 0.336512 0.604934 0.299585 0.603862 0.301144 0.640774 0.387086 0.522514 0.363361 0.522489 0.363097 0.558891 0.385264 0.588249 0.421666 0.588439 0.421836 0.563287 0.30727 0.684265 0.34329 0.679001 0.338432 0.645153 0.336788 0.602429 0.347365 0.549877 0.311692 0.542626 0.422888 0.562992 0.42267 0.590187 0.459072 0.590407 0.65393 0.360095 0.607076 0.394959 0.658369 0.45369 0.459288 0.563425 0.459087 0.65014 0.422686 0.65036 0.383571 0.575518 0.383505 0.654905 0.347103 0.654988 0.693932 0.915632 0.712136 0.989366 0.775519 0.916894 0.712136 0.989366 0.802705 0.987909 0.783488 0.922823 0.775519 0.916894 0.783488 0.922823 0.780284 0.918852 0.408641 0.558884 0.408285 0.522482 0.39201 0.522507 0.245763 0.451899 0.216517 0.363644 0.152949 0.416801 0.407605 0.683572 0.407713 0.719974 0.411231 0.719973 0.408641 0.558884 0.412159 0.55887 0.411812 0.522469 0.422562 0.622765 0.458965 0.622749 0.459072 0.590407 0.459075 0.648447 0.422674 0.64867 0.422686 0.65036 0.459067 0.646769 0.422665 0.646996 0.422674 0.64867 0.336545 0.603664 0.299619 0.602586 0.299585 0.603862 0.336545 0.603664 0.336788 0.602429 0.299861 0.601348 0.338208 0.643439 0.301287 0.642488 0.301511 0.644191 0.338065 0.641716 0.301144 0.640774 0.301287 0.642488 0.385264 0.588249 0.385147 0.621448 0.421549 0.621447 0.383505 0.654905 0.383475 0.623582 0.347072 0.623578 0.422665 0.646996 0.459067 0.646769 0.458965 0.622749 0.359907 0.683573 0.356847 0.683571 0.35675 0.719974 0.363361 0.522489 0.358814 0.522472 0.358482 0.558874 0.421651 0.650885 0.421549 0.621447 0.385147 0.621448 0.5470001 0.496748 0.623414 0.455183 0.503093 0.410195 0.623414 0.455183 0.56754 0.316464 0.504274 0.400257 0.503093 0.410195 0.504274 0.400257 0.5026 0.405046 0.56754 0.316464 0.564261 0.314148 0.560718 0.316099 0.560718 0.316099 0.504274 0.400257 0.56754 0.316464 0.383491 0.603035 0.347089 0.602975 0.347072 0.623578 0.34329 0.679001 0.30727 0.684265 0.311692 0.542626 0.195114 0.01309597 0.21407 0.05339592 0.176639 0.003458917 0.21407 0.05339592 0.161299 0.1262789 0.1481519 0.123551 0.176639 0.003458917 0.21407 0.05339592 0.1481519 0.123551 0.391864 0.719973 0.391848 0.68357 0.407605 0.683572 0.421651 0.650885 0.421836 0.563287 0.385436 0.562932 0.347089 0.602975 0.347169 0.57537 0.383571 0.575518 0.386931 0.719972 0.359828 0.719975 0.359907 0.683573 0.386938 0.68357 0.391848 0.68357 0.391864 0.719973 0.39201 0.522507 0.392112 0.55891 0.387108 0.558916 0.596338 0.117201 0.604378 0.106985 0.58471 0.123089 0.604378 0.106985 0.608063 0.0411089 0.596602 0.03248596 0.596602 0.03248596 0.555512 0.01144891 0.534979 0.01511591 0.555512 0.01144891 0.545372 0.01085692 0.534979 0.01511591 0.534979 0.01511591 0.58471 0.123089 0.596602 0.03248596 0.336512 0.604934 0.338065 0.641716 0.301144 0.640774 0.387108 0.558916 0.363097 0.558891 0.363361 0.522489 0.385436 0.562932 0.421836 0.563287 0.421666 0.588439 0.30727 0.684265 0.301511 0.644191 0.338432 0.645153 0.311692 0.542626 0.347365 0.549877 0.336788 0.602429 0.422888 0.562992 0.459288 0.563425 0.459072 0.590407 0.65393 0.360095 0.715513 0.423011 0.658369 0.45369 0.459288 0.563425 0.422888 0.562992 0.422686 0.65036 0.383571 0.575518 0.347169 0.57537 0.347103 0.654988 0.802705 0.987909 0.712136 0.989366 0.783488 0.922823 0.712136 0.989366 0.693932 0.915632 0.775519 0.916894 0.783488 0.922823 0.775519 0.916894 0.780284 0.918852 0.161299 0.1262789 0.21407 0.05339592 0.218354 0.06716197 0.392112 0.55891 0.39201 0.522507 0.408285 0.522482 0.245763 0.451899 0.190001 0.496864 0.152949 0.416801 0.411131 0.683571 0.411231 0.719973 0.407713 0.719974 0.408285 0.522482 0.411812 0.522469 0.412159 0.55887 0.459072 0.590407 0.458965 0.622749 0.422562 0.622765 0.422686 0.65036 0.422674 0.64867 0.459075 0.648447 0.422674 0.64867 0.422665 0.646996 0.459067 0.646769 0.336512 0.604934 0.299585 0.603862 0.299619 0.602586 0.336545 0.603664 0.299619 0.602586 0.299861 0.601348 0.301511 0.644191 0.301287 0.642488 0.338208 0.643439 0.301287 0.642488 0.301144 0.640774 0.338065 0.641716 0.385264 0.588249 0.421666 0.588439 0.421549 0.621447 0.383505 0.654905 0.347103 0.654988 0.347072 0.623578 0.458965 0.622749 0.459067 0.646769 0.422665 0.646996 0.35675 0.719974 0.356847 0.683571 0.359907 0.683573 0.358482 0.558874 0.358814 0.522472 0.363361 0.522489 0.421651 0.650885 0.385249 0.651058 0.385147 0.621448 0.56754 0.316464 0.623414 0.455183 0.504274 0.400257 0.623414 0.455183 0.5470001 0.496748 0.503093 0.410195 0.504274 0.400257 0.503093 0.410195 0.5026 0.405046 0.623414 0.455183 0.503093 0.410195 0.504274 0.400257 0.504274 0.400257 0.560718 0.316099 0.56754 0.316464 0.347072 0.623578 0.347089 0.602975 0.383491 0.603035 0.311692 0.542626 0.30727 0.684265 0.34329 0.679001 0.161299 0.1262789 0.21407 0.05339592 0.1481519 0.123551 0.21407 0.05339592 0.195114 0.01309597 0.176639 0.003458917 0.195114 0.01309597 0.187396 0.006494939 0.176639 0.003458917 0.391864 0.719973 0.407713 0.719974 0.407605 0.683572 0.385436 0.562932 0.421836 0.563287 0.421651 0.650885 0.383571 0.575518 0.347169 0.57537 0.347089 0.602975 0.359907 0.683573 0.359828 0.719975 0.386931 0.719972 0.386938 0.68357 0.386931 0.719972 0.391864 0.719973 0.387108 0.558916 0.392112 0.55891 0.39201 0.522507 0.336512 0.604934 0.299585 0.603862 0.301144 0.640774 0.363361 0.522489 0.363097 0.558891 0.387108 0.558916 0.385436 0.562932 0.385264 0.588249 0.421666 0.588439 0.30727 0.684265 0.34329 0.679001 0.338432 0.645153 0.336788 0.602429 0.347365 0.549877 0.311692 0.542626 0.422888 0.562992 0.42267 0.590187 0.459072 0.590407 0.65393 0.360095 0.607076 0.394959 0.658369 0.45369 0.459288 0.563425 0.459087 0.65014 0.422686 0.65036 0.383571 0.575518 0.383505 0.654905 0.347103 0.654988 0.693932 0.915632 0.712136 0.989366 0.775519 0.916894 0.712136 0.989366 0.802705 0.987909 0.783488 0.922823 0.775519 0.916894 0.783488 0.922823 0.780284 0.918852 0.218354 0.06716197 0.21407 0.05339592 0.161299 0.1262789 0.392112 0.55891 0.408641 0.558884 0.408285 0.522482 0.245763 0.451899 0.216517 0.363644 0.152949 0.416801 0.407713 0.719974 0.411231 0.719973 0.411131 0.683571 0.408285 0.522482 0.408641 0.558884 0.412159 0.55887 0.422562 0.622765 0.458965 0.622749 0.459072 0.590407 0.459075 0.648447 0.422674 0.64867 0.422686 0.65036 0.459067 0.646769 0.422665 0.646996 0.422674 0.64867 0.336512 0.604934 0.336545 0.603664 0.299619 0.602586 0.336545 0.603664 0.336788 0.602429 0.299861 0.601348 0.338208 0.643439 0.301287 0.642488 0.301511 0.644191 0.338065 0.641716 0.301144 0.640774 0.301287 0.642488 0.385264 0.588249 0.385147 0.621448 0.421549 0.621447 0.383505 0.654905 0.383475 0.623582 0.347072 0.623578 0.422665 0.646996 0.459067 0.646769 0.458965 0.622749 0.359907 0.683573 0.356847 0.683571 0.35675 0.719974 0.363361 0.522489 0.358814 0.522472 0.358482 0.558874 0.421651 0.650885 0.421549 0.621447 0.385147 0.621448 0.5470001 0.496748 0.623414 0.455183 0.503093 0.410195 0.623414 0.455183 0.56754 0.316464 0.504274 0.400257 0.503093 0.410195 0.504274 0.400257 0.5026 0.405046 0.56754 0.316464 0.564261 0.314148 0.560718 0.316099 0.560718 0.316099 0.504274 0.400257 0.56754 0.316464 0.383491 0.603035 0.347089 0.602975 0.347072 0.623578 0.34329 0.679001 0.30727 0.684265 0.311692 0.542626 0.161299 0.1262789 0.1700969 0.1247709 0.1481519 0.123551 0.1700969 0.1247709 0.218354 0.06716197 0.21407 0.05339592 0.21407 0.05339592 0.195114 0.01309597 0.176639 0.003458917 0.195114 0.01309597 0.187396 0.006494939 0.176639 0.003458917 0.176639 0.003458917 0.1481519 0.123551 0.21407 0.05339592 0.391848 0.68357 0.407605 0.683572 0.407713 0.719974 0.421651 0.650885 0.421836 0.563287 0.385436 0.562932 0.347089 0.602975 0.347169 0.57537 0.383571 0.575518 0.386938 0.68357 0.386931 0.719972 0.359828 0.719975 0.391848 0.68357 0.391864 0.719973 0.386931 0.719972 0.387086 0.522514 0.39201 0.522507 0.392112 0.55891 0.218354 0.06716197 0.1700969 0.1247709 0.21407 0.05339592 0.1700969 0.1247709 0.161299 0.1262789 0.1481519 0.123551 0.1481519 0.123551 0.176639 0.003458917 0.21407 0.05339592 0.176639 0.003458917 0.187396 0.006494939 0.195114 0.01309597 0.195114 0.01309597 0.21407 0.05339592 0.176639 0.003458917 0.604378 0.106985 0.596338 0.117201 0.596602 0.03248596 0.336512 0.604934 0.338065 0.641716 0.301144 0.640774 0.387086 0.522514 0.387108 0.558916 0.363097 0.558891 0.421836 0.563287 0.421666 0.588439 0.385264 0.588249 0.30727 0.684265 0.301511 0.644191 0.338432 0.645153 0.311692 0.542626 0.347365 0.549877 0.336788 0.602429 0.422888 0.562992 0.459288 0.563425 0.459072 0.590407 0.411812 0.522469 0.411812 0.522469 0.412159 0.55887 0.65393 0.360095 0.715513 0.423011 0.658369 0.45369 0.459288 0.563425 0.422888 0.562992 0.422686 0.65036 0.383571 0.575518 0.347169 0.57537 0.347103 0.654988 0.802705 0.987909 0.712136 0.989366 0.783488 0.922823 0.712136 0.989366 0.693932 0.915632 0.775519 0.916894 0.783488 0.922823 0.775519 0.916894 0.780284 0.918852 0.39201 0.522507 0.408285 0.522482 0.408641 0.558884 0.245763 0.451899 0.190001 0.496864 0.152949 0.416801 0.407605 0.683572 0.411131 0.683571 0.411231 0.719973 0.408285 0.522482 0.411812 0.522469 0.412159 0.55887 0.459072 0.590407 0.458965 0.622749 0.422562 0.622765 0.459087 0.65014 0.422686 0.65036 0.422674 0.64867 0.459075 0.648447 0.422674 0.64867 0.422665 0.646996 0.336512 0.604934 0.299585 0.603862 0.299619 0.602586 0.336545 0.603664 0.299619 0.602586 0.299861 0.601348 0.301511 0.644191 0.301287 0.642488 0.338208 0.643439 0.301287 0.642488 0.301144 0.640774 0.338065 0.641716 0.385264 0.588249 0.421666 0.588439 0.421549 0.621447 0.383505 0.654905 0.347103 0.654988 0.347072 0.623578 0.458965 0.622749 0.459067 0.646769 0.422665 0.646996 0.359828 0.719975 0.35675 0.719974 0.356847 0.683571 0.363097 0.558891 0.358482 0.558874 0.358814 0.522472 0.421651 0.650885 0.385249 0.651058 0.385147 0.621448 0.56754 0.316464 0.623414 0.455183 0.504274 0.400257 0.623414 0.455183 0.5470001 0.496748 0.503093 0.410195 0.504274 0.400257 0.503093 0.410195 0.5026 0.405046 0.623414 0.455183 0.503093 0.410195 0.504274 0.400257 0.504274 0.400257 0.560718 0.316099 0.56754 0.316464 0.347072 0.623578 0.347089 0.602975 0.383491 0.603035 0.311692 0.542626 0.30727 0.684265 0.34329 0.679001 0.407713 0.719974 0.407605 0.683572 0.391848 0.68357 0.385436 0.562932 0.421836 0.563287 0.421651 0.650885 0.383571 0.575518 0.347169 0.57537 0.347089 0.602975 0.386938 0.68357 0.359907 0.683573 0.359828 0.719975 0.386931 0.719972 0.391864 0.719973 0.391848 0.68357 0.387086 0.522514 0.387108 0.558916 0.392112 0.55891 0.604378 0.106985 0.608063 0.0411089 0.596602 0.03248596 0.336512 0.604934 0.299585 0.603862 0.301144 0.640774 0.387086 0.522514 0.363361 0.522489 0.363097 0.558891 0.385264 0.588249 0.421666 0.588439 0.421836 0.563287 0.30727 0.684265 0.34329 0.679001 0.338432 0.645153 0.336788 0.602429 0.347365 0.549877 0.311692 0.542626 0.422888 0.562992 0.42267 0.590187 0.459072 0.590407 0.65393 0.360095 0.607076 0.394959 0.658369 0.45369 0.459288 0.563425 0.459087 0.65014 0.422686 0.65036 0.383571 0.575518 0.383505 0.654905 0.347103 0.654988 0.693932 0.915632 0.712136 0.989366 0.775519 0.916894 0.712136 0.989366 0.802705 0.987909 0.783488 0.922823 0.775519 0.916894 0.783488 0.922823 0.780284 0.918852 0.408641 0.558884 0.408285 0.522482 0.39201 0.522507 0.245763 0.451899 0.216517 0.363644 0.152949 0.416801 0.407605 0.683572 0.407713 0.719974 0.411231 0.719973 0.408285 0.522482 0.408641 0.558884 0.412159 0.55887 0.422562 0.622765 0.458965 0.622749 0.459072 0.590407 0.459087 0.65014 0.459075 0.648447 0.422674 0.64867 0.459075 0.648447 0.459067 0.646769 0.422665 0.646996 0.336512 0.604934 0.336545 0.603664 0.299619 0.602586 0.336545 0.603664 0.336788 0.602429 0.299861 0.601348 0.338208 0.643439 0.301287 0.642488 0.301511 0.644191 0.338065 0.641716 0.301144 0.640774 0.301287 0.642488 0.385264 0.588249 0.385147 0.621448 0.421549 0.621447 0.383505 0.654905 0.383475 0.623582 0.347072 0.623578 0.422665 0.646996 0.459067 0.646769 0.458965 0.622749 0.359828 0.719975 0.359907 0.683573 0.356847 0.683571 0.363097 0.558891 0.363361 0.522489 0.358814 0.522472 0.421651 0.650885 0.421549 0.621447 0.385147 0.621448 0.5470001 0.496748 0.623414 0.455183 0.503093 0.410195 0.623414 0.455183 0.56754 0.316464 0.504274 0.400257 0.503093 0.410195 0.504274 0.400257 0.5026 0.405046 0.56754 0.316464 0.564261 0.314148 0.560718 0.316099 0.560718 0.316099 0.504274 0.400257 0.56754 0.316464 0.383491 0.603035 0.347089 0.602975 0.347072 0.623578 0.34329 0.679001 0.30727 0.684265 0.311692 0.542626 0.596338 0.117201 0.604378 0.106985 0.58471 0.123089 0.604378 0.106985 0.608063 0.0411089 0.596602 0.03248596 0.596602 0.03248596 0.555512 0.01144891 0.534979 0.01511591 0.555512 0.01144891 0.545372 0.01085692 0.534979 0.01511591 0.534979 0.01511591 0.58471 0.123089 0.596602 0.03248596 0.391848 0.68357 0.407605 0.683572 0.407713 0.719974 0.421651 0.650885 0.421836 0.563287 0.385436 0.562932 0.411812 0.522469 0.415724 0.522439 0.412159 0.55887 0.415724 0.522439 0.411812 0.522469 0.412159 0.55887 0.347089 0.602975 0.347169 0.57537 0.383571 0.575518 0.386938 0.68357 0.386931 0.719972 0.359828 0.719975 0.386938 0.68357 0.391848 0.68357 0.391864 0.719973 0.387086 0.522514 0.39201 0.522507 0.392112 0.55891 0.218354 0.06716197 0.1700969 0.1247709 0.21407 0.05339592 0.1700969 0.1247709 0.161299 0.1262789 0.1481519 0.123551 0.1481519 0.123551 0.176639 0.003458917 0.21407 0.05339592 0.176639 0.003458917 0.187396 0.006494939 0.195114 0.01309597 0.195114 0.01309597 0.21407 0.05339592 0.176639 0.003458917 0.336512 0.604934 0.338065 0.641716 0.301144 0.640774 0.387086 0.522514 0.387108 0.558916 0.363097 0.558891 0.421836 0.563287 0.421666 0.588439 0.385264 0.588249 0.30727 0.684265 0.301511 0.644191 0.338432 0.645153 0.311692 0.542626 0.347365 0.549877 0.336788 0.602429 0.422888 0.562992 0.459288 0.563425 0.459072 0.590407 0.411131 0.683571 0.415025 0.683566 0.411231 0.719973 0.415025 0.683566 0.411131 0.683571 0.411231 0.719973 0.65393 0.360095 0.715513 0.423011 0.658369 0.45369 0.459288 0.563425 0.422888 0.562992 0.422686 0.65036 0.383571 0.575518 0.347169 0.57537 0.347103 0.654988 0.802705 0.987909 0.712136 0.989366 0.783488 0.922823 0.712136 0.989366 0.693932 0.915632 0.775519 0.916894 0.783488 0.922823 0.775519 0.916894 0.780284 0.918852 0.39201 0.522507 0.408285 0.522482 0.408641 0.558884 0.245763 0.451899 0.190001 0.496864 0.152949 0.416801 0.407605 0.683572 0.411131 0.683571 0.411231 0.719973 0.408285 0.522482 0.411812 0.522469 0.412159 0.55887 0.459072 0.590407 0.458965 0.622749 0.422562 0.622765 0.422686 0.65036 0.422674 0.64867 0.459075 0.648447 0.422674 0.64867 0.422665 0.646996 0.459067 0.646769 0.299585 0.603862 0.299619 0.602586 0.336545 0.603664 0.336545 0.603664 0.299619 0.602586 0.299861 0.601348 0.301511 0.644191 0.301287 0.642488 0.338208 0.643439 0.301287 0.642488 0.301144 0.640774 0.338065 0.641716 0.385264 0.588249 0.421666 0.588439 0.421549 0.621447 0.383505 0.654905 0.347103 0.654988 0.347072 0.623578 0.458965 0.622749 0.459067 0.646769 0.422665 0.646996 0.35675 0.719974 0.356847 0.683571 0.359907 0.683573 0.358482 0.558874 0.358814 0.522472 0.363361 0.522489 0.421651 0.650885 0.385249 0.651058 0.385147 0.621448 0.56754 0.316464 0.623414 0.455183 0.504274 0.400257 0.623414 0.455183 0.5470001 0.496748 0.503093 0.410195 0.504274 0.400257 0.503093 0.410195 0.5026 0.405046 0.623414 0.455183 0.503093 0.410195 0.504274 0.400257 0.504274 0.400257 0.560718 0.316099 0.56754 0.316464 0.347072 0.623578 0.347089 0.602975 0.383491 0.603035 0.311692 0.542626 0.30727 0.684265 0.34329 0.679001 0.407713 0.719974 0.407605 0.683572 0.391848 0.68357 0.385436 0.562932 0.421836 0.563287 0.421651 0.650885 0.383571 0.575518 0.347169 0.57537 0.347089 0.602975 0.386938 0.68357 0.359907 0.683573 0.359828 0.719975 0.386938 0.68357 0.386931 0.719972 0.391864 0.719973 0.387086 0.522514 0.387108 0.558916 0.392112 0.55891 0.161299 0.1262789 0.1700969 0.1247709 0.1481519 0.123551 0.1700969 0.1247709 0.218354 0.06716197 0.21407 0.05339592 0.21407 0.05339592 0.195114 0.01309597 0.176639 0.003458917 0.195114 0.01309597 0.187396 0.006494939 0.176639 0.003458917 0.176639 0.003458917 0.1481519 0.123551 0.21407 0.05339592 0.336512 0.604934 0.299585 0.603862 0.301144 0.640774 0.387086 0.522514 0.363361 0.522489 0.363097 0.558891 0.385264 0.588249 0.421666 0.588439 0.421836 0.563287 0.30727 0.684265 0.34329 0.679001 0.338432 0.645153 0.336788 0.602429 0.347365 0.549877 0.311692 0.542626 0.422888 0.562992 0.42267 0.590187 0.459072 0.590407 0.65393 0.360095 0.607076 0.394959 0.658369 0.45369 0.459288 0.563425 0.459087 0.65014 0.422686 0.65036 0.383571 0.575518 0.383505 0.654905 0.347103 0.654988 0.693932 0.915632 0.712136 0.989366 0.775519 0.916894 0.712136 0.989366 0.802705 0.987909 0.783488 0.922823 0.775519 0.916894 0.783488 0.922823 0.780284 0.918852 0.408641 0.558884 0.408285 0.522482 0.39201 0.522507 0.245763 0.451899 0.216517 0.363644 0.152949 0.416801 0.407605 0.683572 0.407713 0.719974 0.411231 0.719973 0.408285 0.522482 0.408641 0.558884 0.412159 0.55887 0.422562 0.622765 0.458965 0.622749 0.459072 0.590407 0.459075 0.648447 0.422674 0.64867 0.422686 0.65036 0.459067 0.646769 0.422665 0.646996 0.422674 0.64867 0.336545 0.603664 0.299619 0.602586 0.299585 0.603862 0.336545 0.603664 0.336788 0.602429 0.299861 0.601348 0.338208 0.643439 0.301287 0.642488 0.301511 0.644191 0.338065 0.641716 0.301144 0.640774 0.301287 0.642488 0.385264 0.588249 0.385147 0.621448 0.421549 0.621447 0.383505 0.654905 0.383475 0.623582 0.347072 0.623578 0.422665 0.646996 0.459067 0.646769 0.458965 0.622749 0.359907 0.683573 0.356847 0.683571 0.35675 0.719974 0.363361 0.522489 0.358814 0.522472 0.358482 0.558874 0.421651 0.650885 0.421549 0.621447 0.385147 0.621448 0.5470001 0.496748 0.623414 0.455183 0.503093 0.410195 0.623414 0.455183 0.56754 0.316464 0.504274 0.400257 0.503093 0.410195 0.504274 0.400257 0.5026 0.405046 0.56754 0.316464 0.564261 0.314148 0.560718 0.316099 0.560718 0.316099 0.504274 0.400257 0.56754 0.316464 0.383491 0.603035 0.347089 0.602975 0.347072 0.623578 0.34329 0.679001 0.30727 0.684265 0.311692 0.542626 0.195114 0.01309597 0.21407 0.05339592 0.176639 0.003458917 0.21407 0.05339592 0.161299 0.1262789 0.1481519 0.123551 0.176639 0.003458917 0.21407 0.05339592 0.1481519 0.123551 0.391848 0.68357 0.407605 0.683572 0.407713 0.719974 0.421651 0.650885 0.421836 0.563287 0.385436 0.562932 0.347089 0.602975 0.347169 0.57537 0.383571 0.575518 0.386931 0.719972 0.359828 0.719975 0.359907 0.683573 0.386938 0.68357 0.391848 0.68357 0.391864 0.719973 0.39201 0.522507 0.392112 0.55891 0.387108 0.558916 0.356847 0.683571 0.356847 0.683571 0.35675 0.719974 0.336512 0.604934 0.338065 0.641716 0.301144 0.640774 0.387108 0.558916 0.363097 0.558891 0.363361 0.522489 0.385436 0.562932 0.421836 0.563287 0.421666 0.588439 0.30727 0.684265 0.301511 0.644191 0.338432 0.645153 0.311692 0.542626 0.347365 0.549877 0.336788 0.602429 0.422888 0.562992 0.459288 0.563425 0.459072 0.590407 0.65393 0.360095 0.715513 0.423011 0.658369 0.45369 0.459288 0.563425 0.422888 0.562992 0.422686 0.65036 0.383571 0.575518 0.347169 0.57537 0.347103 0.654988 0.802705 0.987909 0.712136 0.989366 0.783488 0.922823 0.712136 0.989366 0.693932 0.915632 0.775519 0.916894 0.783488 0.922823 0.775519 0.916894 0.780284 0.918852 0.161299 0.1262789 0.21407 0.05339592 0.218354 0.06716197 0.392112 0.55891 0.39201 0.522507 0.408285 0.522482 0.245763 0.451899 0.190001 0.496864 0.152949 0.416801 0.411131 0.683571 0.411231 0.719973 0.407713 0.719974 0.411812 0.522469 0.412159 0.55887 0.408641 0.558884 0.459072 0.590407 0.458965 0.622749 0.422562 0.622765 0.422686 0.65036 0.422674 0.64867 0.459075 0.648447 0.422674 0.64867 0.422665 0.646996 0.459067 0.646769 0.299585 0.603862 0.299619 0.602586 0.336545 0.603664 0.336545 0.603664 0.299619 0.602586 0.299861 0.601348 0.301511 0.644191 0.301287 0.642488 0.338208 0.643439 0.301287 0.642488 0.301144 0.640774 0.338065 0.641716 0.385264 0.588249 0.421666 0.588439 0.421549 0.621447 0.383505 0.654905 0.347103 0.654988 0.347072 0.623578 0.458965 0.622749 0.459067 0.646769 0.422665 0.646996 0.35675 0.719974 0.356847 0.683571 0.359907 0.683573 0.358482 0.558874 0.358814 0.522472 0.363361 0.522489 0.421651 0.650885 0.385249 0.651058 0.385147 0.621448 0.56754 0.316464 0.623414 0.455183 0.504274 0.400257 0.623414 0.455183 0.5470001 0.496748 0.503093 0.410195 0.504274 0.400257 0.503093 0.410195 0.5026 0.405046 0.623414 0.455183 0.503093 0.410195 0.504274 0.400257 0.504274 0.400257 0.560718 0.316099 0.56754 0.316464 0.347072 0.623578 0.347089 0.602975 0.383491 0.603035 0.311692 0.542626 0.30727 0.684265 0.34329 0.679001 0.161299 0.1262789 0.21407 0.05339592 0.1481519 0.123551 0.21407 0.05339592 0.195114 0.01309597 0.176639 0.003458917 0.195114 0.01309597 0.187396 0.006494939 0.176639 0.003458917 0.407713 0.719974 0.407605 0.683572 0.391848 0.68357 0.385436 0.562932 0.421836 0.563287 0.421651 0.650885 0.383571 0.575518 0.347169 0.57537 0.347089 0.602975 0.359907 0.683573 0.359828 0.719975 0.386931 0.719972 0.386938 0.68357 0.386931 0.719972 0.391864 0.719973 0.387108 0.558916 0.392112 0.55891 0.39201 0.522507 0.608063 0.0411089 0.604378 0.106985 0.596602 0.03248596 0.604378 0.106985 0.596338 0.117201 0.58471 0.123089 0.58471 0.123089 0.534979 0.01511591 0.596602 0.03248596 0.534979 0.01511591 0.545372 0.01085692 0.555512 0.01144891 0.555512 0.01144891 0.596602 0.03248596 0.534979 0.01511591 0.336512 0.604934 0.299585 0.603862 0.301144 0.640774 0.363361 0.522489 0.363097 0.558891 0.387108 0.558916 0.385436 0.562932 0.385264 0.588249 0.421666 0.588439 0.30727 0.684265 0.34329 0.679001 0.338432 0.645153 0.336788 0.602429 0.347365 0.549877 0.311692 0.542626 0.422888 0.562992 0.42267 0.590187 0.459072 0.590407 0.65393 0.360095 0.607076 0.394959 0.658369 0.45369 0.459288 0.563425 0.459087 0.65014 0.422686 0.65036 0.383571 0.575518 0.383505 0.654905 0.347103 0.654988 0.693932 0.915632 0.712136 0.989366 0.775519 0.916894 0.712136 0.989366 0.802705 0.987909 0.783488 0.922823 0.775519 0.916894 0.783488 0.922823 0.780284 0.918852 0.218354 0.06716197 0.21407 0.05339592 0.161299 0.1262789 0.392112 0.55891 0.408641 0.558884 0.408285 0.522482 0.245763 0.451899 0.216517 0.363644 0.152949 0.416801 0.407713 0.719974 0.411231 0.719973 0.411131 0.683571 0.408641 0.558884 0.412159 0.55887 0.411812 0.522469 0.422562 0.622765 0.458965 0.622749 0.459072 0.590407 0.459075 0.648447 0.422674 0.64867 0.422686 0.65036 0.459067 0.646769 0.422665 0.646996 0.422674 0.64867 0.336545 0.603664 0.299619 0.602586 0.299585 0.603862 0.336545 0.603664 0.336788 0.602429 0.299861 0.601348 0.338208 0.643439 0.301287 0.642488 0.301511 0.644191 0.338065 0.641716 0.301144 0.640774 0.301287 0.642488 0.385264 0.588249 0.385147 0.621448 0.421549 0.621447 0.383505 0.654905 0.383475 0.623582 0.347072 0.623578 0.422665 0.646996 0.459067 0.646769 0.458965 0.622749 0.359907 0.683573 0.356847 0.683571 0.35675 0.719974 0.363361 0.522489 0.358814 0.522472 0.358482 0.558874 0.421651 0.650885 0.421549 0.621447 0.385147 0.621448 0.5470001 0.496748 0.623414 0.455183 0.503093 0.410195 0.623414 0.455183 0.56754 0.316464 0.504274 0.400257 0.503093 0.410195 0.504274 0.400257 0.5026 0.405046 0.56754 0.316464 0.564261 0.314148 0.560718 0.316099 0.560718 0.316099 0.504274 0.400257 0.56754 0.316464 0.383491 0.603035 0.347089 0.602975 0.347072 0.623578 0.34329 0.679001 0.30727 0.684265 0.311692 0.542626 0.161299 0.1262789 0.1700969 0.1247709 0.1481519 0.123551 0.1700969 0.1247709 0.218354 0.06716197 0.21407 0.05339592 0.21407 0.05339592 0.195114 0.01309597 0.176639 0.003458917 0.195114 0.01309597 0.187396 0.006494939 0.176639 0.003458917 0.176639 0.003458917 0.1481519 0.123551 0.21407 0.05339592 0.391864 0.719973 0.391848 0.68357 0.407605 0.683572 0.421651 0.650885 0.421836 0.563287 0.385436 0.562932 0.347089 0.602975 0.347169 0.57537 0.383571 0.575518 0.386938 0.68357 0.386931 0.719972 0.359828 0.719975 0.391848 0.68357 0.391864 0.719973 0.386931 0.719972 0.387086 0.522514 0.39201 0.522507 0.392112 0.55891 0.604378 0.106985 0.596338 0.117201 0.596602 0.03248596 0.336512 0.604934 0.338065 0.641716 0.301144 0.640774 0.387086 0.522514 0.387108 0.558916 0.363097 0.558891 0.421836 0.563287 0.421666 0.588439 0.385264 0.588249 0.30727 0.684265 0.301511 0.644191 0.338432 0.645153 0.311692 0.542626 0.347365 0.549877 0.336788 0.602429 0.422888 0.562992 0.459288 0.563425 0.459072 0.590407 0.65393 0.360095 0.715513 0.423011 0.658369 0.45369 0.459288 0.563425 0.422888 0.562992 0.422686 0.65036 0.383571 0.575518 0.347169 0.57537 0.347103 0.654988 0.802705 0.987909 0.712136 0.989366 0.783488 0.922823 0.712136 0.989366 0.693932 0.915632 0.775519 0.916894 0.783488 0.922823 0.775519 0.916894 0.780284 0.918852 0.39201 0.522507 0.408285 0.522482 0.408641 0.558884 0.245763 0.451899 0.190001 0.496864 0.152949 0.416801 0.407605 0.683572 0.411131 0.683571 0.411231 0.719973 0.408285 0.522482 0.411812 0.522469 0.412159 0.55887 0.459072 0.590407 0.458965 0.622749 0.422562 0.622765 0.459087 0.65014 0.422686 0.65036 0.422674 0.64867 0.459075 0.648447 0.422674 0.64867 0.422665 0.646996 0.336512 0.604934 0.299585 0.603862 0.299619 0.602586 0.336545 0.603664 0.299619 0.602586 0.299861 0.601348 0.301511 0.644191 0.301287 0.642488 0.338208 0.643439 0.301287 0.642488 0.301144 0.640774 0.338065 0.641716 0.385264 0.588249 0.421666 0.588439 0.421549 0.621447 0.383505 0.654905 0.347103 0.654988 0.347072 0.623578 0.422562 0.622765 0.458965 0.622749 0.459067 0.646769 0.35675 0.719974 0.356847 0.683571 0.359907 0.683573 0.363097 0.558891 0.358482 0.558874 0.358814 0.522472 0.421651 0.650885 0.385249 0.651058 0.385147 0.621448 0.56754 0.316464 0.623414 0.455183 0.504274 0.400257 0.623414 0.455183 0.5470001 0.496748 0.503093 0.410195 0.504274 0.400257 0.503093 0.410195 0.5026 0.405046 0.623414 0.455183 0.503093 0.410195 0.504274 0.400257 0.504274 0.400257 0.560718 0.316099 0.56754 0.316464 0.347072 0.623578 0.347089 0.602975 0.383491 0.603035 0.311692 0.542626 0.30727 0.684265 0.34329 0.679001 0.391864 0.719973 0.407713 0.719974 0.407605 0.683572 0.385436 0.562932 0.421836 0.563287 0.421651 0.650885 0.383571 0.575518 0.347169 0.57537 0.347089 0.602975 0.386938 0.68357 0.359907 0.683573 0.359828 0.719975 0.386931 0.719972 0.391864 0.719973 0.391848 0.68357 0.387086 0.522514 0.387108 0.558916 0.392112 0.55891 0.604378 0.106985 0.608063 0.0411089 0.596602 0.03248596 0.336512 0.604934 0.299585 0.603862 0.301144 0.640774 0.387086 0.522514 0.363361 0.522489 0.363097 0.558891 0.385264 0.588249 0.421666 0.588439 0.421836 0.563287 0.30727 0.684265 0.34329 0.679001 0.338432 0.645153 0.336788 0.602429 0.347365 0.549877 0.311692 0.542626 0.422888 0.562992 0.42267 0.590187 0.459072 0.590407 0.65393 0.360095 0.607076 0.394959 0.658369 0.45369 0.459288 0.563425 0.459087 0.65014 0.422686 0.65036 0.383571 0.575518 0.383505 0.654905 0.347103 0.654988 0.693932 0.915632 0.712136 0.989366 0.775519 0.916894 0.712136 0.989366 0.802705 0.987909 0.783488 0.922823 0.775519 0.916894 0.783488 0.922823 0.780284 0.918852 0.408641 0.558884 0.408285 0.522482 0.39201 0.522507 0.245763 0.451899 0.216517 0.363644 0.152949 0.416801 0.407605 0.683572 0.407713 0.719974 0.411231 0.719973 0.408285 0.522482 0.408641 0.558884 0.412159 0.55887 0.422562 0.622765 0.458965 0.622749 0.459072 0.590407 0.459087 0.65014 0.459075 0.648447 0.422674 0.64867 0.459075 0.648447 0.459067 0.646769 0.422665 0.646996 0.336512 0.604934 0.336545 0.603664 0.299619 0.602586 0.336545 0.603664 0.336788 0.602429 0.299861 0.601348 0.338208 0.643439 0.301287 0.642488 0.301511 0.644191 0.338065 0.641716 0.301144 0.640774 0.301287 0.642488 0.385264 0.588249 0.385147 0.621448 0.421549 0.621447 0.383505 0.654905 0.383475 0.623582 0.347072 0.623578 0.422562 0.622765 0.422665 0.646996 0.459067 0.646769 0.359907 0.683573 0.356847 0.683571 0.35675 0.719974 0.363097 0.558891 0.363361 0.522489 0.358814 0.522472 0.421651 0.650885 0.421549 0.621447 0.385147 0.621448 0.5470001 0.496748 0.623414 0.455183 0.503093 0.410195 0.623414 0.455183 0.56754 0.316464 0.504274 0.400257 0.503093 0.410195 0.504274 0.400257 0.5026 0.405046 0.56754 0.316464 0.564261 0.314148 0.560718 0.316099 0.560718 0.316099 0.504274 0.400257 0.56754 0.316464 0.383491 0.603035 0.347089 0.602975 0.347072 0.623578 0.34329 0.679001 0.30727 0.684265 0.311692 0.542626 0.161299 0.1262789 0.1700969 0.1247709 0.1481519 0.123551 0.1700969 0.1247709 0.218354 0.06716197 0.21407 0.05339592 0.21407 0.05339592 0.195114 0.01309597 0.176639 0.003458917 0.195114 0.01309597 0.187396 0.006494939 0.176639 0.003458917 0.176639 0.003458917 0.1481519 0.123551 0.21407 0.05339592 0.391848 0.68357 0.407605 0.683572 0.407713 0.719974 0.421651 0.650885 0.421836 0.563287 0.385436 0.562932 0.347089 0.602975 0.347169 0.57537 0.383571 0.575518 0.386938 0.68357 0.386931 0.719972 0.359828 0.719975 0.386938 0.68357 0.391848 0.68357 0.391864 0.719973 0.387086 0.522514 0.39201 0.522507 0.392112 0.55891 0.596338 0.117201 0.604378 0.106985 0.58471 0.123089 0.604378 0.106985 0.608063 0.0411089 0.596602 0.03248596 0.596602 0.03248596 0.555512 0.01144891 0.534979 0.01511591 0.555512 0.01144891 0.545372 0.01085692 0.534979 0.01511591 0.534979 0.01511591 0.58471 0.123089 0.596602 0.03248596 0.336512 0.604934 0.338065 0.641716 0.301144 0.640774 0.387086 0.522514 0.387108 0.558916 0.363097 0.558891 0.421836 0.563287 0.421666 0.588439 0.385264 0.588249 0.30727 0.684265 0.301511 0.644191 0.338432 0.645153 0.311692 0.542626 0.347365 0.549877 0.336788 0.602429 0.422888 0.562992 0.459288 0.563425 0.459072 0.590407 0.356847 0.683571 0.35675 0.719974 0.35675 0.719974 0.65393 0.360095 0.715513 0.423011 0.658369 0.45369 0.459288 0.563425 0.422888 0.562992 0.422686 0.65036 0.383571 0.575518 0.347169 0.57537 0.347103 0.654988 0.802705 0.987909 0.712136 0.989366 0.783488 0.922823 0.712136 0.989366 0.693932 0.915632 0.775519 0.916894 0.783488 0.922823 0.775519 0.916894 0.780284 0.918852 0.39201 0.522507 0.408285 0.522482 0.408641 0.558884 0.245763 0.451899 0.190001 0.496864 0.152949 0.416801 0.407605 0.683572 0.411131 0.683571 0.411231 0.719973 0.408285 0.522482 0.411812 0.522469 0.412159 0.55887 0.459072 0.590407 0.458965 0.622749 0.422562 0.622765 0.459087 0.65014 0.422686 0.65036 0.422674 0.64867 0.422674 0.64867 0.422665 0.646996 0.459067 0.646769 0.299585 0.603862 0.299619 0.602586 0.336545 0.603664 0.336545 0.603664 0.299619 0.602586 0.299861 0.601348 0.301511 0.644191 0.301287 0.642488 0.338208 0.643439 0.301287 0.642488 0.301144 0.640774 0.338065 0.641716 0.385264 0.588249 0.421666 0.588439 0.421549 0.621447 0.383505 0.654905 0.347103 0.654988 0.347072 0.623578 0.458965 0.622749 0.459067 0.646769 0.422665 0.646996 0.35675 0.719974 0.356847 0.683571 0.359907 0.683573 0.358482 0.558874 0.358814 0.522472 0.363361 0.522489 0.421651 0.650885 0.385249 0.651058 0.385147 0.621448 0.56754 0.316464 0.623414 0.455183 0.504274 0.400257 0.623414 0.455183 0.5470001 0.496748 0.503093 0.410195 0.504274 0.400257 0.503093 0.410195 0.5026 0.405046 0.623414 0.455183 0.503093 0.410195 0.504274 0.400257 0.504274 0.400257 0.560718 0.316099 0.56754 0.316464 0.347072 0.623578 0.347089 0.602975 0.383491 0.603035 0.311692 0.542626 0.30727 0.684265 0.34329 0.679001 0.407713 0.719974 0.407605 0.683572 0.391848 0.68357 0.385436 0.562932 0.421836 0.563287 0.421651 0.650885 0.383571 0.575518 0.347169 0.57537 0.347089 0.602975 0.386938 0.68357 0.359907 0.683573 0.359828 0.719975 0.386938 0.68357 0.386931 0.719972 0.391864 0.719973 0.387086 0.522514 0.387108 0.558916 0.392112 0.55891 0.608063 0.0411089 0.604378 0.106985 0.596602 0.03248596 0.604378 0.106985 0.596338 0.117201 0.58471 0.123089 0.58471 0.123089 0.534979 0.01511591 0.596602 0.03248596 0.534979 0.01511591 0.545372 0.01085692 0.555512 0.01144891 0.555512 0.01144891 0.596602 0.03248596 0.534979 0.01511591 0.336512 0.604934 0.299585 0.603862 0.301144 0.640774 0.387086 0.522514 0.363361 0.522489 0.363097 0.558891 0.385264 0.588249 0.421666 0.588439 0.421836 0.563287 0.30727 0.684265 0.34329 0.679001 0.338432 0.645153 0.336788 0.602429 0.347365 0.549877 0.311692 0.542626 0.422888 0.562992 0.42267 0.590187 0.459072 0.590407 0.65393 0.360095 0.607076 0.394959 0.658369 0.45369 0.459288 0.563425 0.459087 0.65014 0.422686 0.65036 0.383571 0.575518 0.383505 0.654905 0.347103 0.654988 0.693932 0.915632 0.712136 0.989366 0.775519 0.916894 0.712136 0.989366 0.802705 0.987909 0.783488 0.922823 0.775519 0.916894 0.783488 0.922823 0.780284 0.918852 0.408641 0.558884 0.408285 0.522482 0.39201 0.522507 0.245763 0.451899 0.216517 0.363644 0.152949 0.416801 0.407605 0.683572 0.407713 0.719974 0.411231 0.719973 0.408285 0.522482 0.408641 0.558884 0.412159 0.55887 0.422562 0.622765 0.458965 0.622749 0.459072 0.590407 0.459087 0.65014 0.459075 0.648447 0.422674 0.64867 0.459067 0.646769 0.422665 0.646996 0.422674 0.64867 0.336545 0.603664 0.299619 0.602586 0.299585 0.603862 0.336545 0.603664 0.336788 0.602429 0.299861 0.601348 0.338208 0.643439 0.301287 0.642488 0.301511 0.644191 0.338065 0.641716 0.301144 0.640774 0.301287 0.642488 0.385264 0.588249 0.385147 0.621448 0.421549 0.621447 0.383505 0.654905 0.383475 0.623582 0.347072 0.623578 0.422665 0.646996 0.459067 0.646769 0.458965 0.622749 0.359907 0.683573 0.356847 0.683571 0.35675 0.719974 0.363361 0.522489 0.358814 0.522472 0.358482 0.558874 0.421651 0.650885 0.421549 0.621447 0.385147 0.621448 0.5470001 0.496748 0.623414 0.455183 0.503093 0.410195 0.623414 0.455183 0.56754 0.316464 0.504274 0.400257 0.503093 0.410195 0.504274 0.400257 0.5026 0.405046 0.56754 0.316464 0.564261 0.314148 0.560718 0.316099 0.560718 0.316099 0.504274 0.400257 0.56754 0.316464 0.383491 0.603035 0.347089 0.602975 0.347072 0.623578 0.34329 0.679001 0.30727 0.684265 0.311692 0.542626 0.195114 0.01309597 0.21407 0.05339592 0.176639 0.003458917 0.21407 0.05339592 0.161299 0.1262789 0.1481519 0.123551 0.176639 0.003458917 0.21407 0.05339592 0.1481519 0.123551 0.391848 0.68357 0.407605 0.683572 0.407713 0.719974 0.421651 0.650885 0.421836 0.563287 0.385436 0.562932 0.347089 0.602975 0.347169 0.57537 0.383571 0.575518 0.386938 0.68357 0.386931 0.719972 0.359828 0.719975 0.386938 0.68357 0.391848 0.68357 0.391864 0.719973 0.387086 0.522514 0.39201 0.522507 0.392112 0.55891 0.555512 0.01144891 0.596602 0.03248596 0.534979 0.01511591 0.596602 0.03248596 0.596338 0.117201 0.58471 0.123089 0.534979 0.01511591 0.596602 0.03248596 0.58471 0.123089 0.604378 0.106985 0.596338 0.117201 0.596602 0.03248596 0.336512 0.604934 0.338065 0.641716 0.301144 0.640774 0.387108 0.558916 0.363097 0.558891 0.363361 0.522489 0.385436 0.562932 0.421836 0.563287 0.421666 0.588439 0.30727 0.684265 0.301511 0.644191 0.338432 0.645153 0.311692 0.542626 0.347365 0.549877 0.336788 0.602429 0.422888 0.562992 0.459288 0.563425 0.459072 0.590407 0.65393 0.360095 0.715513 0.423011 0.658369 0.45369 0.459288 0.563425 0.422888 0.562992 0.422686 0.65036 0.383571 0.575518 0.347169 0.57537 0.347103 0.654988 0.802705 0.987909 0.712136 0.989366 0.783488 0.922823 0.712136 0.989366 0.693932 0.915632 0.775519 0.916894 0.783488 0.922823 0.775519 0.916894 0.780284 0.918852 0.161299 0.1262789 0.21407 0.05339592 0.218354 0.06716197 0.392112 0.55891 0.39201 0.522507 0.408285 0.522482 0.245763 0.451899 0.190001 0.496864 0.152949 0.416801 0.411131 0.683571 0.411231 0.719973 0.407713 0.719974 0.411812 0.522469 0.412159 0.55887 0.408641 0.558884 0.459072 0.590407 0.458965 0.622749 0.422562 0.622765 0.422686 0.65036 0.422674 0.64867 0.459075 0.648447 0.422674 0.64867 0.422665 0.646996 0.459067 0.646769 0.299585 0.603862 0.299619 0.602586 0.336545 0.603664 0.336545 0.603664 0.299619 0.602586 0.299861 0.601348 0.301511 0.644191 0.301287 0.642488 0.338208 0.643439 0.301287 0.642488 0.301144 0.640774 0.338065 0.641716 0.385264 0.588249 0.421666 0.588439 0.421549 0.621447 0.383505 0.654905 0.347103 0.654988 0.347072 0.623578 0.458965 0.622749 0.459067 0.646769 0.422665 0.646996 0.35675 0.719974 0.356847 0.683571 0.359907 0.683573 0.358482 0.558874 0.358814 0.522472 0.363361 0.522489 0.421651 0.650885 0.385249 0.651058 0.385147 0.621448 0.56754 0.316464 0.623414 0.455183 0.504274 0.400257 0.623414 0.455183 0.5470001 0.496748 0.503093 0.410195 0.504274 0.400257 0.503093 0.410195 0.5026 0.405046 0.623414 0.455183 0.503093 0.410195 0.504274 0.400257 0.504274 0.400257 0.560718 0.316099 0.56754 0.316464 0.347072 0.623578 0.347089 0.602975 0.383491 0.603035 0.311692 0.542626 0.30727 0.684265 0.34329 0.679001 0.161299 0.1262789 0.21407 0.05339592 0.1481519 0.123551 0.21407 0.05339592 0.195114 0.01309597 0.176639 0.003458917 0.195114 0.01309597 0.187396 0.006494939 0.176639 0.003458917 0.407713 0.719974 0.407605 0.683572 0.391848 0.68357 0.385436 0.562932 0.421836 0.563287 0.421651 0.650885 0.383571 0.575518 0.347169 0.57537 0.347089 0.602975 0.386938 0.68357 0.359907 0.683573 0.359828 0.719975 0.386938 0.68357 0.386931 0.719972 0.391864 0.719973 0.387086 0.522514 0.387108 0.558916 0.392112 0.55891 0.596338 0.117201 0.596602 0.03248596 0.58471 0.123089 0.596602 0.03248596 0.555512 0.01144891 0.534979 0.01511591 0.555512 0.01144891 0.545372 0.01085692 0.534979 0.01511591 0.604378 0.106985 0.608063 0.0411089 0.596602 0.03248596 0.336512 0.604934 0.299585 0.603862 0.301144 0.640774 0.363361 0.522489 0.363097 0.558891 0.387108 0.558916 0.385436 0.562932 0.385264 0.588249 0.421666 0.588439 0.30727 0.684265 0.34329 0.679001 0.338432 0.645153 0.336788 0.602429 0.347365 0.549877 0.311692 0.542626 0.422888 0.562992 0.42267 0.590187 0.459072 0.590407 0.65393 0.360095 0.607076 0.394959 0.658369 0.45369 0.459288 0.563425 0.459087 0.65014 0.422686 0.65036 0.383571 0.575518 0.383505 0.654905 0.347103 0.654988 0.693932 0.915632 0.712136 0.989366 0.775519 0.916894 0.712136 0.989366 0.802705 0.987909 0.783488 0.922823 0.775519 0.916894 0.783488 0.922823 0.780284 0.918852 0.218354 0.06716197 0.21407 0.05339592 0.161299 0.1262789 0.392112 0.55891 0.408641 0.558884 0.408285 0.522482 0.245763 0.451899 0.216517 0.363644 0.152949 0.416801 0.407713 0.719974 0.411231 0.719973 0.411131 0.683571 0.408641 0.558884 0.412159 0.55887 0.411812 0.522469 0.422562 0.622765 0.458965 0.622749 0.459072 0.590407 0.459075 0.648447 0.422674 0.64867 0.422686 0.65036 0.459067 0.646769 0.422665 0.646996 0.422674 0.64867 0.336545 0.603664 0.299619 0.602586 0.299585 0.603862 0.336545 0.603664 0.336788 0.602429 0.299861 0.601348 0.338208 0.643439 0.301287 0.642488 0.301511 0.644191 0.338065 0.641716 0.301144 0.640774 0.301287 0.642488 0.385264 0.588249 0.385147 0.621448 0.421549 0.621447 0.383505 0.654905 0.383475 0.623582 0.347072 0.623578 0.422665 0.646996 0.459067 0.646769 0.458965 0.622749 0.359907 0.683573 0.356847 0.683571 0.35675 0.719974 0.363361 0.522489 0.358814 0.522472 0.358482 0.558874 0.421651 0.650885 0.421549 0.621447 0.385147 0.621448 0.5470001 0.496748 0.623414 0.455183 0.503093 0.410195 0.623414 0.455183 0.56754 0.316464 0.504274 0.400257 0.503093 0.410195 0.504274 0.400257 0.5026 0.405046 0.56754 0.316464 0.564261 0.314148 0.560718 0.316099 0.560718 0.316099 0.504274 0.400257 0.56754 0.316464 0.383491 0.603035 0.347089 0.602975 0.347072 0.623578 0.34329 0.679001 0.30727 0.684265 0.311692 0.542626 0.391864 0.719973 0.391848 0.68357 0.407605 0.683572 0.421651 0.650885 0.421836 0.563287 0.385436 0.562932 0.347089 0.602975 0.347169 0.57537 0.383571 0.575518 0.386931 0.719972 0.359828 0.719975 0.359907 0.683573 0.391848 0.68357 0.391864 0.719973 0.386931 0.719972 0.39201 0.522507 0.392112 0.55891 0.387108 0.558916 0.604378 0.106985 0.596338 0.117201 0.596602 0.03248596 0.336512 0.604934 0.338065 0.641716 0.301144 0.640774 0.387086 0.522514 0.387108 0.558916 0.363097 0.558891 0.421836 0.563287 0.421666 0.588439 0.385264 0.588249 0.30727 0.684265 0.301511 0.644191 0.338432 0.645153 0.311692 0.542626 0.347365 0.549877 0.336788 0.602429 0.422888 0.562992 0.459288 0.563425 0.459072 0.590407 0.65393 0.360095 0.715513 0.423011 0.658369 0.45369 0.459288 0.563425 0.422888 0.562992 0.422686 0.65036 0.383571 0.575518 0.347169 0.57537 0.347103 0.654988 0.802705 0.987909 0.712136 0.989366 0.783488 0.922823 0.712136 0.989366 0.693932 0.915632 0.775519 0.916894 0.783488 0.922823 0.775519 0.916894 0.780284 0.918852 0.39201 0.522507 0.408285 0.522482 0.408641 0.558884 0.245763 0.451899 0.190001 0.496864 0.152949 0.416801 0.407605 0.683572 0.411131 0.683571 0.411231 0.719973 0.408285 0.522482 0.411812 0.522469 0.412159 0.55887 0.459072 0.590407 0.458965 0.622749 0.422562 0.622765 0.459087 0.65014 0.422686 0.65036 0.422674 0.64867 0.459075 0.648447 0.422674 0.64867 0.422665 0.646996 0.336512 0.604934 0.299585 0.603862 0.299619 0.602586 0.336545 0.603664 0.299619 0.602586 0.299861 0.601348 0.301511 0.644191 0.301287 0.642488 0.338208 0.643439 0.301287 0.642488 0.301144 0.640774 0.338065 0.641716 0.385264 0.588249 0.421666 0.588439 0.421549 0.621447 0.383505 0.654905 0.347103 0.654988 0.347072 0.623578 0.422562 0.622765 0.458965 0.622749 0.459067 0.646769 0.35675 0.719974 0.356847 0.683571 0.359907 0.683573 0.363097 0.558891 0.358482 0.558874 0.358814 0.522472 0.421651 0.650885 0.385249 0.651058 0.385147 0.621448 0.56754 0.316464 0.623414 0.455183 0.504274 0.400257 0.623414 0.455183 0.5470001 0.496748 0.503093 0.410195 0.504274 0.400257 0.503093 0.410195 0.5026 0.405046 0.623414 0.455183 0.503093 0.410195 0.504274 0.400257 0.504274 0.400257 0.560718 0.316099 0.56754 0.316464 0.347072 0.623578 0.347089 0.602975 0.383491 0.603035 0.311692 0.542626 0.30727 0.684265 0.34329 0.679001 0.218354 0.06716197 0.1700969 0.1247709 0.21407 0.05339592 0.1700969 0.1247709 0.161299 0.1262789 0.1481519 0.123551 0.1481519 0.123551 0.176639 0.003458917 0.21407 0.05339592 0.176639 0.003458917 0.187396 0.006494939 0.195114 0.01309597 0.195114 0.01309597 0.21407 0.05339592 0.176639 0.003458917 0.391864 0.719973 0.407713 0.719974 0.407605 0.683572 0.385436 0.562932 0.421836 0.563287 0.421651 0.650885 0.383571 0.575518 0.347169 0.57537 0.347089 0.602975 0.359907 0.683573 0.359828 0.719975 0.386931 0.719972 0.386931 0.719972 0.391864 0.719973 0.391848 0.68357 0.387108 0.558916 0.392112 0.55891 0.39201 0.522507 0.604378 0.106985 0.608063 0.0411089 0.596602 0.03248596 0.336512 0.604934 0.299585 0.603862 0.301144 0.640774 0.387086 0.522514 0.363361 0.522489 0.363097 0.558891 0.385264 0.588249 0.421666 0.588439 0.421836 0.563287 0.30727 0.684265 0.34329 0.679001 0.338432 0.645153 0.336788 0.602429 0.347365 0.549877 0.311692 0.542626 0.422888 0.562992 0.42267 0.590187 0.459072 0.590407 0.65393 0.360095 0.607076 0.394959 0.658369 0.45369 0.459288 0.563425 0.459087 0.65014 0.422686 0.65036 0.383571 0.575518 0.383505 0.654905 0.347103 0.654988 0.693932 0.915632 0.712136 0.989366 0.775519 0.916894 0.712136 0.989366 0.802705 0.987909 0.783488 0.922823 0.775519 0.916894 0.783488 0.922823 0.780284 0.918852 0.408641 0.558884 0.408285 0.522482 0.39201 0.522507 0.245763 0.451899 0.216517 0.363644 0.152949 0.416801 0.407605 0.683572 0.407713 0.719974 0.411231 0.719973 0.408285 0.522482 0.408641 0.558884 0.412159 0.55887 0.422562 0.622765 0.458965 0.622749 0.459072 0.590407 0.459087 0.65014 0.459075 0.648447 0.422674 0.64867 0.459075 0.648447 0.459067 0.646769 0.422665 0.646996 0.336512 0.604934 0.336545 0.603664 0.299619 0.602586 0.336545 0.603664 0.336788 0.602429 0.299861 0.601348 0.338208 0.643439 0.301287 0.642488 0.301511 0.644191 0.338065 0.641716 0.301144 0.640774 0.301287 0.642488 0.385264 0.588249 0.385147 0.621448 0.421549 0.621447 0.383505 0.654905 0.383475 0.623582 0.347072 0.623578 0.422562 0.622765 0.422665 0.646996 0.459067 0.646769 0.359907 0.683573 0.356847 0.683571 0.35675 0.719974 0.363097 0.558891 0.363361 0.522489 0.358814 0.522472 0.421651 0.650885 0.421549 0.621447 0.385147 0.621448 0.5470001 0.496748 0.623414 0.455183 0.503093 0.410195 0.623414 0.455183 0.56754 0.316464 0.504274 0.400257 0.503093 0.410195 0.504274 0.400257 0.5026 0.405046 0.56754 0.316464 0.564261 0.314148 0.560718 0.316099 0.560718 0.316099 0.504274 0.400257 0.56754 0.316464 0.383491 0.603035 0.347089 0.602975 0.347072 0.623578 0.34329 0.679001 0.30727 0.684265 0.311692 0.542626 0.161299 0.1262789 0.1700969 0.1247709 0.1481519 0.123551 0.1700969 0.1247709 0.218354 0.06716197 0.21407 0.05339592 0.21407 0.05339592 0.195114 0.01309597 0.176639 0.003458917 0.195114 0.01309597 0.187396 0.006494939 0.176639 0.003458917 0.176639 0.003458917 0.1481519 0.123551 0.21407 0.05339592 0.391848 0.68357 0.407605 0.683572 0.407713 0.719974 0.421651 0.650885 0.421836 0.563287 0.385436 0.562932 0.347089 0.602975 0.347169 0.57537 0.383571 0.575518 0.386938 0.68357 0.386931 0.719972 0.359828 0.719975 0.386938 0.68357 0.391848 0.68357 0.391864 0.719973 0.387086 0.522514 0.39201 0.522507 0.392112 0.55891 0.596338 0.117201 0.604378 0.106985 0.58471 0.123089 0.604378 0.106985 0.608063 0.0411089 0.596602 0.03248596 0.596602 0.03248596 0.555512 0.01144891 0.534979 0.01511591 0.555512 0.01144891 0.545372 0.01085692 0.534979 0.01511591 0.534979 0.01511591 0.58471 0.123089 0.596602 0.03248596 0.336512 0.604934 0.338065 0.641716 0.301144 0.640774 0.387086 0.522514 0.387108 0.558916 0.363097 0.558891 0.421836 0.563287 0.421666 0.588439 0.385264 0.588249 0.30727 0.684265 0.301511 0.644191 0.338432 0.645153 0.311692 0.542626 0.347365 0.549877 0.336788 0.602429 0.422888 0.562992 0.459288 0.563425 0.459072 0.590407 0.411812 0.522469 0.415724 0.522439 0.412159 0.55887 0.415724 0.522439 0.411812 0.522469 0.412159 0.55887 0.65393 0.360095 0.715513 0.423011 0.658369 0.45369 0.459288 0.563425 0.422888 0.562992 0.422686 0.65036 0.383571 0.575518 0.347169 0.57537 0.347103 0.654988 0.802705 0.987909 0.712136 0.989366 0.783488 0.922823 0.712136 0.989366 0.693932 0.915632 0.775519 0.916894 0.783488 0.922823 0.775519 0.916894 0.780284 0.918852 0.39201 0.522507 0.408285 0.522482 0.408641 0.558884 0.245763 0.451899 0.190001 0.496864 0.152949 0.416801 0.407605 0.683572 0.411131 0.683571 0.411231 0.719973 0.408285 0.522482 0.411812 0.522469 0.412159 0.55887 0.459072 0.590407 0.458965 0.622749 0.422562 0.622765 0.459087 0.65014 0.422686 0.65036 0.422674 0.64867 0.459075 0.648447 0.422674 0.64867 0.422665 0.646996 0.336512 0.604934 0.299585 0.603862 0.299619 0.602586 0.336545 0.603664 0.299619 0.602586 0.299861 0.601348 0.301511 0.644191 0.301287 0.642488 0.338208 0.643439 0.301287 0.642488 0.301144 0.640774 0.338065 0.641716 0.385264 0.588249 0.421666 0.588439 0.421549 0.621447 0.383505 0.654905 0.347103 0.654988 0.347072 0.623578 0.458965 0.622749 0.459067 0.646769 0.422665 0.646996 0.359828 0.719975 0.35675 0.719974 0.356847 0.683571 0.358482 0.558874 0.358814 0.522472 0.363361 0.522489 0.421651 0.650885 0.385249 0.651058 0.385147 0.621448 0.56754 0.316464 0.623414 0.455183 0.504274 0.400257 0.623414 0.455183 0.5470001 0.496748 0.503093 0.410195 0.504274 0.400257 0.503093 0.410195 0.5026 0.405046 0.623414 0.455183 0.503093 0.410195 0.504274 0.400257 0.504274 0.400257 0.560718 0.316099 0.56754 0.316464 0.347072 0.623578 0.347089 0.602975 0.383491 0.603035 0.311692 0.542626 0.30727 0.684265 0.34329 0.679001 0.407713 0.719974 0.407605 0.683572 0.391848 0.68357 0.385436 0.562932 0.421836 0.563287 0.421651 0.650885 0.383571 0.575518 0.347169 0.57537 0.347089 0.602975 0.386938 0.68357 0.359907 0.683573 0.359828 0.719975 0.386938 0.68357 0.386931 0.719972 0.391864 0.719973 0.387086 0.522514 0.387108 0.558916 0.392112 0.55891 0.336512 0.604934 0.299585 0.603862 0.301144 0.640774 0.387086 0.522514 0.363361 0.522489 0.363097 0.558891 0.385264 0.588249 0.421666 0.588439 0.421836 0.563287 0.30727 0.684265 0.34329 0.679001 0.338432 0.645153 0.336788 0.602429 0.347365 0.549877 0.311692 0.542626 0.422888 0.562992 0.42267 0.590187 0.459072 0.590407 0.65393 0.360095 0.607076 0.394959 0.658369 0.45369 0.459288 0.563425 0.459087 0.65014 0.422686 0.65036 0.383571 0.575518 0.383505 0.654905 0.347103 0.654988 0.693932 0.915632 0.712136 0.989366 0.775519 0.916894 0.712136 0.989366 0.802705 0.987909 0.783488 0.922823 0.775519 0.916894 0.783488 0.922823 0.780284 0.918852 0.408641 0.558884 0.408285 0.522482 0.39201 0.522507 0.245763 0.451899 0.216517 0.363644 0.152949 0.416801 0.407605 0.683572 0.407713 0.719974 0.411231 0.719973 0.408285 0.522482 0.408641 0.558884 0.412159 0.55887 0.422562 0.622765 0.458965 0.622749 0.459072 0.590407 0.459087 0.65014 0.459075 0.648447 0.422674 0.64867 0.459075 0.648447 0.459067 0.646769 0.422665 0.646996 0.336512 0.604934 0.336545 0.603664 0.299619 0.602586 0.336545 0.603664 0.336788 0.602429 0.299861 0.601348 0.338208 0.643439 0.301287 0.642488 0.301511 0.644191 0.338065 0.641716 0.301144 0.640774 0.301287 0.642488 0.385264 0.588249 0.385147 0.621448 0.421549 0.621447 0.383505 0.654905 0.383475 0.623582 0.347072 0.623578 0.422665 0.646996 0.459067 0.646769 0.458965 0.622749 0.359828 0.719975 0.359907 0.683573 0.356847 0.683571 0.363361 0.522489 0.358814 0.522472 0.358482 0.558874 0.421651 0.650885 0.421549 0.621447 0.385147 0.621448 0.5470001 0.496748 0.623414 0.455183 0.503093 0.410195 0.623414 0.455183 0.56754 0.316464 0.504274 0.400257 0.503093 0.410195 0.504274 0.400257 0.5026 0.405046 0.56754 0.316464 0.564261 0.314148 0.560718 0.316099 0.560718 0.316099 0.504274 0.400257 0.56754 0.316464 0.383491 0.603035 0.347089 0.602975 0.347072 0.623578 0.34329 0.679001 0.30727 0.684265 0.311692 0.542626 0.391848 0.68357 0.407605 0.683572 0.407713 0.719974 0.421651 0.650885 0.421836 0.563287 0.385436 0.562932 0.347089 0.602975 0.347169 0.57537 0.383571 0.575518 0.386938 0.68357 0.386931 0.719972 0.359828 0.719975 0.386938 0.68357 0.391848 0.68357 0.391864 0.719973 0.387086 0.522514 0.39201 0.522507 0.392112 0.55891 0.555512 0.01144891 0.596602 0.03248596 0.534979 0.01511591 0.596602 0.03248596 0.596338 0.117201 0.58471 0.123089 0.534979 0.01511591 0.596602 0.03248596 0.58471 0.123089 0.604378 0.106985 0.596338 0.117201 0.596602 0.03248596 0.336512 0.604934 0.338065 0.641716 0.301144 0.640774 0.387108 0.558916 0.363097 0.558891 0.363361 0.522489 0.421836 0.563287 0.421666 0.588439 0.385264 0.588249 0.30727 0.684265 0.301511 0.644191 0.338432 0.645153 0.311692 0.542626 0.347365 0.549877 0.336788 0.602429 0.422888 0.562992 0.459288 0.563425 0.459072 0.590407 0.35675 0.719974 0.356847 0.683571 0.352128 0.683566 0.352128 0.683566 0.356847 0.683571 0.35675 0.719974 0.65393 0.360095 0.715513 0.423011 0.658369 0.45369 0.459288 0.563425 0.422888 0.562992 0.422686 0.65036 0.383571 0.575518 0.347169 0.57537 0.347103 0.654988 0.802705 0.987909 0.712136 0.989366 0.783488 0.922823 0.712136 0.989366 0.693932 0.915632 0.775519 0.916894 0.783488 0.922823 0.775519 0.916894 0.780284 0.918852 0.161299 0.1262789 0.21407 0.05339592 0.218354 0.06716197 0.392112 0.55891 0.39201 0.522507 0.408285 0.522482 0.245763 0.451899 0.190001 0.496864 0.152949 0.416801 0.411131 0.683571 0.411231 0.719973 0.407713 0.719974 0.411812 0.522469 0.412159 0.55887 0.408641 0.558884 0.459072 0.590407 0.458965 0.622749 0.422562 0.622765 0.422686 0.65036 0.422674 0.64867 0.459075 0.648447 0.422674 0.64867 0.422665 0.646996 0.459067 0.646769 0.299585 0.603862 0.299619 0.602586 0.336545 0.603664 0.336545 0.603664 0.299619 0.602586 0.299861 0.601348 0.301511 0.644191 0.301287 0.642488 0.338208 0.643439 0.301287 0.642488 0.301144 0.640774 0.338065 0.641716 0.385264 0.588249 0.421666 0.588439 0.421549 0.621447 0.383505 0.654905 0.347103 0.654988 0.347072 0.623578 0.458965 0.622749 0.459067 0.646769 0.422665 0.646996 0.35675 0.719974 0.356847 0.683571 0.359907 0.683573 0.358482 0.558874 0.358814 0.522472 0.363361 0.522489 0.421651 0.650885 0.385249 0.651058 0.385147 0.621448 0.56754 0.316464 0.623414 0.455183 0.504274 0.400257 0.623414 0.455183 0.5470001 0.496748 0.503093 0.410195 0.504274 0.400257 0.503093 0.410195 0.5026 0.405046 0.623414 0.455183 0.503093 0.410195 0.504274 0.400257 0.504274 0.400257 0.560718 0.316099 0.56754 0.316464 0.347072 0.623578 0.347089 0.602975 0.383491 0.603035 0.311692 0.542626 0.30727 0.684265 0.34329 0.679001 0.407713 0.719974 0.407605 0.683572 0.391848 0.68357 0.385436 0.562932 0.421836 0.563287 0.421651 0.650885 0.383571 0.575518 0.347169 0.57537 0.347089 0.602975 0.386938 0.68357 0.359907 0.683573 0.359828 0.719975 0.386938 0.68357 0.386931 0.719972 0.391864 0.719973 0.387086 0.522514 0.387108 0.558916 0.392112 0.55891 0.596338 0.117201 0.596602 0.03248596 0.58471 0.123089 0.596602 0.03248596 0.555512 0.01144891 0.534979 0.01511591 0.555512 0.01144891 0.545372 0.01085692 0.534979 0.01511591 0.604378 0.106985 0.608063 0.0411089 0.596602 0.03248596 0.336512 0.604934 0.299585 0.603862 0.301144 0.640774 0.363361 0.522489 0.363097 0.558891 0.387108 0.558916 0.385264 0.588249 0.421666 0.588439 0.421836 0.563287 0.30727 0.684265 0.34329 0.679001 0.338432 0.645153 0.336788 0.602429 0.347365 0.549877 0.311692 0.542626 0.422888 0.562992 0.42267 0.590187 0.459072 0.590407 0.65393 0.360095 0.607076 0.394959 0.658369 0.45369 0.459288 0.563425 0.459087 0.65014 0.422686 0.65036 0.383571 0.575518 0.383505 0.654905 0.347103 0.654988 0.693932 0.915632 0.712136 0.989366 0.775519 0.916894 0.712136 0.989366 0.802705 0.987909 0.783488 0.922823 0.775519 0.916894 0.783488 0.922823 0.780284 0.918852 0.218354 0.06716197 0.21407 0.05339592 0.161299 0.1262789 0.392112 0.55891 0.408641 0.558884 0.408285 0.522482 0.245763 0.451899 0.216517 0.363644 0.152949 0.416801 0.407713 0.719974 0.411231 0.719973 0.411131 0.683571 0.408641 0.558884 0.412159 0.55887 0.411812 0.522469 0.422562 0.622765 0.458965 0.622749 0.459072 0.590407 0.459075 0.648447 0.422674 0.64867 0.422686 0.65036 0.459067 0.646769 0.422665 0.646996 0.422674 0.64867 0.336545 0.603664 0.299619 0.602586 0.299585 0.603862 0.336545 0.603664 0.336788 0.602429 0.299861 0.601348 0.338208 0.643439 0.301287 0.642488 0.301511 0.644191 0.338065 0.641716 0.301144 0.640774 0.301287 0.642488 0.385264 0.588249 0.385147 0.621448 0.421549 0.621447 0.383505 0.654905 0.383475 0.623582 0.347072 0.623578 0.422665 0.646996 0.459067 0.646769 0.458965 0.622749 0.359907 0.683573 0.356847 0.683571 0.35675 0.719974 0.363361 0.522489 0.358814 0.522472 0.358482 0.558874 0.421651 0.650885 0.421549 0.621447 0.385147 0.621448 0.5470001 0.496748 0.623414 0.455183 0.503093 0.410195 0.623414 0.455183 0.56754 0.316464 0.504274 0.400257 0.503093 0.410195 0.504274 0.400257 0.5026 0.405046 0.56754 0.316464 0.564261 0.314148 0.560718 0.316099 0.560718 0.316099 0.504274 0.400257 0.56754 0.316464 0.383491 0.603035 0.347089 0.602975 0.347072 0.623578 0.34329 0.679001 0.30727 0.684265 0.311692 0.542626 0.391864 0.719973 0.391848 0.68357 0.407605 0.683572 0.421651 0.650885 0.421836 0.563287 0.385436 0.562932 0.411812 0.522469 0.412159 0.55887 0.412159 0.55887 0.347089 0.602975 0.347169 0.57537 0.383571 0.575518 0.386931 0.719972 0.359828 0.719975 0.359907 0.683573 0.391848 0.68357 0.391864 0.719973 0.386931 0.719972 0.39201 0.522507 0.392112 0.55891 0.387108 0.558916 0.218354 0.06716197 0.21407 0.05339592 0.1700969 0.1247709 0.21407 0.05339592 0.195114 0.01309597 0.21407 0.05339592 0.195114 0.01309597 0.187396 0.006494939 0.187396 0.006494939 0.187396 0.006494939 0.195114 0.01309597 0.195114 0.01309597 0.195114 0.01309597 0.21407 0.05339592 0.195114 0.01309597 0.21407 0.05339592 0.218354 0.06716197 0.1700969 0.1247709 0.1700969 0.1247709 0.161299 0.1262789 0.161299 0.1262789 0.161299 0.1262789 0.1700969 0.1247709 0.1700969 0.1247709 0.1700969 0.1247709 0.1700969 0.1247709 0.21407 0.05339592 0.336512 0.604934 0.338065 0.641716 0.301144 0.640774 0.387086 0.522514 0.387108 0.558916 0.363097 0.558891 0.421836 0.563287 0.421666 0.588439 0.385264 0.588249 0.30727 0.684265 0.301511 0.644191 0.338432 0.645153 0.311692 0.542626 0.347365 0.549877 0.336788 0.602429 0.422888 0.562992 0.459288 0.563425 0.459072 0.590407 0.35675 0.719974 0.356847 0.683571 0.352128 0.683566 0.352128 0.683566 0.356847 0.683571 0.35675 0.719974 0.65393 0.360095 0.715513 0.423011 0.658369 0.45369 0.459288 0.563425 0.422888 0.562992 0.422686 0.65036 0.383571 0.575518 0.347169 0.57537 0.347103 0.654988 0.802705 0.987909 0.712136 0.989366 0.783488 0.922823 0.712136 0.989366 0.693932 0.915632 0.775519 0.916894 0.783488 0.922823 0.775519 0.916894 0.780284 0.918852 0.39201 0.522507 0.408285 0.522482 0.408641 0.558884 0.245763 0.451899 0.190001 0.496864 0.152949 0.416801 0.407605 0.683572 0.411131 0.683571 0.411231 0.719973 0.408285 0.522482 0.411812 0.522469 0.412159 0.55887 0.459072 0.590407 0.458965 0.622749 0.422562 0.622765 0.459087 0.65014 0.422686 0.65036 0.422674 0.64867 0.459075 0.648447 0.422674 0.64867 0.422665 0.646996 0.336512 0.604934 0.299585 0.603862 0.299619 0.602586 0.336545 0.603664 0.299619 0.602586 0.299861 0.601348 0.301511 0.644191 0.301287 0.642488 0.338208 0.643439 0.301287 0.642488 0.301144 0.640774 0.338065 0.641716 0.385264 0.588249 0.421666 0.588439 0.421549 0.621447 0.383505 0.654905 0.347103 0.654988 0.347072 0.623578 0.422562 0.622765 0.458965 0.622749 0.459067 0.646769 0.35675 0.719974 0.356847 0.683571 0.359907 0.683573 0.363097 0.558891 0.358482 0.558874 0.358814 0.522472 0.421651 0.650885 0.385249 0.651058 0.385147 0.621448 0.56754 0.316464 0.623414 0.455183 0.504274 0.400257 0.623414 0.455183 0.5470001 0.496748 0.503093 0.410195 0.504274 0.400257 0.503093 0.410195 0.5026 0.405046 0.623414 0.455183 0.503093 0.410195 0.504274 0.400257 0.504274 0.400257 0.560718 0.316099 0.56754 0.316464 0.347072 0.623578 0.347089 0.602975 0.383491 0.603035 0.311692 0.542626 0.30727 0.684265 0.34329 0.679001 0.218354 0.06716197 0.1700969 0.1247709 0.21407 0.05339592 0.1700969 0.1247709 0.161299 0.1262789 0.1481519 0.123551 0.1481519 0.123551 0.176639 0.003458917 0.21407 0.05339592 0.176639 0.003458917 0.187396 0.006494939 0.195114 0.01309597 0.195114 0.01309597 0.21407 0.05339592 0.176639 0.003458917 0.391864 0.719973 0.407713 0.719974 0.407605 0.683572 0.385436 0.562932 0.421836 0.563287 0.421651 0.650885 0.383571 0.575518 0.347169 0.57537 0.347089 0.602975 0.359907 0.683573 0.359828 0.719975 0.386931 0.719972 0.386931 0.719972 0.391864 0.719973 0.391848 0.68357 0.387108 0.558916 0.392112 0.55891 0.39201 0.522507 0.608063 0.0411089 0.604378 0.106985 0.596602 0.03248596 0.604378 0.106985 0.596338 0.117201 0.58471 0.123089 0.58471 0.123089 0.534979 0.01511591 0.596602 0.03248596 0.534979 0.01511591 0.545372 0.01085692 0.555512 0.01144891 0.555512 0.01144891 0.596602 0.03248596 0.534979 0.01511591 0.336512 0.604934 0.299585 0.603862 0.301144 0.640774 0.387086 0.522514 0.363361 0.522489 0.363097 0.558891 0.385264 0.588249 0.421666 0.588439 0.421836 0.563287 0.30727 0.684265 0.34329 0.679001 0.338432 0.645153 0.336788 0.602429 0.347365 0.549877 0.311692 0.542626 0.422888 0.562992 0.42267 0.590187 0.459072 0.590407 0.65393 0.360095 0.607076 0.394959 0.658369 0.45369 0.459288 0.563425 0.459087 0.65014 0.422686 0.65036 0.383571 0.575518 0.383505 0.654905 0.347103 0.654988 0.693932 0.915632 0.712136 0.989366 0.775519 0.916894 0.712136 0.989366 0.802705 0.987909 0.783488 0.922823 0.775519 0.916894 0.783488 0.922823 0.780284 0.918852 0.408641 0.558884 0.408285 0.522482 0.39201 0.522507 0.245763 0.451899 0.216517 0.363644 0.152949 0.416801 0.407605 0.683572 0.407713 0.719974 0.411231 0.719973 0.408285 0.522482 0.408641 0.558884 0.412159 0.55887 0.422562 0.622765 0.458965 0.622749 0.459072 0.590407 0.459087 0.65014 0.459075 0.648447 0.422674 0.64867 0.459075 0.648447 0.459067 0.646769 0.422665 0.646996 0.336512 0.604934 0.336545 0.603664 0.299619 0.602586 0.336545 0.603664 0.336788 0.602429 0.299861 0.601348 0.338208 0.643439 0.301287 0.642488 0.301511 0.644191 0.338065 0.641716 0.301144 0.640774 0.301287 0.642488 0.385264 0.588249 0.385147 0.621448 0.421549 0.621447 0.383505 0.654905 0.383475 0.623582 0.347072 0.623578 0.422562 0.622765 0.422665 0.646996 0.459067 0.646769 0.359907 0.683573 0.356847 0.683571 0.35675 0.719974 0.363097 0.558891 0.363361 0.522489 0.358814 0.522472 0.421651 0.650885 0.421549 0.621447 0.385147 0.621448 0.5470001 0.496748 0.623414 0.455183 0.503093 0.410195 0.623414 0.455183 0.56754 0.316464 0.504274 0.400257 0.503093 0.410195 0.504274 0.400257 0.5026 0.405046 0.56754 0.316464 0.564261 0.314148 0.560718 0.316099 0.560718 0.316099 0.504274 0.400257 0.56754 0.316464 0.383491 0.603035 0.347089 0.602975 0.347072 0.623578 0.34329 0.679001 0.30727 0.684265 0.311692 0.542626 0.411131 0.683571 0.415025 0.683566 0.411231 0.719973 0.415025 0.683566 0.411131 0.683571 0.411231 0.719973 0.411812 0.522469 0.415724 0.522439 0.412159 0.55887 0.415724 0.522439 0.411812 0.522469 0.412159 0.55887 0.358814 0.522472 0.358814 0.522472 0.358482 0.558874 0.411812 0.522469 0.415724 0.522439 0.412159 0.55887 0.415724 0.522439 0.411812 0.522469 0.412159 0.55887 0.358814 0.522472 0.358482 0.558874 0.358482 0.558874 0.411131 0.683571 0.411231 0.719973 0.411231 0.719973 0.411131 0.683571 0.411231 0.719973 0.411231 0.719973 0.358482 0.558874 0.358814 0.522472 0.354211 0.522439 0.354211 0.522439 0.358814 0.522472 0.358482 0.558874 0.411812 0.522469 0.415724 0.522439 0.412159 0.55887 0.415724 0.522439 0.411812 0.522469 0.412159 0.55887 0.411812 0.522469 0.415724 0.522439 0.412159 0.55887 0.415724 0.522439 0.411812 0.522469 0.412159 0.55887 0.411812 0.522469 0.412159 0.55887 0.412159 0.55887 0.358482 0.558874 0.358814 0.522472 0.354211 0.522439 0.354211 0.522439 0.358814 0.522472 0.358482 0.558874 0.35675 0.719974 0.356847 0.683571 0.352128 0.683566 0.352128 0.683566 0.356847 0.683571 0.35675 0.719974 0.358814 0.522472 0.358482 0.558874 0.358482 0.558874 0.35675 0.719974 0.356847 0.683571 0.352128 0.683566 0.352128 0.683566 0.356847 0.683571 0.35675 0.719974 0.411131 0.683571 0.415025 0.683566 0.411231 0.719973 0.415025 0.683566 0.411131 0.683571 0.411231 0.719973 0.411812 0.522469 0.415724 0.522439 0.412159 0.55887 0.415724 0.522439 0.411812 0.522469 0.412159 0.55887 0.35675 0.719974 0.356847 0.683571 0.352128 0.683566 0.352128 0.683566 0.356847 0.683571 0.35675 0.719974 0.35675 0.719974 0.356847 0.683571 0.352128 0.683566 0.352128 0.683566 0.356847 0.683571 0.35675 0.719974 0.35675 0.719974 0.356847 0.683571 0.352128 0.683566 0.352128 0.683566 0.356847 0.683571 0.35675 0.719974 0.411131 0.683571 0.415025 0.683566 0.411231 0.719973 0.415025 0.683566 0.411131 0.683571 0.411231 0.719973 0.358482 0.558874 0.358814 0.522472 0.354211 0.522439 0.354211 0.522439 0.358814 0.522472 0.358482 0.558874 0.35675 0.719974 0.356847 0.683571 0.352128 0.683566 0.352128 0.683566 0.356847 0.683571 0.35675 0.719974 0.411812 0.522469 0.415724 0.522439 0.412159 0.55887 0.415724 0.522439 0.411812 0.522469 0.412159 0.55887 0.411812 0.522469 0.415724 0.522439 0.412159 0.55887 0.415724 0.522439 0.411812 0.522469 0.412159 0.55887 0.358482 0.558874 0.358814 0.522472 0.354211 0.522439 0.354211 0.522439 0.358814 0.522472 0.358482 0.558874 0.356847 0.683571 0.356847 0.683571 0.35675 0.719974 0.358482 0.558874 0.358814 0.522472 0.354211 0.522439 0.354211 0.522439 0.358814 0.522472 0.358482 0.558874 0.411812 0.522469 0.415724 0.522439 0.412159 0.55887 0.415724 0.522439 0.411812 0.522469 0.412159 0.55887 0.356847 0.683571 0.35675 0.719974 0.35675 0.719974 0.411131 0.683571 0.411131 0.683571 0.411231 0.719973 0.596338 0.117201 0.604378 0.106985 0.58471 0.123089 0.604378 0.106985 0.608063 0.0411089 0.596602 0.03248596 0.596602 0.03248596 0.555512 0.01144891 0.534979 0.01511591 0.555512 0.01144891 0.545372 0.01085692 0.534979 0.01511591 0.534979 0.01511591 0.58471 0.123089 0.596602 0.03248596 0.411812 0.522469 0.412159 0.55887 0.412159 0.55887 0.411131 0.683571 0.411231 0.719973 0.411231 0.719973 0.35675 0.719974 0.356847 0.683571 0.352128 0.683566 0.352128 0.683566 0.356847 0.683571 0.35675 0.719974 0.411812 0.522469 0.415724 0.522439 0.412159 0.55887 0.415724 0.522439 0.411812 0.522469 0.412159 0.55887 0.35675 0.719974 0.356847 0.683571 0.352128 0.683566 0.352128 0.683566 0.356847 0.683571 0.35675 0.719974 0.358482 0.558874 0.358814 0.522472 0.354211 0.522439 0.354211 0.522439 0.358814 0.522472 0.358482 0.558874 0.358482 0.558874 0.358814 0.522472 0.354211 0.522439 0.354211 0.522439 0.358814 0.522472 0.358482 0.558874 0.35675 0.719974 0.356847 0.683571 0.352128 0.683566 0.352128 0.683566 0.356847 0.683571 0.35675 0.719974 0.358482 0.558874 0.358814 0.522472 0.354211 0.522439 0.354211 0.522439 0.358814 0.522472 0.358482 0.558874 0.411812 0.522469 0.415724 0.522439 0.412159 0.55887 0.415724 0.522439 0.411812 0.522469 0.412159 0.55887 0.358814 0.522472 0.358482 0.558874 0.358482 0.558874 0.411131 0.683571 0.411231 0.719973 0.411231 0.719973 0.411131 0.683571 0.415025 0.683566 0.411231 0.719973 0.415025 0.683566 0.411131 0.683571 0.411231 0.719973 0.411812 0.522469 0.412159 0.55887 0.412159 0.55887 0.411131 0.683571 0.415025 0.683566 0.411231 0.719973 0.415025 0.683566 0.411131 0.683571 0.411231 0.719973 0.411131 0.683571 0.411231 0.719973 0.411231 0.719973 0.411131 0.683571 0.415025 0.683566 0.411231 0.719973 0.415025 0.683566 0.411131 0.683571 0.411231 0.719973 0.411812 0.522469 0.415724 0.522439 0.412159 0.55887 0.415724 0.522439 0.411812 0.522469 0.412159 0.55887 0.411131 0.683571 0.415025 0.683566 0.411231 0.719973 0.415025 0.683566 0.411131 0.683571 0.411231 0.719973 0.411131 0.683571 0.415025 0.683566 0.411231 0.719973 0.415025 0.683566 0.411131 0.683571 0.411231 0.719973 0.411131 0.683571 0.415025 0.683566 0.411231 0.719973 0.415025 0.683566 0.411131 0.683571 0.411231 0.719973 0.411131 0.683571 0.415025 0.683566 0.411231 0.719973 0.415025 0.683566 0.411131 0.683571 0.411231 0.719973 0.35675 0.719974 0.356847 0.683571 0.352128 0.683566 0.352128 0.683566 0.356847 0.683571 0.35675 0.719974 0.35675 0.719974 0.356847 0.683571 0.352128 0.683566 0.352128 0.683566 0.356847 0.683571 0.35675 0.719974 0.218354 0.06716197 0.1700969 0.1247709 0.21407 0.05339592 0.1700969 0.1247709 0.161299 0.1262789 0.1481519 0.123551 0.1481519 0.123551 0.176639 0.003458917 0.21407 0.05339592 0.176639 0.003458917 0.187396 0.006494939 0.195114 0.01309597 0.195114 0.01309597 0.21407 0.05339592 0.176639 0.003458917 0.596338 0.117201 0.596602 0.03248596 0.596602 0.03248596 0.596602 0.03248596 0.555512 0.01144891 0.596602 0.03248596 0.555512 0.01144891 0.545372 0.01085692 0.545372 0.01085692 0.545372 0.01085692 0.555512 0.01144891 0.555512 0.01144891 0.555512 0.01144891 0.596602 0.03248596 0.555512 0.01144891 0.161299 0.1262789 0.1700969 0.1247709 0.1481519 0.123551 0.1700969 0.1247709 0.218354 0.06716197 0.21407 0.05339592 0.21407 0.05339592 0.195114 0.01309597 0.176639 0.003458917 0.195114 0.01309597 0.187396 0.006494939 0.176639 0.003458917 0.176639 0.003458917 0.1481519 0.123551 0.21407 0.05339592 0.596338 0.117201 0.596602 0.03248596 0.596602 0.03248596 0.596602 0.03248596 0.555512 0.01144891 0.596602 0.03248596 0.555512 0.01144891 0.545372 0.01085692 0.545372 0.01085692 0.545372 0.01085692 0.555512 0.01144891 0.555512 0.01144891 0.555512 0.01144891 0.596602 0.03248596 0.555512 0.01144891 0.596338 0.117201 0.604378 0.106985 0.58471 0.123089 0.604378 0.106985 0.608063 0.0411089 0.596602 0.03248596 0.596602 0.03248596 0.555512 0.01144891 0.534979 0.01511591 0.555512 0.01144891 0.545372 0.01085692 0.534979 0.01511591 0.534979 0.01511591 0.58471 0.123089 0.596602 0.03248596 0.411131 0.683571 0.415025 0.683566 0.411231 0.719973 0.415025 0.683566 0.411131 0.683571 0.411231 0.719973 0.358482 0.558874 0.358814 0.522472 0.354211 0.522439 0.354211 0.522439 0.358814 0.522472 0.358482 0.558874 0.411131 0.683571 0.415025 0.683566 0.411231 0.719973 0.415025 0.683566 0.411131 0.683571 0.411231 0.719973 0.161299 0.1262789 0.1700969 0.1247709 0.1481519 0.123551 0.1700969 0.1247709 0.218354 0.06716197 0.21407 0.05339592 0.21407 0.05339592 0.195114 0.01309597 0.176639 0.003458917 0.195114 0.01309597 0.187396 0.006494939 0.176639 0.003458917 0.176639 0.003458917 0.1481519 0.123551 0.21407 0.05339592 0.411812 0.522469 0.415724 0.522439 0.412159 0.55887 0.415724 0.522439 0.411812 0.522469 0.412159 0.55887 0.358482 0.558874 0.358814 0.522472 0.354211 0.522439 0.354211 0.522439 0.358814 0.522472 0.358482 0.558874 0.161299 0.1262789 0.21407 0.05339592 0.21407 0.05339592 0.21407 0.05339592 0.195114 0.01309597 0.21407 0.05339592 0.195114 0.01309597 0.187396 0.006494939 0.187396 0.006494939 0.187396 0.006494939 0.195114 0.01309597 0.195114 0.01309597 0.195114 0.01309597 0.21407 0.05339592 0.195114 0.01309597 0.356847 0.683571 0.356847 0.683571 0.35675 0.719974 0.608063 0.0411089 0.604378 0.106985 0.596602 0.03248596 0.604378 0.106985 0.596338 0.117201 0.58471 0.123089 0.58471 0.123089 0.534979 0.01511591 0.596602 0.03248596 0.534979 0.01511591 0.545372 0.01085692 0.555512 0.01144891 0.555512 0.01144891 0.596602 0.03248596 0.534979 0.01511591 0.596338 0.117201 0.604378 0.106985 0.58471 0.123089 0.604378 0.106985 0.608063 0.0411089 0.596602 0.03248596 0.596602 0.03248596 0.555512 0.01144891 0.534979 0.01511591 0.555512 0.01144891 0.545372 0.01085692 0.534979 0.01511591 0.534979 0.01511591 0.58471 0.123089 0.596602 0.03248596 0.358482 0.558874 0.358814 0.522472 0.354211 0.522439 0.354211 0.522439 0.358814 0.522472 0.358482 0.558874 0.608063 0.0411089 0.604378 0.106985 0.596602 0.03248596 0.604378 0.106985 0.596338 0.117201 0.58471 0.123089 0.58471 0.123089 0.534979 0.01511591 0.596602 0.03248596 0.534979 0.01511591 0.545372 0.01085692 0.555512 0.01144891 0.555512 0.01144891 0.596602 0.03248596 0.534979 0.01511591 0.596338 0.117201 0.596602 0.03248596 0.596602 0.03248596 0.596602 0.03248596 0.555512 0.01144891 0.596602 0.03248596 0.555512 0.01144891 0.545372 0.01085692 0.545372 0.01085692 0.545372 0.01085692 0.555512 0.01144891 0.555512 0.01144891 0.555512 0.01144891 0.596602 0.03248596 0.555512 0.01144891 0.608063 0.0411089 0.604378 0.106985 0.596602 0.03248596 0.604378 0.106985 0.596338 0.117201 0.58471 0.123089 0.58471 0.123089 0.534979 0.01511591 0.596602 0.03248596 0.534979 0.01511591 0.545372 0.01085692 0.555512 0.01144891 0.555512 0.01144891 0.596602 0.03248596 0.534979 0.01511591 0.161299 0.1262789 0.21407 0.05339592 0.21407 0.05339592 0.21407 0.05339592 0.195114 0.01309597 0.21407 0.05339592 0.195114 0.01309597 0.187396 0.006494939 0.187396 0.006494939 0.187396 0.006494939 0.195114 0.01309597 0.195114 0.01309597 0.195114 0.01309597 0.21407 0.05339592 0.195114 0.01309597 0.596338 0.117201 0.596602 0.03248596 0.596602 0.03248596 0.596602 0.03248596 0.555512 0.01144891 0.596602 0.03248596 0.555512 0.01144891 0.545372 0.01085692 0.545372 0.01085692 0.545372 0.01085692 0.555512 0.01144891 0.555512 0.01144891 0.555512 0.01144891 0.596602 0.03248596 0.555512 0.01144891 0.218354 0.06716197 0.1700969 0.1247709 0.21407 0.05339592 0.1700969 0.1247709 0.161299 0.1262789 0.1481519 0.123551 0.1481519 0.123551 0.176639 0.003458917 0.21407 0.05339592 0.176639 0.003458917 0.187396 0.006494939 0.195114 0.01309597 0.195114 0.01309597 0.21407 0.05339592 0.176639 0.003458917 0.358482 0.558874 0.358814 0.522472 0.354211 0.522439 0.354211 0.522439 0.358814 0.522472 0.358482 0.558874 0.260812 0.632671 0.490123 0.636008 0.387529 0.738 0.28113 0.557891 0.295493 0.540784 0.268695 0.581053 0.295493 0.540784 0.312793 0.526754 0.336055 0.515056 0.361372 0.508928 0.295493 0.540784 0.336055 0.515056 0.361372 0.508928 0.387411 0.508637 0.295493 0.540784 0.387411 0.508637 0.412827 0.514186 0.260812 0.632671 0.260812 0.632671 0.412827 0.514186 0.490123 0.636008 0.412827 0.514186 0.43632 0.52527 0.490069 0.610061 0.43632 0.52527 0.456682 0.541304 0.484215 0.58479 0.412827 0.514186 0.490069 0.610061 0.490123 0.636008 0.456682 0.541304 0.472853 0.561482 0.484215 0.58479 0.484215 0.58479 0.490069 0.610061 0.43632 0.52527 0.490123 0.636008 0.484379 0.661321 0.387529 0.738 0.484379 0.661321 0.473122 0.684723 0.413034 0.732362 0.473122 0.684723 0.456923 0.705019 0.436566 0.721169 0.436566 0.721169 0.413034 0.732362 0.473122 0.684723 0.413034 0.732362 0.387529 0.738 0.484379 0.661321 0.387529 0.738 0.361361 0.737766 0.260812 0.632671 0.361361 0.737766 0.335887 0.731646 0.265793 0.658468 0.335887 0.731646 0.312444 0.719952 0.276483 0.682432 0.312444 0.719952 0.292291 0.703281 0.276483 0.682432 0.276483 0.682432 0.265793 0.658468 0.335887 0.731646 0.265793 0.658468 0.260812 0.632671 0.361361 0.737766 0.260812 0.632671 0.261803 0.606422 0.387411 0.508637 0.387411 0.508637 0.261803 0.606422 0.295493 0.540784 0.261803 0.606422 0.268695 0.581053 0.295493 0.540784 0.112294 0.676159 0.03521198 0.711856 0.03521198 0.676159 0.484379 0.661321 0.513851 0.638781 0.506883 0.66934 0.506883 0.66934 0.513851 0.638781 0.539671 0.641715 0.112294 0.220095 0.03521198 0.250633 0.03521198 0.220095 0.491822 0.09271395 0.428719 0.05371689 0.473695 0.0512849 0.218571 0.16003 0.243218 0.167792 0.237196 0.1987749 0.420279 0.491595 0.389605 0.484972 0.391983 0.459183 0.112294 0.532858 0.03521198 0.568742 0.03521198 0.532858 0.112294 0.07708799 0.03521198 0.11278 0.03521198 0.07708799 0.03521198 0.640402 0.112294 0.676159 0.03521198 0.676159 0.473122 0.684723 0.506883 0.66934 0.493257 0.697586 0.03521198 0.925369 0.112294 0.960915 0.03521198 0.960915 0.327666 0.492878 0.312793 0.526754 0.299583 0.507093 0.237196 0.634588 0.265793 0.658468 0.243218 0.665571 0.490123 0.636008 0.513822 0.607437 0.513851 0.638781 0.265793 0.658468 0.256027 0.694404 0.243218 0.665571 0.112294 0.250633 0.03521198 0.281201 0.03521198 0.250633 0.335887 0.731646 0.358229 0.761413 0.327557 0.753973 0.361361 0.737766 0.389758 0.761763 0.358229 0.761413 0.292291 0.703281 0.299328 0.739794 0.275054 0.719586 0.238313 0.603016 0.260812 0.632671 0.237196 0.634588 0.112294 0.04144299 0.03521198 0.07708799 0.03521198 0.04144299 0.420279 0.491595 0.387411 0.508637 0.389605 0.484972 0.448666 0.504914 0.412827 0.514186 0.420279 0.491595 0.112294 0.604594 0.03521198 0.640402 0.03521198 0.604594 0.112294 0.568742 0.03521198 0.604594 0.03521198 0.568742 0.112294 0.281201 0.03521198 0.317116 0.03521198 0.281201 0.239982 0.303394 0.261403 0.288799 0.278714 0.309414 0.462151 0.350617 0.448667 0.328449 0.473337 0.309113 0.112294 0.960915 0.03521198 0.996467 0.03521198 0.960915 0.448949 0.741576 0.473611 0.722099 0.491822 0.740649 0.456923 0.705019 0.493257 0.697586 0.473611 0.722099 0.112294 0.148517 0.03521198 0.184292 0.03521198 0.148517 0.428719 0.05371689 0.420521 0.07833397 0.389758 0.07159996 0.112294 0.889818 0.03521198 0.925369 0.03521198 0.889818 0.493067 0.548642 0.456682 0.541304 0.473337 0.52425 0.112294 0.854258 0.03521198 0.889818 0.03521198 0.854258 0.03521198 0.425043 0.112294 0.461017 0.03521198 0.461017 0.276483 0.682432 0.275054 0.719586 0.256027 0.694404 0.112294 0.818686 0.03521198 0.854258 0.03521198 0.818686 0.112294 0.317116 0.03521198 0.353074 0.03521198 0.317116 0.112294 0.461017 0.03521198 0.496958 0.03521198 0.461017 0.212752 0.234147 0.238313 0.230347 0.246528 0.260876 0.112294 0.005844891 0.03521198 0.04144299 0.03521198 0.005844891 0.285215 0.347793 0.31851 0.364675 0.310901 0.384696 0.03521198 0.250633 0.0241149 0.220095 0.03521198 0.220095 0.0241149 0.220095 0.01122289 0.250633 0.01122289 0.220095 0.299583 0.32627 0.295493 0.292579 0.312793 0.306608 0.004239976 0.220095 0.006713986 0.184292 0.006713986 0.220095 0.01122289 0.250633 0.006713986 0.220095 0.01122289 0.220095 0.261726 0.382934 0.245433 0.342933 0.273308 0.365597 0.285215 0.48557 0.299583 0.507093 0.278714 0.523949 0.03521198 0.220095 0.0241149 0.184292 0.03521198 0.184292 0.0241149 0.184292 0.01122289 0.220095 0.01122289 0.184292 0.327666 0.340485 0.312793 0.306608 0.336055 0.318307 0.004239976 0.184292 0.006713986 0.148517 0.006713986 0.184292 0.01122289 0.184292 0.006713986 0.220095 0.006713986 0.184292 0.303479 0.404188 0.273308 0.365597 0.310901 0.384696 0.31851 0.364675 0.299583 0.32627 0.327666 0.340485 0.0241149 0.184292 0.03521198 0.148517 0.03521198 0.184292 0.0241149 0.148517 0.01122289 0.184292 0.01122289 0.148517 0.03521198 0.184292 0.112294 0.220095 0.03521198 0.220095 0.358204 0.347967 0.336055 0.318307 0.361372 0.324435 0.004239976 0.148517 0.006713986 0.11278 0.006713986 0.148517 0.01122289 0.148517 0.006713986 0.184292 0.006713986 0.148517 0.348945 0.415518 0.310901 0.384696 0.351804 0.394836 0.256282 0.73737 0.285024 0.761364 0.273142 0.779211 0.03521198 0.148517 0.0241149 0.11278 0.03521198 0.11278 0.0241149 0.11278 0.01122289 0.148517 0.01122289 0.11278 0.389606 0.348391 0.361372 0.324435 0.387411 0.324726 0.004239976 0.11278 0.006713986 0.07708799 0.006713986 0.11278 0.01122289 0.11278 0.006713986 0.148517 0.006713986 0.11278 0.395801 0.416357 0.351804 0.394836 0.393922 0.39554 0.03521198 0.11278 0.0241149 0.07708799 0.03521198 0.07708799 0.0241149 0.07708799 0.01122289 0.11278 0.01122289 0.07708799 0.420279 0.341768 0.387411 0.324726 0.412827 0.319177 0.004239976 0.07708799 0.006713986 0.04144299 0.006713986 0.07708799 0.01122289 0.07708799 0.006713986 0.11278 0.006713986 0.07708799 0.531271 0.26517 0.539671 0.191648 0.561003 0.231323 0.441654 0.406649 0.393922 0.39554 0.435118 0.386776 0.03521198 0.07708799 0.0241149 0.04144299 0.03521198 0.04144299 0.0241149 0.04144299 0.01122289 0.07708799 0.01122289 0.04144299 0.448667 0.328449 0.412827 0.319177 0.43632 0.308094 0.004239976 0.04144299 0.006713986 0.005844891 0.006713986 0.04144299 0.01122289 0.07708799 0.006713986 0.04144299 0.01122289 0.04144299 0.484165 0.386887 0.435118 0.386776 0.4733 0.368989 0.03521198 0.04144299 0.0241149 0.005844891 0.03521198 0.005844891 0.0241149 0.005844891 0.01122289 0.04144299 0.01122289 0.005844891 0.112294 0.747491 0.03521198 0.783098 0.03521198 0.747491 0.473337 0.309113 0.43632 0.308094 0.456682 0.292058 0.004239976 0.996467 0.006713986 0.960915 0.006713986 0.996467 0.01122289 0.04144299 0.006713986 0.005844891 0.01122289 0.005844891 0.521173 0.358074 0.4733 0.368989 0.506537 0.343079 0.473337 0.52425 0.448666 0.504914 0.462151 0.482746 0.03521198 0.996467 0.0241149 0.960915 0.03521198 0.960915 0.0241149 0.960915 0.01122289 0.996467 0.01122289 0.960915 0.112294 0.389056 0.03521198 0.425043 0.03521198 0.389056 0.493067 0.284721 0.456682 0.292058 0.472853 0.271881 0.004239976 0.960915 0.006713986 0.925369 0.006713986 0.960915 0.01122289 0.996467 0.006713986 0.960915 0.01122289 0.960915 0.550749 0.321652 0.506537 0.343079 0.533108 0.31033 0.0241149 0.960915 0.03521198 0.925369 0.03521198 0.960915 0.0241149 0.925369 0.01122289 0.960915 0.01122289 0.925369 0.493067 0.284721 0.484215 0.248573 0.50677 0.256476 0.004239976 0.925369 0.006713986 0.889818 0.006713986 0.925369 0.01122289 0.925369 0.006713986 0.960915 0.006713986 0.925369 0.571305 0.279458 0.533108 0.31033 0.551553 0.272395 0.531271 0.26517 0.493067 0.284721 0.50677 0.256476 0.0241149 0.925369 0.03521198 0.889818 0.03521198 0.925369 0.0241149 0.925369 0.01122289 0.889818 0.0241149 0.889818 0.112294 0.711856 0.03521198 0.747491 0.03521198 0.711856 0.50677 0.256476 0.490069 0.223302 0.513822 0.225926 0.006713986 0.889818 0.004239976 0.854258 0.006713986 0.854258 0.01122289 0.889818 0.006713986 0.925369 0.006713986 0.889818 0.581882 0.23372 0.551553 0.272395 0.561003 0.231323 0.513822 0.607437 0.50677 0.576887 0.531271 0.568193 0.0241149 0.889818 0.03521198 0.854258 0.03521198 0.889818 0.0241149 0.889818 0.01122289 0.854258 0.0241149 0.854258 0.03521198 0.783098 0.112294 0.818686 0.03521198 0.818686 0.513822 0.225926 0.490123 0.197355 0.513851 0.194582 0.006713986 0.854258 0.004239976 0.818686 0.006713986 0.818686 0.01122289 0.854258 0.006713986 0.889818 0.006713986 0.854258 0.581882 0.23372 0.56105 0.189195 0.581882 0.186791 0.03521198 0.854258 0.0241149 0.818686 0.03521198 0.818686 0.0241149 0.854258 0.01122289 0.818686 0.0241149 0.818686 0.513851 0.194582 0.484379 0.172042 0.506883 0.164023 0.006713986 0.818686 0.004239976 0.783098 0.006713986 0.783098 0.01122289 0.854258 0.006713986 0.818686 0.01122289 0.818686 0.581882 0.186791 0.551636 0.1481389 0.571369 0.141098 0.531271 0.26517 0.50677 0.256476 0.513822 0.225926 0.03521198 0.818686 0.0241149 0.783098 0.03521198 0.783098 0.0241149 0.818686 0.01122289 0.783098 0.0241149 0.783098 0.278714 0.523949 0.28113 0.557891 0.261403 0.544564 0.506883 0.164023 0.473122 0.14864 0.493257 0.1357769 0.006713986 0.783098 0.004239976 0.747491 0.006713986 0.747491 0.01122289 0.818686 0.006713986 0.783098 0.01122289 0.783098 0.571369 0.141098 0.533271 0.110227 0.550897 0.09893 0.03521198 0.783098 0.0241149 0.747491 0.03521198 0.747491 0.0241149 0.783098 0.01122289 0.747491 0.0241149 0.747491 0.493257 0.1357769 0.456923 0.1283439 0.473611 0.111264 0.006713986 0.747491 0.004239976 0.711856 0.006713986 0.711856 0.01122289 0.783098 0.006713986 0.747491 0.01122289 0.747491 0.550897 0.09893 0.506877 0.07734596 0.521522 0.06239295 0.515155 0.1218129 0.473611 0.111264 0.491822 0.09271395 0.0241149 0.747491 0.03521198 0.711856 0.03521198 0.747491 0.0241149 0.747491 0.01122289 0.711856 0.0241149 0.711856 0.299583 0.507093 0.295493 0.540784 0.278714 0.523949 0.473611 0.111264 0.436566 0.112193 0.448949 0.09178698 0.006713986 0.711856 0.004239976 0.676159 0.006713986 0.676159 0.01122289 0.711856 0.006713986 0.747491 0.006713986 0.711856 0.521522 0.06239295 0.473695 0.0512849 0.484621 0.03342396 0.0241149 0.711856 0.03521198 0.676159 0.03521198 0.711856 0.0241149 0.711856 0.01122289 0.676159 0.0241149 0.676159 0.448949 0.09178698 0.413034 0.101001 0.420521 0.07833397 0.006713986 0.676159 0.004239976 0.640402 0.006713986 0.640402 0.01122289 0.676159 0.006713986 0.711856 0.006713986 0.676159 0.484621 0.03342396 0.435498 0.03332489 0.44212 0.013457 0.0241149 0.676159 0.03521198 0.640402 0.03521198 0.676159 0.0241149 0.676159 0.01122289 0.640402 0.0241149 0.640402 0.112294 0.11278 0.03521198 0.148517 0.03521198 0.11278 0.420521 0.07833397 0.387529 0.09536296 0.389758 0.07159996 0.006713986 0.640402 0.004239976 0.604594 0.006713986 0.604594 0.01122289 0.640402 0.006713986 0.676159 0.006713986 0.640402 0.44212 0.013457 0.394217 0.02439188 0.396182 0.003541946 0.389758 0.761763 0.42052 0.755029 0.428719 0.779646 0.0241149 0.640402 0.03521198 0.604594 0.03521198 0.640402 0.0241149 0.640402 0.01122289 0.604594 0.0241149 0.604594 0.389758 0.07159996 0.361361 0.09559696 0.358229 0.07194995 0.006713986 0.604594 0.004239976 0.568742 0.006713986 0.568742 0.01122289 0.640402 0.006713986 0.604594 0.01122289 0.604594 0.396182 0.003541946 0.351954 0.024975 0.34916 0.004227936 0.0241149 0.604594 0.03521198 0.568742 0.03521198 0.604594 0.0241149 0.604594 0.01122289 0.568742 0.0241149 0.568742 0.03521198 0.496958 0.112294 0.532858 0.03521198 0.532858 0.358229 0.07194995 0.335887 0.101717 0.327557 0.07938897 0.006713986 0.568742 0.004239976 0.532858 0.006713986 0.532858 0.01122289 0.604594 0.006713986 0.568742 0.01122289 0.568742 0.34916 0.004227936 0.31089 0.03506696 0.303491 0.01550292 0.327557 0.753973 0.358229 0.761413 0.354812 0.787107 0.03521198 0.568742 0.0241149 0.532858 0.03521198 0.532858 0.0241149 0.568742 0.01122289 0.532858 0.0241149 0.532858 0.327557 0.07938897 0.312444 0.113411 0.299328 0.09356796 0.006713986 0.532858 0.004239976 0.496958 0.006713986 0.496958 0.01122289 0.568742 0.006713986 0.532858 0.01122289 0.532858 0.303491 0.01550292 0.273142 0.05415195 0.261548 0.0367769 0.0241149 0.532858 0.03521198 0.496958 0.03521198 0.532858 0.0241149 0.532858 0.01122289 0.496958 0.0241149 0.496958 0.358203 0.485396 0.336055 0.515056 0.327666 0.492878 0.299328 0.09356796 0.292291 0.130082 0.275054 0.113777 0.006713986 0.496958 0.004239976 0.461017 0.006713986 0.461017 0.01122289 0.532858 0.006713986 0.496958 0.01122289 0.496958 0.261548 0.0367769 0.240713 0.08128696 0.22554 0.06696701 0.285024 0.071998 0.275054 0.113777 0.256282 0.09599298 0.0241149 0.496958 0.03521198 0.461017 0.03521198 0.496958 0.0241149 0.461017 0.01122289 0.496958 0.01122289 0.461017 0.473337 0.52425 0.43632 0.52527 0.448666 0.504914 0.275054 0.113777 0.276483 0.15093 0.256027 0.138958 0.006713986 0.461017 0.004239976 0.425043 0.006713986 0.425043 0.01122289 0.461017 0.006713986 0.496958 0.006713986 0.461017 0.22554 0.06696701 0.2153199 0.115055 0.197343 0.104512 0.256027 0.694404 0.275054 0.719586 0.256282 0.73737 0.0241149 0.461017 0.03521198 0.425043 0.03521198 0.461017 0.0241149 0.425043 0.01122289 0.461017 0.01122289 0.425043 0.256027 0.138958 0.265793 0.174894 0.243218 0.167792 0.004239976 0.425043 0.006713986 0.389056 0.006713986 0.425043 0.01122289 0.425043 0.006713986 0.461017 0.006713986 0.425043 0.190111 0.195059 0.198163 0.153618 0.218571 0.16003 0.197343 0.104512 0.198163 0.153618 0.178318 0.147365 0.0241149 0.425043 0.03521198 0.389056 0.03521198 0.425043 0.0241149 0.389056 0.01122289 0.425043 0.01122289 0.389056 0.112294 0.353074 0.03521198 0.389056 0.03521198 0.353074 0.237196 0.1987749 0.265793 0.174894 0.260812 0.2006919 0.004239976 0.389056 0.006713986 0.353074 0.006713986 0.389056 0.01122289 0.389056 0.006713986 0.425043 0.006713986 0.389056 0.169339 0.193395 0.198163 0.153618 0.190111 0.195059 0.237196 0.634588 0.218571 0.673333 0.211445 0.636617 0.03521198 0.389056 0.0241149 0.353074 0.03521198 0.353074 0.0241149 0.353074 0.01122289 0.389056 0.01122289 0.353074 0.238313 0.230347 0.260812 0.2006919 0.261803 0.226941 0.004239976 0.353074 0.006713986 0.317116 0.006713986 0.353074 0.01122289 0.389056 0.006713986 0.353074 0.01122289 0.353074 0.170953 0.24032 0.190111 0.195059 0.191584 0.237273 0.03521198 0.353074 0.0241149 0.317116 0.03521198 0.317116 0.0241149 0.317116 0.01122289 0.353074 0.01122289 0.317116 0.246528 0.260876 0.261803 0.226941 0.268695 0.25231 0.004239976 0.317116 0.006713986 0.281201 0.006713986 0.317116 0.01122289 0.353074 0.006713986 0.317116 0.01122289 0.317116 0.183073 0.285684 0.191584 0.237273 0.202497 0.278089 0.246528 0.572487 0.238313 0.603016 0.212752 0.599216 0.03521198 0.317116 0.0241149 0.281201 0.03521198 0.281201 0.285215 0.48557 0.239982 0.529968 0.245433 0.49043 0.261403 0.288799 0.268695 0.25231 0.28113 0.275472 0.004239976 0.281201 0.006713986 0.250633 0.006713986 0.281201 0.01122289 0.317116 0.006713986 0.281201 0.01122289 0.281201 0.205027 0.327165 0.202497 0.278089 0.222264 0.315447 0.0241149 0.281201 0.03521198 0.250633 0.03521198 0.281201 0.278714 0.309414 0.28113 0.275472 0.295493 0.292579 0.01122289 0.250633 0.006713986 0.281201 0.006713986 0.250633 0.230746 0.357723 0.222264 0.315447 0.245433 0.342933 0.112294 0.250633 0.123391 0.220095 0.123391 0.250633 0.123391 0.220095 0.136283 0.250633 0.123391 0.250633 0.261403 0.544564 0.268695 0.581053 0.246528 0.572487 0.303479 0.429175 0.273308 0.467766 0.261726 0.450429 0.140792 0.220095 0.136283 0.250633 0.136283 0.220095 0.394217 0.808971 0.44212 0.819906 0.396182 0.829821 0.112294 0.220095 0.123391 0.184292 0.123391 0.220095 0.123391 0.184292 0.136283 0.220095 0.123391 0.220095 0.261726 0.450429 0.245433 0.49043 0.230746 0.475639 0.136283 0.184292 0.140792 0.220095 0.136283 0.220095 0.351954 0.808387 0.396182 0.829821 0.34916 0.829135 0.31851 0.468688 0.299583 0.507093 0.285215 0.48557 0.112294 0.148517 0.123391 0.184292 0.112294 0.184292 0.123391 0.148517 0.136283 0.184292 0.123391 0.184292 0.533271 0.723136 0.571369 0.692265 0.550897 0.734432 0.136283 0.148517 0.140792 0.184292 0.136283 0.184292 0.310889 0.798296 0.34916 0.829135 0.303491 0.817859 0.31851 0.364675 0.327666 0.340485 0.358204 0.347967 0.112294 0.148517 0.123391 0.11278 0.123391 0.148517 0.123391 0.11278 0.136283 0.148517 0.123391 0.148517 0.143266 0.532858 0.140792 0.568742 0.140792 0.532858 0.136283 0.11278 0.140792 0.148517 0.136283 0.148517 0.273142 0.779211 0.303491 0.817859 0.261548 0.796586 0.112294 0.11278 0.123391 0.07708799 0.123391 0.11278 0.123391 0.07708799 0.136283 0.11278 0.123391 0.11278 0.143266 0.496958 0.140792 0.532858 0.140792 0.496958 0.136283 0.07708799 0.140792 0.11278 0.136283 0.11278 0.240713 0.752076 0.261548 0.796586 0.22554 0.766395 0.391983 0.37418 0.389606 0.348391 0.420279 0.341768 0.112294 0.07708799 0.123391 0.04144299 0.123391 0.07708799 0.123391 0.04144299 0.136283 0.07708799 0.123391 0.07708799 0.205027 0.506198 0.202497 0.555274 0.183073 0.547679 0.140792 0.04144299 0.136283 0.07708799 0.136283 0.04144299 0.2153199 0.718308 0.22554 0.766395 0.197344 0.728851 0.112294 0.04144299 0.123391 0.005844891 0.123391 0.04144299 0.123391 0.005844891 0.136283 0.04144299 0.123391 0.04144299 0.484215 0.58479 0.493067 0.548642 0.50677 0.576887 0.143266 0.425043 0.140792 0.461017 0.140792 0.425043 0.140792 0.005844891 0.136283 0.04144299 0.136283 0.005844891 0.143266 0.960915 0.140792 0.925369 0.143266 0.925369 0.136283 0.317116 0.123391 0.317116 0.123391 0.281201 0.112294 0.996467 0.123391 0.960915 0.123391 0.996467 0.123391 0.960915 0.136283 0.996467 0.123391 0.996467 0.140792 0.389056 0.143266 0.425043 0.140792 0.425043 0.140792 0.960915 0.136283 0.996467 0.136283 0.960915 0.490069 0.610061 0.50677 0.576887 0.513822 0.607437 0.169339 0.639968 0.198163 0.679745 0.178318 0.685998 0.112294 0.925369 0.123391 0.960915 0.112294 0.960915 0.123391 0.925369 0.136283 0.960915 0.123391 0.960915 0.436566 0.721169 0.473611 0.722099 0.448949 0.741576 0.143266 0.389056 0.140792 0.353074 0.143266 0.353074 0.136283 0.925369 0.140792 0.960915 0.136283 0.960915 0.170953 0.593043 0.190111 0.638304 0.169339 0.639968 0.531271 0.568193 0.493067 0.548642 0.514975 0.53465 0.112294 0.889818 0.123391 0.925369 0.112294 0.925369 0.136283 0.889818 0.123391 0.925369 0.123391 0.889818 0.312444 0.719952 0.327557 0.753973 0.299328 0.739794 0.136283 0.889818 0.140792 0.925369 0.136283 0.925369 0.183073 0.547679 0.191584 0.59609 0.170953 0.593043 0.112294 0.854258 0.123391 0.889818 0.112294 0.889818 0.136283 0.854258 0.123391 0.889818 0.123391 0.854258 0.484165 0.446476 0.435118 0.446587 0.441654 0.426714 0.136283 0.854258 0.140792 0.889818 0.136283 0.889818 0.581882 0.599643 0.551553 0.560968 0.571305 0.553905 0.112294 0.854258 0.123391 0.818686 0.123391 0.854258 0.136283 0.818686 0.123391 0.854258 0.123391 0.818686 0.140792 0.184292 0.143266 0.220095 0.140792 0.220095 0.140792 0.818686 0.136283 0.854258 0.136283 0.818686 0.143266 0.148517 0.140792 0.11278 0.143266 0.11278 0.539671 0.191648 0.513851 0.194582 0.506883 0.164023 0.112294 0.818686 0.123391 0.783098 0.123391 0.818686 0.136283 0.783098 0.123391 0.818686 0.123391 0.783098 0.551636 0.685224 0.581882 0.646572 0.571369 0.692265 0.140792 0.783098 0.136283 0.818686 0.136283 0.783098 0.473695 0.782078 0.521522 0.77097 0.484621 0.799939 0.112294 0.783098 0.123391 0.747491 0.123391 0.783098 0.136283 0.747491 0.123391 0.783098 0.123391 0.747491 0.387529 0.738 0.42052 0.755029 0.389758 0.761763 0.521172 0.475289 0.4733 0.464374 0.484165 0.446476 0.140792 0.747491 0.136283 0.783098 0.136283 0.747491 0.140792 0.889818 0.143266 0.925369 0.140792 0.925369 0.473611 0.722099 0.515155 0.71155 0.491822 0.740649 0.112294 0.711856 0.123391 0.747491 0.112294 0.747491 0.136283 0.711856 0.123391 0.747491 0.123391 0.711856 0.413034 0.732362 0.448949 0.741576 0.42052 0.755029 0.561049 0.644167 0.581882 0.599643 0.581882 0.646572 0.136283 0.711856 0.140792 0.747491 0.136283 0.747491 0.506877 0.756017 0.550897 0.734432 0.521522 0.77097 0.491822 0.09271395 0.473611 0.111264 0.448949 0.09178698 0.112294 0.676159 0.123391 0.711856 0.112294 0.711856 0.136283 0.676159 0.123391 0.711856 0.123391 0.676159 0.441654 0.426714 0.393922 0.437823 0.395801 0.417005 0.136283 0.676159 0.140792 0.711856 0.136283 0.711856 0.140792 0.960915 0.143266 0.996467 0.140792 0.996467 0.112294 0.640402 0.123391 0.676159 0.112294 0.676159 0.136283 0.640402 0.123391 0.676159 0.123391 0.640402 0.246528 0.572487 0.261803 0.606422 0.238313 0.603016 0.230746 0.475639 0.222264 0.517916 0.205027 0.506198 0.136283 0.640402 0.140792 0.676159 0.136283 0.676159 0.491822 0.740649 0.515155 0.71155 0.533271 0.723136 0.140792 0.005844891 0.143266 0.04144299 0.140792 0.04144299 0.358203 0.485396 0.327666 0.492878 0.31851 0.468688 0.112294 0.604594 0.123391 0.640402 0.112294 0.640402 0.136283 0.604594 0.123391 0.640402 0.123391 0.604594 0.143266 0.568742 0.140792 0.604594 0.140792 0.568742 0.140792 0.604594 0.136283 0.640402 0.136283 0.604594 0.143266 0.747491 0.140792 0.783098 0.140792 0.747491 0.112294 0.568742 0.123391 0.604594 0.112294 0.604594 0.136283 0.568742 0.123391 0.604594 0.123391 0.568742 0.143266 0.783098 0.140792 0.818686 0.140792 0.783098 0.140792 0.568742 0.136283 0.604594 0.136283 0.568742 0.143266 0.11278 0.140792 0.07708799 0.143266 0.07708799 0.112294 0.568742 0.123391 0.532858 0.123391 0.568742 0.136283 0.532858 0.123391 0.568742 0.123391 0.532858 0.571305 0.553905 0.533108 0.523033 0.550749 0.511711 0.140792 0.532858 0.136283 0.568742 0.136283 0.532858 0.143266 0.818686 0.140792 0.854258 0.140792 0.818686 0.112294 0.496958 0.123391 0.532858 0.112294 0.532858 0.136283 0.496958 0.123391 0.532858 0.123391 0.496958 0.395801 0.417005 0.351804 0.438527 0.348945 0.417844 0.140792 0.496958 0.136283 0.532858 0.136283 0.496958 0.143266 0.854258 0.140792 0.889818 0.140792 0.854258 0.275054 0.719586 0.285024 0.761364 0.256282 0.73737 0.112294 0.461017 0.123391 0.496958 0.112294 0.496958 0.123391 0.461017 0.136283 0.496958 0.123391 0.496958 0.140792 0.317116 0.143266 0.353074 0.140792 0.353074 0.136283 0.461017 0.140792 0.496958 0.136283 0.496958 0.198163 0.679745 0.197344 0.728851 0.178318 0.685998 0.514975 0.53465 0.462151 0.482746 0.506537 0.490284 0.112294 0.425043 0.123391 0.461017 0.112294 0.461017 0.123391 0.425043 0.136283 0.461017 0.123391 0.461017 0.143266 0.250633 0.140792 0.220095 0.143266 0.220095 0.136283 0.425043 0.140792 0.461017 0.136283 0.461017 0.143266 0.604594 0.140792 0.640402 0.140792 0.604594 0.112294 0.389056 0.123391 0.425043 0.112294 0.425043 0.123391 0.389056 0.136283 0.425043 0.123391 0.425043 0.143266 0.184292 0.140792 0.148517 0.143266 0.148517 0.136283 0.389056 0.140792 0.425043 0.136283 0.425043 0.143266 0.676159 0.140792 0.711856 0.140792 0.676159 0.256282 0.09599298 0.275054 0.113777 0.256027 0.138958 0.112294 0.389056 0.123391 0.353074 0.123391 0.389056 0.123391 0.353074 0.136283 0.389056 0.123391 0.389056 0.143266 0.317116 0.140792 0.281201 0.143266 0.281201 0.140792 0.353074 0.136283 0.389056 0.136283 0.353074 0.143266 0.711856 0.140792 0.747491 0.140792 0.711856 0.112294 0.353074 0.123391 0.317116 0.123391 0.353074 0.123391 0.317116 0.136283 0.353074 0.123391 0.353074 0.143266 0.640402 0.140792 0.676159 0.140792 0.640402 0.140792 0.317116 0.136283 0.353074 0.136283 0.317116 0.140792 0.04144299 0.143266 0.07708799 0.140792 0.07708799 0.354812 0.04625588 0.358229 0.07194995 0.327557 0.07938897 0.112294 0.317116 0.123391 0.281201 0.123391 0.317116 0.0241149 0.281201 0.01122289 0.317116 0.01122289 0.281201 0.550749 0.511711 0.506537 0.490284 0.521172 0.475289 0.140792 0.281201 0.136283 0.317116 0.136283 0.281201 0.143266 0.461017 0.140792 0.496958 0.140792 0.461017 0.112294 0.250633 0.123391 0.281201 0.112294 0.281201 0.348945 0.417844 0.310901 0.448667 0.303479 0.429175 0.136283 0.250633 0.140792 0.281201 0.136283 0.281201 0.435498 0.800038 0.484621 0.799939 0.44212 0.819906 0.004239976 0.250633 0.006713986 0.220095 0.006713986 0.250633 0.143266 0.281201 0.140792 0.250633 0.143266 0.250633 0.389605 0.484972 0.361372 0.508928 0.358203 0.485396 0.361372 0.508928 0.387411 0.508637 0.361372 0.508928 0.484215 0.58479 0.472853 0.561482 0.472853 0.561482 0.43632 0.52527 0.456682 0.541304 0.43632 0.52527 0.268695 0.581053 0.28113 0.557891 0.268695 0.581053 0.490123 0.636008 0.490069 0.610061 0.490069 0.610061 0.473122 0.684723 0.456923 0.705019 0.473122 0.684723 0.490069 0.610061 0.484215 0.58479 0.484215 0.58479 0.413034 0.732362 0.436566 0.721169 0.436566 0.721169 0.312793 0.526754 0.336055 0.515056 0.312793 0.526754 0.436566 0.721169 0.456923 0.705019 0.456923 0.705019 0.387411 0.508637 0.412827 0.514186 0.387411 0.508637 0.260812 0.632671 0.265793 0.658468 0.265793 0.658468 0.265793 0.658468 0.276483 0.682432 0.276483 0.682432 0.276483 0.682432 0.292291 0.703281 0.292291 0.703281 0.261803 0.606422 0.268695 0.581053 0.261803 0.606422 0.456682 0.541304 0.472853 0.561482 0.456682 0.541304 0.361361 0.737766 0.387529 0.738 0.387529 0.738 0.260812 0.632671 0.261803 0.606422 0.260812 0.632671 0.387529 0.738 0.413034 0.732362 0.413034 0.732362 0.361372 0.508928 0.336055 0.515056 0.336055 0.515056 0.292291 0.703281 0.312444 0.719952 0.312444 0.719952 0.412827 0.514186 0.43632 0.52527 0.412827 0.514186 0.335887 0.731646 0.312444 0.719952 0.335887 0.731646 0.490123 0.636008 0.484379 0.661321 0.490123 0.636008 0.295493 0.540784 0.28113 0.557891 0.28113 0.557891 0.295493 0.540784 0.312793 0.526754 0.295493 0.540784 0.335887 0.731646 0.361361 0.737766 0.361361 0.737766 0.484379 0.661321 0.473122 0.684723 0.484379 0.661321 0.112294 0.676159 0.112294 0.711856 0.03521198 0.711856 0.484379 0.661321 0.490123 0.636008 0.513851 0.638781 0.539671 0.641715 0.515155 0.71155 0.506883 0.66934 0.515155 0.71155 0.493257 0.697586 0.506883 0.66934 0.112294 0.220095 0.112294 0.250633 0.03521198 0.250633 0.506877 0.07734596 0.533271 0.110227 0.491822 0.09271395 0.533271 0.110227 0.551636 0.1481389 0.515155 0.1218129 0.551636 0.1481389 0.56105 0.189195 0.539671 0.191648 0.551636 0.1481389 0.539671 0.191648 0.515155 0.1218129 0.473695 0.0512849 0.506877 0.07734596 0.491822 0.09271395 0.533271 0.110227 0.515155 0.1218129 0.491822 0.09271395 0.394217 0.02439188 0.435498 0.03332489 0.428719 0.05371689 0.435498 0.03332489 0.473695 0.0512849 0.428719 0.05371689 0.354812 0.04625588 0.351954 0.024975 0.394217 0.02439188 0.428719 0.05371689 0.354812 0.04625588 0.394217 0.02439188 0.238313 0.230347 0.212752 0.234147 0.237196 0.1987749 0.212752 0.234147 0.211445 0.196746 0.237196 0.1987749 0.211445 0.196746 0.218571 0.16003 0.237196 0.1987749 0.391983 0.459183 0.462151 0.482746 0.420279 0.491595 0.462151 0.482746 0.448666 0.504914 0.420279 0.491595 0.112294 0.532858 0.112294 0.568742 0.03521198 0.568742 0.112294 0.07708799 0.112294 0.11278 0.03521198 0.11278 0.03521198 0.640402 0.112294 0.640402 0.112294 0.676159 0.473122 0.684723 0.484379 0.661321 0.506883 0.66934 0.03521198 0.925369 0.112294 0.925369 0.112294 0.960915 0.327666 0.492878 0.336055 0.515056 0.312793 0.526754 0.237196 0.634588 0.260812 0.632671 0.265793 0.658468 0.490123 0.636008 0.490069 0.610061 0.513822 0.607437 0.265793 0.658468 0.276483 0.682432 0.256027 0.694404 0.112294 0.250633 0.112294 0.281201 0.03521198 0.281201 0.335887 0.731646 0.361361 0.737766 0.358229 0.761413 0.361361 0.737766 0.387529 0.738 0.389758 0.761763 0.292291 0.703281 0.312444 0.719952 0.299328 0.739794 0.238313 0.603016 0.261803 0.606422 0.260812 0.632671 0.112294 0.04144299 0.112294 0.07708799 0.03521198 0.07708799 0.420279 0.491595 0.412827 0.514186 0.387411 0.508637 0.448666 0.504914 0.43632 0.52527 0.412827 0.514186 0.112294 0.604594 0.112294 0.640402 0.03521198 0.640402 0.112294 0.568742 0.112294 0.604594 0.03521198 0.604594 0.112294 0.281201 0.112294 0.317116 0.03521198 0.317116 0.299583 0.32627 0.285215 0.347793 0.278714 0.309414 0.285215 0.347793 0.239982 0.303394 0.278714 0.309414 0.493067 0.284721 0.514975 0.298713 0.473337 0.309113 0.514975 0.298713 0.462151 0.350617 0.473337 0.309113 0.112294 0.960915 0.112294 0.996467 0.03521198 0.996467 0.491822 0.740649 0.428719 0.779646 0.448949 0.741576 0.428719 0.779646 0.42052 0.755029 0.448949 0.741576 0.456923 0.705019 0.473122 0.684723 0.493257 0.697586 0.112294 0.148517 0.112294 0.184292 0.03521198 0.184292 0.358229 0.07194995 0.354812 0.04625588 0.389758 0.07159996 0.354812 0.04625588 0.428719 0.05371689 0.389758 0.07159996 0.112294 0.889818 0.112294 0.925369 0.03521198 0.925369 0.493067 0.548642 0.472853 0.561482 0.456682 0.541304 0.112294 0.854258 0.112294 0.889818 0.03521198 0.889818 0.03521198 0.425043 0.112294 0.425043 0.112294 0.461017 0.276483 0.682432 0.292291 0.703281 0.275054 0.719586 0.112294 0.818686 0.112294 0.854258 0.03521198 0.854258 0.112294 0.317116 0.112294 0.353074 0.03521198 0.353074 0.112294 0.461017 0.112294 0.496958 0.03521198 0.496958 0.261403 0.288799 0.239982 0.303394 0.246528 0.260876 0.239982 0.303394 0.212752 0.234147 0.246528 0.260876 0.112294 0.005844891 0.112294 0.04144299 0.03521198 0.04144299 0.273308 0.365597 0.245433 0.342933 0.285215 0.347793 0.245433 0.342933 0.222264 0.315447 0.239982 0.303394 0.222264 0.315447 0.202497 0.278089 0.239982 0.303394 0.202497 0.278089 0.191584 0.237273 0.212752 0.234147 0.239982 0.303394 0.202497 0.278089 0.212752 0.234147 0.191584 0.237273 0.190111 0.195059 0.211445 0.196746 0.191584 0.237273 0.211445 0.196746 0.212752 0.234147 0.245433 0.342933 0.239982 0.303394 0.285215 0.347793 0.351804 0.394836 0.310901 0.384696 0.31851 0.364675 0.310901 0.384696 0.273308 0.365597 0.285215 0.347793 0.391983 0.37418 0.393922 0.39554 0.351804 0.394836 0.31851 0.364675 0.391983 0.37418 0.351804 0.394836 0.03521198 0.250633 0.0241149 0.250633 0.0241149 0.220095 0.0241149 0.220095 0.0241149 0.250633 0.01122289 0.250633 0.299583 0.32627 0.278714 0.309414 0.295493 0.292579 0.004239976 0.220095 0.004239976 0.184292 0.006713986 0.184292 0.01122289 0.250633 0.006713986 0.250633 0.006713986 0.220095 0.261726 0.382934 0.230746 0.357723 0.245433 0.342933 0.278714 0.523949 0.261403 0.544564 0.239982 0.529968 0.239982 0.529968 0.285215 0.48557 0.278714 0.523949 0.03521198 0.220095 0.0241149 0.220095 0.0241149 0.184292 0.0241149 0.184292 0.0241149 0.220095 0.01122289 0.220095 0.327666 0.340485 0.299583 0.32627 0.312793 0.306608 0.004239976 0.184292 0.004239976 0.148517 0.006713986 0.148517 0.01122289 0.184292 0.01122289 0.220095 0.006713986 0.220095 0.303479 0.404188 0.261726 0.382934 0.273308 0.365597 0.31851 0.364675 0.285215 0.347793 0.299583 0.32627 0.0241149 0.184292 0.0241149 0.148517 0.03521198 0.148517 0.0241149 0.148517 0.0241149 0.184292 0.01122289 0.184292 0.03521198 0.184292 0.112294 0.184292 0.112294 0.220095 0.358204 0.347967 0.327666 0.340485 0.336055 0.318307 0.004239976 0.148517 0.004239976 0.11278 0.006713986 0.11278 0.01122289 0.148517 0.01122289 0.184292 0.006713986 0.184292 0.348945 0.415518 0.303479 0.404188 0.310901 0.384696 0.285024 0.761364 0.354812 0.787107 0.310889 0.798296 0.354812 0.787107 0.351954 0.808387 0.310889 0.798296 0.310889 0.798296 0.273142 0.779211 0.285024 0.761364 0.273142 0.779211 0.240713 0.752076 0.256282 0.73737 0.240713 0.752076 0.2153199 0.718308 0.256282 0.73737 0.2153199 0.718308 0.198163 0.679745 0.218571 0.673333 0.198163 0.679745 0.190111 0.638304 0.218571 0.673333 0.190111 0.638304 0.211445 0.636617 0.218571 0.673333 0.218571 0.673333 0.256282 0.73737 0.2153199 0.718308 0.03521198 0.148517 0.0241149 0.148517 0.0241149 0.11278 0.0241149 0.11278 0.0241149 0.148517 0.01122289 0.148517 0.389606 0.348391 0.358204 0.347967 0.361372 0.324435 0.004239976 0.11278 0.004239976 0.07708799 0.006713986 0.07708799 0.01122289 0.11278 0.01122289 0.148517 0.006713986 0.148517 0.395801 0.416357 0.348945 0.415518 0.351804 0.394836 0.03521198 0.11278 0.0241149 0.11278 0.0241149 0.07708799 0.0241149 0.07708799 0.0241149 0.11278 0.01122289 0.11278 0.420279 0.341768 0.389606 0.348391 0.387411 0.324726 0.004239976 0.07708799 0.004239976 0.04144299 0.006713986 0.04144299 0.01122289 0.07708799 0.01122289 0.11278 0.006713986 0.11278 0.539671 0.191648 0.56105 0.189195 0.561003 0.231323 0.561003 0.231323 0.551553 0.272395 0.531271 0.26517 0.551553 0.272395 0.533108 0.31033 0.514975 0.298713 0.533108 0.31033 0.506537 0.343079 0.514975 0.298713 0.506537 0.343079 0.4733 0.368989 0.462151 0.350617 0.514975 0.298713 0.506537 0.343079 0.462151 0.350617 0.4733 0.368989 0.435118 0.386776 0.462151 0.350617 0.435118 0.386776 0.393922 0.39554 0.391983 0.37418 0.462151 0.350617 0.435118 0.386776 0.391983 0.37418 0.551553 0.272395 0.514975 0.298713 0.531271 0.26517 0.441654 0.406649 0.395801 0.416357 0.393922 0.39554 0.03521198 0.07708799 0.0241149 0.07708799 0.0241149 0.04144299 0.0241149 0.04144299 0.0241149 0.07708799 0.01122289 0.07708799 0.448667 0.328449 0.420279 0.341768 0.412827 0.319177 0.004239976 0.04144299 0.004239976 0.005844891 0.006713986 0.005844891 0.01122289 0.07708799 0.006713986 0.07708799 0.006713986 0.04144299 0.484165 0.386887 0.441654 0.406649 0.435118 0.386776 0.03521198 0.04144299 0.0241149 0.04144299 0.0241149 0.005844891 0.0241149 0.005844891 0.0241149 0.04144299 0.01122289 0.04144299 0.112294 0.747491 0.112294 0.783098 0.03521198 0.783098 0.473337 0.309113 0.448667 0.328449 0.43632 0.308094 0.004239976 0.996467 0.004239976 0.960915 0.006713986 0.960915 0.01122289 0.04144299 0.006713986 0.04144299 0.006713986 0.005844891 0.521173 0.358074 0.484165 0.386887 0.4733 0.368989 0.462151 0.482746 0.514975 0.53465 0.473337 0.52425 0.514975 0.53465 0.493067 0.548642 0.473337 0.52425 0.03521198 0.996467 0.0241149 0.996467 0.0241149 0.960915 0.0241149 0.960915 0.0241149 0.996467 0.01122289 0.996467 0.112294 0.389056 0.112294 0.425043 0.03521198 0.425043 0.493067 0.284721 0.473337 0.309113 0.456682 0.292058 0.004239976 0.960915 0.004239976 0.925369 0.006713986 0.925369 0.01122289 0.996467 0.006713986 0.996467 0.006713986 0.960915 0.550749 0.321652 0.521173 0.358074 0.506537 0.343079 0.0241149 0.960915 0.0241149 0.925369 0.03521198 0.925369 0.0241149 0.925369 0.0241149 0.960915 0.01122289 0.960915 0.493067 0.284721 0.472853 0.271881 0.484215 0.248573 0.004239976 0.925369 0.004239976 0.889818 0.006713986 0.889818 0.01122289 0.925369 0.01122289 0.960915 0.006713986 0.960915 0.571305 0.279458 0.550749 0.321652 0.533108 0.31033 0.531271 0.26517 0.514975 0.298713 0.493067 0.284721 0.0241149 0.925369 0.0241149 0.889818 0.03521198 0.889818 0.0241149 0.925369 0.01122289 0.925369 0.01122289 0.889818 0.112294 0.711856 0.112294 0.747491 0.03521198 0.747491 0.50677 0.256476 0.484215 0.248573 0.490069 0.223302 0.006713986 0.889818 0.004239976 0.889818 0.004239976 0.854258 0.01122289 0.889818 0.01122289 0.925369 0.006713986 0.925369 0.581882 0.23372 0.571305 0.279458 0.551553 0.272395 0.531271 0.568193 0.539671 0.641715 0.513822 0.607437 0.539671 0.641715 0.513851 0.638781 0.513822 0.607437 0.0241149 0.889818 0.0241149 0.854258 0.03521198 0.854258 0.0241149 0.889818 0.01122289 0.889818 0.01122289 0.854258 0.03521198 0.783098 0.112294 0.783098 0.112294 0.818686 0.513822 0.225926 0.490069 0.223302 0.490123 0.197355 0.006713986 0.854258 0.004239976 0.854258 0.004239976 0.818686 0.01122289 0.854258 0.01122289 0.889818 0.006713986 0.889818 0.581882 0.23372 0.561003 0.231323 0.56105 0.189195 0.03521198 0.854258 0.0241149 0.854258 0.0241149 0.818686 0.0241149 0.854258 0.01122289 0.854258 0.01122289 0.818686 0.513851 0.194582 0.490123 0.197355 0.484379 0.172042 0.006713986 0.818686 0.004239976 0.818686 0.004239976 0.783098 0.01122289 0.854258 0.006713986 0.854258 0.006713986 0.818686 0.581882 0.186791 0.56105 0.189195 0.551636 0.1481389 0.513851 0.194582 0.539671 0.191648 0.513822 0.225926 0.539671 0.191648 0.531271 0.26517 0.513822 0.225926 0.03521198 0.818686 0.0241149 0.818686 0.0241149 0.783098 0.0241149 0.818686 0.01122289 0.818686 0.01122289 0.783098 0.278714 0.523949 0.295493 0.540784 0.28113 0.557891 0.506883 0.164023 0.484379 0.172042 0.473122 0.14864 0.006713986 0.783098 0.004239976 0.783098 0.004239976 0.747491 0.01122289 0.818686 0.006713986 0.818686 0.006713986 0.783098 0.571369 0.141098 0.551636 0.1481389 0.533271 0.110227 0.03521198 0.783098 0.0241149 0.783098 0.0241149 0.747491 0.0241149 0.783098 0.01122289 0.783098 0.01122289 0.747491 0.493257 0.1357769 0.473122 0.14864 0.456923 0.1283439 0.006713986 0.747491 0.004239976 0.747491 0.004239976 0.711856 0.01122289 0.783098 0.006713986 0.783098 0.006713986 0.747491 0.550897 0.09893 0.533271 0.110227 0.506877 0.07734596 0.515155 0.1218129 0.493257 0.1357769 0.473611 0.111264 0.0241149 0.747491 0.0241149 0.711856 0.03521198 0.711856 0.0241149 0.747491 0.01122289 0.747491 0.01122289 0.711856 0.299583 0.507093 0.312793 0.526754 0.295493 0.540784 0.473611 0.111264 0.456923 0.1283439 0.436566 0.112193 0.006713986 0.711856 0.004239976 0.711856 0.004239976 0.676159 0.01122289 0.711856 0.01122289 0.747491 0.006713986 0.747491 0.521522 0.06239295 0.506877 0.07734596 0.473695 0.0512849 0.0241149 0.711856 0.0241149 0.676159 0.03521198 0.676159 0.0241149 0.711856 0.01122289 0.711856 0.01122289 0.676159 0.448949 0.09178698 0.436566 0.112193 0.413034 0.101001 0.006713986 0.676159 0.004239976 0.676159 0.004239976 0.640402 0.01122289 0.676159 0.01122289 0.711856 0.006713986 0.711856 0.484621 0.03342396 0.473695 0.0512849 0.435498 0.03332489 0.0241149 0.676159 0.0241149 0.640402 0.03521198 0.640402 0.0241149 0.676159 0.01122289 0.676159 0.01122289 0.640402 0.112294 0.11278 0.112294 0.148517 0.03521198 0.148517 0.420521 0.07833397 0.413034 0.101001 0.387529 0.09536296 0.006713986 0.640402 0.004239976 0.640402 0.004239976 0.604594 0.01122289 0.640402 0.01122289 0.676159 0.006713986 0.676159 0.44212 0.013457 0.435498 0.03332489 0.394217 0.02439188 0.428719 0.779646 0.354812 0.787107 0.389758 0.761763 0.354812 0.787107 0.358229 0.761413 0.389758 0.761763 0.0241149 0.640402 0.0241149 0.604594 0.03521198 0.604594 0.0241149 0.640402 0.01122289 0.640402 0.01122289 0.604594 0.389758 0.07159996 0.387529 0.09536296 0.361361 0.09559696 0.006713986 0.604594 0.004239976 0.604594 0.004239976 0.568742 0.01122289 0.640402 0.006713986 0.640402 0.006713986 0.604594 0.396182 0.003541946 0.394217 0.02439188 0.351954 0.024975 0.0241149 0.604594 0.0241149 0.568742 0.03521198 0.568742 0.0241149 0.604594 0.01122289 0.604594 0.01122289 0.568742 0.03521198 0.496958 0.112294 0.496958 0.112294 0.532858 0.358229 0.07194995 0.361361 0.09559696 0.335887 0.101717 0.006713986 0.568742 0.004239976 0.568742 0.004239976 0.532858 0.01122289 0.604594 0.006713986 0.604594 0.006713986 0.568742 0.34916 0.004227936 0.351954 0.024975 0.31089 0.03506696 0.354812 0.787107 0.285024 0.761364 0.327557 0.753973 0.285024 0.761364 0.299328 0.739794 0.327557 0.753973 0.03521198 0.568742 0.0241149 0.568742 0.0241149 0.532858 0.0241149 0.568742 0.01122289 0.568742 0.01122289 0.532858 0.327557 0.07938897 0.335887 0.101717 0.312444 0.113411 0.006713986 0.532858 0.004239976 0.532858 0.004239976 0.496958 0.01122289 0.568742 0.006713986 0.568742 0.006713986 0.532858 0.303491 0.01550292 0.31089 0.03506696 0.273142 0.05415195 0.0241149 0.532858 0.0241149 0.496958 0.03521198 0.496958 0.0241149 0.532858 0.01122289 0.532858 0.01122289 0.496958 0.358203 0.485396 0.361372 0.508928 0.336055 0.515056 0.299328 0.09356796 0.312444 0.113411 0.292291 0.130082 0.006713986 0.496958 0.004239976 0.496958 0.004239976 0.461017 0.01122289 0.532858 0.006713986 0.532858 0.006713986 0.496958 0.261548 0.0367769 0.273142 0.05415195 0.240713 0.08128696 0.285024 0.071998 0.299328 0.09356796 0.275054 0.113777 0.0241149 0.496958 0.0241149 0.461017 0.03521198 0.461017 0.0241149 0.461017 0.0241149 0.496958 0.01122289 0.496958 0.473337 0.52425 0.456682 0.541304 0.43632 0.52527 0.275054 0.113777 0.292291 0.130082 0.276483 0.15093 0.006713986 0.461017 0.004239976 0.461017 0.004239976 0.425043 0.01122289 0.461017 0.01122289 0.496958 0.006713986 0.496958 0.22554 0.06696701 0.240713 0.08128696 0.2153199 0.115055 0.256282 0.73737 0.218571 0.673333 0.256027 0.694404 0.218571 0.673333 0.243218 0.665571 0.256027 0.694404 0.0241149 0.461017 0.0241149 0.425043 0.03521198 0.425043 0.0241149 0.425043 0.0241149 0.461017 0.01122289 0.461017 0.256027 0.138958 0.276483 0.15093 0.265793 0.174894 0.004239976 0.425043 0.004239976 0.389056 0.006713986 0.389056 0.01122289 0.425043 0.01122289 0.461017 0.006713986 0.461017 0.198163 0.153618 0.2153199 0.115055 0.218571 0.16003 0.2153199 0.115055 0.240713 0.08128696 0.256282 0.09599298 0.240713 0.08128696 0.273142 0.05415195 0.256282 0.09599298 0.273142 0.05415195 0.31089 0.03506696 0.285024 0.071998 0.256282 0.09599298 0.273142 0.05415195 0.285024 0.071998 0.31089 0.03506696 0.351954 0.024975 0.354812 0.04625588 0.31089 0.03506696 0.354812 0.04625588 0.285024 0.071998 0.2153199 0.115055 0.256282 0.09599298 0.218571 0.16003 0.211445 0.196746 0.190111 0.195059 0.218571 0.16003 0.197343 0.104512 0.2153199 0.115055 0.198163 0.153618 0.0241149 0.425043 0.0241149 0.389056 0.03521198 0.389056 0.0241149 0.389056 0.0241149 0.425043 0.01122289 0.425043 0.112294 0.353074 0.112294 0.389056 0.03521198 0.389056 0.237196 0.1987749 0.243218 0.167792 0.265793 0.174894 0.004239976 0.389056 0.004239976 0.353074 0.006713986 0.353074 0.01122289 0.389056 0.01122289 0.425043 0.006713986 0.425043 0.169339 0.193395 0.178318 0.147365 0.198163 0.153618 0.211445 0.636617 0.212752 0.599216 0.237196 0.634588 0.212752 0.599216 0.238313 0.603016 0.237196 0.634588 0.237196 0.634588 0.243218 0.665571 0.218571 0.673333 0.03521198 0.389056 0.0241149 0.389056 0.0241149 0.353074 0.0241149 0.353074 0.0241149 0.389056 0.01122289 0.389056 0.238313 0.230347 0.237196 0.1987749 0.260812 0.2006919 0.004239976 0.353074 0.004239976 0.317116 0.006713986 0.317116 0.01122289 0.389056 0.006713986 0.389056 0.006713986 0.353074 0.170953 0.24032 0.169339 0.193395 0.190111 0.195059 0.03521198 0.353074 0.0241149 0.353074 0.0241149 0.317116 0.0241149 0.317116 0.0241149 0.353074 0.01122289 0.353074 0.246528 0.260876 0.238313 0.230347 0.261803 0.226941 0.004239976 0.317116 0.004239976 0.281201 0.006713986 0.281201 0.01122289 0.353074 0.006713986 0.353074 0.006713986 0.317116 0.183073 0.285684 0.170953 0.24032 0.191584 0.237273 0.212752 0.599216 0.239982 0.529968 0.246528 0.572487 0.239982 0.529968 0.261403 0.544564 0.246528 0.572487 0.03521198 0.317116 0.0241149 0.317116 0.0241149 0.281201 0.212752 0.599216 0.211445 0.636617 0.191584 0.59609 0.211445 0.636617 0.190111 0.638304 0.191584 0.59609 0.191584 0.59609 0.202497 0.555274 0.212752 0.599216 0.202497 0.555274 0.222264 0.517916 0.239982 0.529968 0.222264 0.517916 0.245433 0.49043 0.239982 0.529968 0.245433 0.49043 0.273308 0.467766 0.285215 0.48557 0.273308 0.467766 0.310901 0.448667 0.285215 0.48557 0.310901 0.448667 0.351804 0.438527 0.31851 0.468688 0.351804 0.438527 0.393922 0.437823 0.391983 0.459183 0.31851 0.468688 0.351804 0.438527 0.391983 0.459183 0.239982 0.529968 0.212752 0.599216 0.202497 0.555274 0.310901 0.448667 0.31851 0.468688 0.285215 0.48557 0.261403 0.288799 0.246528 0.260876 0.268695 0.25231 0.004239976 0.281201 0.004239976 0.250633 0.006713986 0.250633 0.01122289 0.317116 0.006713986 0.317116 0.006713986 0.281201 0.205027 0.327165 0.183073 0.285684 0.202497 0.278089 0.0241149 0.281201 0.0241149 0.250633 0.03521198 0.250633 0.278714 0.309414 0.261403 0.288799 0.28113 0.275472 0.01122289 0.250633 0.01122289 0.281201 0.006713986 0.281201 0.230746 0.357723 0.205027 0.327165 0.222264 0.315447 0.112294 0.250633 0.112294 0.220095 0.123391 0.220095 0.123391 0.220095 0.136283 0.220095 0.136283 0.250633 0.261403 0.544564 0.28113 0.557891 0.268695 0.581053 0.303479 0.429175 0.310901 0.448667 0.273308 0.467766 0.140792 0.220095 0.140792 0.250633 0.136283 0.250633 0.394217 0.808971 0.435498 0.800038 0.44212 0.819906 0.112294 0.220095 0.112294 0.184292 0.123391 0.184292 0.123391 0.184292 0.136283 0.184292 0.136283 0.220095 0.261726 0.450429 0.273308 0.467766 0.245433 0.49043 0.136283 0.184292 0.140792 0.184292 0.140792 0.220095 0.351954 0.808387 0.394217 0.808971 0.396182 0.829821 0.31851 0.468688 0.327666 0.492878 0.299583 0.507093 0.112294 0.148517 0.123391 0.148517 0.123391 0.184292 0.123391 0.148517 0.136283 0.148517 0.136283 0.184292 0.533271 0.723136 0.551636 0.685224 0.571369 0.692265 0.136283 0.148517 0.140792 0.148517 0.140792 0.184292 0.310889 0.798296 0.351954 0.808387 0.34916 0.829135 0.389606 0.348391 0.391983 0.37418 0.358204 0.347967 0.391983 0.37418 0.31851 0.364675 0.358204 0.347967 0.112294 0.148517 0.112294 0.11278 0.123391 0.11278 0.123391 0.11278 0.136283 0.11278 0.136283 0.148517 0.143266 0.532858 0.143266 0.568742 0.140792 0.568742 0.136283 0.11278 0.140792 0.11278 0.140792 0.148517 0.273142 0.779211 0.310889 0.798296 0.303491 0.817859 0.112294 0.11278 0.112294 0.07708799 0.123391 0.07708799 0.123391 0.07708799 0.136283 0.07708799 0.136283 0.11278 0.143266 0.496958 0.143266 0.532858 0.140792 0.532858 0.136283 0.07708799 0.140792 0.07708799 0.140792 0.11278 0.240713 0.752076 0.273142 0.779211 0.261548 0.796586 0.448667 0.328449 0.462151 0.350617 0.420279 0.341768 0.462151 0.350617 0.391983 0.37418 0.420279 0.341768 0.112294 0.07708799 0.112294 0.04144299 0.123391 0.04144299 0.123391 0.04144299 0.136283 0.04144299 0.136283 0.07708799 0.205027 0.506198 0.222264 0.517916 0.202497 0.555274 0.140792 0.04144299 0.140792 0.07708799 0.136283 0.07708799 0.2153199 0.718308 0.240713 0.752076 0.22554 0.766395 0.112294 0.04144299 0.112294 0.005844891 0.123391 0.005844891 0.123391 0.005844891 0.136283 0.005844891 0.136283 0.04144299 0.484215 0.58479 0.472853 0.561482 0.493067 0.548642 0.143266 0.425043 0.143266 0.461017 0.140792 0.461017 0.140792 0.005844891 0.140792 0.04144299 0.136283 0.04144299 0.143266 0.960915 0.140792 0.960915 0.140792 0.925369 0.123391 0.281201 0.123391 0.250633 0.136283 0.281201 0.123391 0.250633 0.136283 0.250633 0.136283 0.281201 0.136283 0.281201 0.136283 0.317116 0.123391 0.281201 0.112294 0.996467 0.112294 0.960915 0.123391 0.960915 0.123391 0.960915 0.136283 0.960915 0.136283 0.996467 0.140792 0.389056 0.143266 0.389056 0.143266 0.425043 0.140792 0.960915 0.140792 0.996467 0.136283 0.996467 0.490069 0.610061 0.484215 0.58479 0.50677 0.576887 0.169339 0.639968 0.190111 0.638304 0.198163 0.679745 0.112294 0.925369 0.123391 0.925369 0.123391 0.960915 0.123391 0.925369 0.136283 0.925369 0.136283 0.960915 0.436566 0.721169 0.456923 0.705019 0.473611 0.722099 0.143266 0.389056 0.140792 0.389056 0.140792 0.353074 0.136283 0.925369 0.140792 0.925369 0.140792 0.960915 0.170953 0.593043 0.191584 0.59609 0.190111 0.638304 0.531271 0.568193 0.50677 0.576887 0.493067 0.548642 0.112294 0.889818 0.123391 0.889818 0.123391 0.925369 0.136283 0.889818 0.136283 0.925369 0.123391 0.925369 0.312444 0.719952 0.335887 0.731646 0.327557 0.753973 0.136283 0.889818 0.140792 0.889818 0.140792 0.925369 0.183073 0.547679 0.202497 0.555274 0.191584 0.59609 0.112294 0.854258 0.123391 0.854258 0.123391 0.889818 0.136283 0.854258 0.136283 0.889818 0.123391 0.889818 0.484165 0.446476 0.4733 0.464374 0.435118 0.446587 0.136283 0.854258 0.140792 0.854258 0.140792 0.889818 0.581882 0.599643 0.561003 0.602039 0.551553 0.560968 0.112294 0.854258 0.112294 0.818686 0.123391 0.818686 0.136283 0.818686 0.136283 0.854258 0.123391 0.854258 0.140792 0.184292 0.143266 0.184292 0.143266 0.220095 0.140792 0.818686 0.140792 0.854258 0.136283 0.854258 0.143266 0.148517 0.140792 0.148517 0.140792 0.11278 0.493257 0.1357769 0.515155 0.1218129 0.506883 0.164023 0.515155 0.1218129 0.539671 0.191648 0.506883 0.164023 0.112294 0.818686 0.112294 0.783098 0.123391 0.783098 0.136283 0.783098 0.136283 0.818686 0.123391 0.818686 0.551636 0.685224 0.561049 0.644167 0.581882 0.646572 0.140792 0.783098 0.140792 0.818686 0.136283 0.818686 0.473695 0.782078 0.506877 0.756017 0.521522 0.77097 0.112294 0.783098 0.112294 0.747491 0.123391 0.747491 0.136283 0.747491 0.136283 0.783098 0.123391 0.783098 0.387529 0.738 0.413034 0.732362 0.42052 0.755029 0.521172 0.475289 0.506537 0.490284 0.4733 0.464374 0.140792 0.747491 0.140792 0.783098 0.136283 0.783098 0.140792 0.889818 0.143266 0.889818 0.143266 0.925369 0.473611 0.722099 0.493257 0.697586 0.515155 0.71155 0.112294 0.711856 0.123391 0.711856 0.123391 0.747491 0.136283 0.711856 0.136283 0.747491 0.123391 0.747491 0.413034 0.732362 0.436566 0.721169 0.448949 0.741576 0.561049 0.644167 0.561003 0.602039 0.581882 0.599643 0.136283 0.711856 0.140792 0.711856 0.140792 0.747491 0.506877 0.756017 0.533271 0.723136 0.550897 0.734432 0.420521 0.07833397 0.428719 0.05371689 0.448949 0.09178698 0.428719 0.05371689 0.491822 0.09271395 0.448949 0.09178698 0.112294 0.676159 0.123391 0.676159 0.123391 0.711856 0.136283 0.676159 0.136283 0.711856 0.123391 0.711856 0.441654 0.426714 0.435118 0.446587 0.393922 0.437823 0.136283 0.676159 0.140792 0.676159 0.140792 0.711856 0.140792 0.960915 0.143266 0.960915 0.143266 0.996467 0.112294 0.640402 0.123391 0.640402 0.123391 0.676159 0.136283 0.640402 0.136283 0.676159 0.123391 0.676159 0.246528 0.572487 0.268695 0.581053 0.261803 0.606422 0.230746 0.475639 0.245433 0.49043 0.222264 0.517916 0.136283 0.640402 0.140792 0.640402 0.140792 0.676159 0.515155 0.71155 0.539671 0.641715 0.551636 0.685224 0.539671 0.641715 0.561049 0.644167 0.551636 0.685224 0.551636 0.685224 0.533271 0.723136 0.515155 0.71155 0.533271 0.723136 0.506877 0.756017 0.491822 0.740649 0.506877 0.756017 0.473695 0.782078 0.491822 0.740649 0.473695 0.782078 0.435498 0.800038 0.428719 0.779646 0.435498 0.800038 0.394217 0.808971 0.428719 0.779646 0.394217 0.808971 0.351954 0.808387 0.354812 0.787107 0.394217 0.808971 0.354812 0.787107 0.428719 0.779646 0.491822 0.740649 0.473695 0.782078 0.428719 0.779646 0.140792 0.005844891 0.143266 0.005844891 0.143266 0.04144299 0.31851 0.468688 0.391983 0.459183 0.358203 0.485396 0.391983 0.459183 0.389605 0.484972 0.358203 0.485396 0.112294 0.604594 0.123391 0.604594 0.123391 0.640402 0.136283 0.604594 0.136283 0.640402 0.123391 0.640402 0.143266 0.568742 0.143266 0.604594 0.140792 0.604594 0.140792 0.604594 0.140792 0.640402 0.136283 0.640402 0.143266 0.747491 0.143266 0.783098 0.140792 0.783098 0.112294 0.568742 0.123391 0.568742 0.123391 0.604594 0.136283 0.568742 0.136283 0.604594 0.123391 0.604594 0.143266 0.783098 0.143266 0.818686 0.140792 0.818686 0.140792 0.568742 0.140792 0.604594 0.136283 0.604594 0.143266 0.11278 0.140792 0.11278 0.140792 0.07708799 0.112294 0.568742 0.112294 0.532858 0.123391 0.532858 0.136283 0.532858 0.136283 0.568742 0.123391 0.568742 0.571305 0.553905 0.551553 0.560968 0.533108 0.523033 0.140792 0.532858 0.140792 0.568742 0.136283 0.568742 0.143266 0.818686 0.143266 0.854258 0.140792 0.854258 0.112294 0.496958 0.123391 0.496958 0.123391 0.532858 0.136283 0.496958 0.136283 0.532858 0.123391 0.532858 0.395801 0.417005 0.393922 0.437823 0.351804 0.438527 0.140792 0.496958 0.140792 0.532858 0.136283 0.532858 0.143266 0.854258 0.143266 0.889818 0.140792 0.889818 0.275054 0.719586 0.299328 0.739794 0.285024 0.761364 0.112294 0.461017 0.123391 0.461017 0.123391 0.496958 0.123391 0.461017 0.136283 0.461017 0.136283 0.496958 0.140792 0.317116 0.143266 0.317116 0.143266 0.353074 0.136283 0.461017 0.140792 0.461017 0.140792 0.496958 0.198163 0.679745 0.2153199 0.718308 0.197344 0.728851 0.561003 0.602039 0.561049 0.644167 0.539671 0.641715 0.561003 0.602039 0.539671 0.641715 0.531271 0.568193 0.533108 0.523033 0.551553 0.560968 0.514975 0.53465 0.551553 0.560968 0.561003 0.602039 0.531271 0.568193 0.514975 0.53465 0.551553 0.560968 0.531271 0.568193 0.4733 0.464374 0.506537 0.490284 0.462151 0.482746 0.506537 0.490284 0.533108 0.523033 0.514975 0.53465 0.393922 0.437823 0.435118 0.446587 0.391983 0.459183 0.435118 0.446587 0.4733 0.464374 0.462151 0.482746 0.462151 0.482746 0.391983 0.459183 0.435118 0.446587 0.112294 0.425043 0.123391 0.425043 0.123391 0.461017 0.123391 0.425043 0.136283 0.425043 0.136283 0.461017 0.143266 0.250633 0.140792 0.250633 0.140792 0.220095 0.136283 0.425043 0.140792 0.425043 0.140792 0.461017 0.143266 0.604594 0.143266 0.640402 0.140792 0.640402 0.112294 0.389056 0.123391 0.389056 0.123391 0.425043 0.123391 0.389056 0.136283 0.389056 0.136283 0.425043 0.143266 0.184292 0.140792 0.184292 0.140792 0.148517 0.136283 0.389056 0.140792 0.389056 0.140792 0.425043 0.143266 0.676159 0.143266 0.711856 0.140792 0.711856 0.243218 0.167792 0.218571 0.16003 0.256027 0.138958 0.218571 0.16003 0.256282 0.09599298 0.256027 0.138958 0.112294 0.389056 0.112294 0.353074 0.123391 0.353074 0.123391 0.353074 0.136283 0.353074 0.136283 0.389056 0.143266 0.317116 0.140792 0.317116 0.140792 0.281201 0.140792 0.353074 0.140792 0.389056 0.136283 0.389056 0.143266 0.711856 0.143266 0.747491 0.140792 0.747491 0.112294 0.353074 0.112294 0.317116 0.123391 0.317116 0.123391 0.317116 0.136283 0.317116 0.136283 0.353074 0.143266 0.640402 0.143266 0.676159 0.140792 0.676159 0.140792 0.317116 0.140792 0.353074 0.136283 0.353074 0.140792 0.04144299 0.143266 0.04144299 0.143266 0.07708799 0.299328 0.09356796 0.285024 0.071998 0.327557 0.07938897 0.285024 0.071998 0.354812 0.04625588 0.327557 0.07938897 0.112294 0.317116 0.112294 0.281201 0.123391 0.281201 0.01122289 0.250633 0.0241149 0.250633 0.01122289 0.281201 0.0241149 0.250633 0.0241149 0.281201 0.01122289 0.281201 0.0241149 0.281201 0.0241149 0.317116 0.01122289 0.317116 0.550749 0.511711 0.533108 0.523033 0.506537 0.490284 0.140792 0.281201 0.140792 0.317116 0.136283 0.317116 0.143266 0.461017 0.143266 0.496958 0.140792 0.496958 0.112294 0.250633 0.123391 0.250633 0.123391 0.281201 0.348945 0.417844 0.351804 0.438527 0.310901 0.448667 0.136283 0.250633 0.140792 0.250633 0.140792 0.281201 0.435498 0.800038 0.473695 0.782078 0.484621 0.799939 0.004239976 0.250633 0.004239976 0.220095 0.006713986 0.220095 0.143266 0.281201 0.140792 0.281201 0.140792 0.250633 0.389605 0.484972 0.387411 0.508637 0.361372 0.508928 0.361372 0.508928 0.387411 0.508637 0.387411 0.508637 0.484215 0.58479 0.484215 0.58479 0.472853 0.561482 0.43632 0.52527 0.456682 0.541304 0.456682 0.541304 0.268695 0.581053 0.28113 0.557891 0.28113 0.557891 0.490123 0.636008 0.490123 0.636008 0.490069 0.610061 0.473122 0.684723 0.456923 0.705019 0.456923 0.705019 0.490069 0.610061 0.490069 0.610061 0.484215 0.58479 0.413034 0.732362 0.413034 0.732362 0.436566 0.721169 0.312793 0.526754 0.336055 0.515056 0.336055 0.515056 0.436566 0.721169 0.436566 0.721169 0.456923 0.705019 0.387411 0.508637 0.412827 0.514186 0.412827 0.514186 0.260812 0.632671 0.260812 0.632671 0.265793 0.658468 0.265793 0.658468 0.265793 0.658468 0.276483 0.682432 0.276483 0.682432 0.276483 0.682432 0.292291 0.703281 0.261803 0.606422 0.268695 0.581053 0.268695 0.581053 0.456682 0.541304 0.472853 0.561482 0.472853 0.561482 0.361361 0.737766 0.361361 0.737766 0.387529 0.738 0.260812 0.632671 0.261803 0.606422 0.261803 0.606422 0.387529 0.738 0.387529 0.738 0.413034 0.732362 0.361372 0.508928 0.361372 0.508928 0.336055 0.515056 0.292291 0.703281 0.292291 0.703281 0.312444 0.719952 0.412827 0.514186 0.43632 0.52527 0.43632 0.52527 0.335887 0.731646 0.312444 0.719952 0.312444 0.719952 0.490123 0.636008 0.484379 0.661321 0.484379 0.661321 0.295493 0.540784 0.295493 0.540784 0.28113 0.557891 0.295493 0.540784 0.312793 0.526754 0.312793 0.526754 0.335887 0.731646 0.335887 0.731646 0.361361 0.737766 0.484379 0.661321 0.473122 0.684723 0.473122 0.684723</float_array>
          <technique_common>
            <accessor source="#Plane_042-mesh-map-0-array" count="13782" stride="2">
              <param name="S" type="float"/>
              <param name="T" type="float"/>
            </accessor>
          </technique_common>
        </source>
        <vertices id="Plane_042-mesh-vertices">
          <input semantic="POSITION" source="#Plane_042-mesh-positions"/>
        </vertices>
        <triangles material="Wheel_001-material" count="3604">
          <input semantic="VERTEX" source="#Plane_042-mesh-vertices" offset="0"/>
          <input semantic="NORMAL" source="#Plane_042-mesh-normals" offset="1"/>
          <input semantic="TEXCOORD" source="#Plane_042-mesh-map-0" offset="2" set="0"/>
          <p>4 0 0 29 1 1 1 2 2 66 3 3 35 4 4 33 5 5 49 6 6 20 7 7 21 8 8 58 9 9 30 10 10 59 11 11 58 12 12 1 2 13 31 13 14 62 14 15 3 15 16 39 16 17 76 17 18 7 18 19 131 19 20 143 20 21 208 21 22 213 22 23 41 23 24 13 24 25 11 25 26 62 26 27 38 27 28 63 28 29 69 29 30 34 30 31 35 31 32 17 32 33 45 33 34 47 34 35 16 35 36 40 36 37 10 37 38 22 38 39 52 39 40 23 40 41 50 41 42 48 42 43 49 43 44 53 44 45 25 45 46 55 46 47 20 47 48 51 48 49 18 49 50 52 50 51 55 51 52 54 52 53 74 53 54 4 54 55 59 55 56 6 56 57 37 57 58 3 15 59 68 58 60 66 59 61 67 60 62 61 61 63 28 62 64 29 1 65 65 63 66 36 64 67 37 57 68 52 65 69 27 66 70 23 67 71 55 68 72 26 69 73 56 70 74 56 71 75 24 72 76 54 73 77 41 74 78 12 75 79 42 76 80 42 77 81 10 37 82 40 36 83 14 78 84 46 79 85 45 33 86 15 80 87 44 81 88 46 79 89 34 82 90 67 83 91 32 84 92 18 85 93 50 86 94 19 87 95 57 88 96 24 72 97 27 89 98 30 90 99 5 91 100 59 92 101 2 93 102 63 94 103 38 95 104 66 96 105 32 97 106 67 98 107 41 99 108 42 100 109 40 101 110 50 102 111 21 103 112 19 104 113 16 105 114 47 106 115 43 107 116 97 108 117 74 109 118 71 110 119 103 111 120 134 112 121 101 113 122 88 114 123 117 115 124 89 116 125 126 117 126 98 118 127 99 119 128 126 120 129 71 110 130 74 109 131 130 121 132 73 122 133 76 123 134 2285 124 135 2229 125 136 2228 126 137 109 127 138 81 128 139 112 129 140 130 130 141 106 131 142 107 132 143 102 133 144 137 134 145 103 135 146 85 136 147 113 137 148 82 138 149 108 139 150 84 140 151 78 141 152 90 142 153 120 143 154 121 144 155 118 145 156 116 146 157 119 147 158 121 148 159 93 149 160 90 150 161 88 151 162 119 152 163 116 153 164 120 154 165 122 155 166 123 156 167 490 157 168 420 158 169 475 159 170 105 160 171 76 123 172 73 122 173 136 161 174 134 162 175 137 163 176 129 164 177 96 165 178 128 166 179 133 167 180 104 168 181 132 169 182 95 170 183 120 171 184 91 172 185 123 173 186 94 174 187 93 149 188 124 175 189 92 176 190 94 177 191 109 127 192 80 178 193 79 179 194 110 180 195 78 141 196 80 181 197 114 182 198 82 138 199 113 137 200 112 129 201 83 183 202 114 182 203 102 184 204 135 185 205 136 186 206 86 187 207 118 188 208 119 189 209 92 176 210 125 190 211 95 191 212 98 192 213 75 193 214 70 194 215 131 195 216 72 196 217 106 197 218 134 198 219 100 199 220 101 200 221 112 201 222 113 202 223 111 203 224 89 204 225 118 205 226 87 206 227 115 207 228 84 208 229 111 209 230 895 210 231 839 211 232 838 212 233 142 213 234 167 214 235 139 215 236 204 216 237 173 217 238 171 218 239 187 219 240 158 220 241 159 221 242 196 222 243 168 223 244 197 224 245 196 225 246 139 215 247 169 226 248 200 227 249 141 228 250 177 229 251 147 230 252 202 231 253 203 232 254 201 233 255 144 234 256 200 235 257 179 236 258 151 237 259 149 238 260 177 239 261 201 240 262 200 241 263 207 242 264 172 243 265 173 244 266 155 245 267 183 246 268 185 247 269 154 248 270 178 249 271 148 250 272 160 251 273 190 252 274 161 253 275 188 254 276 186 255 277 187 256 278 191 257 279 163 258 280 193 259 281 158 260 282 189 261 283 156 262 284 190 263 285 193 264 286 192 265 287 143 266 288 196 267 289 197 268 290 144 269 291 175 270 292 141 228 293 206 271 294 204 272 295 205 273 296 198 274 297 167 214 298 199 275 299 202 276 300 175 270 301 203 277 302 190 278 303 165 279 304 161 280 305 163 258 306 194 281 307 193 259 308 164 282 309 192 283 310 194 284 311 149 238 312 180 285 313 179 236 314 180 286 315 148 250 316 178 249 317 152 287 318 184 288 319 183 246 320 153 289 321 182 290 322 184 288 323 172 291 324 205 292 325 170 293 326 156 294 327 188 295 328 157 296 329 195 297 330 162 298 331 165 299 332 138 300 333 197 301 334 168 302 335 140 303 336 201 304 337 176 305 338 204 306 339 170 307 340 205 308 341 179 309 342 180 310 343 178 311 344 188 312 345 159 313 346 157 314 347 154 315 348 185 316 349 181 317 350 235 318 351 212 319 352 209 320 353 241 321 354 272 322 355 239 323 356 226 324 357 255 325 358 227 326 359 264 327 360 236 328 361 237 329 362 264 330 363 209 320 364 212 319 365 268 331 366 211 332 367 214 333 368 147 230 369 145 334 370 214 335 371 269 336 372 214 335 373 215 337 374 247 338 375 219 339 376 250 340 377 269 341 378 245 342 379 268 343 380 240 344 381 275 345 382 241 346 383 223 347 384 251 348 385 220 349 386 246 350 387 222 351 388 216 352 389 228 353 390 258 354 391 259 355 392 256 356 393 254 357 394 257 358 395 259 359 396 231 360 397 228 361 398 226 362 399 257 363 400 254 364 401 258 365 402 260 366 403 261 367 404 264 368 405 213 369 406 265 370 407 243 371 408 214 333 409 211 332 410 274 372 411 272 373 412 275 374 413 235 318 414 266 375 415 267 376 416 243 371 417 270 377 418 271 378 419 233 379 420 258 380 421 229 381 422 262 382 423 231 360 424 261 383 425 260 384 426 232 385 427 262 386 428 248 387 429 217 388 430 247 338 431 248 389 432 216 352 433 218 390 434 252 391 435 220 349 436 251 348 437 250 340 438 221 392 439 252 391 440 240 393 441 273 394 442 274 395 443 224 396 444 256 397 445 257 398 446 230 399 447 263 400 448 233 401 449 265 402 450 208 21 451 236 403 452 269 404 453 210 405 454 244 406 455 272 407 456 238 408 457 239 409 458 250 410 459 251 411 460 249 412 461 227 413 462 256 414 463 225 415 464 253 416 465 222 417 466 249 418 467 352 419 468 281 420 469 405 421 470 277 422 471 339 423 472 307 424 473 344 425 474 313 426 475 311 427 476 327 428 477 298 429 478 299 430 479 309 431 480 337 432 481 336 433 482 280 434 483 309 435 484 336 436 485 284 437 486 317 438 487 340 439 488 354 440 489 285 441 490 409 442 491 319 443 492 291 444 493 289 445 494 340 446 495 316 447 496 341 448 497 313 449 498 346 450 499 312 451 500 295 452 501 323 453 502 325 454 503 294 455 504 318 456 505 288 457 506 300 458 507 330 459 508 301 460 509 328 461 510 326 462 511 327 463 512 331 464 513 303 465 514 333 466 515 298 467 516 329 468 517 296 469 518 330 470 519 333 471 520 332 472 521 279 473 522 343 474 523 315 475 524 346 476 525 344 477 526 345 478 527 339 423 528 306 479 529 307 424 530 343 474 531 314 480 532 315 475 533 330 481 534 305 482 535 301 483 536 333 484 537 304 485 538 334 486 539 334 487 540 302 488 541 332 489 542 319 490 543 290 491 544 320 492 545 320 493 546 288 457 547 318 456 548 292 494 549 324 495 550 323 453 551 293 496 552 322 497 553 324 495 554 312 498 555 345 499 556 310 500 557 296 501 558 328 502 559 297 503 560 305 504 561 332 489 562 302 488 563 276 505 564 337 506 565 308 507 566 316 508 567 286 509 568 341 510 569 344 511 570 310 512 571 345 513 572 319 514 573 320 515 574 318 516 575 328 517 576 299 518 577 297 519 578 294 520 579 325 521 580 321 522 581 349 523 582 407 524 583 352 525 584 381 526 585 412 527 586 379 528 587 366 529 588 395 530 589 367 531 590 405 532 591 377 533 592 404 534 593 377 535 594 352 525 595 404 536 596 385 537 597 354 538 598 408 539 599 387 540 600 359 541 601 390 542 602 408 543 603 384 544 604 385 545 605 381 546 606 414 547 607 415 548 608 363 549 609 391 550 610 360 551 611 386 552 612 362 553 613 356 554 614 368 555 615 398 556 616 399 557 617 396 558 618 394 559 619 397 560 620 399 561 621 371 562 622 368 563 623 366 564 624 397 565 625 394 566 626 398 567 627 400 568 628 401 569 629 351 570 630 411 571 631 354 538 632 414 572 633 412 573 634 415 574 635 407 524 636 374 575 637 406 576 638 411 571 639 382 577 640 410 578 641 373 579 642 398 580 643 369 581 644 401 582 645 372 583 646 371 562 647 402 584 648 370 585 649 372 586 650 387 540 651 358 587 652 357 588 653 388 589 654 356 554 655 358 590 656 392 591 657 360 551 658 391 550 659 390 542 660 361 592 661 392 591 662 380 593 663 413 594 664 414 595 665 364 596 666 396 597 667 397 598 668 373 599 669 400 600 670 403 601 671 405 602 672 348 603 673 376 604 674 384 605 675 355 606 676 350 607 677 412 608 678 378 609 679 379 610 680 390 611 681 391 612 682 389 613 683 367 614 684 396 615 685 365 616 686 393 617 687 362 618 688 389 619 689 420 620 690 445 621 691 417 622 692 482 623 693 451 624 694 449 625 695 465 626 696 436 627 697 437 628 698 474 629 699 446 630 700 475 631 701 474 632 702 417 622 703 447 633 704 478 634 705 419 635 706 455 636 707 63 637 708 7 18 709 6 638 710 457 639 711 429 640 712 427 641 713 478 642 714 454 643 715 479 644 716 485 645 717 450 646 718 451 647 719 433 648 720 461 649 721 463 650 722 432 651 723 456 652 724 426 653 725 438 654 726 468 655 727 439 656 728 2161 657 729 2086 658 730 2156 659 731 466 660 732 464 661 733 465 662 734 469 663 735 441 664 736 471 665 737 436 666 738 467 667 739 434 668 740 468 669 741 471 670 742 470 671 743 1256 672 744 1257 673 745 1325 674 746 422 675 747 453 676 748 419 635 749 484 677 750 482 678 751 483 679 752 477 680 753 444 681 754 445 682 755 481 683 756 452 684 757 453 676 758 468 685 759 443 686 760 439 687 761 471 688 762 442 689 763 472 690 764 472 691 765 440 692 766 470 693 767 457 694 768 428 695 769 458 696 770 458 697 771 426 653 772 456 652 773 430 698 774 462 699 775 461 649 776 431 700 777 460 701 778 462 699 779 450 702 780 483 703 781 448 704 782 434 705 783 466 706 784 435 707 785 473 708 786 440 692 787 443 709 788 446 710 789 421 711 790 475 712 791 418 713 792 479 714 793 454 715 794 482 716 795 448 717 796 483 718 797 457 719 798 458 720 799 456 721 800 466 722 801 437 723 802 435 724 803 432 725 804 463 726 805 459 727 806 513 728 807 490 729 808 487 730 809 519 731 810 550 732 811 517 733 812 504 734 813 533 735 814 505 736 815 542 737 816 514 738 817 515 739 818 542 740 819 487 730 820 490 729 821 546 741 822 489 742 823 492 743 824 479 744 825 423 745 826 422 746 827 525 747 828 497 748 829 528 749 830 546 750 831 522 751 832 523 752 833 518 753 834 553 754 835 519 755 836 501 756 837 529 757 838 498 758 839 524 759 840 500 760 841 494 761 842 506 762 843 536 763 844 537 764 845 534 765 846 532 766 847 535 767 848 537 768 849 509 769 850 506 770 851 504 771 852 535 772 853 532 773 854 536 774 855 538 775 856 539 776 857 521 777 858 492 743 859 489 742 860 552 778 861 550 779 862 553 780 863 545 781 864 512 782 865 544 783 866 549 784 867 520 785 868 548 786 869 511 787 870 536 788 871 507 789 872 539 790 873 510 791 874 509 769 875 540 792 876 508 793 877 510 794 878 525 747 879 496 795 880 495 796 881 526 797 882 494 761 883 496 798 884 530 799 885 498 758 886 529 757 887 528 749 888 499 800 889 530 799 890 518 801 891 551 802 892 552 803 893 502 804 894 534 805 895 535 806 896 508 793 897 541 807 898 511 808 899 514 809 900 491 810 901 486 811 902 547 812 903 488 813 904 522 814 905 550 815 906 516 816 907 517 817 908 528 818 909 529 819 910 527 820 911 505 821 912 534 822 913 503 823 914 531 824 915 500 825 916 527 826 917 628 827 918 559 828 919 681 829 920 558 830 921 583 831 922 555 832 923 620 833 924 589 834 925 587 835 926 603 836 927 574 837 928 575 838 929 612 839 930 584 840 931 613 841 932 612 842 933 555 832 934 585 843 935 616 844 936 557 845 937 593 846 938 617 847 939 562 848 940 616 849 941 285 850 942 278 851 943 350 607 944 595 852 945 567 853 946 565 854 947 616 855 948 592 856 949 617 857 950 623 858 951 588 859 952 589 860 953 571 861 954 599 862 955 601 863 956 570 864 957 594 865 958 564 866 959 576 867 960 606 868 961 577 869 962 604 870 963 602 871 964 603 872 965 607 873 966 579 874 967 609 875 968 574 876 969 605 877 970 572 878 971 606 879 972 609 880 973 608 881 974 562 882 975 591 883 976 557 845 977 622 884 978 620 885 979 621 886 980 615 887 981 582 888 982 583 831 983 618 889 984 591 883 985 619 890 986 606 891 987 581 892 988 577 893 989 579 874 990 610 894 991 609 875 992 580 895 993 608 896 994 610 897 995 565 854 996 596 898 997 595 852 998 596 899 999 564 866 1000 594 865 1001 568 900 1002 600 901 1003 599 862 1004 569 902 1005 598 903 1006 600 901 1007 588 904 1008 621 905 1009 586 906 1010 572 907 1011 604 908 1012 573 909 1013 611 910 1014 578 911 1015 581 912 1016 554 913 1017 613 914 1018 584 915 1019 556 916 1020 617 917 1021 592 918 1022 620 919 1023 586 920 1024 621 921 1025 595 922 1026 596 923 1027 594 924 1028 604 925 1029 575 926 1030 573 927 1031 570 928 1032 601 929 1033 597 930 1034 1865 931 1035 1809 932 1036 1808 933 1037 651 934 1038 628 935 1039 625 936 1040 657 937 1041 688 938 1042 655 939 1043 642 940 1044 671 941 1045 643 942 1046 680 943 1047 652 944 1048 653 945 1049 680 946 1050 625 936 1051 628 935 1052 684 947 1053 627 948 1054 630 949 1055 685 950 1056 630 951 1057 631 952 1058 663 953 1059 635 954 1060 666 955 1061 684 956 1062 660 957 1063 661 958 1064 656 959 1065 691 960 1066 657 961 1067 639 962 1068 667 963 1069 636 964 1070 662 965 1071 638 966 1072 632 967 1073 644 968 1074 674 969 1075 675 970 1076 672 971 1077 670 972 1078 673 973 1079 675 974 1080 647 975 1081 644 976 1082 642 977 1083 673 978 1084 670 979 1085 674 980 1086 676 981 1087 677 982 1088 659 983 1089 630 949 1090 627 948 1091 690 984 1092 688 985 1093 691 986 1094 683 987 1095 650 988 1096 682 989 1097 659 983 1098 686 990 1099 687 991 1100 649 992 1101 674 993 1102 645 994 1103 678 995 1104 647 975 1105 677 996 1106 676 997 1107 648 998 1108 678 999 1109 664 1000 1110 633 1001 1111 663 953 1112 664 1002 1113 632 967 1114 634 1003 1115 668 1004 1116 636 964 1117 667 963 1118 666 955 1119 637 1005 1120 668 1004 1121 656 1006 1122 689 1007 1123 690 1008 1124 640 1009 1125 672 1010 1126 673 1011 1127 646 1012 1128 679 1013 1129 649 1014 1130 681 1015 1131 624 1016 1132 652 1017 1133 685 1018 1134 626 1019 1135 660 1020 1136 688 1021 1137 654 1022 1138 655 1023 1139 666 1024 1140 667 1025 1141 665 1026 1142 643 1027 1143 672 1028 1144 641 1029 1145 669 1030 1146 638 1031 1147 665 1032 1148 699 1033 1149 754 1034 1150 755 1035 1151 693 1036 1152 755 1037 1153 723 1038 1154 760 1039 1155 729 1040 1156 727 1041 1157 743 1042 1158 714 1043 1159 715 1044 1160 725 1045 1161 753 1046 1162 752 1047 1163 752 1048 1164 693 1036 1165 725 1049 1166 700 1050 1167 733 1051 1168 756 1052 1169 770 1053 1170 701 1054 1171 825 1055 1172 145 1056 1173 140 303 1174 210 405 1175 735 1057 1176 707 1058 1177 705 1059 1178 733 1060 1179 757 1061 1180 756 1062 1181 729 1063 1182 762 1064 1183 728 1065 1184 711 1066 1185 739 1067 1186 741 1068 1187 710 1069 1188 734 1070 1189 704 1071 1190 716 1072 1191 746 1073 1192 717 1074 1193 744 1075 1194 742 1076 1195 743 1077 1196 747 1078 1197 719 1079 1198 749 1080 1199 714 1081 1200 745 1082 1201 712 1083 1202 746 1084 1203 749 1085 1204 748 1086 1205 698 1087 1206 752 1088 1207 753 1089 1208 695 1090 1209 759 1091 1210 731 1092 1211 762 1093 1212 760 1094 1213 761 1095 1214 754 1096 1215 723 1038 1216 755 1037 1217 759 1091 1218 730 1097 1219 731 1092 1220 746 1098 1221 721 1099 1222 717 1100 1223 749 1101 1224 720 1102 1225 750 1103 1226 720 1104 1227 748 1105 1228 750 1106 1229 735 1107 1230 706 1108 1231 736 1109 1232 736 1110 1233 704 1071 1234 734 1070 1235 708 1111 1236 740 1112 1237 739 1067 1238 709 1113 1239 738 1114 1240 740 1112 1241 728 1115 1242 761 1116 1243 726 1117 1244 712 1118 1245 744 1119 1246 713 1120 1247 721 1121 1248 748 1105 1249 718 1122 1250 692 1123 1251 753 1124 1252 724 1125 1253 694 1126 1254 757 1127 1255 732 1128 1256 760 1129 1257 726 1130 1258 761 1131 1259 735 1132 1260 736 1133 1261 734 1134 1262 744 1135 1263 715 1136 1264 713 1137 1265 710 1138 1266 741 1139 1267 737 1140 1268 699 1033 1269 697 1141 1270 768 1142 1271 765 1143 1272 823 1144 1273 768 1145 1274 797 1146 1275 828 1147 1276 795 1148 1277 782 1149 1278 811 1150 1279 783 1151 1280 821 1152 1281 793 1153 1282 820 1154 1283 820 1155 1284 765 1143 1285 768 1145 1286 801 1156 1287 770 1157 1288 824 1158 1289 803 1159 1290 775 1160 1291 806 1161 1292 825 1162 1293 801 1163 1294 824 1164 1295 797 1165 1296 830 1166 1297 831 1167 1298 779 1168 1299 807 1169 1300 776 1170 1301 802 1171 1302 778 1172 1303 772 1173 1304 784 1174 1305 814 1175 1306 815 1176 1307 812 1177 1308 810 1178 1309 813 1179 1310 815 1180 1311 787 1181 1312 784 1182 1313 782 1183 1314 813 1184 1315 810 1185 1316 814 1186 1317 816 1187 1318 817 1188 1319 820 1189 1320 769 1190 1321 821 1191 1322 767 1192 1323 827 1193 1324 770 1157 1325 830 1194 1326 828 1195 1327 831 1196 1328 791 1197 1329 822 1198 1330 823 1144 1331 827 1193 1332 798 1199 1333 826 1200 1334 789 1201 1335 814 1202 1336 785 1203 1337 817 1204 1338 788 1205 1339 787 1181 1340 816 1206 1341 788 1207 1342 818 1208 1343 803 1159 1344 774 1209 1345 773 1210 1346 804 1211 1347 772 1173 1348 774 1212 1349 808 1213 1350 776 1170 1351 807 1169 1352 806 1161 1353 777 1214 1354 808 1213 1355 796 1215 1356 829 1216 1357 830 1217 1358 780 1218 1359 812 1219 1360 813 1220 1361 789 1221 1362 816 1222 1363 819 1223 1364 821 1224 1365 764 1225 1366 792 1226 1367 825 1227 1368 766 1228 1369 800 1229 1370 828 1230 1371 794 1231 1372 795 1232 1373 806 1233 1374 807 1234 1375 805 1235 1376 783 1236 1377 812 1237 1378 781 1238 1379 809 1239 1380 778 1240 1381 805 1241 1382 1451 1242 1383 1395 1243 1384 1394 1244 1385 836 1245 1386 861 1246 1387 833 1247 1388 898 1248 1389 867 1249 1390 865 1250 1391 881 1251 1392 852 1252 1393 853 1253 1394 890 1254 1395 862 1255 1396 891 1256 1397 890 1257 1398 833 1247 1399 863 1258 1400 894 1259 1401 835 1260 1402 871 1261 1403 908 1262 1404 839 211 1405 963 1263 1406 873 1264 1407 845 1265 1408 843 1266 1409 894 1267 1410 870 1268 1411 895 1269 1412 901 1270 1413 866 1271 1414 867 1272 1415 849 1273 1416 877 1274 1417 879 1275 1418 848 1276 1419 872 1277 1420 842 1278 1421 854 1279 1422 884 1280 1423 855 1281 1424 882 1282 1425 880 1283 1426 881 1284 1427 885 1285 1428 857 1286 1429 887 1287 1430 852 1288 1431 883 1289 1432 850 1290 1433 884 1291 1434 887 1292 1435 886 1293 1436 337 1294 1437 281 420 1438 280 1295 1439 838 1296 1440 869 1297 1441 835 1260 1442 900 1298 1443 898 1299 1444 899 1300 1445 893 1301 1446 860 1302 1447 861 1246 1448 897 1303 1449 868 1304 1450 869 1297 1451 884 1305 1452 859 1306 1453 855 1307 1454 887 1308 1455 858 1309 1456 888 1310 1457 888 1311 1458 856 1312 1459 886 1313 1460 873 1314 1461 844 1315 1462 874 1316 1463 874 1317 1464 842 1278 1465 872 1277 1466 846 1318 1467 878 1319 1468 877 1274 1469 847 1320 1470 876 1321 1471 878 1319 1472 866 1322 1473 899 1323 1474 864 1324 1475 850 1325 1476 882 1326 1477 851 1327 1478 889 1328 1479 856 1312 1480 859 1329 1481 862 1330 1482 837 1331 1483 891 1332 1484 834 1333 1485 895 1334 1486 870 1335 1487 898 1336 1488 864 1337 1489 899 1338 1490 873 1339 1491 874 1340 1492 872 1341 1493 882 1342 1494 853 1343 1495 851 1344 1496 848 1345 1497 879 1346 1498 875 1347 1499 929 1348 1500 906 1349 1501 903 1350 1502 935 1351 1503 966 1352 1504 933 1353 1505 920 1354 1506 949 1355 1507 921 1356 1508 958 1357 1509 930 1358 1510 931 1359 1511 958 1360 1512 903 1350 1513 906 1349 1514 962 1361 1515 905 1362 1516 908 1363 1517 941 1364 1518 913 1365 1519 944 1366 1520 962 1367 1521 938 1368 1522 939 1369 1523 934 1370 1524 969 1371 1525 935 1372 1526 917 1373 1527 945 1374 1528 914 1375 1529 940 1376 1530 916 1377 1531 910 1378 1532 922 1379 1533 952 1380 1534 953 1381 1535 950 1382 1536 948 1383 1537 951 1384 1538 953 1385 1539 925 1386 1540 922 1387 1541 920 1388 1542 951 1389 1543 948 1390 1544 952 1391 1545 954 1392 1546 955 1393 1547 937 1394 1548 908 1363 1549 905 1362 1550 968 1395 1551 966 1396 1552 969 1397 1553 961 1398 1554 928 1399 1555 960 1400 1556 965 1401 1557 936 1402 1558 964 1403 1559 927 1404 1560 952 1405 1561 923 1406 1562 955 1407 1563 926 1408 1564 925 1386 1565 956 1409 1566 924 1410 1567 926 1411 1568 941 1364 1569 912 1412 1570 911 1413 1571 942 1414 1572 910 1378 1573 912 1415 1574 946 1416 1575 914 1375 1576 945 1374 1577 944 1366 1578 915 1417 1579 946 1416 1580 934 1418 1581 967 1419 1582 968 1420 1583 918 1421 1584 950 1422 1585 951 1423 1586 924 1410 1587 957 1424 1588 927 1425 1589 930 1426 1590 907 1427 1591 902 1428 1592 963 1429 1593 904 1430 1594 938 1431 1595 966 1432 1596 932 1433 1597 933 1434 1598 944 1435 1599 945 1436 1600 943 1437 1601 921 1438 1602 950 1439 1603 919 1440 1604 947 1441 1605 916 1442 1606 943 1443 1607 2281 1444 1608 2349 1445 1609 2226 1446 1610 974 1447 1611 999 1448 1612 971 1449 1613 1036 1450 1614 1005 1451 1615 1003 1452 1616 1019 1453 1617 990 1454 1618 991 1455 1619 1028 1456 1620 1000 1457 1621 1029 1458 1622 1028 1459 1623 971 1449 1624 1001 1460 1625 1032 1461 1626 973 1462 1627 1009 1463 1628 1033 1464 1629 978 1465 1630 1032 1466 1631 1011 1467 1632 983 1468 1633 981 1469 1634 1032 1470 1635 1008 1471 1636 1033 1472 1637 1039 1473 1638 1004 1474 1639 1005 1475 1640 987 1476 1641 1015 1477 1642 1017 1478 1643 986 1479 1644 1010 1480 1645 980 1481 1646 992 1482 1647 1022 1483 1648 993 1484 1649 1020 1485 1650 1018 1486 1651 1019 1487 1652 1023 1488 1653 995 1489 1654 1025 1490 1655 990 1491 1656 1021 1492 1657 988 1493 1658 1022 1494 1659 1025 1495 1660 1024 1496 1661 978 1497 1662 1007 1498 1663 973 1462 1664 1038 1499 1665 1036 1500 1666 1037 1501 1667 1031 1502 1668 998 1503 1669 999 1448 1670 1034 1504 1671 1007 1498 1672 1035 1505 1673 1022 1506 1674 997 1507 1675 993 1508 1676 995 1489 1677 1026 1509 1678 1025 1490 1679 996 1510 1680 1024 1511 1681 1026 1512 1682 981 1469 1683 1012 1513 1684 1011 1467 1685 1012 1514 1686 980 1481 1687 1010 1480 1688 984 1515 1689 1016 1516 1690 1015 1477 1691 985 1517 1692 1014 1518 1693 1016 1516 1694 1004 1519 1695 1037 1520 1696 1002 1521 1697 988 1522 1698 1020 1523 1699 989 1524 1700 1027 1525 1701 994 1526 1702 997 1527 1703 970 1528 1704 1029 1529 1705 1000 1530 1706 972 1531 1707 1033 1532 1708 1008 1533 1709 1036 1534 1710 1002 1535 1711 1037 1536 1712 1011 1537 1713 1012 1538 1714 1010 1539 1715 1020 1540 1716 991 1541 1717 989 1542 1718 986 1543 1719 1017 1544 1720 1013 1545 1721 1029 1546 1722 975 1547 1723 974 1548 1724 1067 1549 1725 1044 1550 1726 1041 1551 1727 1073 1552 1728 1104 1553 1729 1071 1554 1730 1058 1555 1731 1087 1556 1732 1059 1557 1733 1096 1558 1734 1068 1559 1735 1069 1560 1736 1096 1561 1737 1041 1551 1738 1044 1550 1739 1100 1562 1740 1043 1563 1741 1046 1564 1742 1101 1565 1743 1046 1566 1744 1047 1567 1745 1079 1568 1746 1051 1569 1747 1082 1570 1748 1100 1571 1749 1076 1572 1750 1077 1573 1751 1072 1574 1752 1107 1575 1753 1073 1576 1754 1055 1577 1755 1083 1578 1756 1052 1579 1757 1078 1580 1758 1054 1581 1759 1048 1582 1760 1060 1583 1761 1090 1584 1762 1091 1585 1763 1088 1586 1764 1086 1587 1765 1089 1588 1766 1091 1589 1767 1063 1590 1768 1060 1591 1769 1058 1592 1770 1089 1593 1771 1086 1594 1772 1090 1595 1773 1092 1596 1774 1093 1597 1775 1075 1598 1776 1046 1564 1777 1043 1563 1778 1106 1599 1779 1104 1600 1780 1107 1601 1781 1099 1602 1782 1066 1603 1783 1098 1604 1784 1075 1598 1785 1102 1605 1786 1103 1606 1787 1065 1607 1788 1090 1608 1789 1061 1609 1790 1094 1610 1791 1063 1590 1792 1093 1611 1793 1092 1612 1794 1064 1613 1795 1094 1614 1796 1080 1615 1797 1049 1616 1798 1079 1568 1799 1080 1617 1800 1048 1582 1801 1050 1618 1802 1084 1619 1803 1052 1579 1804 1083 1578 1805 1082 1570 1806 1053 1620 1807 1084 1619 1808 1072 1621 1809 1105 1622 1810 1106 1623 1811 1056 1624 1812 1088 1625 1813 1089 1626 1814 1062 1627 1815 1095 1628 1816 1065 1629 1817 1097 1630 1818 1040 1631 1819 1068 1632 1820 1101 1633 1821 1042 1634 1822 1076 1635 1823 1104 1636 1824 1070 1637 1825 1071 1638 1826 1082 1639 1827 1083 1640 1828 1081 1641 1829 1059 1642 1830 1088 1643 1831 1057 1644 1832 1085 1645 1833 1054 1646 1834 1081 1647 1835 1115 1648 1836 1170 1649 1837 1171 1650 1838 1109 1651 1839 1171 1652 1840 1139 1653 1841 1176 1654 1842 1145 1655 1843 1143 1656 1844 1159 1657 1845 1130 1658 1846 1131 1659 1847 1141 1660 1848 1169 1661 1849 1168 1662 1850 1168 1663 1851 1109 1651 1852 1141 1664 1853 1116 1665 1854 1149 1666 1855 1172 1667 1856 1186 1668 1857 1117 1669 1858 1241 1670 1859 1151 1671 1860 1123 1672 1861 1121 1673 1862 1149 1674 1863 1173 1675 1864 1172 1676 1865 1145 1677 1866 1178 1678 1867 1144 1679 1868 1127 1680 1869 1155 1681 1870 1157 1682 1871 1126 1683 1872 1150 1684 1873 1120 1685 1874 1132 1686 1875 1162 1687 1876 1133 1688 1877 1160 1689 1878 1158 1690 1879 1159 1691 1880 1163 1692 1881 1135 1693 1882 1165 1694 1883 1130 1695 1884 1161 1696 1885 1128 1697 1886 1162 1698 1887 1165 1699 1888 1164 1700 1889 1114 1701 1890 1168 1702 1891 1169 1703 1892 1111 1704 1893 1175 1705 1894 1147 1706 1895 1178 1707 1896 1176 1708 1897 1177 1709 1898 1170 1710 1899 1139 1653 1900 1171 1652 1901 1175 1705 1902 1146 1711 1903 1147 1706 1904 1162 1712 1905 1137 1713 1906 1133 1714 1907 1135 1693 1908 1166 1715 1909 1165 1694 1910 1136 1716 1911 1164 1717 1912 1166 1718 1913 1151 1719 1914 1122 1720 1915 1152 1721 1916 1152 1722 1917 1120 1685 1918 1150 1684 1919 1124 1723 1920 1156 1724 1921 1155 1681 1922 1125 1725 1923 1154 1726 1924 1156 1724 1925 1144 1727 1926 1177 1728 1927 1142 1729 1928 1128 1730 1929 1160 1731 1930 1129 1732 1931 1167 1733 1932 1134 1734 1933 1137 1735 1934 1108 1736 1935 1169 1737 1936 1140 1738 1937 1110 1739 1938 1173 1740 1939 1148 1741 1940 1176 1742 1941 1142 1743 1942 1177 1744 1943 1151 1745 1944 1152 1746 1945 1150 1747 1946 1160 1748 1947 1131 1749 1948 1129 1750 1949 1126 1751 1950 1157 1752 1951 1153 1753 1952 1115 1648 1953 1113 1754 1954 1184 1755 1955 1181 1756 1956 1239 1757 1957 1184 1758 1958 1213 1759 1959 1244 1760 1960 1211 1761 1961 1198 1762 1962 1227 1763 1963 1199 1764 1964 1237 1765 1965 1209 1766 1966 1236 1767 1967 1236 1768 1968 1181 1756 1969 1184 1758 1970 1217 1769 1971 1186 1770 1972 1240 1771 1973 1219 1772 1974 1191 1773 1975 1222 1774 1976 1241 1775 1977 1217 1776 1978 1240 1777 1979 1213 1778 1980 1246 1779 1981 1247 1780 1982 1195 1781 1983 1223 1782 1984 1192 1783 1985 1218 1784 1986 1194 1785 1987 1188 1786 1988 1200 1787 1989 1230 1788 1990 1231 1789 1991 1228 1790 1992 1226 1791 1993 1229 1792 1994 1231 1793 1995 1203 1794 1996 1200 1795 1997 1198 1796 1998 1229 1797 1999 1226 1798 2000 1230 1799 2001 1232 1800 2002 1233 1801 2003 1236 1802 2004 1185 1803 2005 1237 1804 2006 1183 1805 2007 1243 1806 2008 1186 1770 2009 1246 1807 2010 1244 1808 2011 1247 1809 2012 1207 1810 2013 1238 1811 2014 1239 1757 2015 1243 1806 2016 1214 1812 2017 1242 1813 2018 1205 1814 2019 1230 1815 2020 1201 1816 2021 1234 1817 2022 1203 1794 2023 1233 1818 2024 1232 1819 2025 1204 1820 2026 1234 1821 2027 1219 1772 2028 1190 1822 2029 1189 1823 2030 1220 1824 2031 1188 1786 2032 1190 1825 2033 1224 1826 2034 1192 1783 2035 1223 1782 2036 1222 1774 2037 1193 1827 2038 1224 1826 2039 1212 1828 2040 1245 1829 2041 1246 1830 2042 1196 1831 2043 1228 1832 2044 1229 1833 2045 1202 1834 2046 1235 1835 2047 1205 1836 2048 1237 1837 2049 1180 1838 2050 1208 1839 2051 1241 1840 2052 1182 1841 2053 1216 1842 2054 1244 1843 2055 1210 1844 2056 1211 1845 2057 1222 1846 2058 1223 1847 2059 1221 1848 2060 1199 1849 2061 1228 1850 2062 1197 1851 2063 1225 1852 2064 1194 1853 2065 1221 1854 2066 1322 1855 2067 1253 1856 2068 1375 1857 2069 1252 1858 2070 1277 1859 2071 1249 1860 2072 1314 1861 2073 1283 1862 2074 1281 1863 2075 1297 1864 2076 1268 1865 2077 1269 1866 2078 1306 1867 2079 1278 1868 2080 1307 1869 2081 1252 1870 2082 1279 1871 2083 1306 1872 2084 1310 1873 2085 1251 1874 2086 1287 1875 2087 1307 1876 2088 1253 1856 2089 1252 1877 2090 1311 1878 2091 1256 672 2092 1310 1879 2093 1289 1880 2094 1261 1881 2095 1259 1882 2096 1310 1883 2097 1286 1884 2098 1311 1885 2099 1317 1886 2100 1282 1887 2101 1283 1888 2102 1265 1889 2103 1293 1890 2104 1295 1891 2105 1264 1892 2106 1288 1893 2107 1258 1894 2108 1270 1895 2109 1300 1896 2110 1271 1897 2111 618 889 2112 658 1898 2113 590 1899 2114 1298 1900 2115 1296 1901 2116 1297 1902 2117 1301 1903 2118 1273 1904 2119 1303 1905 2120 1268 1906 2121 1299 1907 2122 1266 1908 2123 1300 1909 2124 1303 1910 2125 1302 1911 2126 1256 1912 2127 1285 1913 2128 1251 1874 2129 1316 1914 2130 1314 1915 2131 1315 1916 2132 1309 1917 2133 1276 1918 2134 1277 1859 2135 1313 1919 2136 1284 1920 2137 1285 1913 2138 1300 1921 2139 1275 1922 2140 1271 1923 2141 1303 1924 2142 1274 1925 2143 1304 1926 2144 1304 1927 2145 1272 1928 2146 1302 1929 2147 1289 1930 2148 1260 1931 2149 1290 1932 2150 1290 1933 2151 1258 1894 2152 1288 1893 2153 1262 1934 2154 1294 1935 2155 1293 1890 2156 1263 1936 2157 1292 1937 2158 1294 1935 2159 1282 1938 2160 1315 1939 2161 1280 1940 2162 1266 1941 2163 1298 1942 2164 1267 1943 2165 1305 1944 2166 1272 1928 2167 1275 1945 2168 1278 1946 2169 1254 1947 2170 1307 1948 2171 1286 1949 2172 1257 1950 2173 1311 1951 2174 1314 1952 2175 1280 1953 2176 1315 1954 2177 1289 1955 2178 1290 1956 2179 1288 1957 2180 1298 1958 2181 1269 1959 2182 1267 1960 2183 1264 1961 2184 1295 1962 2185 1291 1963 2186 1345 1964 2187 1322 1965 2188 1319 1966 2189 1351 1967 2190 1382 1968 2191 1349 1969 2192 1336 1970 2193 1365 1971 2194 1337 1972 2195 1374 1973 2196 1346 1974 2197 1347 1975 2198 1347 1976 2199 1322 1965 2200 1374 1977 2201 1378 1978 2202 1321 1979 2203 1324 1980 2204 1379 1981 2205 1324 1982 2206 1325 674 2207 1357 1983 2208 1329 1984 2209 1360 1985 2210 1378 1986 2211 1354 1987 2212 1355 1988 2213 1350 1989 2214 1385 1990 2215 1351 1991 2216 1333 1992 2217 1361 1993 2218 1330 1994 2219 1356 1995 2220 1332 1996 2221 1326 1997 2222 1338 1998 2223 1368 1999 2224 1369 2000 2225 1366 2001 2226 1364 2002 2227 1367 2003 2228 1369 2004 2229 1341 2005 2230 1338 2006 2231 1336 2007 2232 1367 2008 2233 1364 2009 2234 1368 2010 2235 1370 2011 2236 1371 2012 2237 1353 2013 2238 1324 1980 2239 1321 1979 2240 1384 2014 2241 1382 2015 2242 1385 2016 2243 1377 2017 2244 1344 2018 2245 1376 2019 2246 1381 2020 2247 1352 2021 2248 1380 2022 2249 1343 2023 2250 1368 2024 2251 1339 2025 2252 1371 2026 2253 1342 2027 2254 1341 2005 2255 1372 2028 2256 1340 2029 2257 1342 2030 2258 1357 1983 2259 1328 2031 2260 1327 2032 2261 1358 2033 2262 1326 1997 2263 1328 2034 2264 1362 2035 2265 1330 1994 2266 1361 1993 2267 1360 1985 2268 1331 2036 2269 1362 2035 2270 1350 2037 2271 1383 2038 2272 1384 2039 2273 1334 2040 2274 1366 2041 2275 1367 2042 2276 1340 2029 2277 1373 2043 2278 1343 2044 2279 1346 2045 2280 1323 2046 2281 1318 2047 2282 1354 2048 2283 1325 2049 2284 1320 2050 2285 1382 2051 2286 1348 2052 2287 1349 2053 2288 1360 2054 2289 1361 2055 2290 1359 2056 2291 1337 2057 2292 1366 2058 2293 1335 2059 2294 1363 2060 2295 1332 2061 2296 1359 2062 2297 1464 2063 2298 1395 1243 2299 1519 2064 2300 1390 2065 2301 1417 2066 2302 1387 2067 2303 1454 2068 2304 1423 2069 2305 1421 2070 2306 1146 1711 2307 1119 2071 2308 1214 1812 2309 1437 2072 2310 1408 2073 2311 1409 2074 2312 1446 2075 2313 1418 2076 2314 1447 2077 2315 1446 2078 2316 1387 2067 2317 1419 2079 2318 1450 2080 2319 1389 2081 2320 1427 2082 2321 1447 2083 2322 1391 2084 2323 1390 2085 2324 1429 2086 2325 1401 2087 2326 1399 2088 2327 1450 2089 2328 1426 2090 2329 1451 2091 2330 1457 2092 2331 1422 2093 2332 1423 2094 2333 1405 2095 2334 1433 2096 2335 1435 2097 2336 1404 2098 2337 1428 2099 2338 1398 2100 2339 1410 2101 2340 1440 2102 2341 1411 2103 2342 1276 1918 2343 1255 2104 2344 1344 2018 2345 1438 2105 2346 1436 2106 2347 1437 2107 2348 1441 2108 2349 1413 2109 2350 1443 2110 2351 1408 2111 2352 1439 2112 2353 1406 2113 2354 1440 2114 2355 1443 2115 2356 1442 2116 2357 1394 2117 2358 1425 2118 2359 1389 2081 2360 1456 2119 2361 1454 2120 2362 1455 2121 2363 1449 2122 2364 1416 2123 2365 1417 2066 2366 1453 2124 2367 1424 2125 2368 1425 2118 2369 1440 2126 2370 1415 2127 2371 1411 2128 2372 1413 2109 2373 1444 2129 2374 1443 2110 2375 1414 2130 2376 1442 2131 2377 1444 2132 2378 1399 2088 2379 1430 2133 2380 1429 2086 2381 1430 2134 2382 1398 2100 2383 1428 2099 2384 1402 2135 2385 1434 2136 2386 1433 2096 2387 1403 2137 2388 1432 2138 2389 1434 2136 2390 1422 2139 2391 1455 2140 2392 1420 2141 2393 1406 2142 2394 1438 2143 2395 1407 2144 2396 1445 2145 2397 1412 2146 2398 1415 2147 2399 1386 2148 2400 1447 2149 2401 1418 2150 2402 1388 2151 2403 1451 2152 2404 1426 2153 2405 1454 2154 2406 1420 2155 2407 1455 2156 2408 1429 2157 2409 1430 2158 2410 1428 2159 2411 1438 2160 2412 1409 2161 2413 1407 2162 2414 1404 2163 2415 1435 2164 2416 1431 2165 2417 1485 2166 2418 1462 2167 2419 1459 2168 2420 1491 2169 2421 1522 2170 2422 1489 2171 2423 1476 2172 2424 1505 2173 2425 1477 2174 2426 1514 2175 2427 1486 2176 2428 1487 2177 2429 1514 2178 2430 1459 2168 2431 1462 2167 2432 1518 2179 2433 1461 2180 2434 1464 2181 2435 1462 2182 2436 1391 2084 2437 1515 2183 2438 1497 2184 2439 1469 2185 2440 1500 2186 2441 1518 2187 2442 1494 2188 2443 1495 2189 2444 1490 2190 2445 1525 2191 2446 1491 2192 2447 1473 2193 2448 1501 2194 2449 1470 2195 2450 1496 2196 2451 1472 2197 2452 1466 2198 2453 1478 2199 2454 1508 2200 2455 1509 2201 2456 1506 2202 2457 1504 2203 2458 1507 2204 2459 1509 2205 2460 1481 2206 2461 1478 2207 2462 1476 2208 2463 1507 2209 2464 1504 2210 2465 1508 2211 2466 1510 2212 2467 1511 2213 2468 1493 2214 2469 1464 2181 2470 1461 2180 2471 1524 2215 2472 1522 2216 2473 1525 2217 2474 1517 2218 2475 1484 2219 2476 1516 2220 2477 1521 2221 2478 1492 2222 2479 1520 2223 2480 1483 2224 2481 1508 2225 2482 1479 2226 2483 1512 2227 2484 1481 2206 2485 1511 2228 2486 1510 2229 2487 1482 2230 2488 1512 2231 2489 1498 2232 2490 1467 2233 2491 1497 2184 2492 1498 2234 2493 1466 2198 2494 1468 2235 2495 1502 2236 2496 1470 2195 2497 1501 2194 2498 1500 2186 2499 1471 2237 2500 1502 2236 2501 1490 2238 2502 1523 2239 2503 1524 2240 2504 1474 2241 2505 1506 2242 2506 1507 2243 2507 1480 2244 2508 1513 2245 2509 1483 2246 2510 1515 2247 2511 1458 2248 2512 1486 2249 2513 1519 2250 2514 1460 2251 2515 1494 2252 2516 1522 2253 2517 1488 2254 2518 1489 2255 2519 1500 2256 2520 1501 2257 2521 1499 2258 2522 1477 2259 2523 1506 2260 2524 1475 2261 2525 1503 2262 2526 1472 2263 2527 1499 2264 2528 1533 2265 2529 1588 2266 2530 1589 2267 2531 1530 2268 2532 1557 2269 2533 1527 2270 2534 1594 2271 2535 1563 2272 2536 1561 2273 2537 1577 2274 2538 1548 2275 2539 1549 2276 2540 1559 2277 2541 1587 2278 2542 1586 2279 2543 1586 2280 2544 1527 2270 2545 1559 2281 2546 1534 2282 2547 1567 2283 2548 1590 2284 2549 2297 2285 2550 2222 2286 2551 2292 2287 2552 1569 2288 2553 1541 2289 2554 1539 2290 2555 1567 2291 2556 1591 2292 2557 1590 2293 2558 1563 2294 2559 1596 2295 2560 1562 2296 2561 1545 2297 2562 1573 2298 2563 1575 2299 2564 1544 2300 2565 1568 2301 2566 1538 2302 2567 1550 2303 2568 1580 2304 2569 1551 2305 2570 1578 2306 2571 1576 2307 2572 1577 2308 2573 1581 2309 2574 1553 2310 2575 1583 2311 2576 1548 2312 2577 1579 2313 2578 1546 2314 2579 1580 2315 2580 1583 2316 2581 1582 2317 2582 1532 2318 2583 1586 2319 2584 1587 2320 2585 1529 2321 2586 1593 2322 2587 1565 2323 2588 1596 2324 2589 1594 2325 2590 1595 2326 2591 1588 2327 2592 1557 2269 2593 1589 2328 2594 1592 2329 2595 1565 2323 2596 1593 2322 2597 1580 2330 2598 1555 2331 2599 1551 2332 2600 1553 2310 2601 1584 2333 2602 1583 2311 2603 1554 2334 2604 1582 2335 2605 1584 2336 2606 1539 2290 2607 1570 2337 2608 1569 2288 2609 1570 2338 2610 1538 2302 2611 1568 2301 2612 1542 2339 2613 1574 2340 2614 1573 2298 2615 1543 2341 2616 1572 2342 2617 1574 2340 2618 1562 2343 2619 1595 2344 2620 1560 2345 2621 1546 2346 2622 1578 2347 2623 1547 2348 2624 1585 2349 2625 1552 2350 2626 1555 2351 2627 1526 2352 2628 1587 2353 2629 1558 2354 2630 1528 2355 2631 1591 2356 2632 1566 2357 2633 1594 2358 2634 1560 2359 2635 1595 2360 2636 1569 2361 2637 1570 2362 2638 1568 2363 2639 1578 2364 2640 1549 2365 2641 1547 2366 2642 1544 2367 2643 1575 2368 2644 1571 2369 2645 1533 2265 2646 1531 2370 2647 1602 2371 2648 1625 2372 2649 1602 2373 2650 1599 2374 2651 1631 2375 2652 1662 2376 2653 1629 2377 2654 1616 2378 2655 1645 2379 2656 1617 2380 2657 1655 2381 2658 1627 2382 2659 1654 2383 2660 1654 2384 2661 1599 2374 2662 1602 2373 2663 1635 2385 2664 1604 2386 2665 1658 2387 2666 1591 2388 2667 1535 2389 2668 1534 2390 2669 1637 2391 2670 1609 2392 2671 1640 2393 2672 1659 2394 2673 1635 2395 2674 1658 2396 2675 1631 2397 2676 1664 2398 2677 1665 2399 2678 1613 2400 2679 1641 2401 2680 1610 2402 2681 1636 2403 2682 1612 2404 2683 1606 2405 2684 1618 2406 2685 1648 2407 2686 1649 2408 2687 1646 2409 2688 1644 2410 2689 1647 2411 2690 1649 2412 2691 1621 2413 2692 1618 2414 2693 1616 2415 2694 1647 2416 2695 1644 2417 2696 1648 2418 2697 1650 2419 2698 1651 2420 2699 1654 2421 2700 1603 2422 2701 1655 2423 2702 1601 2424 2703 1661 2425 2704 1604 2386 2705 1664 2426 2706 1662 2427 2707 1665 2428 2708 1625 2372 2709 1656 2429 2710 1657 2430 2711 1633 2431 2712 1660 2432 2713 1661 2425 2714 1623 2433 2715 1648 2434 2716 1619 2435 2717 1652 2436 2718 1621 2413 2719 1651 2437 2720 1650 2438 2721 1622 2439 2722 1652 2440 2723 1638 2441 2724 1607 2442 2725 1637 2391 2726 1638 2443 2727 1606 2405 2728 1608 2444 2729 1642 2445 2730 1610 2402 2731 1641 2401 2732 1640 2393 2733 1611 2446 2734 1642 2445 2735 1630 2447 2736 1663 2448 2737 1664 2449 2738 1614 2450 2739 1646 2451 2740 1647 2452 2741 1620 2453 2742 1653 2454 2743 1623 2455 2744 1655 2456 2745 1598 2457 2746 1626 2458 2747 1659 2459 2748 1600 2460 2749 1634 2461 2750 1662 2462 2751 1628 2463 2752 1629 2464 2753 1640 2465 2754 1641 2466 2755 1639 2467 2756 1617 2468 2757 1646 2469 2758 1615 2470 2759 1643 2471 2760 1612 2472 2761 1639 2473 2762 1740 2474 2763 1671 2475 2764 1793 2476 2765 1667 2477 2766 1727 2478 2767 1695 2479 2768 1732 2480 2769 1701 2481 2770 1699 2482 2771 1715 2483 2772 1686 2484 2773 1687 2485 2774 1724 2486 2775 1696 2487 2776 1725 2488 2777 1670 2489 2778 1697 2490 2779 1724 2491 2780 1728 2492 2781 1669 2493 2782 1705 2494 2783 1729 2495 2784 1674 2496 2785 1728 2497 2786 1707 2498 2787 1679 2499 2788 1677 2500 2789 1728 2501 2790 1704 2502 2791 1729 2503 2792 1735 2504 2793 1700 2505 2794 1701 2506 2795 1683 2507 2796 1711 2508 2797 1713 2509 2798 1682 2510 2799 1706 2511 2800 1676 2512 2801 1688 2513 2802 1718 2514 2803 1689 2515 2804 1716 2516 2805 1714 2517 2806 1715 2518 2807 1719 2519 2808 1691 2520 2809 1721 2521 2810 1686 2522 2811 1717 2523 2812 1684 2524 2813 1718 2525 2814 1721 2526 2815 1720 2527 2816 1674 2528 2817 1703 2529 2818 1669 2493 2819 1734 2530 2820 1732 2531 2821 1733 2532 2822 1727 2478 2823 1694 2533 2824 1695 2479 2825 1731 2534 2826 1702 2535 2827 1703 2536 2828 1718 2537 2829 1693 2538 2830 1689 2539 2831 1721 2540 2832 1692 2541 2833 1722 2542 2834 1722 2543 2835 1690 2544 2836 1720 2545 2837 1707 2546 2838 1678 2547 2839 1708 2548 2840 1708 2549 2841 1676 2512 2842 1706 2511 2843 1680 2550 2844 1712 2551 2845 1711 2508 2846 1681 2552 2847 1710 2553 2848 1712 2551 2849 1700 2554 2850 1733 2555 2851 1698 2556 2852 1684 2557 2853 1716 2558 2854 1685 2559 2855 1693 2560 2856 1720 2545 2857 1690 2544 2858 1666 2561 2859 1725 2562 2860 1696 2563 2861 1704 2564 2862 1675 2565 2863 1729 2566 2864 1732 2567 2865 1698 2568 2866 1733 2569 2867 1707 2570 2868 1708 2571 2869 1706 2572 2870 1716 2573 2871 1687 2574 2872 1685 2575 2873 1682 2576 2874 1713 2577 2875 1709 2578 2876 1737 2579 2877 1795 2580 2878 1740 2581 2879 1769 2582 2880 1800 2583 2881 1767 2584 2882 1754 2585 2883 1783 2586 2884 1755 2587 2885 1792 2588 2886 1764 2589 2887 1765 2590 2888 1765 2591 2889 1740 2581 2890 1792 2592 2891 1796 2593 2892 1739 2594 2893 1742 2595 2894 1797 2596 2895 1742 2597 2896 1743 2598 2897 1775 2599 2898 1747 2600 2899 1778 2601 2900 1796 2602 2901 1772 2603 2902 1773 2604 2903 1768 2605 2904 1803 2606 2905 1769 2607 2906 1751 2608 2907 1779 2609 2908 1748 2610 2909 1774 2611 2910 1750 2612 2911 1744 2613 2912 1756 2614 2913 1786 2615 2914 1787 2616 2915 1784 2617 2916 1782 2618 2917 1785 2619 2918 1787 2620 2919 1759 2621 2920 1756 2622 2921 1754 2623 2922 1785 2624 2923 1782 2625 2924 1786 2626 2925 1788 2627 2926 1789 2628 2927 1771 2629 2928 1742 2595 2929 1739 2594 2930 1802 2630 2931 1800 2631 2932 1803 2632 2933 1795 2580 2934 1762 2633 2935 1794 2634 2936 1799 2635 2937 1770 2636 2938 1798 2637 2939 1761 2638 2940 1786 2639 2941 1757 2640 2942 1789 2641 2943 1760 2642 2944 1759 2621 2945 1790 2643 2946 1758 2644 2947 1760 2645 2948 1775 2599 2949 1746 2646 2950 1745 2647 2951 1776 2648 2952 1744 2613 2953 1746 2649 2954 1780 2650 2955 1748 2610 2956 1779 2609 2957 1778 2601 2958 1749 2651 2959 1780 2650 2960 1768 2652 2961 1801 2653 2962 1802 2654 2963 1752 2655 2964 1784 2656 2965 1785 2657 2966 1761 2658 2967 1788 2659 2968 1791 2660 2969 1793 2661 2970 1736 2662 2971 1764 2663 2972 1772 2664 2973 1743 2665 2974 1738 2666 2975 1800 2667 2976 1766 2668 2977 1767 2669 2978 1778 2670 2979 1779 2671 2980 1777 2672 2981 1755 2673 2982 1784 2674 2983 1753 2675 2984 1781 2676 2985 1750 2677 2986 1777 2678 2987 1880 2679 2988 1809 932 2989 1933 2680 2990 1808 2681 2991 1835 2682 2992 1805 2683 2993 1872 2684 2994 1841 2685 2995 1839 2686 2996 1855 2687 2997 1826 2688 2998 1827 2689 2999 1864 2690 3000 1836 2691 3001 1865 2692 3002 1864 2693 3003 1805 2683 3004 1837 2694 3005 1868 2695 3006 1807 2696 3007 1845 2697 3008 492 2698 3009 423 745 3010 547 2699 3011 1847 2700 3012 1819 2701 3013 1817 2702 3014 1868 2703 3015 1844 2704 3016 1869 2705 3017 1875 2706 3018 1840 2707 3019 1841 2708 3020 1823 2709 3021 1851 2710 3022 1853 2711 3023 1822 2712 3024 1846 2713 3025 1816 2714 3026 1828 2715 3027 1858 2716 3028 1829 2717 3029 421 711 3030 486 811 3031 491 810 3032 1856 2718 3033 1854 2719 3034 1855 2720 3035 1859 2721 3036 1831 2722 3037 1861 2723 3038 1826 2724 3039 1857 2725 3040 1824 2726 3041 1858 2727 3042 1861 2728 3043 1860 2729 3044 1812 2730 3045 1843 2731 3046 1807 2696 3047 1874 2732 3048 1872 2733 3049 1873 2734 3050 1867 2735 3051 1834 2736 3052 1835 2682 3053 1871 2737 3054 1842 2738 3055 1843 2731 3056 1858 2739 3057 1833 2740 3058 1829 2741 3059 1861 2742 3060 1832 2743 3061 1862 2744 3062 1832 2745 3063 1860 2746 3064 1862 2747 3065 1817 2702 3066 1848 2748 3067 1847 2700 3068 1848 2749 3069 1816 2714 3070 1846 2713 3071 1820 2750 3072 1852 2751 3073 1851 2710 3074 1821 2752 3075 1850 2753 3076 1852 2751 3077 1840 2754 3078 1873 2755 3079 1838 2756 3080 1824 2757 3081 1856 2758 3082 1825 2759 3083 1863 2760 3084 1830 2761 3085 1833 2762 3086 1804 2763 3087 1865 2764 3088 1836 2765 3089 1806 2766 3090 1869 2767 3091 1844 2768 3092 1872 2769 3093 1838 2770 3094 1873 2771 3095 1847 2772 3096 1848 2773 3097 1846 2774 3098 1856 2775 3099 1827 2776 3100 1825 2777 3101 1822 2778 3102 1853 2779 3103 1849 2780 3104 1903 2781 3105 1880 2782 3106 1877 2783 3107 1909 2784 3108 1940 2785 3109 1907 2786 3110 1894 2787 3111 1923 2788 3112 1895 2789 3113 1932 2790 3114 1904 2791 3115 1905 2792 3116 1932 2793 3117 1877 2783 3118 1880 2782 3119 1936 2794 3120 1879 2795 3121 1882 2796 3122 1869 2797 3123 1813 2798 3124 1812 2799 3125 1915 2800 3126 1887 2801 3127 1918 2802 3128 1936 2803 3129 1912 2804 3130 1913 2805 3131 1908 2806 3132 1943 2807 3133 1909 2808 3134 1891 2809 3135 1919 2810 3136 1888 2811 3137 1914 2812 3138 1890 2813 3139 1884 2814 3140 1896 2815 3141 1926 2816 3142 1927 2817 3143 1924 2818 3144 1922 2819 3145 1925 2820 3146 1927 2821 3147 1899 2822 3148 1896 2823 3149 1894 2824 3150 1925 2825 3151 1922 2826 3152 1926 2827 3153 1928 2828 3154 1929 2829 3155 1911 2830 3156 1882 2796 3157 1879 2795 3158 1942 2831 3159 1940 2832 3160 1943 2833 3161 1935 2834 3162 1902 2835 3163 1934 2836 3164 1939 2837 3165 1910 2838 3166 1938 2839 3167 1901 2840 3168 1926 2841 3169 1897 2842 3170 1929 2843 3171 1900 2844 3172 1899 2822 3173 1928 2845 3174 1900 2846 3175 1930 2847 3176 1916 2848 3177 1885 2849 3178 1915 2800 3179 1916 2850 3180 1884 2814 3181 1886 2851 3182 1920 2852 3183 1888 2811 3184 1919 2810 3185 1918 2802 3186 1889 2853 3187 1920 2852 3188 1908 2854 3189 1941 2855 3190 1942 2856 3191 1892 2857 3192 1924 2858 3193 1925 2859 3194 1898 2860 3195 1931 2861 3196 1901 2862 3197 1933 2863 3198 1876 2864 3199 1904 2865 3200 1937 2866 3201 1878 2867 3202 1912 2868 3203 1940 2869 3204 1906 2870 3205 1907 2871 3206 1918 2872 3207 1919 2873 3208 1917 2874 3209 1895 2875 3210 1924 2876 3211 1893 2877 3212 1921 2878 3213 1890 2879 3214 1917 2880 3215 1951 2881 3216 2006 2882 3217 2007 2883 3218 1948 2884 3219 1975 2885 3220 1945 2886 3221 2012 2887 3222 1981 2888 3223 1979 2889 3224 1995 2890 3225 1966 2891 3226 1967 2892 3227 2004 2893 3228 1976 2894 3229 2005 2895 3230 2004 2896 3231 1945 2886 3232 1977 2897 3233 2008 2898 3234 1947 2899 3235 1985 2900 3236 1955 2901 3237 2010 2902 3238 2011 2903 3239 2009 2904 3240 1952 2905 3241 2008 2906 3242 1987 2907 3243 1959 2908 3244 1957 2909 3245 1985 2910 3246 2009 2911 3247 2008 2912 3248 1981 2913 3249 2014 2914 3250 1980 2915 3251 1963 2916 3252 1991 2917 3253 1993 2918 3254 1962 2919 3255 1986 2920 3256 1956 2921 3257 1968 2922 3258 1998 2923 3259 1969 2924 3260 1996 2925 3261 1994 2926 3262 1995 2927 3263 1999 2928 3264 1971 2929 3265 2001 2930 3266 1966 2931 3267 1997 2932 3268 1964 2933 3269 1998 2934 3270 2001 2935 3271 2000 2936 3272 1950 2937 3273 2004 2938 3274 2005 2939 3275 1947 2899 3276 2011 2940 3277 1983 2941 3278 2014 2942 3279 2012 2943 3280 2013 2944 3281 2006 2945 3282 1975 2885 3283 2007 2946 3284 2010 2947 3285 1983 2941 3286 2011 2940 3287 1998 2948 3288 1973 2949 3289 1969 2950 3290 1971 2929 3291 2002 2951 3292 2001 2930 3293 1972 2952 3294 2000 2953 3295 2002 2954 3296 1957 2909 3297 1988 2955 3298 1987 2907 3299 1988 2956 3300 1956 2921 3301 1986 2920 3302 1960 2957 3303 1992 2958 3304 1991 2917 3305 1961 2959 3306 1990 2960 3307 1992 2958 3308 1980 2961 3309 2013 2962 3310 1978 2963 3311 1964 2964 3312 1996 2965 3313 1965 2966 3314 2003 2967 3315 1970 2968 3316 1973 2969 3317 1944 2970 3318 2005 2971 3319 1976 2972 3320 1946 2973 3321 2009 2974 3322 1984 2975 3323 2012 2976 3324 1978 2977 3325 2013 2978 3326 1987 2979 3327 1988 2980 3328 1986 2981 3329 1996 2982 3330 1967 2983 3331 1965 2984 3332 1962 2985 3333 1993 2986 3334 1989 2987 3335 1951 2881 3336 1949 2988 3337 2020 2989 3338 2043 2990 3339 2020 2991 3340 2017 2992 3341 2049 2993 3342 2080 2994 3343 2047 2995 3344 2034 2996 3345 2063 2997 3346 2035 2998 3347 2072 2999 3348 2044 3000 3349 2045 3001 3350 2072 3002 3351 2017 2992 3352 2020 2991 3353 2076 3003 3354 2019 3004 3355 2022 3005 3356 1955 2901 3357 1953 3006 3358 2022 3007 3359 2077 3008 3360 2022 3007 3361 2023 3009 3362 2055 3010 3363 2027 3011 3364 2058 3012 3365 2077 3013 3366 2053 3014 3367 2076 3015 3368 2049 3016 3369 2082 3017 3370 2083 3018 3371 2031 3019 3372 2059 3020 3373 2028 3021 3374 2054 3022 3375 2030 3023 3376 2024 3024 3377 2036 3025 3378 2066 3026 3379 2067 3027 3380 2064 3028 3381 2062 3029 3382 2065 3030 3383 2067 3031 3384 2039 3032 3385 2036 3033 3386 2034 3034 3387 2065 3035 3388 2062 3036 3389 2066 3037 3390 2068 3038 3391 2069 3039 3392 2072 3040 3393 2021 3041 3394 2073 3042 3395 2019 3004 3396 2079 3043 3397 2022 3005 3398 2082 3044 3399 2080 3045 3400 2083 3046 3401 2043 2990 3402 2074 3047 3403 2075 3048 3404 2051 3049 3405 2078 3050 3406 2079 3043 3407 2041 3051 3408 2066 3052 3409 2037 3053 3410 2070 3054 3411 2039 3032 3412 2069 3055 3413 2068 3056 3414 2040 3057 3415 2070 3058 3416 2056 3059 3417 2025 3060 3418 2055 3010 3419 2056 3061 3420 2024 3024 3421 2026 3062 3422 2060 3063 3423 2028 3021 3424 2059 3020 3425 2058 3012 3426 2029 3064 3427 2060 3063 3428 2048 3065 3429 2081 3066 3430 2082 3067 3431 2032 3068 3432 2064 3069 3433 2065 3070 3434 2038 3071 3435 2071 3072 3436 2041 3073 3437 2073 3074 3438 2016 3075 3439 2044 3076 3440 2077 3077 3441 2018 3078 3442 2052 3079 3443 2080 3080 3444 2046 3081 3445 2047 3082 3446 2058 3083 3447 2059 3084 3448 2057 3085 3449 2035 3086 3450 2064 3087 3451 2033 3088 3452 2061 3089 3453 2030 3090 3454 2057 3091 3455 2085 3092 3456 2145 3093 3457 2113 3094 3458 2150 3095 3459 2119 3096 3460 2117 3097 3461 2133 3098 3462 2104 3099 3463 2105 3100 3464 2115 3101 3465 2143 3102 3466 2142 3103 3467 2088 3104 3468 2115 3105 3469 2142 3106 3470 2092 3107 3471 2123 3108 3472 2146 3109 3473 2147 3110 3474 2092 3111 3475 2146 3112 3476 2125 3113 3477 2097 3114 3478 2095 3115 3479 2146 3116 3480 2122 3117 3481 2147 3118 3482 2153 3119 3483 2118 3120 3484 2119 3121 3485 2101 3122 3486 2129 3123 3487 2131 3124 3488 2100 3125 3489 2124 3126 3490 2094 3127 3491 2106 3128 3492 2136 3129 3493 2107 3130 3494 2134 3131 3495 2132 3132 3496 2133 3133 3497 2137 3134 3498 2109 3135 3499 2139 3136 3500 2104 3137 3501 2135 3138 3502 2102 3139 3503 2136 3140 3504 2139 3141 3505 2138 3142 3506 2092 3143 3507 2121 3144 3508 2087 3145 3509 2152 3146 3510 2150 3147 3511 2151 3148 3512 2145 3093 3513 2112 3149 3514 2113 3094 3515 2149 3150 3516 2120 3151 3517 2121 3144 3518 2136 3152 3519 2111 3153 3520 2107 3154 3521 2139 3155 3522 2110 3156 3523 2140 3157 3524 2140 3158 3525 2108 3159 3526 2138 3160 3527 2125 3161 3528 2096 3162 3529 2126 3163 3530 2126 3164 3531 2094 3127 3532 2124 3126 3533 2098 3165 3534 2130 3166 3535 2129 3123 3536 2099 3167 3537 2128 3168 3538 2130 3166 3539 2118 3169 3540 2151 3170 3541 2116 3171 3542 2102 3172 3543 2134 3173 3544 2103 3174 3545 2111 3175 3546 2138 3160 3547 2108 3159 3548 2084 3176 3549 2143 3177 3550 2114 3178 3551 2122 3179 3552 2093 3180 3553 2147 3181 3554 2150 3182 3555 2116 3183 3556 2151 3184 3557 2125 3185 3558 2126 3186 3559 2124 3187 3560 2134 3188 3561 2105 3189 3562 2103 3190 3563 2100 3191 3564 2131 3192 3565 2127 3193 3566 2143 3194 3567 2089 3195 3568 2088 3196 3569 2155 3197 3570 2213 3198 3571 2158 3199 3572 2187 3200 3573 2218 3201 3574 2185 3202 3575 2172 3203 3576 2201 3204 3577 2173 3205 3578 2211 3206 3579 2183 3207 3580 2210 3208 3581 2183 3209 3582 2158 3199 3583 2210 3210 3584 2191 3211 3585 2160 3212 3586 2214 3213 3587 2215 3214 3588 2160 3215 3589 2161 3216 3590 2193 3217 3591 2165 3218 3592 2196 3219 3593 2214 3220 3594 2190 3221 3595 2191 3222 3596 2186 3223 3597 2221 3224 3598 2187 3225 3599 2169 3226 3600 2197 3227 3601 2166 3228 3602 2192 3229 3603 2168 3230 3604 2162 3231 3605 2174 3232 3606 2204 3233 3607 2205 3234 3608 2202 3235 3609 2200 3236 3610 2203 3237 3611 2205 3238 3612 2177 3239 3613 2174 3240 3614 2172 3241 3615 2203 3242 3616 2200 3243 3617 2204 3244 3618 2206 3245 3619 2207 3246 3620 2189 3247 3621 2160 3212 3622 2157 3248 3623 2220 3249 3624 2218 3250 3625 2221 3251 3626 2213 3198 3627 2180 3252 3628 2212 3253 3629 2217 3254 3630 2188 3255 3631 2216 3256 3632 2179 3257 3633 2204 3258 3634 2175 3259 3635 2207 3260 3636 2178 3261 3637 2177 3239 3638 2208 3262 3639 2176 3263 3640 2178 3264 3641 2193 3217 3642 2164 3265 3643 2163 3266 3644 2194 3267 3645 2162 3231 3646 2164 3268 3647 2198 3269 3648 2166 3228 3649 2197 3227 3650 2196 3219 3651 2167 3270 3652 2198 3269 3653 2186 3271 3654 2219 3272 3655 2220 3273 3656 2170 3274 3657 2202 3275 3658 2203 3276 3659 2179 3277 3660 2206 3278 3661 2209 3279 3662 2211 3280 3663 2154 3281 3664 2182 3282 3665 2190 3283 3666 2161 657 3667 2156 659 3668 2218 3284 3669 2184 3285 3670 2185 3286 3671 2196 3287 3672 2197 3288 3673 2195 3289 3674 2173 3290 3675 2202 3291 3676 2171 3292 3677 2199 3293 3678 2168 3294 3679 2195 3295 3680 2158 3296 3681 2089 3195 3682 2211 3297 3683 2226 3298 3684 2251 3299 3685 2223 3300 3686 2288 3301 3687 2257 3302 3688 2255 3303 3689 2271 3304 3690 2242 3305 3691 2243 3306 3692 2280 3307 3693 2252 3308 3694 2281 3309 3695 2280 3310 3696 2223 3300 3697 2253 3311 3698 2284 3312 3699 2225 3313 3700 2261 3314 3701 2298 3315 3702 2229 125 3703 2353 3316 3704 2263 3317 3705 2235 3318 3706 2233 3319 3707 2284 3320 3708 2260 3321 3709 2285 3322 3710 2291 3323 3711 2256 3324 3712 2257 3325 3713 2239 3326 3714 2267 3327 3715 2269 3328 3716 2238 3329 3717 2262 3330 3718 2232 3331 3719 2244 3332 3720 2274 3333 3721 2245 3334 3722 1982 3335 3723 1955 3336 3724 2050 3337 3725 2272 3338 3726 2270 3339 3727 2271 3340 3728 2275 3341 3729 2247 3342 3730 2277 3343 3731 2242 3344 3732 2273 3345 3733 2240 3346 3734 2274 3347 3735 2277 3348 3736 2276 3349 3737 2228 3350 3738 2259 3351 3739 2225 3313 3740 2290 3352 3741 2288 3353 3742 2289 3354 3743 2283 3355 3744 2250 3356 3745 2251 3299 3746 2287 3357 3747 2258 3358 3748 2259 3351 3749 2274 3359 3750 2249 3360 3751 2245 3361 3752 2277 3362 3753 2248 3363 3754 2278 3364 3755 2278 3365 3756 2246 3366 3757 2276 3367 3758 2263 3368 3759 2234 3369 3760 2264 3370 3761 2264 3371 3762 2232 3331 3763 2262 3330 3764 2236 3372 3765 2268 3373 3766 2267 3327 3767 2237 3374 3768 2266 3375 3769 2268 3373 3770 2256 3376 3771 2289 3377 3772 2254 3378 3773 2240 3379 3774 2272 3380 3775 2241 3381 3776 2279 3382 3777 2246 3366 3778 2249 3383 3779 2252 3384 3780 2227 3385 3781 2281 3386 3782 2224 3387 3783 2285 3388 3784 2260 3389 3785 2288 3390 3786 2254 3391 3787 2289 3392 3788 2263 3393 3789 2264 3394 3790 2262 3395 3791 2272 3396 3792 2243 3397 3793 2241 3398 3794 2238 3399 3795 2269 3400 3796 2265 3401 3797 2319 3402 3798 2296 3403 3799 2293 3404 3800 2325 3405 3801 2356 3406 3802 2323 3407 3803 2310 3408 3804 2339 3409 3805 2311 3410 3806 2348 3411 3807 2320 3412 3808 2321 3413 3809 2348 3414 3810 2293 3404 3811 2296 3403 3812 2352 3415 3813 2295 3416 3814 2298 3417 3815 2331 3418 3816 2303 3419 3817 2334 3420 3818 2352 3421 3819 2328 3422 3820 2329 3423 3821 2324 3424 3822 2359 3425 3823 2325 3426 3824 2307 3427 3825 2335 3428 3826 2304 3429 3827 2330 3430 3828 2306 3431 3829 2300 3432 3830 2312 3433 3831 2342 3434 3832 2343 3435 3833 2340 3436 3834 2338 3437 3835 2341 3438 3836 2343 3439 3837 2315 3440 3838 2312 3441 3839 2310 3442 3840 2341 3443 3841 2338 3444 3842 2342 3445 3843 2344 3446 3844 2345 3447 3845 2327 3448 3846 2298 3417 3847 2295 3416 3848 2358 3449 3849 2356 3450 3850 2359 3451 3851 2351 3452 3852 2318 3453 3853 2350 3454 3854 2355 3455 3855 2326 3456 3856 2354 3457 3857 2317 3458 3858 2342 3459 3859 2313 3460 3860 2345 3461 3861 2316 3462 3862 2315 3440 3863 2346 3463 3864 2314 3464 3865 2316 3465 3866 2331 3418 3867 2302 3466 3868 2301 3467 3869 2332 3468 3870 2300 3432 3871 2302 3469 3872 2336 3470 3873 2304 3429 3874 2335 3428 3875 2334 3420 3876 2305 3471 3877 2336 3470 3878 2324 3472 3879 2357 3473 3880 2358 3474 3881 2308 3475 3882 2340 3476 3883 2341 3477 3884 2314 3464 3885 2347 3478 3886 2317 3479 3887 2320 3480 3888 2297 2285 3889 2292 2287 3890 2353 3481 3891 2294 3482 3892 2328 3483 3893 2356 3484 3894 2322 3485 3895 2323 3486 3896 2334 3487 3897 2335 3488 3898 2333 3489 3899 2311 3490 3900 2340 3491 3901 2309 3492 3902 2337 3493 3903 2306 3494 3904 2333 3495 3905 2364 3496 3906 2389 3497 3907 2361 3498 3908 2426 3499 3909 2395 3500 3910 2393 3501 3911 2409 3502 3912 2380 3503 3913 2381 3504 3914 2418 3505 3915 2390 3506 3916 2419 3507 3917 2418 3508 3918 2361 3498 3919 2391 3509 3920 2422 3510 3921 2363 3511 3922 2399 3512 3923 2369 3513 3924 2424 3514 3925 2425 3515 3926 2423 3516 3927 2366 3517 3928 2422 3518 3929 2401 3519 3930 2373 3520 3931 2371 3521 3932 2399 3522 3933 2423 3523 3934 2422 3524 3935 2429 3525 3936 2394 3526 3937 2395 3527 3938 2377 3528 3939 2405 3529 3940 2407 3530 3941 2376 3531 3942 2400 3532 3943 2370 3533 3944 2382 3534 3945 2412 3535 3946 2383 3536 3947 1391 3537 3948 1386 2148 3949 1458 2248 3950 2410 3538 3951 2408 3539 3952 2409 3540 3953 2413 3541 3954 2385 3542 3955 2415 3543 3956 2380 3544 3957 2411 3545 3958 2378 3546 3959 2412 3547 3960 2415 3548 3961 2414 3549 3962 2365 3550 3963 2418 3551 3964 2419 3552 3965 2363 3511 3966 2425 3553 3967 2397 3554 3968 2428 3555 3969 2426 3556 3970 2427 3557 3971 2420 3558 3972 2389 3497 3973 2421 3559 3974 2424 3560 3975 2397 3554 3976 2425 3553 3977 2412 3561 3978 2387 3562 3979 2383 3563 3980 2385 3542 3981 2416 3564 3982 2415 3543 3983 2386 3565 3984 2414 3566 3985 2416 3567 3986 2371 3521 3987 2402 3568 3988 2401 3519 3989 2402 3569 3990 2370 3533 3991 2400 3532 3992 2374 3570 3993 2406 3571 3994 2405 3529 3995 2375 3572 3996 2404 3573 3997 2406 3571 3998 2394 3574 3999 2427 3575 4000 2392 3576 4001 2378 3577 4002 2410 3578 4003 2379 3579 4004 2417 3580 4005 2384 3581 4006 2387 3582 4007 2360 3583 4008 2419 3584 4009 2390 3585 4010 2362 3586 4011 2423 3587 4012 2398 3588 4013 2426 3589 4014 2392 3590 4015 2427 3591 4016 2401 3592 4017 2402 3593 4018 2400 3594 4019 2410 3595 4020 2381 3596 4021 2379 3597 4022 2376 3598 4023 2407 3599 4024 2403 3600 4025 2457 3601 4026 2434 3602 4027 2431 3603 4028 2463 3604 4029 2494 3605 4030 2461 3606 4031 2448 3607 4032 2477 3608 4033 2449 3609 4034 2486 3610 4035 2458 3611 4036 2459 3612 4037 2486 3613 4038 2431 3603 4039 2434 3602 4040 2490 3614 4041 2433 3615 4042 2436 3616 4043 2369 3513 4044 2367 3617 4045 2436 3618 4046 2491 3619 4047 2436 3618 4048 2437 3620 4049 2469 3621 4050 2441 3622 4051 2472 3623 4052 2491 3624 4053 2467 3625 4054 2490 3626 4055 2462 3627 4056 2497 3628 4057 2463 3629 4058 2445 3630 4059 2473 3631 4060 2442 3632 4061 2468 3633 4062 2444 3634 4063 2438 3635 4064 2450 3636 4065 2480 3637 4066 2481 3638 4067 2478 3639 4068 2476 3640 4069 2479 3641 4070 2481 3642 4071 2453 3643 4072 2450 3644 4073 2448 3645 4074 2479 3646 4075 2476 3647 4076 2480 3648 4077 2482 3649 4078 2483 3650 4079 2486 3651 4080 2435 3652 4081 2487 3653 4082 2433 3615 4083 2493 3654 4084 2436 3616 4085 2496 3655 4086 2494 3656 4087 2497 3657 4088 2457 3601 4089 2488 3658 4090 2489 3659 4091 2465 3660 4092 2492 3661 4093 2493 3654 4094 2455 3662 4095 2480 3663 4096 2451 3664 4097 2484 3665 4098 2453 3643 4099 2483 3666 4100 2482 3667 4101 2454 3668 4102 2484 3669 4103 2470 3670 4104 2439 3671 4105 2469 3621 4106 2470 3672 4107 2438 3635 4108 2440 3673 4109 2474 3674 4110 2442 3632 4111 2473 3631 4112 2472 3623 4113 2443 3675 4114 2474 3674 4115 2462 3676 4116 2495 3677 4117 2496 3678 4118 2446 3679 4119 2478 3680 4120 2479 3681 4121 2452 3682 4122 2485 3683 4123 2455 3684 4124 2487 3685 4125 2430 3686 4126 2458 3687 4127 2491 3688 4128 2432 3689 4129 2466 3690 4130 2494 3691 4131 2460 3692 4132 2461 3693 4133 2472 3694 4134 2473 3695 4135 2471 3696 4136 2449 3697 4137 2478 3698 4138 2447 3699 4139 2475 3700 4140 2444 3701 4141 2471 3702 4142 2499 3703 4143 2561 3704 4144 2529 3705 4145 2566 3706 4146 2535 3707 4147 2533 3708 4148 1380 2022 4149 1284 1920 4150 1312 3709 4151 2549 3710 4152 2520 3711 4153 2521 3712 4154 2531 3713 4155 2559 3714 4156 2558 3715 4157 2502 3716 4158 2531 3717 4159 2558 3718 4160 2506 3719 4161 2539 3720 4162 2562 3721 4163 906 3722 4164 836 3723 4165 891 3724 4166 2541 3725 4167 2513 3726 4168 2511 3727 4169 2562 3728 4170 2538 3729 4171 2563 3730 4172 2569 3731 4173 2534 3732 4174 2535 3733 4175 2517 3734 4176 2545 3735 4177 2547 3736 4178 2516 3737 4179 2540 3738 4180 2510 3739 4181 2522 3740 4182 2552 3741 4183 2523 3742 4184 2089 3743 4185 2084 3176 4186 2154 3281 4187 2550 3744 4188 2548 3745 4189 2549 3746 4190 2553 3747 4191 2525 3748 4192 2555 3749 4193 2520 3750 4194 2551 3751 4195 2518 3752 4196 2552 3753 4197 2555 3754 4198 2554 3755 4199 2506 3756 4200 2537 3757 4201 2501 3758 4202 2568 3759 4203 2566 3760 4204 2567 3761 4205 2561 3704 4206 2528 3762 4207 2529 3705 4208 2565 3763 4209 2536 3764 4210 2537 3757 4211 2552 3765 4212 2527 3766 4213 2523 3767 4214 2555 3768 4215 2526 3769 4216 2556 3770 4217 2556 3771 4218 2524 3772 4219 2554 3773 4220 2541 3774 4221 2512 3775 4222 2542 3776 4223 2542 3777 4224 2510 3739 4225 2540 3738 4226 2514 3778 4227 2546 3779 4228 2545 3735 4229 2515 3780 4230 2544 3781 4231 2546 3779 4232 2534 3782 4233 2567 3783 4234 2532 3784 4235 2518 3785 4236 2550 3786 4237 2519 3787 4238 2527 3788 4239 2554 3773 4240 2524 3772 4241 2498 3789 4242 2559 3790 4243 2530 3791 4244 2538 3792 4245 2508 3793 4246 2563 3794 4247 2566 3795 4248 2532 3796 4249 2567 3797 4250 2541 3798 4251 2542 3799 4252 2540 3800 4253 2550 3801 4254 2521 3802 4255 2519 3803 4256 2516 3804 4257 2547 3805 4258 2543 3806 4259 2559 3807 4260 2503 3808 4261 2502 3809 4262 2571 3810 4263 2629 3811 4264 2574 3812 4265 2603 3813 4266 2634 3814 4267 2601 3815 4268 2588 3816 4269 2617 3817 4270 2589 3818 4271 2627 3819 4272 2599 3820 4273 2626 3821 4274 2599 3822 4275 2574 3812 4276 2626 3823 4277 2607 3824 4278 2576 3825 4279 2630 3826 4280 2563 3827 4281 2507 3828 4282 2506 3829 4283 2609 3830 4284 2581 3831 4285 2612 3832 4286 2630 3833 4287 2606 3834 4288 2607 3835 4289 2602 3836 4290 2637 3837 4291 2603 3838 4292 2585 3839 4293 2613 3840 4294 2582 3841 4295 2608 3842 4296 2584 3843 4297 2578 3844 4298 2590 3845 4299 2620 3846 4300 2621 3847 4301 2618 3848 4302 2616 3849 4303 2619 3850 4304 2621 3851 4305 2593 3852 4306 2590 3853 4307 2588 3854 4308 2619 3855 4309 2616 3856 4310 2620 3857 4311 2622 3858 4312 2623 3859 4313 2605 3860 4314 2576 3825 4315 2573 3861 4316 2636 3862 4317 2634 3863 4318 2637 3864 4319 2629 3811 4320 2596 3865 4321 2628 3866 4322 2633 3867 4323 2604 3868 4324 2632 3869 4325 2595 3870 4326 2620 3871 4327 2591 3872 4328 2623 3873 4329 2594 3874 4330 2593 3852 4331 2624 3875 4332 2592 3876 4333 2594 3877 4334 2609 3830 4335 2580 3878 4336 2579 3879 4337 2610 3880 4338 2578 3844 4339 2580 3881 4340 2614 3882 4341 2582 3841 4342 2613 3840 4343 2612 3832 4344 2583 3883 4345 2614 3882 4346 2602 3884 4347 2635 3885 4348 2636 3886 4349 2586 3887 4350 2618 3888 4351 2619 3889 4352 2595 3890 4353 2622 3891 4354 2625 3892 4355 2627 3893 4356 2570 3894 4357 2598 3895 4358 2606 3896 4359 2577 3897 4360 2572 3898 4361 2634 3899 4362 2600 3900 4363 2601 3901 4364 2612 3902 4365 2613 3903 4366 2611 3904 4367 2589 3905 4368 2618 3906 4369 2587 3907 4370 2615 3908 4371 2584 3909 4372 2611 3910 4373 2528 3762 4374 2505 3911 4375 2596 3865 4376 868 1304 4377 841 3912 4378 936 1402 4379 1743 2665 4380 1668 3913 4381 1738 2666 4382 2396 3914 4383 2369 3915 4384 2464 3916 4385 979 3917 4386 1042 1634 4387 1047 3918 4388 544 783 4389 444 681 4390 476 3919 4391 2488 3658 4392 2388 3920 4393 2420 3558 4394 1535 3921 4395 1528 2355 4396 1600 2460 4397 1564 3922 4398 1537 3923 4399 1632 3924 4400 314 480 4401 287 3925 4402 382 577 4403 2216 3256 4404 2120 3151 4405 2148 3926 4406 2367 3927 4407 2362 3586 4408 2432 3689 4409 559 3928 4410 554 913 4411 624 1016 4412 563 3929 4413 626 1019 4414 631 3930 4415 1671 3931 4416 1666 2561 4417 1736 2662 4418 306 479 4419 283 3932 4420 374 575 4421 1424 2125 4422 1397 3933 4423 1492 2222 4424 975 3934 4425 970 1528 4426 1040 1631 4427 1531 3935 4428 1526 2352 4429 1598 2457 4430 1253 3936 4431 1248 3937 4432 1318 2047 4433 1834 2736 4434 1811 3938 4435 1902 2835 4436 839 3939 4437 834 1333 4438 904 1430 4439 1113 3940 4440 1108 1736 4441 1180 1838 4442 730 1097 4443 703 3941 4444 798 1199 4445 1842 2738 4446 1815 3942 4447 1910 2838 4448 423 3943 4449 418 713 4450 488 813 4451 75 193 4452 0 3944 4453 70 194 4454 2229 3945 4455 2224 3387 4456 2294 3482 4457 2258 3358 4458 2231 3946 4459 2326 3456 4460 837 1331 4461 902 1428 4462 907 1427 4463 892 3947 4464 928 1399 4465 860 1302 4466 1604 3948 4467 1535 2389 4468 1659 3949 4469 1798 2637 4470 1702 2535 4471 1730 3950 4472 2350 3454 4473 2250 3356 4474 2282 3951 4475 2503 3952 4476 2498 3789 4477 2570 3894 4478 174 3953 4479 147 3954 4480 242 3955 4481 697 3956 4482 692 1123 4483 764 1225 4484 2507 3957 4485 2500 3958 4486 2572 3898 4487 1395 3959 4488 1388 2151 4489 1460 2251 4490 1809 3960 4491 1804 2763 4492 1876 2864 4493 701 3961 4494 694 1126 4495 766 1228 4496 452 684 4497 425 3962 4498 520 785 4499 1257 1950 4500 1320 2050 4501 1325 2049 4502 266 375 4503 166 3963 4504 198 274 4505 722 3964 4506 699 3965 4507 790 3966 4508 1102 1605 4509 1006 3967 4510 1034 1504 4511 998 1503 4512 977 3968 4513 1066 1603 4514 128 166 4515 28 62 4516 60 3969 4517 1138 3970 4518 1115 3971 4519 1206 3972 4520 36 64 4521 9 3973 4522 104 168 4523 2112 3149 4524 2091 3974 4525 2180 3252 4526 1416 2123 4527 1393 3975 4528 1484 2219 4529 1694 2533 4530 1673 3976 4531 1762 2633 4532 1974 3977 4533 1951 3978 4534 2042 3979 4535 281 3980 4536 276 505 4537 348 603 4538 1949 3981 4539 1944 2970 4540 2016 3075 4541 1725 3982 4542 1671 2475 4543 1670 3983 4544 2092 3111 4545 2093 3984 4546 2161 3216 4547 2574 3985 4548 2503 3808 4549 2627 3986 4550 562 848 4551 563 3987 4552 631 952 4553 2576 3988 4554 2507 3828 4555 2631 3989 4556 582 888 4557 561 3990 4558 650 988 4559 1953 3991 4560 1946 2973 4561 2018 3078 4562 1556 3992 4563 1533 3993 4564 1624 3994 4565 1044 3995 4566 975 1547 4567 1097 3996 4568 2536 3764 4569 2509 3997 4570 2604 3868 4571 1117 3998 4572 1110 1739 4573 1182 1841 4574 2364 3999 4575 2365 3550 4576 2435 3652 4577 2435 4000 4578 2360 3583 4579 2430 3686 4580 341 4001 4581 285 441 4582 284 4002 4583 1882 4003 4584 1813 2798 4585 1937 4004 4586 7 4005 4587 2 93 4588 72 196 4589 757 4006 4590 701 1054 4591 700 4007 4592 978 1465 4593 979 4008 4594 1047 1567 4595 1173 4009 4596 1117 1669 4597 1116 4010 4598 142 4011 4599 143 266 4600 213 369 4601 1674 2496 4602 1675 4012 4603 1743 4013 4604 613 4014 4605 559 828 4606 558 4015 4607 1813 4016 4608 1806 2766 4609 1878 2867 4610 4 0 4611 61 61 4612 29 1 4613 66 3 4614 69 4017 4615 35 4 4616 49 6 4617 48 4018 4618 20 7 4619 58 4019 4620 31 4020 4621 30 4021 4622 58 12 4623 4 0 4624 1 2 4625 62 14 4626 6 56 4627 3 15 4628 77 4022 4629 131 19 4630 7 18 4631 131 19 4632 130 4023 4633 76 17 4634 76 17 4635 133 4024 4636 9 4025 4637 133 4024 4638 132 4026 4639 9 4025 4640 9 4025 4641 7 18 4642 76 17 4643 143 20 4644 138 300 4645 208 21 4646 41 23 4647 44 81 4648 13 24 4649 62 4027 4650 39 4028 4651 38 4029 4652 69 29 4653 68 4030 4654 34 30 4655 17 32 4656 14 78 4657 45 33 4658 16 4031 4659 43 4032 4660 40 4033 4661 22 4034 4662 53 4035 4663 52 4036 4664 50 41 4665 51 4037 4666 48 42 4667 53 44 4668 22 4038 4669 25 45 4670 20 4039 4671 48 4040 4672 51 4041 4673 57 4042 4674 52 50 4675 54 52 4676 52 50 4677 53 4043 4678 55 51 4679 54 52 4680 55 51 4681 56 4044 4682 126 4045 4683 74 53 4684 127 4046 4685 74 53 4686 129 4047 4687 4 54 4688 129 4047 4689 128 4048 4690 60 4049 4691 60 4049 4692 61 4050 4693 129 4047 4694 61 4050 4695 4 54 4696 129 4047 4697 4 54 4698 58 4051 4699 59 55 4700 59 55 4701 5 4052 4702 75 4053 4703 75 4053 4704 127 4046 4705 59 55 4706 59 55 4707 127 4046 4708 74 53 4709 6 56 4710 65 63 4711 37 57 4712 68 58 4713 69 4054 4714 66 59 4715 61 61 4716 60 3969 4717 28 62 4718 65 63 4719 64 4055 4720 36 64 4721 52 65 4722 57 4056 4723 27 66 4724 55 46 4725 25 45 4726 26 4057 4727 56 71 4728 26 4058 4729 24 72 4730 41 23 4731 11 25 4732 12 4059 4733 42 77 4734 12 4060 4735 10 37 4736 14 78 4737 15 80 4738 46 79 4739 15 80 4740 13 24 4741 44 81 4742 34 4061 4743 68 4062 4744 67 4063 4745 18 4064 4746 51 4065 4747 50 4066 4748 57 88 4749 54 73 4750 24 72 4751 30 90 4752 0 3944 4753 5 91 4754 2 93 4755 8 4067 4756 63 94 4757 66 4068 4758 33 4069 4759 32 4070 4760 40 101 4761 43 4071 4762 44 4072 4763 43 4071 4764 47 4073 4765 45 4074 4766 44 4072 4767 45 4074 4768 46 4075 4769 43 4071 4770 45 4074 4771 44 4072 4772 44 4072 4773 41 99 4774 40 101 4775 50 102 4776 49 4076 4777 21 103 4778 16 105 4779 17 4077 4780 47 106 4781 97 108 4782 129 164 4783 74 109 4784 103 4078 4785 137 4079 4786 134 4080 4787 88 4081 4788 116 4082 4789 117 4083 4790 126 117 4791 127 4084 4792 98 118 4793 126 120 4794 99 4085 4795 71 110 4796 130 121 4797 107 4086 4798 73 122 4799 2284 4087 4800 2285 124 4801 2228 126 4802 2285 124 4803 2230 4088 4804 2229 125 4805 2229 125 4806 2231 4089 4807 2228 126 4808 2231 4089 4809 2286 4090 4810 2287 4091 4811 2287 4091 4812 2228 126 4813 2231 4089 4814 109 127 4815 79 179 4816 81 128 4817 130 130 4818 131 4092 4819 106 131 4820 102 4093 4821 136 4094 4822 137 4095 4823 85 4096 4824 115 4097 4825 113 4098 4826 108 139 4827 111 4099 4828 84 140 4829 90 142 4830 91 4100 4831 120 143 4832 118 145 4833 117 4101 4834 116 146 4835 121 148 4836 123 173 4837 93 149 4838 88 151 4839 86 4102 4840 119 152 4841 121 4103 4842 120 154 4843 123 156 4844 120 154 4845 125 4104 4846 122 155 4847 123 156 4848 122 155 4849 124 4105 4850 542 4106 4851 490 157 4852 543 4107 4853 490 4108 4854 545 4109 4855 420 4110 4856 545 4111 4857 544 4112 4858 476 4112 4859 476 4113 4860 477 4114 4861 545 4115 4862 477 4116 4863 420 4117 4864 545 4118 4865 420 4119 4866 474 4120 4867 475 4121 4868 475 159 4869 421 4122 4870 491 4123 4871 491 4123 4872 543 4107 4873 475 159 4874 475 159 4875 543 4107 4876 490 157 4877 105 160 4878 133 167 4879 76 123 4880 136 161 4881 135 4124 4882 134 162 4883 129 164 4884 97 108 4885 96 165 4886 133 167 4887 105 160 4888 104 168 4889 95 4125 4890 125 4126 4891 120 4127 4892 123 173 4893 124 4128 4894 94 174 4895 124 175 4896 122 4129 4897 92 176 4898 109 127 4899 110 4130 4900 80 178 4901 110 180 4902 108 139 4903 78 141 4904 114 182 4905 83 183 4906 82 138 4907 112 129 4908 81 128 4909 83 183 4910 102 184 4911 100 4131 4912 135 185 4913 86 187 4914 87 4132 4915 118 188 4916 92 176 4917 122 4129 4918 125 190 4919 98 4133 4920 127 4134 4921 75 4135 4922 131 195 4923 77 4136 4924 72 196 4925 134 198 4926 135 4137 4927 100 199 4928 115 4138 4929 111 203 4930 113 202 4931 111 203 4932 108 4139 4933 112 201 4934 113 202 4935 112 201 4936 114 4140 4937 108 4139 4938 110 4141 4939 109 4142 4940 109 4142 4941 112 201 4942 108 4139 4943 89 4143 4944 117 4144 4945 118 4145 4946 115 4146 4947 85 4147 4948 84 4148 4949 894 4149 4950 895 210 4951 838 212 4952 895 210 4953 840 4150 4954 839 211 4955 839 211 4956 841 4151 4957 838 212 4958 841 4151 4959 896 4152 4960 897 4153 4961 897 4153 4962 838 212 4963 841 4151 4964 142 213 4965 199 275 4966 167 214 4967 204 216 4968 207 4154 4969 173 217 4970 187 219 4971 186 4155 4972 158 220 4973 196 4156 4974 169 4157 4975 168 4158 4976 196 225 4977 142 213 4978 139 215 4979 200 227 4980 144 269 4981 141 228 4982 203 232 4983 144 234 4984 147 230 4985 144 234 4986 146 4159 4987 145 334 4988 147 230 4989 144 234 4990 145 334 4991 201 233 4992 146 4159 4993 144 234 4994 179 236 4995 182 290 4996 151 237 4997 177 239 4998 176 4160 4999 201 240 5000 207 242 5001 206 4161 5002 172 243 5003 155 245 5004 152 287 5005 183 246 5006 154 4162 5007 181 4163 5008 178 4164 5009 160 4165 5010 191 4166 5011 190 4167 5012 188 254 5013 189 4168 5014 186 255 5015 191 257 5016 160 4169 5017 163 258 5018 158 4170 5019 186 4171 5020 189 4172 5021 195 4173 5022 190 263 5023 192 265 5024 190 263 5025 191 4174 5026 193 264 5027 192 265 5028 193 264 5029 194 4175 5030 143 266 5031 142 4011 5032 196 267 5033 144 269 5034 203 277 5035 175 270 5036 206 271 5037 207 4176 5038 204 272 5039 198 274 5040 166 3963 5041 167 214 5042 202 276 5043 174 3953 5044 175 270 5045 190 278 5046 195 4177 5047 165 279 5048 163 258 5049 164 4178 5050 194 281 5051 164 282 5052 162 298 5053 192 283 5054 149 238 5055 150 4179 5056 180 285 5057 180 286 5058 150 4180 5059 148 250 5060 152 287 5061 153 289 5062 184 288 5063 153 289 5064 151 237 5065 182 290 5066 172 4181 5067 206 4182 5068 205 4183 5069 156 4184 5070 189 4185 5071 188 4186 5072 195 297 5073 192 283 5074 162 298 5075 138 300 5076 143 20 5077 197 301 5078 140 303 5079 146 4187 5080 201 304 5081 204 4188 5082 171 4189 5083 170 4190 5084 178 311 5085 181 4191 5086 182 4192 5087 181 4191 5088 185 4193 5089 183 4194 5090 182 4192 5091 183 4194 5092 184 4195 5093 181 4191 5094 183 4194 5095 182 4192 5096 182 4192 5097 179 309 5098 178 311 5099 188 312 5100 187 4196 5101 159 313 5102 154 315 5103 155 4197 5104 185 316 5105 235 318 5106 267 376 5107 212 319 5108 241 4198 5109 275 4199 5110 272 4200 5111 226 4201 5112 254 4202 5113 255 4203 5114 264 327 5115 265 4204 5116 236 328 5117 264 330 5118 237 4205 5119 209 320 5120 268 331 5121 245 4206 5122 211 332 5123 215 337 5124 214 335 5125 145 334 5126 214 335 5127 271 4207 5128 147 230 5129 271 4207 5130 270 4208 5131 147 230 5132 269 336 5133 268 4209 5134 214 335 5135 247 338 5136 217 388 5137 219 339 5138 269 4210 5139 244 4211 5140 245 4212 5141 240 4213 5142 274 4214 5143 275 4215 5144 223 4216 5145 253 4217 5146 251 4218 5147 246 350 5148 249 4219 5149 222 351 5150 228 353 5151 229 4220 5152 258 354 5153 256 356 5154 255 4221 5155 254 357 5156 259 359 5157 261 383 5158 231 360 5159 226 362 5160 224 4222 5161 257 363 5162 259 4223 5163 258 365 5164 261 367 5165 258 365 5166 263 4224 5167 260 366 5168 261 367 5169 260 366 5170 262 4225 5171 264 368 5172 212 4226 5173 213 369 5174 243 371 5175 271 378 5176 214 333 5177 274 372 5178 273 4227 5179 272 373 5180 235 318 5181 234 4228 5182 266 375 5183 243 371 5184 242 3955 5185 270 377 5186 233 4229 5187 263 4230 5188 258 4231 5189 262 382 5190 232 4232 5191 231 360 5192 260 4233 5193 230 399 5194 232 4234 5195 248 387 5196 218 4235 5197 217 388 5198 248 389 5199 246 350 5200 216 352 5201 252 391 5202 221 392 5203 220 349 5204 250 340 5205 219 339 5206 221 392 5207 240 393 5208 238 4236 5209 273 394 5210 224 396 5211 225 4237 5212 256 397 5213 230 399 5214 260 4233 5215 263 400 5216 265 402 5217 213 22 5218 208 21 5219 269 404 5220 215 4238 5221 210 405 5222 272 407 5223 273 4239 5224 238 408 5225 253 4240 5226 249 412 5227 251 411 5228 249 412 5229 246 4241 5230 250 410 5231 251 411 5232 250 410 5233 252 4242 5234 246 4241 5235 248 4243 5236 247 4244 5237 247 4244 5238 250 410 5239 246 4241 5240 227 4245 5241 255 4246 5242 256 4247 5243 253 4248 5244 223 4249 5245 222 4250 5246 353 4251 5247 405 421 5248 281 420 5249 405 421 5250 404 4252 5251 352 419 5252 352 419 5253 407 4253 5254 283 4254 5255 407 4253 5256 406 4255 5257 283 4254 5258 283 4254 5259 281 420 5260 352 419 5261 277 422 5262 280 4256 5263 339 423 5264 344 425 5265 347 4257 5266 313 426 5267 327 428 5268 326 4258 5269 298 429 5270 309 431 5271 308 4259 5272 337 432 5273 280 4256 5274 277 422 5275 309 4260 5276 284 4261 5277 279 473 5278 317 4262 5279 355 4263 5280 409 442 5281 285 441 5282 409 442 5283 408 4264 5284 354 440 5285 354 440 5286 411 4265 5287 287 4266 5288 411 4265 5289 410 4267 5290 287 4266 5291 287 4266 5292 285 441 5293 354 440 5294 319 443 5295 322 497 5296 291 444 5297 340 4268 5298 317 4269 5299 316 4270 5300 313 4271 5301 347 4272 5302 346 4273 5303 295 452 5304 292 494 5305 323 453 5306 294 4274 5307 321 4275 5308 318 4276 5309 300 4277 5310 331 4278 5311 330 4279 5312 328 461 5313 329 4280 5314 326 462 5315 331 464 5316 300 4281 5317 303 465 5318 298 4282 5319 326 4283 5320 329 4284 5321 335 4285 5322 330 470 5323 332 472 5324 330 470 5325 331 4286 5326 333 471 5327 332 472 5328 333 471 5329 334 4287 5330 279 473 5331 284 4261 5332 343 474 5333 346 476 5334 347 4288 5335 344 477 5336 339 423 5337 338 4289 5338 306 479 5339 343 474 5340 342 4290 5341 314 480 5342 330 481 5343 335 4291 5344 305 482 5345 333 466 5346 303 465 5347 304 4292 5348 334 487 5349 304 4293 5350 302 488 5351 319 443 5352 289 445 5353 290 4294 5354 320 493 5355 290 4295 5356 288 457 5357 292 494 5358 293 496 5359 324 495 5360 293 496 5361 291 444 5362 322 497 5363 312 4296 5364 346 4297 5365 345 4298 5366 296 4299 5367 329 4300 5368 328 4301 5369 305 4302 5370 335 4303 5371 332 4304 5372 276 505 5373 282 4305 5374 337 506 5375 316 508 5376 278 851 5377 286 509 5378 344 4306 5379 311 4307 5380 310 4308 5381 318 516 5382 321 4309 5383 322 4310 5384 321 4309 5385 325 4311 5386 323 4312 5387 322 4310 5388 323 4312 5389 324 4313 5390 321 4309 5391 323 4312 5392 322 4310 5393 322 4310 5394 319 514 5395 318 516 5396 328 517 5397 327 4314 5398 299 518 5399 294 520 5400 295 4315 5401 325 521 5402 349 523 5403 375 4316 5404 407 524 5405 381 4317 5406 415 4318 5407 412 4319 5408 366 4320 5409 394 4321 5410 395 4322 5411 405 4323 5412 376 4324 5413 377 4325 5414 377 535 5415 349 523 5416 352 525 5417 385 537 5418 351 570 5419 354 538 5420 387 540 5421 357 588 5422 359 541 5423 408 543 5424 409 4326 5425 384 544 5426 381 546 5427 380 4327 5428 414 547 5429 363 4328 5430 393 4329 5431 391 4330 5432 386 552 5433 389 4331 5434 362 553 5435 368 555 5436 369 4332 5437 398 556 5438 396 558 5439 395 4333 5440 394 559 5441 399 561 5442 401 582 5443 371 562 5444 366 564 5445 364 4334 5446 397 565 5447 399 4335 5448 398 567 5449 401 569 5450 398 567 5451 403 4336 5452 400 568 5453 401 569 5454 400 568 5455 402 4337 5456 351 570 5457 383 4338 5458 411 571 5459 414 572 5460 413 4339 5461 412 573 5462 407 524 5463 375 4316 5464 374 575 5465 411 571 5466 383 4338 5467 382 577 5468 373 4340 5469 403 4341 5470 398 4342 5471 401 582 5472 402 4343 5473 372 583 5474 402 584 5475 400 600 5476 370 585 5477 387 540 5478 388 4344 5479 358 587 5480 388 589 5481 386 552 5482 356 554 5483 392 591 5484 361 592 5485 360 551 5486 390 542 5487 359 541 5488 361 592 5489 380 593 5490 378 4345 5491 413 594 5492 364 596 5493 365 4346 5494 396 597 5495 373 599 5496 370 585 5497 400 600 5498 405 602 5499 353 4347 5500 348 603 5501 384 4348 5502 409 4349 5503 355 4350 5504 412 608 5505 413 4351 5506 378 609 5507 393 4352 5508 389 613 5509 391 612 5510 389 613 5511 386 4353 5512 390 611 5513 391 612 5514 390 611 5515 392 4354 5516 386 4353 5517 388 4355 5518 387 4356 5519 387 4356 5520 390 611 5521 386 4353 5522 367 4357 5523 395 4358 5524 396 4359 5525 393 4360 5526 363 4361 5527 362 4362 5528 420 620 5529 477 4363 5530 445 621 5531 482 623 5532 485 4364 5533 451 624 5534 465 626 5535 464 4365 5536 436 627 5537 474 4366 5538 447 4367 5539 446 4368 5540 474 632 5541 420 620 5542 417 622 5543 478 634 5544 422 675 5545 419 635 5546 62 4369 5547 63 637 5548 6 638 5549 63 637 5550 8 4370 5551 7 18 5552 7 18 5553 9 4025 5554 6 638 5555 9 4025 5556 64 4371 5557 65 4372 5558 65 4372 5559 6 638 5560 9 4025 5561 457 639 5562 460 701 5563 429 640 5564 478 4373 5565 455 4374 5566 454 4375 5567 485 645 5568 484 4376 5569 450 646 5570 433 648 5571 430 698 5572 461 649 5573 432 4377 5574 459 4378 5575 456 4379 5576 438 4380 5577 469 4381 5578 468 4382 5579 2161 657 5580 2093 3180 5581 2086 658 5582 466 660 5583 467 4383 5584 464 661 5585 469 663 5586 438 4384 5587 441 664 5588 436 4385 5589 464 4386 5590 467 4387 5591 473 4388 5592 468 669 5593 470 671 5594 468 669 5595 469 4389 5596 471 670 5597 470 671 5598 471 670 5599 472 4390 5600 1325 674 5601 1324 1982 5602 1256 672 5603 1324 1982 5604 1381 4391 5605 1256 672 5606 1381 4391 5607 1380 4392 5608 1312 4393 5609 1312 4393 5610 1313 4394 5611 1381 4391 5612 1313 4394 5613 1256 672 5614 1381 4391 5615 422 675 5616 481 683 5617 453 676 5618 484 677 5619 485 4395 5620 482 678 5621 477 680 5622 476 3919 5623 444 681 5624 481 683 5625 480 4396 5626 452 684 5627 468 685 5628 473 4397 5629 443 686 5630 471 665 5631 441 664 5632 442 4398 5633 472 691 5634 442 4399 5635 440 692 5636 457 639 5637 427 641 5638 428 4400 5639 458 697 5640 428 4401 5641 426 653 5642 430 698 5643 431 700 5644 462 699 5645 431 700 5646 429 640 5647 460 701 5648 450 4402 5649 484 4403 5650 483 4404 5651 434 4405 5652 467 4406 5653 466 4407 5654 473 708 5655 470 693 5656 440 692 5657 446 710 5658 416 4408 5659 421 711 5660 418 713 5661 424 4409 5662 479 714 5663 482 4410 5664 449 4411 5665 448 4412 5666 456 721 5667 459 4413 5668 460 4414 5669 459 4413 5670 463 4415 5671 461 4416 5672 460 4414 5673 461 4416 5674 462 4417 5675 459 4413 5676 461 4416 5677 460 4414 5678 460 4414 5679 457 719 5680 456 721 5681 466 722 5682 465 4418 5683 437 723 5684 432 725 5685 433 4419 5686 463 726 5687 513 4420 5688 545 781 5689 490 4421 5690 519 4422 5691 553 4423 5692 550 4424 5693 504 4425 5694 532 4426 5695 533 4427 5696 542 737 5697 543 4428 5698 514 738 5699 542 740 5700 515 4429 5701 487 730 5702 546 741 5703 523 4430 5704 489 742 5705 478 4431 5706 479 744 5707 422 746 5708 479 744 5709 424 4432 5710 423 745 5711 423 745 5712 425 4433 5713 422 746 5714 425 4433 5715 480 4434 5716 481 4435 5717 481 4435 5718 422 746 5719 425 4433 5720 525 747 5721 495 796 5722 497 748 5723 546 750 5724 547 4436 5725 522 751 5726 518 4437 5727 552 4438 5728 553 4439 5729 501 4440 5730 531 4441 5731 529 4442 5732 524 759 5733 527 4443 5734 500 760 5735 506 762 5736 507 4444 5737 536 763 5738 534 765 5739 533 4445 5740 532 766 5741 537 768 5742 539 790 5743 509 769 5744 504 771 5745 502 4446 5746 535 772 5747 537 4447 5748 536 774 5749 539 776 5750 536 774 5751 541 4448 5752 538 775 5753 539 776 5754 538 775 5755 540 4449 5756 521 777 5757 549 784 5758 492 743 5759 552 778 5760 551 4450 5761 550 779 5762 545 781 5763 513 4420 5764 512 782 5765 549 784 5766 521 777 5767 520 785 5768 511 4451 5769 541 4452 5770 536 4453 5771 539 790 5772 540 4454 5773 510 791 5774 540 792 5775 538 4455 5776 508 793 5777 525 747 5778 526 4456 5779 496 795 5780 526 797 5781 524 759 5782 494 761 5783 530 799 5784 499 800 5785 498 758 5786 528 749 5787 497 748 5788 499 800 5789 518 801 5790 516 4457 5791 551 802 5792 502 804 5793 503 4458 5794 534 805 5795 508 793 5796 538 4455 5797 541 807 5798 514 4459 5799 543 4460 5800 491 4461 5801 547 812 5802 493 4462 5803 488 813 5804 550 815 5805 551 4463 5806 516 816 5807 531 4464 5808 527 820 5809 529 819 5810 527 820 5811 524 4465 5812 528 818 5813 529 819 5814 528 818 5815 530 4466 5816 524 4465 5817 526 4467 5818 525 4468 5819 525 4468 5820 528 818 5821 524 4465 5822 505 4469 5823 533 4470 5824 534 4471 5825 531 4472 5826 501 4473 5827 500 4474 5828 629 4475 5829 681 829 5830 559 828 5831 681 829 5832 680 4476 5833 628 827 5834 628 827 5835 683 4477 5836 561 4478 5837 683 4477 5838 682 4479 5839 561 4478 5840 561 4478 5841 559 828 5842 628 827 5843 558 830 5844 615 887 5845 583 831 5846 620 833 5847 623 4480 5848 589 834 5849 603 836 5850 602 4481 5851 574 837 5852 612 4482 5853 585 4483 5854 584 4484 5855 612 842 5856 558 830 5857 555 832 5858 616 844 5859 562 882 5860 557 845 5861 617 847 5862 563 3987 5863 562 848 5864 350 607 5865 355 606 5866 285 850 5867 285 850 5868 286 509 5869 278 851 5870 595 852 5871 598 903 5872 567 853 5873 616 4485 5874 593 4486 5875 592 4487 5876 623 858 5877 622 4488 5878 588 859 5879 571 861 5880 568 900 5881 599 862 5882 570 4489 5883 597 4490 5884 594 4491 5885 576 4492 5886 607 4493 5887 606 4494 5888 604 870 5889 605 4495 5890 602 871 5891 607 873 5892 576 4496 5893 579 874 5894 574 4497 5895 602 4498 5896 605 4499 5897 611 4500 5898 606 879 5899 608 881 5900 606 879 5901 607 4501 5902 609 880 5903 608 881 5904 609 880 5905 610 4502 5906 562 882 5907 619 890 5908 591 883 5909 622 884 5910 623 4503 5911 620 885 5912 615 887 5913 614 4504 5914 582 888 5915 618 889 5916 590 1899 5917 591 883 5918 606 891 5919 611 4505 5920 581 892 5921 579 874 5922 580 4506 5923 610 894 5924 580 895 5925 578 911 5926 608 896 5927 565 854 5928 566 4507 5929 596 898 5930 596 899 5931 566 4508 5932 564 866 5933 568 900 5934 569 902 5935 600 901 5936 569 902 5937 567 853 5938 598 903 5939 588 4509 5940 622 4510 5941 621 4511 5942 572 4512 5943 605 4513 5944 604 4514 5945 611 910 5946 608 896 5947 578 911 5948 554 913 5949 560 4515 5950 613 914 5951 556 916 5952 563 3929 5953 617 917 5954 620 4516 5955 587 4517 5956 586 4518 5957 594 924 5958 597 4519 5959 598 4520 5960 597 4519 5961 601 4521 5962 599 4522 5963 598 4520 5964 599 4522 5965 600 4523 5966 597 4519 5967 599 4522 5968 598 4520 5969 598 4520 5970 595 922 5971 594 924 5972 604 925 5973 603 4524 5974 575 926 5975 570 928 5976 571 4525 5977 601 929 5978 1864 4526 5979 1865 931 5980 1808 933 5981 1865 931 5982 1810 4527 5983 1809 932 5984 1809 932 5985 1811 4528 5986 1808 933 5987 1811 4528 5988 1866 4529 5989 1867 4530 5990 1867 4530 5991 1808 933 5992 1811 4528 5993 651 934 5994 683 987 5995 628 935 5996 657 4531 5997 691 4532 5998 688 4533 5999 642 4534 6000 670 4535 6001 671 4536 6002 680 943 6003 681 4537 6004 652 944 6005 680 946 6006 653 4538 6007 625 936 6008 684 947 6009 661 4539 6010 627 948 6011 685 950 6012 684 4540 6013 630 951 6014 663 953 6015 633 1001 6016 635 954 6017 684 956 6018 685 4541 6019 660 957 6020 656 4542 6021 690 4543 6022 691 4544 6023 639 4545 6024 669 4546 6025 667 4547 6026 662 965 6027 665 4548 6028 638 966 6029 644 968 6030 645 4549 6031 674 969 6032 672 971 6033 671 4550 6034 670 972 6035 675 974 6036 677 996 6037 647 975 6038 642 977 6039 640 4551 6040 673 978 6041 675 4552 6042 674 980 6043 677 982 6044 674 980 6045 679 4553 6046 676 981 6047 677 982 6048 676 981 6049 678 4554 6050 659 983 6051 687 991 6052 630 949 6053 690 984 6054 689 4555 6055 688 985 6056 683 987 6057 651 934 6058 650 988 6059 659 983 6060 658 1898 6061 686 990 6062 649 4556 6063 679 4557 6064 674 4558 6065 678 995 6066 648 4559 6067 647 975 6068 676 4560 6069 646 1012 6070 648 4561 6071 664 1000 6072 634 4562 6073 633 1001 6074 664 1002 6075 662 965 6076 632 967 6077 668 1004 6078 637 1005 6079 636 964 6080 666 955 6081 635 954 6082 637 1005 6083 656 1006 6084 654 4563 6085 689 1007 6086 640 1009 6087 641 4564 6088 672 1010 6089 646 1012 6090 676 4560 6091 679 1013 6092 681 1015 6093 629 4565 6094 624 1016 6095 685 1018 6096 631 3930 6097 626 1019 6098 688 1021 6099 689 4566 6100 654 1022 6101 669 4567 6102 665 1026 6103 667 1025 6104 665 1026 6105 662 4568 6106 666 1024 6107 667 1025 6108 666 1024 6109 668 4569 6110 662 4568 6111 664 4570 6112 663 4571 6113 663 4571 6114 666 1024 6115 662 4568 6116 643 4572 6117 671 4573 6118 672 4574 6119 669 4575 6120 639 4576 6121 638 4577 6122 755 1035 6123 696 4578 6124 699 1033 6125 696 4578 6126 698 1087 6127 697 1141 6128 699 1033 6129 696 4578 6130 697 1141 6131 693 1036 6132 696 4579 6133 755 1037 6134 760 1039 6135 763 4580 6136 729 1040 6137 743 1042 6138 742 4581 6139 714 1043 6140 725 1045 6141 724 4582 6142 753 1046 6143 752 1048 6144 696 4579 6145 693 1036 6146 700 4583 6147 695 1090 6148 733 4584 6149 771 4585 6150 825 1055 6151 701 1054 6152 825 1055 6153 824 4586 6154 770 1053 6155 770 1053 6156 827 4587 6157 703 4588 6158 827 4587 6159 826 4589 6160 703 4588 6161 703 4588 6162 701 1054 6163 770 1053 6164 210 405 6165 215 4238 6166 145 1056 6167 145 1056 6168 146 4187 6169 140 303 6170 735 1057 6171 738 1114 6172 707 1058 6173 733 1060 6174 732 4590 6175 757 1061 6176 729 4591 6177 763 4592 6178 762 4593 6179 711 1066 6180 708 1111 6181 739 1067 6182 710 4594 6183 737 4595 6184 734 4596 6185 716 4597 6186 747 4598 6187 746 4599 6188 744 1075 6189 745 4600 6190 742 1076 6191 747 1078 6192 716 4601 6193 719 1079 6194 714 4602 6195 742 4603 6196 745 4604 6197 751 4605 6198 746 1084 6199 748 1086 6200 746 1084 6201 747 4606 6202 749 1085 6203 748 1086 6204 749 1085 6205 750 4607 6206 698 1087 6207 696 4578 6208 752 1088 6209 695 1090 6210 700 4583 6211 759 1091 6212 762 4608 6213 763 4609 6214 760 4610 6215 754 1096 6216 722 3964 6217 723 1038 6218 759 1091 6219 758 4611 6220 730 1097 6221 746 1098 6222 751 4612 6223 721 1099 6224 749 1080 6225 719 1079 6226 720 4613 6227 720 1104 6228 718 1122 6229 748 1105 6230 735 1057 6231 705 1059 6232 706 4614 6233 736 1110 6234 706 4615 6235 704 1071 6236 708 1111 6237 709 1113 6238 740 1112 6239 709 1113 6240 707 1058 6241 738 1114 6242 728 4616 6243 762 4617 6244 761 4618 6245 712 4619 6246 745 4620 6247 744 4621 6248 721 4622 6249 751 4623 6250 748 4624 6251 692 1123 6252 698 4625 6253 753 1124 6254 694 1126 6255 702 4626 6256 757 1127 6257 760 4627 6258 727 4628 6259 726 4629 6260 734 1134 6261 737 4630 6262 738 4631 6263 737 4630 6264 741 4632 6265 739 4633 6266 738 4631 6267 739 4633 6268 740 4634 6269 737 4630 6270 739 4633 6271 738 4631 6272 738 4631 6273 735 1132 6274 734 1134 6275 744 1135 6276 743 4635 6277 715 1136 6278 710 1138 6279 711 4636 6280 741 1139 6281 769 1190 6282 768 1142 6283 697 1141 6284 768 1142 6285 823 4637 6286 699 1033 6287 823 4637 6288 822 4638 6289 699 1033 6290 765 1143 6291 791 1197 6292 823 1144 6293 797 4639 6294 831 4640 6295 828 4641 6296 782 4642 6297 810 4643 6298 811 4644 6299 821 4645 6300 792 4646 6301 793 4647 6302 820 1155 6303 793 4648 6304 765 1143 6305 801 1156 6306 767 1192 6307 770 1157 6308 803 1159 6309 773 1210 6310 775 1160 6311 825 4649 6312 800 4650 6313 801 4651 6314 797 1165 6315 796 4652 6316 830 1166 6317 779 4653 6318 809 4654 6319 807 4655 6320 802 1171 6321 805 4656 6322 778 1172 6323 784 1174 6324 785 4657 6325 814 1175 6326 812 1177 6327 811 4658 6328 810 1178 6329 815 1180 6330 817 1204 6331 787 1181 6332 782 1183 6333 780 4659 6334 813 1184 6335 815 4660 6336 814 1186 6337 817 1188 6338 814 1186 6339 819 4661 6340 816 1187 6341 817 1188 6342 816 1187 6343 818 4662 6344 820 1189 6345 768 1142 6346 769 1190 6347 767 1192 6348 799 4663 6349 827 1193 6350 830 4664 6351 829 4665 6352 828 4666 6353 791 1197 6354 790 3966 6355 822 1198 6356 827 1193 6357 799 4663 6358 798 1199 6359 789 4667 6360 819 4668 6361 814 4669 6362 817 1204 6363 818 4670 6364 788 1205 6365 816 1222 6366 786 4671 6367 788 4672 6368 803 1159 6369 804 4673 6370 774 1209 6371 804 1211 6372 802 1171 6373 772 1173 6374 808 1213 6375 777 1214 6376 776 1170 6377 806 1161 6378 775 1160 6379 777 1214 6380 796 1215 6381 794 4674 6382 829 1216 6383 780 1218 6384 781 4675 6385 812 1219 6386 789 1221 6387 786 4671 6388 816 1222 6389 821 1224 6390 769 4676 6391 764 1225 6392 825 1227 6393 771 4677 6394 766 1228 6395 828 1230 6396 829 4678 6397 794 1231 6398 809 4679 6399 805 1235 6400 807 1234 6401 805 1235 6402 802 4680 6403 806 1233 6404 807 1234 6405 806 1233 6406 808 4681 6407 802 4680 6408 804 4682 6409 803 4683 6410 803 4683 6411 806 1233 6412 802 4680 6413 783 4684 6414 811 4685 6415 812 4686 6416 809 4687 6417 779 4688 6418 778 4689 6419 1450 4690 6420 1451 1242 6421 1394 1244 6422 1451 1242 6423 1396 4691 6424 1395 1243 6425 1395 1243 6426 1397 4692 6427 1394 1244 6428 1397 4692 6429 1452 4693 6430 1453 4694 6431 1453 4694 6432 1394 1244 6433 1397 4692 6434 836 1245 6435 893 1301 6436 861 1246 6437 898 1248 6438 901 4695 6439 867 1249 6440 881 1251 6441 880 4696 6442 852 1252 6443 890 4697 6444 863 4698 6445 862 4699 6446 890 1257 6447 836 1245 6448 833 1247 6449 894 1259 6450 838 1296 6451 835 1260 6452 909 4700 6453 963 1263 6454 839 211 6455 963 1263 6456 962 4701 6457 908 1262 6458 908 1262 6459 965 4702 6460 841 4151 6461 965 4702 6462 964 4703 6463 841 4151 6464 841 4151 6465 839 211 6466 908 1262 6467 873 1264 6468 876 1321 6469 845 1265 6470 894 4704 6471 871 4705 6472 870 4706 6473 901 1270 6474 900 4707 6475 866 1271 6476 849 1273 6477 846 1318 6478 877 1274 6479 848 4708 6480 875 4709 6481 872 4710 6482 854 4711 6483 885 4712 6484 884 4713 6485 882 1282 6486 883 4714 6487 880 1283 6488 885 1285 6489 854 4715 6490 857 1286 6491 852 4716 6492 880 4717 6493 883 4718 6494 889 4719 6495 884 1291 6496 886 1293 6497 884 1291 6498 885 4720 6499 887 1292 6500 886 1293 6501 887 1292 6502 888 4721 6503 336 4722 6504 337 1294 6505 280 1295 6506 337 1294 6507 282 4723 6508 281 420 6509 281 420 6510 283 4254 6511 280 1295 6512 283 4254 6513 338 4724 6514 339 4725 6515 339 4725 6516 280 1295 6517 283 4254 6518 838 1296 6519 897 1303 6520 869 1297 6521 900 1298 6522 901 4726 6523 898 1299 6524 893 1301 6525 892 3947 6526 860 1302 6527 897 1303 6528 896 4727 6529 868 1304 6530 884 1305 6531 889 4728 6532 859 1306 6533 887 1287 6534 857 1286 6535 858 4729 6536 888 1311 6537 858 4730 6538 856 1312 6539 873 1264 6540 843 1266 6541 844 4731 6542 874 1317 6543 844 4732 6544 842 1278 6545 846 1318 6546 847 1320 6547 878 1319 6548 847 1320 6549 845 1265 6550 876 1321 6551 866 4733 6552 900 4734 6553 899 4735 6554 850 4736 6555 883 4737 6556 882 4738 6557 889 1328 6558 886 1313 6559 856 1312 6560 862 1330 6561 832 4739 6562 837 1331 6563 834 1333 6564 840 4740 6565 895 1334 6566 898 4741 6567 865 4742 6568 864 4743 6569 872 1341 6570 875 4744 6571 876 4745 6572 875 4744 6573 879 4746 6574 877 4747 6575 876 4745 6576 877 4747 6577 878 4748 6578 875 4744 6579 877 4747 6580 876 4745 6581 876 4745 6582 873 1339 6583 872 1341 6584 882 1342 6585 881 4749 6586 853 1343 6587 848 1345 6588 849 4750 6589 879 1346 6590 929 1348 6591 961 1398 6592 906 1349 6593 935 4751 6594 969 4752 6595 966 4753 6596 920 4754 6597 948 4755 6598 949 4756 6599 958 1357 6600 959 4757 6601 930 1358 6602 958 1360 6603 931 4758 6604 903 1350 6605 962 1361 6606 939 4759 6607 905 1362 6608 941 1364 6609 911 1413 6610 913 1365 6611 962 1367 6612 963 4760 6613 938 1368 6614 934 4761 6615 968 4762 6616 969 4763 6617 917 4764 6618 947 4765 6619 945 4766 6620 940 1376 6621 943 4767 6622 916 1377 6623 922 1379 6624 923 4768 6625 952 1380 6626 950 1382 6627 949 4769 6628 948 1383 6629 953 1385 6630 955 1407 6631 925 1386 6632 920 1388 6633 918 4770 6634 951 1389 6635 953 4771 6636 952 1391 6637 955 1393 6638 952 1391 6639 957 4772 6640 954 1392 6641 955 1393 6642 954 1392 6643 956 4773 6644 937 1394 6645 965 1401 6646 908 1363 6647 968 1395 6648 967 4774 6649 966 1396 6650 961 1398 6651 929 1348 6652 928 1399 6653 965 1401 6654 937 1394 6655 936 1402 6656 927 4775 6657 957 4776 6658 952 4777 6659 955 1407 6660 956 4778 6661 926 1408 6662 956 1409 6663 954 4779 6664 924 1410 6665 941 1364 6666 942 4780 6667 912 1412 6668 942 1414 6669 940 1376 6670 910 1378 6671 946 1416 6672 915 1417 6673 914 1375 6674 944 1366 6675 913 1365 6676 915 1417 6677 934 1418 6678 932 4781 6679 967 1419 6680 918 1421 6681 919 4782 6682 950 1422 6683 924 1410 6684 954 4779 6685 957 1424 6686 930 4783 6687 959 4784 6688 907 4785 6689 963 1429 6690 909 4786 6691 904 1430 6692 966 1432 6693 967 4787 6694 932 1433 6695 947 4788 6696 943 1437 6697 945 1436 6698 943 1437 6699 940 4789 6700 944 1435 6701 945 1436 6702 944 1435 6703 946 4790 6704 940 4789 6705 942 4791 6706 941 4792 6707 941 4792 6708 944 1435 6709 940 4789 6710 921 4793 6711 949 4794 6712 950 4795 6713 947 4796 6714 917 4797 6715 916 4798 6716 2280 4799 6717 2281 1444 6718 2226 1446 6719 2281 1444 6720 2227 4800 6721 2349 1445 6722 2227 4800 6723 2297 4801 6724 2349 1445 6725 2349 1445 6726 2348 4802 6727 2296 4803 6728 2296 4803 6729 2351 4804 6730 2283 4805 6731 2351 4804 6732 2350 4806 6733 2283 4805 6734 2350 4806 6735 2282 4807 6736 2283 4805 6737 2283 4805 6738 2226 1446 6739 2296 4803 6740 2296 4803 6741 2226 1446 6742 2349 1445 6743 974 1447 6744 1031 1502 6745 999 1448 6746 1036 1450 6747 1039 4808 6748 1005 1451 6749 1019 1453 6750 1018 4809 6751 990 1454 6752 1028 4810 6753 1001 4811 6754 1000 4812 6755 1028 1459 6756 974 1447 6757 971 1449 6758 1032 1461 6759 978 1497 6760 973 1462 6761 1033 1464 6762 979 4008 6763 978 1465 6764 1011 1467 6765 1014 1518 6766 983 1468 6767 1032 4813 6768 1009 4814 6769 1008 4815 6770 1039 1473 6771 1038 4816 6772 1004 1474 6773 987 1476 6774 984 1515 6775 1015 1477 6776 986 4817 6777 1013 4818 6778 1010 4819 6779 992 4820 6780 1023 4821 6781 1022 4822 6782 1020 1485 6783 1021 4823 6784 1018 1486 6785 1023 1488 6786 992 4824 6787 995 1489 6788 990 4825 6789 1018 4826 6790 1021 4827 6791 1027 4828 6792 1022 1494 6793 1024 1496 6794 1022 1494 6795 1023 4829 6796 1025 1495 6797 1024 1496 6798 1025 1495 6799 1026 4830 6800 978 1497 6801 1035 1505 6802 1007 1498 6803 1038 1499 6804 1039 4831 6805 1036 1500 6806 1031 1502 6807 1030 4832 6808 998 1503 6809 1034 1504 6810 1006 3967 6811 1007 1498 6812 1022 1506 6813 1027 4833 6814 997 1507 6815 995 1489 6816 996 4834 6817 1026 1509 6818 996 1510 6819 994 1526 6820 1024 1511 6821 981 1469 6822 982 4835 6823 1012 1513 6824 1012 1514 6825 982 4836 6826 980 1481 6827 984 1515 6828 985 1517 6829 1016 1516 6830 985 1517 6831 983 1468 6832 1014 1518 6833 1004 4837 6834 1038 4838 6835 1037 4839 6836 988 4840 6837 1021 4841 6838 1020 4842 6839 1027 1525 6840 1024 1511 6841 994 1526 6842 970 1528 6843 976 4843 6844 1029 1529 6845 972 1531 6846 979 3917 6847 1033 1532 6848 1036 4844 6849 1003 4845 6850 1002 4846 6851 1010 1539 6852 1013 4847 6853 1014 4848 6854 1013 4847 6855 1017 4849 6856 1015 4850 6857 1014 4848 6858 1015 4850 6859 1016 4851 6860 1013 4847 6861 1015 4850 6862 1014 4848 6863 1014 4848 6864 1011 1537 6865 1010 1539 6866 1020 1540 6867 1019 4852 6868 991 1541 6869 986 1543 6870 987 4853 6871 1017 1544 6872 1028 4854 6873 1029 1546 6874 974 1548 6875 1029 1546 6876 976 4855 6877 975 1547 6878 975 1547 6879 977 4856 6880 974 1548 6881 977 4856 6882 1030 4857 6883 1031 4858 6884 1031 4858 6885 974 1548 6886 977 4856 6887 1067 1549 6888 1099 1602 6889 1044 1550 6890 1073 4859 6891 1107 4860 6892 1104 4861 6893 1058 4862 6894 1086 4863 6895 1087 4864 6896 1096 1558 6897 1097 4865 6898 1068 1559 6899 1096 1561 6900 1069 4866 6901 1041 1551 6902 1100 1562 6903 1077 4867 6904 1043 1563 6905 1101 1565 6906 1100 4868 6907 1046 1566 6908 1079 1568 6909 1049 1616 6910 1051 1569 6911 1100 1571 6912 1101 4869 6913 1076 1572 6914 1072 4870 6915 1106 4871 6916 1107 4872 6917 1055 4873 6918 1085 4874 6919 1083 4875 6920 1078 1580 6921 1081 4876 6922 1054 1581 6923 1060 1583 6924 1061 4877 6925 1090 1584 6926 1088 1586 6927 1087 4878 6928 1086 1587 6929 1091 1589 6930 1093 1611 6931 1063 1590 6932 1058 1592 6933 1056 4879 6934 1089 1593 6935 1091 4880 6936 1090 1595 6937 1093 1597 6938 1090 1595 6939 1095 4881 6940 1092 1596 6941 1093 1597 6942 1092 1596 6943 1094 4882 6944 1075 1598 6945 1103 1606 6946 1046 1564 6947 1106 1599 6948 1105 4883 6949 1104 1600 6950 1099 1602 6951 1067 1549 6952 1066 1603 6953 1075 1598 6954 1074 4884 6955 1102 1605 6956 1065 4885 6957 1095 4886 6958 1090 4887 6959 1094 1610 6960 1064 4888 6961 1063 1590 6962 1092 4889 6963 1062 1627 6964 1064 4890 6965 1080 1615 6966 1050 4891 6967 1049 1616 6968 1080 1617 6969 1078 1580 6970 1048 1582 6971 1084 1619 6972 1053 1620 6973 1052 1579 6974 1082 1570 6975 1051 1569 6976 1053 1620 6977 1072 1621 6978 1070 4892 6979 1105 1622 6980 1056 1624 6981 1057 4893 6982 1088 1625 6983 1062 1627 6984 1092 4889 6985 1095 1628 6986 1097 1630 6987 1045 4894 6988 1040 1631 6989 1101 1633 6990 1047 3918 6991 1042 1634 6992 1104 1636 6993 1105 4895 6994 1070 1637 6995 1085 4896 6996 1081 1641 6997 1083 1640 6998 1081 1641 6999 1078 4897 7000 1082 1639 7001 1083 1640 7002 1082 1639 7003 1084 4898 7004 1078 4897 7005 1080 4899 7006 1079 4900 7007 1079 4900 7008 1082 1639 7009 1078 4897 7010 1059 4901 7011 1087 4902 7012 1088 4903 7013 1085 4904 7014 1055 4905 7015 1054 4906 7016 1171 1650 7017 1112 4907 7018 1115 1648 7019 1112 4907 7020 1114 1701 7021 1113 1754 7022 1115 1648 7023 1112 4907 7024 1113 1754 7025 1109 1651 7026 1112 4908 7027 1171 1652 7028 1176 1654 7029 1179 4909 7030 1145 1655 7031 1159 1657 7032 1158 4910 7033 1130 1658 7034 1141 1660 7035 1140 4911 7036 1169 1661 7037 1168 1663 7038 1112 4908 7039 1109 1651 7040 1116 4912 7041 1111 1704 7042 1149 4913 7043 1187 4914 7044 1241 1670 7045 1117 1669 7046 1241 1670 7047 1240 4915 7048 1186 1668 7049 1186 1668 7050 1243 4916 7051 1119 4917 7052 1243 4916 7053 1242 4918 7054 1119 4917 7055 1119 4917 7056 1117 1669 7057 1186 1668 7058 1151 1671 7059 1154 1726 7060 1123 1672 7061 1149 1674 7062 1148 4919 7063 1173 1675 7064 1145 4920 7065 1179 4921 7066 1178 4922 7067 1127 1680 7068 1124 1723 7069 1155 1681 7070 1126 4923 7071 1153 4924 7072 1150 4925 7073 1132 4926 7074 1163 4927 7075 1162 4928 7076 1160 1689 7077 1161 4929 7078 1158 1690 7079 1163 1692 7080 1132 4930 7081 1135 1693 7082 1130 4931 7083 1158 4932 7084 1161 4933 7085 1167 4934 7086 1162 1698 7087 1164 1700 7088 1162 1698 7089 1163 4935 7090 1165 1699 7091 1164 1700 7092 1165 1699 7093 1166 4936 7094 1114 1701 7095 1112 4907 7096 1168 1702 7097 1111 1704 7098 1116 4912 7099 1175 1705 7100 1178 1707 7101 1179 4937 7102 1176 1708 7103 1170 1710 7104 1138 3970 7105 1139 1653 7106 1175 1705 7107 1174 4938 7108 1146 1711 7109 1162 1712 7110 1167 4939 7111 1137 1713 7112 1135 1693 7113 1136 4940 7114 1166 1715 7115 1136 1716 7116 1134 1734 7117 1164 1717 7118 1151 1671 7119 1121 1673 7120 1122 4941 7121 1152 1722 7122 1122 4942 7123 1120 1685 7124 1124 1723 7125 1125 1725 7126 1156 1724 7127 1125 1725 7128 1123 1672 7129 1154 1726 7130 1144 4943 7131 1178 4944 7132 1177 4945 7133 1128 4946 7134 1161 4947 7135 1160 4948 7136 1167 1733 7137 1164 1717 7138 1134 1734 7139 1108 1736 7140 1114 4949 7141 1169 1737 7142 1110 1739 7143 1118 4950 7144 1173 1740 7145 1176 4951 7146 1143 4952 7147 1142 4953 7148 1150 1747 7149 1153 4954 7150 1154 4955 7151 1153 4954 7152 1157 4956 7153 1155 4957 7154 1154 4955 7155 1155 4957 7156 1156 4958 7157 1153 4954 7158 1155 4957 7159 1154 4955 7160 1154 4955 7161 1151 1745 7162 1150 1747 7163 1160 1748 7164 1159 4959 7165 1131 1749 7166 1126 1751 7167 1127 4960 7168 1157 1752 7169 1185 1803 7170 1184 1755 7171 1113 1754 7172 1184 1755 7173 1239 4961 7174 1115 1648 7175 1239 4961 7176 1238 4962 7177 1115 1648 7178 1181 1756 7179 1207 1810 7180 1239 1757 7181 1213 4963 7182 1247 4964 7183 1244 4965 7184 1198 4966 7185 1226 4967 7186 1227 4968 7187 1237 4969 7188 1208 4970 7189 1209 4971 7190 1236 1768 7191 1209 4972 7192 1181 1756 7193 1217 1769 7194 1183 1805 7195 1186 1770 7196 1219 1772 7197 1189 1823 7198 1191 1773 7199 1241 4973 7200 1216 4974 7201 1217 4975 7202 1213 1778 7203 1212 4976 7204 1246 1779 7205 1195 4977 7206 1225 4978 7207 1223 4979 7208 1218 1784 7209 1221 4980 7210 1194 1785 7211 1200 1787 7212 1201 4981 7213 1230 1788 7214 1228 1790 7215 1227 4982 7216 1226 1791 7217 1231 1793 7218 1233 1818 7219 1203 1794 7220 1198 1796 7221 1196 4983 7222 1229 1797 7223 1231 4984 7224 1230 1799 7225 1233 1801 7226 1230 1799 7227 1235 4985 7228 1232 1800 7229 1233 1801 7230 1232 1800 7231 1234 4986 7232 1236 1802 7233 1184 1755 7234 1185 1803 7235 1183 1805 7236 1215 4987 7237 1243 1806 7238 1246 1807 7239 1245 4988 7240 1244 1808 7241 1207 1810 7242 1206 3972 7243 1238 1811 7244 1243 1806 7245 1215 4987 7246 1214 1812 7247 1205 4989 7248 1235 4990 7249 1230 4991 7250 1234 1817 7251 1204 4992 7252 1203 1794 7253 1232 4993 7254 1202 1834 7255 1204 4994 7256 1219 1772 7257 1220 4995 7258 1190 1822 7259 1220 1824 7260 1218 1784 7261 1188 1786 7262 1224 1826 7263 1193 1827 7264 1192 1783 7265 1222 1774 7266 1191 1773 7267 1193 1827 7268 1212 1828 7269 1210 4996 7270 1245 1829 7271 1196 1831 7272 1197 4997 7273 1228 1832 7274 1202 1834 7275 1232 4993 7276 1235 1835 7277 1237 1837 7278 1185 4998 7279 1180 1838 7280 1241 1840 7281 1187 4999 7282 1182 1841 7283 1244 1843 7284 1245 5000 7285 1210 1844 7286 1225 5001 7287 1221 1848 7288 1223 1847 7289 1221 1848 7290 1218 5002 7291 1222 1846 7292 1223 1847 7293 1222 1846 7294 1224 5003 7295 1218 5002 7296 1220 5004 7297 1219 5005 7298 1219 5005 7299 1222 1846 7300 1218 5002 7301 1199 5006 7302 1227 5007 7303 1228 5008 7304 1225 5009 7305 1195 5010 7306 1194 5011 7307 1323 5012 7308 1375 1857 7309 1253 1856 7310 1375 1857 7311 1374 5013 7312 1322 1855 7313 1322 1855 7314 1377 5014 7315 1255 5015 7316 1377 5014 7317 1376 5016 7318 1255 5015 7319 1255 5015 7320 1253 1856 7321 1322 1855 7322 1252 1858 7323 1309 1917 7324 1277 1859 7325 1314 1861 7326 1317 5017 7327 1283 1862 7328 1297 1864 7329 1296 5018 7330 1268 1865 7331 1306 5019 7332 1279 5020 7333 1278 5021 7334 1252 1858 7335 1249 1860 7336 1279 5022 7337 1310 1873 7338 1256 1912 7339 1251 1874 7340 1306 5023 7341 1307 1876 7342 1252 1877 7343 1307 1876 7344 1254 5024 7345 1253 1856 7346 1253 1856 7347 1255 5015 7348 1252 1877 7349 1255 5015 7350 1308 5025 7351 1309 5026 7352 1309 5026 7353 1252 1877 7354 1255 5015 7355 1311 1878 7356 1257 673 7357 1256 672 7358 1289 1880 7359 1292 1937 7360 1261 1881 7361 1310 5027 7362 1287 5028 7363 1286 5029 7364 1317 1886 7365 1316 5030 7366 1282 1887 7367 1265 1889 7368 1262 1934 7369 1293 1890 7370 1264 5031 7371 1291 5032 7372 1288 5033 7373 1270 5034 7374 1301 5035 7375 1300 5036 7376 618 889 7377 686 990 7378 658 1898 7379 1298 1900 7380 1299 5037 7381 1296 1901 7382 1301 1903 7383 1270 5038 7384 1273 1904 7385 1268 5039 7386 1296 5040 7387 1299 5041 7388 1305 5042 7389 1300 1909 7390 1302 1911 7391 1300 1909 7392 1301 5043 7393 1303 1910 7394 1302 1911 7395 1303 1910 7396 1304 5044 7397 1256 1912 7398 1313 1919 7399 1285 1913 7400 1316 1914 7401 1317 5045 7402 1314 1915 7403 1309 1917 7404 1308 5046 7405 1276 1918 7406 1313 1919 7407 1312 3709 7408 1284 1920 7409 1300 1921 7410 1305 5047 7411 1275 1922 7412 1303 1905 7413 1273 1904 7414 1274 5048 7415 1304 1927 7416 1274 5049 7417 1272 1928 7418 1289 1880 7419 1259 1882 7420 1260 5050 7421 1290 1933 7422 1260 5051 7423 1258 1894 7424 1262 1934 7425 1263 1936 7426 1294 1935 7427 1263 1936 7428 1261 1881 7429 1292 1937 7430 1282 5052 7431 1316 5053 7432 1315 5054 7433 1266 5055 7434 1299 5056 7435 1298 5057 7436 1305 1944 7437 1302 1929 7438 1272 1928 7439 1278 1946 7440 1248 3937 7441 1254 1947 7442 1286 1949 7443 1250 5058 7444 1257 1950 7445 1314 5059 7446 1281 5060 7447 1280 5061 7448 1288 1957 7449 1291 5062 7450 1292 5063 7451 1291 5062 7452 1295 5064 7453 1293 5065 7454 1292 5063 7455 1293 5065 7456 1294 5066 7457 1291 5062 7458 1293 5065 7459 1292 5063 7460 1292 5063 7461 1289 1955 7462 1288 1957 7463 1298 1958 7464 1297 5067 7465 1269 1959 7466 1264 1961 7467 1265 5068 7468 1295 1962 7469 1345 1964 7470 1377 2017 7471 1322 1965 7472 1351 5069 7473 1385 5070 7474 1382 5071 7475 1336 5072 7476 1364 5073 7477 1365 5074 7478 1374 1973 7479 1375 5075 7480 1346 1974 7481 1347 1976 7482 1319 1966 7483 1322 1965 7484 1378 1978 7485 1355 5076 7486 1321 1979 7487 1379 1981 7488 1378 5077 7489 1324 1982 7490 1357 1983 7491 1327 2032 7492 1329 1984 7493 1378 1986 7494 1379 5078 7495 1354 1987 7496 1350 5079 7497 1384 5080 7498 1385 5081 7499 1333 5082 7500 1363 5083 7501 1361 5084 7502 1356 1995 7503 1359 5085 7504 1332 1996 7505 1338 1998 7506 1339 5086 7507 1368 1999 7508 1366 2001 7509 1365 5087 7510 1364 2002 7511 1369 2004 7512 1371 2026 7513 1341 2005 7514 1336 2007 7515 1334 5088 7516 1367 2008 7517 1369 5089 7518 1368 2010 7519 1371 2012 7520 1368 2010 7521 1373 5090 7522 1370 2011 7523 1371 2012 7524 1370 2011 7525 1372 5091 7526 1353 2013 7527 1381 2020 7528 1324 1980 7529 1384 2014 7530 1383 5092 7531 1382 2015 7532 1377 2017 7533 1345 1964 7534 1344 2018 7535 1381 2020 7536 1353 2013 7537 1352 2021 7538 1343 5093 7539 1373 5094 7540 1368 5095 7541 1371 2026 7542 1372 5096 7543 1342 2027 7544 1372 2028 7545 1370 5097 7546 1340 2029 7547 1357 1983 7548 1358 5098 7549 1328 2031 7550 1358 2033 7551 1356 1995 7552 1326 1997 7553 1362 2035 7554 1331 2036 7555 1330 1994 7556 1360 1985 7557 1329 1984 7558 1331 2036 7559 1350 2037 7560 1348 5099 7561 1383 2038 7562 1334 2040 7563 1335 5100 7564 1366 2041 7565 1340 2029 7566 1370 5097 7567 1373 2043 7568 1346 5101 7569 1375 5102 7570 1323 5103 7571 1354 5104 7572 1379 5105 7573 1325 5106 7574 1382 2051 7575 1383 5107 7576 1348 2052 7577 1363 5108 7578 1359 2056 7579 1361 2055 7580 1359 2056 7581 1356 5109 7582 1360 2054 7583 1361 2055 7584 1360 2054 7585 1362 5110 7586 1356 5109 7587 1358 5111 7588 1357 5112 7589 1357 5112 7590 1360 2054 7591 1356 5109 7592 1337 5113 7593 1365 5114 7594 1366 5115 7595 1363 5116 7596 1333 5117 7597 1332 5118 7598 1465 5119 7599 1519 2064 7600 1395 1243 7601 1519 2064 7602 1518 5120 7603 1464 2063 7604 1464 2063 7605 1521 5121 7606 1397 4692 7607 1521 5121 7608 1520 5122 7609 1397 4692 7610 1397 4692 7611 1395 1243 7612 1464 2063 7613 1390 2065 7614 1449 2122 7615 1417 2066 7616 1454 2068 7617 1457 5123 7618 1423 2069 7619 1174 4938 7620 1119 2071 7621 1146 1711 7622 1119 2071 7623 1242 1813 7624 1214 1812 7625 1437 2072 7626 1436 5124 7627 1408 2073 7628 1446 5125 7629 1419 5126 7630 1418 5127 7631 1446 2078 7632 1390 2065 7633 1387 2067 7634 1450 2080 7635 1394 2117 7636 1389 2081 7637 1446 5128 7638 1447 2083 7639 1390 2085 7640 1447 2083 7641 1392 5129 7642 1391 2084 7643 1391 2084 7644 1393 5130 7645 1390 2085 7646 1393 5130 7647 1448 5131 7648 1449 5132 7649 1449 5132 7650 1390 2085 7651 1393 5130 7652 1429 2086 7653 1432 2138 7654 1401 2087 7655 1450 5133 7656 1427 5134 7657 1426 5135 7658 1457 2092 7659 1456 5136 7660 1422 2093 7661 1405 2095 7662 1402 2135 7663 1433 2096 7664 1404 5137 7665 1431 5138 7666 1428 5139 7667 1410 5140 7668 1441 5141 7669 1440 5142 7670 1308 5046 7671 1255 2104 7672 1276 1918 7673 1255 2104 7674 1376 2019 7675 1344 2018 7676 1438 5143 7677 1439 5144 7678 1436 5145 7679 1441 2108 7680 1410 5146 7681 1413 2109 7682 1408 5147 7683 1436 5148 7684 1439 5149 7685 1445 5150 7686 1440 2114 7687 1442 2116 7688 1440 2114 7689 1441 5151 7690 1443 2115 7691 1442 2116 7692 1443 2115 7693 1444 5152 7694 1394 2117 7695 1453 2124 7696 1425 2118 7697 1456 2119 7698 1457 5153 7699 1454 2120 7700 1449 2122 7701 1448 5154 7702 1416 2123 7703 1453 2124 7704 1452 5155 7705 1424 2125 7706 1440 2126 7707 1445 5156 7708 1415 2127 7709 1413 2109 7710 1414 5157 7711 1444 2129 7712 1414 2130 7713 1412 2146 7714 1442 2131 7715 1399 2088 7716 1400 5158 7717 1430 2133 7718 1430 2134 7719 1400 5159 7720 1398 2100 7721 1402 2135 7722 1403 2137 7723 1434 2136 7724 1403 2137 7725 1401 2087 7726 1432 2138 7727 1422 5160 7728 1456 5161 7729 1455 5162 7730 1406 5163 7731 1439 5164 7732 1438 5165 7733 1445 2145 7734 1442 2131 7735 1412 2146 7736 1386 2148 7737 1392 5166 7738 1447 2149 7739 1388 2151 7740 1396 5167 7741 1451 2152 7742 1454 5168 7743 1421 5169 7744 1420 5170 7745 1428 2159 7746 1431 5171 7747 1432 5172 7748 1431 5171 7749 1435 5173 7750 1433 5174 7751 1432 5172 7752 1433 5174 7753 1434 5175 7754 1431 5171 7755 1433 5174 7756 1432 5172 7757 1432 5172 7758 1429 2157 7759 1428 2159 7760 1438 2160 7761 1437 5176 7762 1409 2161 7763 1404 2163 7764 1405 5177 7765 1435 2164 7766 1485 2166 7767 1517 2218 7768 1462 2167 7769 1491 5178 7770 1525 5179 7771 1522 5180 7772 1476 5181 7773 1504 5182 7774 1505 5183 7775 1514 2175 7776 1515 5184 7777 1486 2176 7778 1514 2178 7779 1487 5185 7780 1459 2168 7781 1518 2179 7782 1495 5186 7783 1461 2180 7784 1463 5187 7785 1515 2183 7786 1391 2084 7787 1515 2183 7788 1514 5188 7789 1462 2182 7790 1462 2182 7791 1517 5189 7792 1393 5130 7793 1517 5189 7794 1516 5190 7795 1393 5130 7796 1393 5130 7797 1391 2084 7798 1462 2182 7799 1497 2184 7800 1467 2233 7801 1469 2185 7802 1518 2187 7803 1519 5191 7804 1494 2188 7805 1490 5192 7806 1524 5193 7807 1525 5194 7808 1473 5195 7809 1503 5196 7810 1501 5197 7811 1496 2196 7812 1499 5198 7813 1472 2197 7814 1478 2199 7815 1479 5199 7816 1508 2200 7817 1506 5200 7818 1505 5201 7819 1504 5202 7820 1509 2205 7821 1511 2228 7822 1481 2206 7823 1476 2208 7824 1474 5203 7825 1507 2209 7826 1509 5204 7827 1508 2211 7828 1511 2213 7829 1508 2211 7830 1513 5205 7831 1510 2212 7832 1511 2213 7833 1510 2212 7834 1512 5206 7835 1493 2214 7836 1521 2221 7837 1464 2181 7838 1524 2215 7839 1523 5207 7840 1522 2216 7841 1517 2218 7842 1485 2166 7843 1484 2219 7844 1521 2221 7845 1493 2214 7846 1492 2222 7847 1483 5208 7848 1513 5209 7849 1508 5210 7850 1512 2227 7851 1482 5211 7852 1481 2206 7853 1510 5212 7854 1480 2244 7855 1482 5213 7856 1498 2232 7857 1468 5214 7858 1467 2233 7859 1498 2234 7860 1496 2196 7861 1466 2198 7862 1502 2236 7863 1471 2237 7864 1470 2195 7865 1500 2186 7866 1469 2185 7867 1471 2237 7868 1490 2238 7869 1488 5215 7870 1523 2239 7871 1474 2241 7872 1475 5216 7873 1506 2242 7874 1480 2244 7875 1510 5212 7876 1513 2245 7877 1515 2247 7878 1463 5217 7879 1458 2248 7880 1519 2250 7881 1465 5218 7882 1460 2251 7883 1522 2253 7884 1523 5219 7885 1488 2254 7886 1503 5220 7887 1499 2258 7888 1501 2257 7889 1499 2258 7890 1496 5221 7891 1500 2256 7892 1501 2257 7893 1500 2256 7894 1502 5222 7895 1496 5221 7896 1498 5223 7897 1497 5224 7898 1497 5224 7899 1500 2256 7900 1496 5221 7901 1477 5225 7902 1505 5226 7903 1506 5227 7904 1503 5228 7905 1473 5229 7906 1472 5230 7907 1589 2267 7908 1530 5231 7909 1533 2265 7910 1530 5231 7911 1532 2318 7912 1531 2370 7913 1533 2265 7914 1530 5231 7915 1531 2370 7916 1530 2268 7917 1589 2328 7918 1557 2269 7919 1594 2271 7920 1597 5232 7921 1563 2272 7922 1577 2274 7923 1576 5233 7924 1548 2275 7925 1559 2277 7926 1558 5234 7927 1587 2278 7928 1586 2280 7929 1530 2268 7930 1527 2270 7931 1534 5235 7932 1529 2321 7933 1567 5236 7934 2297 2285 7935 2227 3385 7936 2222 2286 7937 1569 2288 7938 1572 2342 7939 1541 2289 7940 1567 2291 7941 1566 5237 7942 1591 2292 7943 1563 5238 7944 1597 5239 7945 1596 5240 7946 1545 2297 7947 1542 2339 7948 1573 2298 7949 1544 5241 7950 1571 5242 7951 1568 5243 7952 1550 5244 7953 1581 5245 7954 1580 5246 7955 1578 2306 7956 1579 5247 7957 1576 2307 7958 1581 2309 7959 1550 5248 7960 1553 2310 7961 1548 5249 7962 1576 5250 7963 1579 5251 7964 1585 5252 7965 1580 2315 7966 1582 2317 7967 1580 2315 7968 1581 5253 7969 1583 2316 7970 1582 2317 7971 1583 2316 7972 1584 5254 7973 1532 2318 7974 1530 5231 7975 1586 2319 7976 1529 2321 7977 1534 5235 7978 1593 2322 7979 1596 2324 7980 1597 5255 7981 1594 2325 7982 1588 2327 7983 1556 3992 7984 1557 2269 7985 1592 2329 7986 1564 3922 7987 1565 2323 7988 1580 2330 7989 1585 5256 7990 1555 2331 7991 1553 2310 7992 1554 5257 7993 1584 2333 7994 1554 2334 7995 1552 2350 7996 1582 2335 7997 1539 2290 7998 1540 5258 7999 1570 2337 8000 1570 2338 8001 1540 5259 8002 1538 2302 8003 1542 2339 8004 1543 2341 8005 1574 2340 8006 1543 2341 8007 1541 2289 8008 1572 2342 8009 1562 5260 8010 1596 5261 8011 1595 5262 8012 1546 5263 8013 1579 5264 8014 1578 5265 8015 1585 2349 8016 1582 2335 8017 1552 2350 8018 1526 2352 8019 1532 5266 8020 1587 2353 8021 1528 2355 8022 1536 5267 8023 1591 2356 8024 1594 5268 8025 1561 5269 8026 1560 5270 8027 1568 2363 8028 1571 5271 8029 1572 5272 8030 1571 5271 8031 1575 5273 8032 1573 5274 8033 1572 5272 8034 1573 5274 8035 1574 5275 8036 1571 5271 8037 1573 5274 8038 1572 5272 8039 1572 5272 8040 1569 2361 8041 1568 2363 8042 1578 2364 8043 1577 5276 8044 1549 2365 8045 1544 2367 8046 1545 5277 8047 1575 2368 8048 1603 2422 8049 1602 2371 8050 1531 2370 8051 1602 2371 8052 1657 5278 8053 1533 2265 8054 1657 5278 8055 1656 5279 8056 1533 2265 8057 1625 2372 8058 1657 2430 8059 1602 2373 8060 1631 5280 8061 1665 5281 8062 1662 5282 8063 1616 5283 8064 1644 5284 8065 1645 5285 8066 1655 5286 8067 1626 5287 8068 1627 5288 8069 1654 2384 8070 1627 5289 8071 1599 2374 8072 1635 2385 8073 1601 2424 8074 1604 2386 8075 1590 5290 8076 1591 2388 8077 1534 2390 8078 1591 2388 8079 1536 5291 8080 1535 2389 8081 1535 2389 8082 1537 5292 8083 1534 2390 8084 1537 5292 8085 1592 5293 8086 1593 5294 8087 1593 5294 8088 1534 2390 8089 1537 5292 8090 1637 2391 8091 1607 2442 8092 1609 2392 8093 1659 5295 8094 1634 5296 8095 1635 5297 8096 1631 2397 8097 1630 5298 8098 1664 2398 8099 1613 5299 8100 1643 5300 8101 1641 5301 8102 1636 2403 8103 1639 5302 8104 1612 2404 8105 1618 2406 8106 1619 5303 8107 1648 2407 8108 1646 2409 8109 1645 5304 8110 1644 2410 8111 1649 2412 8112 1651 2437 8113 1621 2413 8114 1616 2415 8115 1614 5305 8116 1647 2416 8117 1649 5306 8118 1648 2418 8119 1651 2420 8120 1648 2418 8121 1653 5307 8122 1650 2419 8123 1651 2420 8124 1650 2419 8125 1652 5308 8126 1654 2421 8127 1602 2371 8128 1603 2422 8129 1601 2424 8130 1633 2431 8131 1661 2425 8132 1664 2426 8133 1663 5309 8134 1662 2427 8135 1625 2372 8136 1624 3994 8137 1656 2429 8138 1633 2431 8139 1632 3924 8140 1660 2432 8141 1623 5310 8142 1653 5311 8143 1648 5312 8144 1652 2436 8145 1622 5313 8146 1621 2413 8147 1650 5314 8148 1620 2453 8149 1622 5315 8150 1638 2441 8151 1608 5316 8152 1607 2442 8153 1638 2443 8154 1636 2403 8155 1606 2405 8156 1642 2445 8157 1611 2446 8158 1610 2402 8159 1640 2393 8160 1609 2392 8161 1611 2446 8162 1630 2447 8163 1628 5317 8164 1663 2448 8165 1614 2450 8166 1615 5318 8167 1646 2451 8168 1620 2453 8169 1650 5314 8170 1653 2454 8171 1655 2456 8172 1603 5319 8173 1598 2457 8174 1659 2459 8175 1605 5320 8176 1600 2460 8177 1662 2462 8178 1663 5321 8179 1628 2463 8180 1643 5322 8181 1639 2467 8182 1641 2466 8183 1639 2467 8184 1636 5323 8185 1640 2465 8186 1641 2466 8187 1640 2465 8188 1642 5324 8189 1636 5323 8190 1638 5325 8191 1637 5326 8192 1637 5326 8193 1640 2465 8194 1636 5323 8195 1617 5327 8196 1645 5328 8197 1646 5329 8198 1643 5330 8199 1613 5331 8200 1612 5332 8201 1741 5333 8202 1793 2476 8203 1671 2475 8204 1793 2476 8205 1792 5334 8206 1740 2474 8207 1740 2474 8208 1795 5335 8209 1673 5336 8210 1795 5335 8211 1794 5337 8212 1673 5336 8213 1673 5336 8214 1671 2475 8215 1740 2474 8216 1667 2477 8217 1670 5338 8218 1727 2478 8219 1732 2480 8220 1735 5339 8221 1701 2481 8222 1715 2483 8223 1714 5340 8224 1686 2484 8225 1724 5341 8226 1697 5342 8227 1696 5343 8228 1670 5338 8229 1667 2477 8230 1697 5344 8231 1728 2492 8232 1674 2528 8233 1669 2493 8234 1729 2495 8235 1675 4012 8236 1674 2496 8237 1707 2498 8238 1710 2553 8239 1679 2499 8240 1728 5345 8241 1705 5346 8242 1704 5347 8243 1735 2504 8244 1734 5348 8245 1700 2505 8246 1683 2507 8247 1680 2550 8248 1711 2508 8249 1682 5349 8250 1709 5350 8251 1706 5351 8252 1688 5352 8253 1719 5353 8254 1718 5354 8255 1716 2516 8256 1717 5355 8257 1714 2517 8258 1719 2519 8259 1688 5356 8260 1691 2520 8261 1686 5357 8262 1714 5358 8263 1717 5359 8264 1723 5360 8265 1718 2525 8266 1720 2527 8267 1718 2525 8268 1719 5361 8269 1721 2526 8270 1720 2527 8271 1721 2526 8272 1722 5362 8273 1674 2528 8274 1731 5363 8275 1703 2529 8276 1734 2530 8277 1735 5364 8278 1732 2531 8279 1727 2478 8280 1726 5365 8281 1694 2533 8282 1731 2534 8283 1730 3950 8284 1702 2535 8285 1718 2537 8286 1723 5366 8287 1693 2538 8288 1721 2521 8289 1691 2520 8290 1692 5367 8291 1722 2543 8292 1692 5368 8293 1690 2544 8294 1707 2498 8295 1677 2500 8296 1678 5369 8297 1708 2549 8298 1678 5370 8299 1676 2512 8300 1680 2550 8301 1681 2552 8302 1712 2551 8303 1681 2552 8304 1679 2499 8305 1710 2553 8306 1700 5371 8307 1734 5372 8308 1733 5373 8309 1684 5374 8310 1717 5375 8311 1716 5376 8312 1693 5377 8313 1723 5378 8314 1720 5379 8315 1666 2561 8316 1672 5380 8317 1725 2562 8318 1704 2564 8319 1668 3913 8320 1675 2565 8321 1732 5381 8322 1699 5382 8323 1698 5383 8324 1706 2572 8325 1709 5384 8326 1710 5385 8327 1709 5384 8328 1713 5386 8329 1711 5387 8330 1710 5385 8331 1711 5387 8332 1712 5388 8333 1709 5384 8334 1711 5387 8335 1710 5385 8336 1710 5385 8337 1707 2570 8338 1706 2572 8339 1716 2573 8340 1715 5389 8341 1687 2574 8342 1682 2576 8343 1683 5390 8344 1713 2577 8345 1737 2579 8346 1763 5391 8347 1795 2580 8348 1769 5392 8349 1803 5393 8350 1800 5394 8351 1754 5395 8352 1782 5396 8353 1783 5397 8354 1792 2588 8355 1793 5398 8356 1764 2589 8357 1765 2591 8358 1737 2579 8359 1740 2581 8360 1796 2593 8361 1773 5399 8362 1739 2594 8363 1797 2596 8364 1796 5400 8365 1742 2597 8366 1775 2599 8367 1745 2647 8368 1747 2600 8369 1796 2602 8370 1797 5401 8371 1772 2603 8372 1768 5402 8373 1802 5403 8374 1803 5404 8375 1751 5405 8376 1781 5406 8377 1779 5407 8378 1774 2611 8379 1777 5408 8380 1750 2612 8381 1756 2614 8382 1757 5409 8383 1786 2615 8384 1784 2617 8385 1783 5410 8386 1782 2618 8387 1787 2620 8388 1789 2641 8389 1759 2621 8390 1754 2623 8391 1752 5411 8392 1785 2624 8393 1787 5412 8394 1786 2626 8395 1789 2628 8396 1786 2626 8397 1791 5413 8398 1788 2627 8399 1789 2628 8400 1788 2627 8401 1790 5414 8402 1771 5415 8403 1799 2635 8404 1742 5416 8405 1802 2630 8406 1801 5417 8407 1800 2631 8408 1795 2580 8409 1763 5391 8410 1762 2633 8411 1799 2635 8412 1771 5415 8413 1770 2636 8414 1761 5418 8415 1791 5419 8416 1786 5420 8417 1789 2641 8418 1790 5421 8419 1760 2642 8420 1790 2643 8421 1788 2659 8422 1758 2644 8423 1775 2599 8424 1776 5422 8425 1746 2646 8426 1776 2648 8427 1774 2611 8428 1744 2613 8429 1780 2650 8430 1749 2651 8431 1748 2610 8432 1778 2601 8433 1747 2600 8434 1749 2651 8435 1768 2652 8436 1766 5423 8437 1801 2653 8438 1752 2655 8439 1753 5424 8440 1784 2656 8441 1761 2658 8442 1758 2644 8443 1788 2659 8444 1793 2661 8445 1741 5425 8446 1736 2662 8447 1772 5426 8448 1797 5427 8449 1743 5428 8450 1800 2667 8451 1801 5429 8452 1766 2668 8453 1781 5430 8454 1777 2672 8455 1779 2671 8456 1777 2672 8457 1774 5431 8458 1778 2670 8459 1779 2671 8460 1778 2670 8461 1780 5432 8462 1774 5431 8463 1776 5433 8464 1775 5434 8465 1775 5434 8466 1778 2670 8467 1774 5431 8468 1755 5435 8469 1783 5436 8470 1784 5437 8471 1781 5438 8472 1751 5439 8473 1750 5440 8474 1881 5441 8475 1933 2680 8476 1809 932 8477 1933 2680 8478 1932 5442 8479 1880 2679 8480 1880 2679 8481 1935 5443 8482 1811 4528 8483 1935 5443 8484 1934 5444 8485 1811 4528 8486 1811 4528 8487 1809 932 8488 1880 2679 8489 1808 2681 8490 1867 2735 8491 1835 2682 8492 1872 2684 8493 1875 5445 8494 1841 2685 8495 1855 2687 8496 1854 5446 8497 1826 2688 8498 1864 5447 8499 1837 5448 8500 1836 5449 8501 1864 2693 8502 1808 2681 8503 1805 2683 8504 1868 2695 8505 1812 2730 8506 1807 2696 8507 493 5450 8508 547 2699 8509 423 745 8510 547 2699 8511 546 5451 8512 492 2698 8513 492 2698 8514 549 5452 8515 425 4433 8516 549 5452 8517 548 5453 8518 425 4433 8519 425 4433 8520 423 745 8521 492 2698 8522 1847 2700 8523 1850 2753 8524 1819 2701 8525 1868 5454 8526 1845 5455 8527 1844 5456 8528 1875 2706 8529 1874 5457 8530 1840 2707 8531 1823 2709 8532 1820 2750 8533 1851 2710 8534 1822 5458 8535 1849 5459 8536 1846 5460 8537 1828 5461 8538 1859 5462 8539 1858 5463 8540 421 711 8541 416 4408 8542 486 811 8543 1856 5464 8544 1857 5465 8545 1854 5466 8546 1859 2721 8547 1828 5467 8548 1831 2722 8549 1826 5468 8550 1854 5469 8551 1857 5470 8552 1863 5471 8553 1858 2727 8554 1860 2729 8555 1858 2727 8556 1859 5472 8557 1861 2728 8558 1860 2729 8559 1861 2728 8560 1862 5473 8561 1812 2730 8562 1871 2737 8563 1843 2731 8564 1874 2732 8565 1875 5474 8566 1872 2733 8567 1867 2735 8568 1866 5475 8569 1834 2736 8570 1871 2737 8571 1870 5476 8572 1842 2738 8573 1858 2739 8574 1863 5477 8575 1833 2740 8576 1861 2723 8577 1831 2722 8578 1832 5478 8579 1832 2745 8580 1830 2761 8581 1860 2746 8582 1817 2702 8583 1818 5479 8584 1848 2748 8585 1848 2749 8586 1818 5480 8587 1816 2714 8588 1820 2750 8589 1821 2752 8590 1852 2751 8591 1821 2752 8592 1819 2701 8593 1850 2753 8594 1840 5481 8595 1874 5482 8596 1873 5483 8597 1824 5484 8598 1857 5485 8599 1856 5486 8600 1863 2760 8601 1860 2746 8602 1830 2761 8603 1804 2763 8604 1810 5487 8605 1865 2764 8606 1806 2766 8607 1814 5488 8608 1869 2767 8609 1872 5489 8610 1839 5490 8611 1838 5491 8612 1846 2774 8613 1849 5492 8614 1850 5493 8615 1849 5492 8616 1853 5494 8617 1851 5495 8618 1850 5493 8619 1851 5495 8620 1852 5496 8621 1849 5492 8622 1851 5495 8623 1850 5493 8624 1850 5493 8625 1847 2772 8626 1846 2774 8627 1856 2775 8628 1855 5497 8629 1827 2776 8630 1822 2778 8631 1823 5498 8632 1853 2779 8633 1903 2781 8634 1935 2834 8635 1880 2782 8636 1909 5499 8637 1943 5500 8638 1940 5501 8639 1894 5502 8640 1922 5503 8641 1923 5504 8642 1932 2790 8643 1933 5505 8644 1904 2791 8645 1932 2793 8646 1905 5506 8647 1877 2783 8648 1936 2794 8649 1913 5507 8650 1879 2795 8651 1868 5508 8652 1869 2797 8653 1812 2799 8654 1869 2797 8655 1814 5509 8656 1813 2798 8657 1813 2798 8658 1815 5510 8659 1812 2799 8660 1815 5510 8661 1870 5511 8662 1871 5512 8663 1871 5512 8664 1812 2799 8665 1815 5510 8666 1915 2800 8667 1885 2849 8668 1887 2801 8669 1936 2803 8670 1937 5513 8671 1912 2804 8672 1908 5514 8673 1942 5515 8674 1943 5516 8675 1891 5517 8676 1921 5518 8677 1919 5519 8678 1914 2812 8679 1917 5520 8680 1890 2813 8681 1896 2815 8682 1897 5521 8683 1926 2816 8684 1924 5522 8685 1923 5523 8686 1922 5524 8687 1927 2821 8688 1929 2843 8689 1899 2822 8690 1894 2824 8691 1892 5525 8692 1925 2825 8693 1927 5526 8694 1926 2827 8695 1929 2829 8696 1926 2827 8697 1931 5527 8698 1928 2828 8699 1929 2829 8700 1928 2828 8701 1930 5528 8702 1911 2830 8703 1939 2837 8704 1882 2796 8705 1942 2831 8706 1941 5529 8707 1940 2832 8708 1935 2834 8709 1903 2781 8710 1902 2835 8711 1939 2837 8712 1911 2830 8713 1910 2838 8714 1901 5530 8715 1931 5531 8716 1926 5532 8717 1929 2843 8718 1930 5533 8719 1900 2844 8720 1928 5534 8721 1898 2860 8722 1900 5535 8723 1916 2848 8724 1886 5536 8725 1885 2849 8726 1916 2850 8727 1914 2812 8728 1884 2814 8729 1920 2852 8730 1889 2853 8731 1888 2811 8732 1918 2802 8733 1887 2801 8734 1889 2853 8735 1908 2854 8736 1906 5537 8737 1941 2855 8738 1892 2857 8739 1893 5538 8740 1924 2858 8741 1898 2860 8742 1928 5534 8743 1931 2861 8744 1933 2863 8745 1881 5539 8746 1876 2864 8747 1937 2866 8748 1883 5540 8749 1878 2867 8750 1940 2869 8751 1941 5541 8752 1906 2870 8753 1921 5542 8754 1917 2874 8755 1919 2873 8756 1917 2874 8757 1914 5543 8758 1918 2872 8759 1919 2873 8760 1918 2872 8761 1920 5544 8762 1914 5543 8763 1916 5545 8764 1915 5546 8765 1915 5546 8766 1918 2872 8767 1914 5543 8768 1895 5547 8769 1923 5548 8770 1924 5549 8771 1921 5550 8772 1891 5551 8773 1890 5552 8774 2007 2883 8775 1948 5553 8776 1951 2881 8777 1948 5553 8778 1950 2937 8779 1949 2988 8780 1951 2881 8781 1948 5553 8782 1949 2988 8783 1948 2884 8784 2007 2946 8785 1975 2885 8786 2012 2887 8787 2015 5554 8788 1981 2888 8789 1995 2890 8790 1994 5555 8791 1966 2891 8792 2004 5556 8793 1977 5557 8794 1976 5558 8795 2004 2896 8796 1948 2884 8797 1945 2886 8798 2008 2898 8799 1952 5559 8800 1947 2899 8801 2011 2903 8802 1952 2905 8803 1955 2901 8804 1952 2905 8805 1954 5560 8806 1953 3006 8807 1955 2901 8808 1952 2905 8809 1953 3006 8810 2009 2904 8811 1954 5560 8812 1952 2905 8813 1987 2907 8814 1990 2960 8815 1959 2908 8816 1985 2910 8817 1984 5561 8818 2009 2911 8819 1981 5562 8820 2015 5563 8821 2014 5564 8822 1963 2916 8823 1960 2957 8824 1991 2917 8825 1962 5565 8826 1989 5566 8827 1986 5567 8828 1968 5568 8829 1999 5569 8830 1998 5570 8831 1996 2925 8832 1997 5571 8833 1994 2926 8834 1999 2928 8835 1968 5572 8836 1971 2929 8837 1966 5573 8838 1994 5574 8839 1997 5575 8840 2003 5576 8841 1998 2934 8842 2000 2936 8843 1998 2934 8844 1999 5577 8845 2001 2935 8846 2000 2936 8847 2001 2935 8848 2002 5578 8849 1950 2937 8850 1948 5553 8851 2004 2938 8852 1947 2899 8853 1952 5559 8854 2011 2940 8855 2014 2942 8856 2015 5579 8857 2012 2943 8858 2006 2945 8859 1974 3977 8860 1975 2885 8861 2010 2947 8862 1982 3335 8863 1983 2941 8864 1998 2948 8865 2003 5580 8866 1973 2949 8867 1971 2929 8868 1972 5581 8869 2002 2951 8870 1972 2952 8871 1970 2968 8872 2000 2953 8873 1957 2909 8874 1958 5582 8875 1988 2955 8876 1988 2956 8877 1958 5583 8878 1956 2921 8879 1960 2957 8880 1961 2959 8881 1992 2958 8882 1961 2959 8883 1959 2908 8884 1990 2960 8885 1980 5584 8886 2014 5585 8887 2013 5586 8888 1964 5587 8889 1997 5588 8890 1996 5589 8891 2003 2967 8892 2000 2953 8893 1970 2968 8894 1944 2970 8895 1950 5590 8896 2005 2971 8897 1946 2973 8898 1954 5591 8899 2009 2974 8900 2012 5592 8901 1979 5593 8902 1978 5594 8903 1986 2981 8904 1989 5595 8905 1990 5596 8906 1989 5595 8907 1993 5597 8908 1991 5598 8909 1990 5596 8910 1991 5598 8911 1992 5599 8912 1989 5595 8913 1991 5598 8914 1990 5596 8915 1990 5596 8916 1987 2979 8917 1986 2981 8918 1996 2982 8919 1995 5600 8920 1967 2983 8921 1962 2985 8922 1963 5601 8923 1993 2986 8924 2021 3041 8925 2020 2989 8926 1949 2988 8927 2020 2989 8928 2075 5602 8929 1951 2881 8930 2075 5602 8931 2074 5603 8932 1951 2881 8933 2043 2990 8934 2075 3048 8935 2020 2991 8936 2049 5604 8937 2083 5605 8938 2080 5606 8939 2034 5607 8940 2062 5608 8941 2063 5609 8942 2072 2999 8943 2073 5610 8944 2044 3000 8945 2072 3002 8946 2045 5611 8947 2017 2992 8948 2076 3003 8949 2053 5612 8950 2019 3004 8951 2023 3009 8952 2022 3007 8953 1953 3006 8954 2022 3007 8955 2079 5613 8956 1955 2901 8957 2079 5613 8958 2078 5614 8959 1955 2901 8960 2077 3008 8961 2076 5615 8962 2022 3007 8963 2055 3010 8964 2025 3060 8965 2027 3011 8966 2077 5616 8967 2052 5617 8968 2053 5618 8969 2049 3016 8970 2048 5619 8971 2082 3017 8972 2031 5620 8973 2061 5621 8974 2059 5622 8975 2054 3022 8976 2057 5623 8977 2030 3023 8978 2036 3025 8979 2037 5624 8980 2066 3026 8981 2064 3028 8982 2063 5625 8983 2062 3029 8984 2067 3031 8985 2069 3055 8986 2039 3032 8987 2034 3034 8988 2032 5626 8989 2065 3035 8990 2067 5627 8991 2066 3037 8992 2069 3039 8993 2066 3037 8994 2071 5628 8995 2068 3038 8996 2069 3039 8997 2068 3038 8998 2070 5629 8999 2072 3040 9000 2020 2989 9001 2021 3041 9002 2019 3004 9003 2051 3049 9004 2079 3043 9005 2082 3044 9006 2081 5630 9007 2080 3045 9008 2043 2990 9009 2042 3979 9010 2074 3047 9011 2051 3049 9012 2050 3337 9013 2078 3050 9014 2041 5631 9015 2071 5632 9016 2066 5633 9017 2070 3054 9018 2040 5634 9019 2039 3032 9020 2068 5635 9021 2038 3071 9022 2040 5636 9023 2056 3059 9024 2026 5637 9025 2025 3060 9026 2056 3061 9027 2054 3022 9028 2024 3024 9029 2060 3063 9030 2029 3064 9031 2028 3021 9032 2058 3012 9033 2027 3011 9034 2029 3064 9035 2048 3065 9036 2046 5638 9037 2081 3066 9038 2032 3068 9039 2033 5639 9040 2064 3069 9041 2038 3071 9042 2068 5635 9043 2071 3072 9044 2073 3074 9045 2021 5640 9046 2016 3075 9047 2077 3077 9048 2023 5641 9049 2018 3078 9050 2080 3080 9051 2081 5642 9052 2046 3081 9053 2061 5643 9054 2057 3085 9055 2059 3084 9056 2057 3085 9057 2054 5644 9058 2058 3083 9059 2059 3084 9060 2058 3083 9061 2060 5645 9062 2054 5644 9063 2056 5646 9064 2055 5647 9065 2055 5647 9066 2058 3083 9067 2054 5644 9068 2035 5648 9069 2063 5649 9070 2064 5650 9071 2061 5651 9072 2031 5652 9073 2030 5653 9074 2085 3092 9075 2088 5654 9076 2145 3093 9077 2150 3095 9078 2153 5655 9079 2119 3096 9080 2133 3098 9081 2132 5656 9082 2104 3099 9083 2115 3101 9084 2114 5657 9085 2143 3102 9086 2088 5654 9087 2085 3092 9088 2115 5658 9089 2092 3143 9090 2087 3145 9091 2123 5659 9092 2147 3110 9093 2093 3984 9094 2092 3111 9095 2125 3113 9096 2128 3168 9097 2097 3114 9098 2146 5660 9099 2123 5661 9100 2122 5662 9101 2153 3119 9102 2152 5663 9103 2118 3120 9104 2101 3122 9105 2098 3165 9106 2129 3123 9107 2100 5664 9108 2127 5665 9109 2124 5666 9110 2106 5667 9111 2137 5668 9112 2136 5669 9113 2134 3131 9114 2135 5670 9115 2132 3132 9116 2137 5671 9117 2106 5672 9118 2109 5673 9119 2104 5674 9120 2132 5675 9121 2135 5676 9122 2141 5677 9123 2136 5678 9124 2138 5679 9125 2136 5680 9126 2137 5681 9127 2139 5682 9128 2138 5683 9129 2139 5684 9130 2140 5685 9131 2092 3143 9132 2149 3150 9133 2121 3144 9134 2152 3146 9135 2153 5686 9136 2150 3147 9137 2145 3093 9138 2144 5687 9139 2112 3149 9140 2149 3150 9141 2148 3926 9142 2120 3151 9143 2136 3152 9144 2141 5688 9145 2111 3153 9146 2139 3136 9147 2109 3135 9148 2110 5689 9149 2140 3158 9150 2110 5690 9151 2108 3159 9152 2125 3113 9153 2095 3115 9154 2096 5691 9155 2126 3164 9156 2096 5692 9157 2094 3127 9158 2098 3165 9159 2099 3167 9160 2130 3166 9161 2099 3167 9162 2097 3114 9163 2128 3168 9164 2118 5693 9165 2152 5694 9166 2151 5695 9167 2102 5696 9168 2135 5697 9169 2134 5698 9170 2111 5699 9171 2141 5700 9172 2138 5701 9173 2084 3176 9174 2090 5702 9175 2143 3177 9176 2122 3179 9177 2086 658 9178 2093 3180 9179 2150 5703 9180 2117 5704 9181 2116 5705 9182 2124 3187 9183 2127 5706 9184 2128 5707 9185 2127 5706 9186 2131 5708 9187 2129 5709 9188 2128 5707 9189 2129 5709 9190 2130 5710 9191 2127 5706 9192 2129 5709 9193 2128 5707 9194 2128 5707 9195 2125 3185 9196 2124 3187 9197 2134 3188 9198 2133 5711 9199 2105 3189 9200 2100 3191 9201 2101 5712 9202 2131 3192 9203 2142 5713 9204 2143 3194 9205 2088 3196 9206 2143 3194 9207 2090 5714 9208 2089 3195 9209 2089 3195 9210 2091 5715 9211 2088 3196 9212 2091 5715 9213 2144 5716 9214 2145 5717 9215 2145 5717 9216 2088 3196 9217 2091 5715 9218 2155 3197 9219 2181 5718 9220 2213 3198 9221 2187 5719 9222 2221 5720 9223 2218 5721 9224 2172 5722 9225 2200 5723 9226 2201 5724 9227 2211 5725 9228 2182 5726 9229 2183 5727 9230 2183 3209 9231 2155 3197 9232 2158 3199 9233 2191 3211 9234 2157 3248 9235 2160 3212 9236 2215 3214 9237 2214 5728 9238 2160 3215 9239 2193 3217 9240 2163 3266 9241 2165 3218 9242 2214 3220 9243 2215 5729 9244 2190 3221 9245 2186 5730 9246 2220 5731 9247 2221 5732 9248 2169 5733 9249 2199 5734 9250 2197 5735 9251 2192 3229 9252 2195 5736 9253 2168 3230 9254 2174 3232 9255 2175 5737 9256 2204 3233 9257 2202 3235 9258 2201 5738 9259 2200 3236 9260 2205 3238 9261 2207 3260 9262 2177 3239 9263 2172 3241 9264 2170 5739 9265 2203 3242 9266 2205 5740 9267 2204 3244 9268 2207 3246 9269 2204 3244 9270 2209 5741 9271 2206 3245 9272 2207 3246 9273 2206 3245 9274 2208 5742 9275 2189 3247 9276 2217 3254 9277 2160 3212 9278 2220 3249 9279 2219 5743 9280 2218 3250 9281 2213 3198 9282 2181 5718 9283 2180 3252 9284 2217 3254 9285 2189 3247 9286 2188 3255 9287 2179 5744 9288 2209 5745 9289 2204 5746 9290 2207 3260 9291 2208 5747 9292 2178 3261 9293 2208 3262 9294 2206 3278 9295 2176 3263 9296 2193 3217 9297 2194 5748 9298 2164 3265 9299 2194 3267 9300 2192 3229 9301 2162 3231 9302 2198 3269 9303 2167 3270 9304 2166 3228 9305 2196 3219 9306 2165 3218 9307 2167 3270 9308 2186 3271 9309 2184 5749 9310 2219 3272 9311 2170 3274 9312 2171 5750 9313 2202 3275 9314 2179 3277 9315 2176 3263 9316 2206 3278 9317 2211 3280 9318 2159 5751 9319 2154 3281 9320 2190 5752 9321 2215 5753 9322 2161 5754 9323 2218 3284 9324 2219 5755 9325 2184 3285 9326 2199 5756 9327 2195 3289 9328 2197 3288 9329 2195 3289 9330 2192 5757 9331 2196 3287 9332 2197 3288 9333 2196 3287 9334 2198 5758 9335 2192 5757 9336 2194 5759 9337 2193 5760 9338 2193 5760 9339 2196 3287 9340 2192 5757 9341 2173 5761 9342 2201 5762 9343 2202 5763 9344 2199 5764 9345 2169 5765 9346 2168 5766 9347 2159 5767 9348 2211 3297 9349 2089 3195 9350 2211 3297 9351 2210 5768 9352 2158 3296 9353 2158 3296 9354 2213 5769 9355 2091 5715 9356 2213 5769 9357 2212 5770 9358 2091 5715 9359 2091 5715 9360 2089 3195 9361 2158 3296 9362 2226 3298 9363 2283 3355 9364 2251 3299 9365 2288 3301 9366 2291 5771 9367 2257 3302 9368 2271 3304 9369 2270 5772 9370 2242 3305 9371 2280 5773 9372 2253 5774 9373 2252 5775 9374 2280 3310 9375 2226 3298 9376 2223 3300 9377 2284 3312 9378 2228 3350 9379 2225 3313 9380 2299 5776 9381 2353 3316 9382 2229 125 9383 2353 3316 9384 2352 5777 9385 2298 3315 9386 2298 3315 9387 2355 5778 9388 2231 4089 9389 2355 5778 9390 2354 5779 9391 2231 4089 9392 2231 4089 9393 2229 125 9394 2298 3315 9395 2263 3317 9396 2266 3375 9397 2235 3318 9398 2284 5780 9399 2261 5781 9400 2260 5782 9401 2291 3323 9402 2290 5783 9403 2256 3324 9404 2239 3326 9405 2236 3372 9406 2267 3327 9407 2238 5784 9408 2265 5785 9409 2262 5786 9410 2244 5787 9411 2275 5788 9412 2274 5789 9413 2010 2947 9414 1955 3336 9415 1982 3335 9416 1955 3336 9417 2078 3050 9418 2050 3337 9419 2272 5790 9420 2273 5791 9421 2270 5792 9422 2275 3341 9423 2244 5793 9424 2247 3342 9425 2242 5794 9426 2270 5795 9427 2273 5796 9428 2279 5797 9429 2274 3347 9430 2276 3349 9431 2274 3347 9432 2275 5798 9433 2277 3348 9434 2276 3349 9435 2277 3348 9436 2278 5799 9437 2228 3350 9438 2287 3357 9439 2259 3351 9440 2290 3352 9441 2291 5800 9442 2288 3353 9443 2283 3355 9444 2282 3951 9445 2250 3356 9446 2287 3357 9447 2286 5801 9448 2258 3358 9449 2274 3359 9450 2279 5802 9451 2249 3360 9452 2277 3343 9453 2247 3342 9454 2248 5803 9455 2278 3365 9456 2248 5804 9457 2246 3366 9458 2263 3317 9459 2233 3319 9460 2234 5805 9461 2264 3371 9462 2234 5806 9463 2232 3331 9464 2236 3372 9465 2237 3374 9466 2268 3373 9467 2237 3374 9468 2235 3318 9469 2266 3375 9470 2256 5807 9471 2290 5808 9472 2289 5809 9473 2240 5810 9474 2273 5811 9475 2272 5812 9476 2279 3382 9477 2276 3367 9478 2246 3366 9479 2252 3384 9480 2222 2286 9481 2227 3385 9482 2224 3387 9483 2230 5813 9484 2285 3388 9485 2288 5814 9486 2255 5815 9487 2254 5816 9488 2262 3395 9489 2265 5817 9490 2266 5818 9491 2265 5817 9492 2269 5819 9493 2267 5820 9494 2266 5818 9495 2267 5820 9496 2268 5821 9497 2265 5817 9498 2267 5820 9499 2266 5818 9500 2266 5818 9501 2263 3393 9502 2262 3395 9503 2272 3396 9504 2271 5822 9505 2243 3397 9506 2238 3399 9507 2239 5823 9508 2269 3400 9509 2319 3402 9510 2351 3452 9511 2296 3403 9512 2325 5824 9513 2359 5825 9514 2356 5826 9515 2310 5827 9516 2338 5828 9517 2339 5829 9518 2348 3411 9519 2349 5830 9520 2320 3412 9521 2348 3414 9522 2321 5831 9523 2293 3404 9524 2352 3415 9525 2329 5832 9526 2295 3416 9527 2331 3418 9528 2301 3467 9529 2303 3419 9530 2352 3421 9531 2353 5833 9532 2328 3422 9533 2324 5834 9534 2358 5835 9535 2359 5836 9536 2307 5837 9537 2337 5838 9538 2335 5839 9539 2330 3430 9540 2333 5840 9541 2306 3431 9542 2312 3433 9543 2313 5841 9544 2342 3434 9545 2340 3436 9546 2339 5842 9547 2338 3437 9548 2343 3439 9549 2345 3461 9550 2315 3440 9551 2310 3442 9552 2308 5843 9553 2341 3443 9554 2343 5844 9555 2342 3445 9556 2345 3447 9557 2342 3445 9558 2347 5845 9559 2344 3446 9560 2345 3447 9561 2344 3446 9562 2346 5846 9563 2327 3448 9564 2355 3455 9565 2298 3417 9566 2358 3449 9567 2357 5847 9568 2356 3450 9569 2351 3452 9570 2319 3402 9571 2318 3453 9572 2355 3455 9573 2327 3448 9574 2326 3456 9575 2317 5848 9576 2347 5849 9577 2342 5850 9578 2345 3461 9579 2346 5851 9580 2316 3462 9581 2346 3463 9582 2344 5852 9583 2314 3464 9584 2331 3418 9585 2332 5853 9586 2302 3466 9587 2332 3468 9588 2330 3430 9589 2300 3432 9590 2336 3470 9591 2305 3471 9592 2304 3429 9593 2334 3420 9594 2303 3419 9595 2305 3471 9596 2324 3472 9597 2322 5854 9598 2357 3473 9599 2308 3475 9600 2309 5855 9601 2340 3476 9602 2314 3464 9603 2344 5852 9604 2347 3478 9605 2320 5856 9606 2349 5857 9607 2297 5858 9608 2353 3481 9609 2299 5859 9610 2294 3482 9611 2356 3484 9612 2357 5860 9613 2322 3485 9614 2337 5861 9615 2333 3489 9616 2335 3488 9617 2333 3489 9618 2330 5862 9619 2334 3487 9620 2335 3488 9621 2334 3487 9622 2336 5863 9623 2330 5862 9624 2332 5864 9625 2331 5865 9626 2331 5865 9627 2334 3487 9628 2330 5862 9629 2311 5866 9630 2339 5867 9631 2340 5868 9632 2337 5869 9633 2307 5870 9634 2306 5871 9635 2364 3496 9636 2421 3559 9637 2389 3497 9638 2426 3499 9639 2429 5872 9640 2395 3500 9641 2409 3502 9642 2408 5873 9643 2380 3503 9644 2418 5874 9645 2391 5875 9646 2390 5876 9647 2418 3508 9648 2364 3496 9649 2361 3498 9650 2422 3510 9651 2366 5877 9652 2363 3511 9653 2425 3515 9654 2366 3517 9655 2369 3513 9656 2366 3517 9657 2368 5878 9658 2367 3617 9659 2369 3513 9660 2366 3517 9661 2367 3617 9662 2423 3516 9663 2368 5878 9664 2366 3517 9665 2401 3519 9666 2404 3573 9667 2373 3520 9668 2399 3522 9669 2398 5879 9670 2423 3523 9671 2429 3525 9672 2428 5880 9673 2394 3526 9674 2377 3528 9675 2374 3570 9676 2405 3529 9677 2376 5881 9678 2403 5882 9679 2400 5883 9680 2382 5884 9681 2413 5885 9682 2412 5886 9683 1458 2248 9684 1463 5217 9685 1391 3537 9686 1391 3537 9687 1392 5166 9688 1386 2148 9689 2410 3538 9690 2411 5887 9691 2408 3539 9692 2413 3541 9693 2382 5888 9694 2385 3542 9695 2380 5889 9696 2408 5890 9697 2411 5891 9698 2417 5892 9699 2412 3547 9700 2414 3549 9701 2412 3547 9702 2413 5893 9703 2415 3548 9704 2414 3549 9705 2415 3548 9706 2416 5894 9707 2365 3550 9708 2364 3999 9709 2418 3551 9710 2363 3511 9711 2366 5877 9712 2425 3553 9713 2428 5895 9714 2429 5896 9715 2426 5897 9716 2420 3558 9717 2388 3920 9718 2389 3497 9719 2424 3560 9720 2396 3914 9721 2397 3554 9722 2412 3561 9723 2417 5898 9724 2387 3562 9725 2385 3542 9726 2386 5899 9727 2416 3564 9728 2386 3565 9729 2384 3581 9730 2414 3566 9731 2371 3521 9732 2372 5900 9733 2402 3568 9734 2402 3569 9735 2372 5901 9736 2370 3533 9737 2374 3570 9738 2375 3572 9739 2406 3571 9740 2375 3572 9741 2373 3520 9742 2404 3573 9743 2394 5902 9744 2428 5903 9745 2427 5904 9746 2378 5905 9747 2411 5906 9748 2410 5907 9749 2417 3580 9750 2414 3566 9751 2384 3581 9752 2360 3583 9753 2365 5908 9754 2419 3584 9755 2362 3586 9756 2368 5909 9757 2423 3587 9758 2426 5910 9759 2393 5911 9760 2392 5912 9761 2400 3594 9762 2403 5913 9763 2404 5914 9764 2403 5913 9765 2407 5915 9766 2405 5916 9767 2404 5914 9768 2405 5916 9769 2406 5917 9770 2403 5913 9771 2405 5916 9772 2404 5914 9773 2404 5914 9774 2401 3592 9775 2400 3594 9776 2410 3595 9777 2409 5918 9778 2381 3596 9779 2376 3598 9780 2377 5919 9781 2407 3599 9782 2457 3601 9783 2489 3659 9784 2434 3602 9785 2463 5920 9786 2497 5921 9787 2494 5922 9788 2448 5923 9789 2476 5924 9790 2477 5925 9791 2486 3610 9792 2487 5926 9793 2458 3611 9794 2486 3613 9795 2459 5927 9796 2431 3603 9797 2490 3614 9798 2467 5928 9799 2433 3615 9800 2437 3620 9801 2436 3618 9802 2367 3617 9803 2436 3618 9804 2493 5929 9805 2369 3513 9806 2493 5929 9807 2492 5930 9808 2369 3513 9809 2491 3619 9810 2490 5931 9811 2436 3618 9812 2469 3621 9813 2439 3671 9814 2441 3622 9815 2491 5932 9816 2466 5933 9817 2467 5934 9818 2462 5935 9819 2496 5936 9820 2497 5937 9821 2445 5938 9822 2475 5939 9823 2473 5940 9824 2468 3633 9825 2471 5941 9826 2444 3634 9827 2450 3636 9828 2451 5942 9829 2480 3637 9830 2478 3639 9831 2477 5943 9832 2476 3640 9833 2481 3642 9834 2483 3666 9835 2453 3643 9836 2448 3645 9837 2446 5944 9838 2479 3646 9839 2481 5945 9840 2480 3648 9841 2483 3650 9842 2480 3648 9843 2485 5946 9844 2482 3649 9845 2483 3650 9846 2482 3649 9847 2484 5947 9848 2486 3651 9849 2434 5948 9850 2435 3652 9851 2433 3615 9852 2465 3660 9853 2493 3654 9854 2496 5949 9855 2495 5950 9856 2494 5951 9857 2457 3601 9858 2456 5952 9859 2488 3658 9860 2465 3660 9861 2464 3916 9862 2492 3661 9863 2455 5953 9864 2485 5954 9865 2480 5955 9866 2484 3665 9867 2454 5956 9868 2453 3643 9869 2482 5957 9870 2452 3682 9871 2454 5958 9872 2470 3670 9873 2440 5959 9874 2439 3671 9875 2470 3672 9876 2468 3633 9877 2438 3635 9878 2474 3674 9879 2443 3675 9880 2442 3632 9881 2472 3623 9882 2441 3622 9883 2443 3675 9884 2462 3676 9885 2460 5960 9886 2495 3677 9887 2446 3679 9888 2447 5961 9889 2478 3680 9890 2452 3682 9891 2482 5957 9892 2485 3683 9893 2487 3685 9894 2435 4000 9895 2430 3686 9896 2491 3688 9897 2437 5962 9898 2432 3689 9899 2494 3691 9900 2495 5963 9901 2460 3692 9902 2475 5964 9903 2471 3696 9904 2473 3695 9905 2471 3696 9906 2468 5965 9907 2472 3694 9908 2473 3695 9909 2472 3694 9910 2474 5966 9911 2468 5965 9912 2470 5967 9913 2469 5968 9914 2469 5968 9915 2472 3694 9916 2468 5965 9917 2449 5969 9918 2477 5970 9919 2478 5971 9920 2475 5972 9921 2445 5973 9922 2444 5974 9923 2499 3703 9924 2502 5975 9925 2561 3704 9926 2566 3706 9927 2569 5976 9928 2535 3707 9929 1380 2022 9930 1352 2021 9931 1284 1920 9932 2549 3710 9933 2548 5977 9934 2520 3711 9935 2531 3713 9936 2530 5978 9937 2559 3714 9938 2502 5975 9939 2499 3703 9940 2531 5979 9941 2506 3756 9942 2501 3758 9943 2539 5980 9944 958 5981 9945 906 3722 9946 959 5982 9947 906 3722 9948 961 5983 9949 836 3723 9950 961 5983 9951 960 5984 9952 892 5985 9953 892 5985 9954 893 5986 9955 961 5983 9956 893 5986 9957 836 3723 9958 961 5983 9959 836 3723 9960 890 5987 9961 891 3724 9962 891 3724 9963 837 5988 9964 907 5989 9965 907 5989 9966 959 5982 9967 891 3724 9968 891 3724 9969 959 5982 9970 906 3722 9971 2541 3725 9972 2544 3781 9973 2513 3726 9974 2562 5990 9975 2539 5991 9976 2538 5992 9977 2569 3731 9978 2568 5993 9979 2534 3732 9980 2517 3734 9981 2514 3778 9982 2545 3735 9983 2516 5994 9984 2543 5995 9985 2540 5996 9986 2522 5997 9987 2553 5998 9988 2552 5999 9989 2154 3281 9990 2159 5751 9991 2089 3743 9992 2089 3743 9993 2090 5702 9994 2084 3176 9995 2550 3744 9996 2551 6000 9997 2548 3745 9998 2553 3747 9999 2522 6001 10000 2525 3748 10001 2520 6002 10002 2548 6003 10003 2551 6004 10004 2557 6005 10005 2552 3753 10006 2554 3755 10007 2552 3753 10008 2553 6006 10009 2555 3754 10010 2554 3755 10011 2555 3754 10012 2556 6007 10013 2506 3756 10014 2565 3763 10015 2537 3757 10016 2568 3759 10017 2569 6008 10018 2566 3760 10019 2561 3704 10020 2560 6009 10021 2528 3762 10022 2565 3763 10023 2564 6010 10024 2536 3764 10025 2552 3765 10026 2557 6011 10027 2527 3766 10028 2555 3749 10029 2525 3748 10030 2526 6012 10031 2556 3771 10032 2526 6013 10033 2524 3772 10034 2541 3725 10035 2511 3727 10036 2512 6014 10037 2542 3777 10038 2512 6015 10039 2510 3739 10040 2514 3778 10041 2515 3780 10042 2546 3779 10043 2515 3780 10044 2513 3726 10045 2544 3781 10046 2534 6016 10047 2568 6017 10048 2567 6018 10049 2518 6019 10050 2551 6020 10051 2550 6021 10052 2527 6022 10053 2557 6023 10054 2554 6024 10055 2498 3789 10056 2504 6025 10057 2559 3790 10058 2538 3792 10059 2500 3958 10060 2508 3793 10061 2566 6026 10062 2533 6027 10063 2532 6028 10064 2540 3800 10065 2543 6029 10066 2544 6030 10067 2543 6029 10068 2547 6031 10069 2545 6032 10070 2544 6030 10071 2545 6032 10072 2546 6033 10073 2543 6029 10074 2545 6032 10075 2544 6030 10076 2544 6030 10077 2541 3798 10078 2540 3800 10079 2550 3801 10080 2549 6034 10081 2521 3802 10082 2516 3804 10083 2517 6035 10084 2547 3805 10085 2558 6036 10086 2559 3807 10087 2502 3809 10088 2559 3807 10089 2504 6037 10090 2503 3808 10091 2503 3808 10092 2505 6038 10093 2502 3809 10094 2505 6038 10095 2560 6039 10096 2561 6040 10097 2561 6040 10098 2502 3809 10099 2505 6038 10100 2571 3810 10101 2597 6041 10102 2629 3811 10103 2603 6042 10104 2637 6043 10105 2634 6044 10106 2588 6045 10107 2616 6046 10108 2617 6047 10109 2627 6048 10110 2598 6049 10111 2599 6050 10112 2599 3822 10113 2571 3810 10114 2574 3812 10115 2607 3824 10116 2573 3861 10117 2576 3825 10118 2562 6051 10119 2563 3827 10120 2506 3829 10121 2563 3827 10122 2508 6052 10123 2507 3828 10124 2507 3828 10125 2509 6053 10126 2506 3829 10127 2509 6053 10128 2564 6054 10129 2565 6055 10130 2565 6055 10131 2506 3829 10132 2509 6053 10133 2609 3830 10134 2579 3879 10135 2581 3831 10136 2630 3833 10137 2631 6056 10138 2606 3834 10139 2602 6057 10140 2636 6058 10141 2637 6059 10142 2585 6060 10143 2615 6061 10144 2613 6062 10145 2608 3842 10146 2611 6063 10147 2584 3843 10148 2590 3845 10149 2591 6064 10150 2620 3846 10151 2618 3848 10152 2617 6065 10153 2616 3849 10154 2621 3851 10155 2623 3873 10156 2593 3852 10157 2588 3854 10158 2586 6066 10159 2619 3855 10160 2621 6067 10161 2620 3857 10162 2623 3859 10163 2620 3857 10164 2625 6068 10165 2622 3858 10166 2623 3859 10167 2622 3858 10168 2624 6069 10169 2605 3860 10170 2633 3867 10171 2576 3825 10172 2636 3862 10173 2635 6070 10174 2634 3863 10175 2629 3811 10176 2597 6041 10177 2596 3865 10178 2633 3867 10179 2605 3860 10180 2604 3868 10181 2595 6071 10182 2625 6072 10183 2620 6073 10184 2623 3873 10185 2624 6074 10186 2594 3874 10187 2624 3875 10188 2622 3891 10189 2592 3876 10190 2609 3830 10191 2610 6075 10192 2580 3878 10193 2610 3880 10194 2608 3842 10195 2578 3844 10196 2614 3882 10197 2583 3883 10198 2582 3841 10199 2612 3832 10200 2581 3831 10201 2583 3883 10202 2602 3884 10203 2600 6076 10204 2635 3885 10205 2586 3887 10206 2587 6077 10207 2618 3888 10208 2595 3890 10209 2592 3876 10210 2622 3891 10211 2627 3893 10212 2575 6078 10213 2570 3894 10214 2606 6079 10215 2631 6080 10216 2577 6081 10217 2634 3899 10218 2635 6082 10219 2600 3900 10220 2615 6083 10221 2611 3904 10222 2613 3903 10223 2611 3904 10224 2608 6084 10225 2612 3902 10226 2613 3903 10227 2612 3902 10228 2614 6085 10229 2608 6084 10230 2610 6086 10231 2609 6087 10232 2609 6087 10233 2612 3902 10234 2608 6084 10235 2589 6088 10236 2617 6089 10237 2618 6090 10238 2615 6091 10239 2585 6092 10240 2584 6093 10241 2560 6009 10242 2505 3911 10243 2528 3762 10244 2505 3911 10245 2628 3866 10246 2596 3865 10247 896 4727 10248 841 3912 10249 868 1304 10250 841 3912 10251 964 1403 10252 936 1402 10253 1743 2665 10254 1675 2565 10255 1668 3913 10256 2424 3560 10257 2369 3915 10258 2396 3914 10259 2369 3915 10260 2492 3661 10261 2464 3916 10262 979 3917 10263 972 1531 10264 1042 1634 10265 544 783 10266 512 782 10267 444 681 10268 2488 3658 10269 2456 5952 10270 2388 3920 10271 1600 2460 10272 1605 5320 10273 1535 3921 10274 1535 3921 10275 1536 5267 10276 1528 2355 10277 1592 2329 10278 1537 3923 10279 1564 3922 10280 1537 3923 10281 1660 2432 10282 1632 3924 10283 342 4290 10284 287 3925 10285 314 480 10286 287 3925 10287 410 578 10288 382 577 10289 2216 3256 10290 2188 3255 10291 2120 3151 10292 2432 3689 10293 2437 5962 10294 2367 3927 10295 2367 3927 10296 2368 5909 10297 2362 3586 10298 624 1016 10299 629 4565 10300 559 3928 10301 559 3928 10302 560 4515 10303 554 913 10304 563 3929 10305 556 916 10306 626 1019 10307 1736 2662 10308 1741 5425 10309 1671 3931 10310 1671 3931 10311 1672 5380 10312 1666 2561 10313 338 4289 10314 283 3932 10315 306 479 10316 283 3932 10317 406 576 10318 374 575 10319 1452 5155 10320 1397 3933 10321 1424 2125 10322 1397 3933 10323 1520 2223 10324 1492 2222 10325 1040 1631 10326 1045 4894 10327 975 3934 10328 975 3934 10329 976 4843 10330 970 1528 10331 1598 2457 10332 1603 5319 10333 1531 3935 10334 1531 3935 10335 1532 5266 10336 1526 2352 10337 1318 2047 10338 1323 2046 10339 1253 3936 10340 1253 3936 10341 1254 1947 10342 1248 3937 10343 1866 5475 10344 1811 3938 10345 1834 2736 10346 1811 3938 10347 1934 2836 10348 1902 2835 10349 904 1430 10350 909 4786 10351 839 3939 10352 839 3939 10353 840 4740 10354 834 1333 10355 1180 1838 10356 1185 4998 10357 1113 3940 10358 1113 3940 10359 1114 4949 10360 1108 1736 10361 758 4611 10362 703 3941 10363 730 1097 10364 703 3941 10365 826 1200 10366 798 1199 10367 1870 5476 10368 1815 3942 10369 1842 2738 10370 1815 3942 10371 1938 2839 10372 1910 2838 10373 488 813 10374 493 4462 10375 423 3943 10376 423 3943 10377 424 4409 10378 418 713 10379 75 193 10380 5 91 10381 0 3944 10382 2294 3482 10383 2299 5859 10384 2229 3945 10385 2229 3945 10386 2230 5813 10387 2224 3387 10388 2286 5801 10389 2231 3946 10390 2258 3358 10391 2231 3946 10392 2354 3457 10393 2326 3456 10394 837 1331 10395 832 4739 10396 902 1428 10397 892 3947 10398 960 1400 10399 928 1399 10400 1605 6094 10401 1659 3949 10402 1535 2389 10403 1659 3949 10404 1658 6095 10405 1604 3948 10406 1604 3948 10407 1661 6096 10408 1537 5292 10409 1661 6096 10410 1660 6097 10411 1537 5292 10412 1537 5292 10413 1535 2389 10414 1604 3948 10415 1798 2637 10416 1770 2636 10417 1702 2535 10418 2350 3454 10419 2318 3453 10420 2250 3356 10421 2570 3894 10422 2575 6078 10423 2503 3952 10424 2503 3952 10425 2504 6025 10426 2498 3789 10427 202 276 10428 147 3954 10429 174 3953 10430 147 3954 10431 270 377 10432 242 3955 10433 764 1225 10434 769 4676 10435 697 3956 10436 697 3956 10437 698 4625 10438 692 1123 10439 2572 3898 10440 2577 3897 10441 2507 3957 10442 2507 3957 10443 2508 3793 10444 2500 3958 10445 1460 2251 10446 1465 5218 10447 1395 3959 10448 1395 3959 10449 1396 5167 10450 1388 2151 10451 1876 2864 10452 1881 5539 10453 1809 3960 10454 1809 3960 10455 1810 5487 10456 1804 2763 10457 766 1228 10458 771 4677 10459 701 3961 10460 701 3961 10461 702 4626 10462 694 1126 10463 480 4396 10464 425 3962 10465 452 684 10466 425 3962 10467 548 786 10468 520 785 10469 1257 1950 10470 1250 5058 10471 1320 2050 10472 266 375 10473 234 4228 10474 166 3963 10475 754 1096 10476 699 3965 10477 722 3964 10478 699 3965 10479 822 1198 10480 790 3966 10481 1102 1605 10482 1074 4884 10483 1006 3967 10484 1030 4832 10485 977 3968 10486 998 1503 10487 977 3968 10488 1098 1604 10489 1066 1603 10490 128 166 10491 96 165 10492 28 62 10493 1170 1710 10494 1115 3971 10495 1138 3970 10496 1115 3971 10497 1238 1811 10498 1206 3972 10499 64 4055 10500 9 3973 10501 36 64 10502 9 3973 10503 132 169 10504 104 168 10505 2144 5687 10506 2091 3974 10507 2112 3149 10508 2091 3974 10509 2212 3253 10510 2180 3252 10511 1448 5154 10512 1393 3975 10513 1416 2123 10514 1393 3975 10515 1516 2220 10516 1484 2219 10517 1726 5365 10518 1673 3976 10519 1694 2533 10520 1673 3976 10521 1794 2634 10522 1762 2633 10523 2006 2945 10524 1951 3978 10525 1974 3977 10526 1951 3978 10527 2074 3047 10528 2042 3979 10529 348 603 10530 353 4347 10531 281 3980 10532 281 3980 10533 282 4305 10534 276 505 10535 2016 3075 10536 2021 5640 10537 1949 3981 10538 1949 3981 10539 1950 5590 10540 1944 2970 10541 1724 6098 10542 1725 3982 10543 1670 3983 10544 1725 3982 10545 1672 6099 10546 1671 2475 10547 1671 2475 10548 1673 5336 10549 1670 3983 10550 1673 5336 10551 1726 6100 10552 1727 6101 10553 1727 6101 10554 1670 3983 10555 1673 5336 10556 2161 3216 10557 2160 3215 10558 2092 3111 10559 2160 3215 10560 2217 6102 10561 2092 3111 10562 2217 6102 10563 2216 6103 10564 2148 6104 10565 2148 6104 10566 2149 6105 10567 2217 6102 10568 2149 6105 10569 2092 3111 10570 2217 6102 10571 2575 6106 10572 2627 3986 10573 2503 3808 10574 2627 3986 10575 2626 6107 10576 2574 3985 10577 2574 3985 10578 2629 6108 10579 2505 6038 10580 2629 6108 10581 2628 6109 10582 2505 6038 10583 2505 6038 10584 2503 3808 10585 2574 3985 10586 631 952 10587 630 951 10588 562 848 10589 630 951 10590 687 6110 10591 562 848 10592 687 6110 10593 686 6111 10594 618 6112 10595 618 6112 10596 619 6113 10597 687 6110 10598 619 6113 10599 562 848 10600 687 6110 10601 2577 6114 10602 2631 3989 10603 2507 3828 10604 2631 3989 10605 2630 6115 10606 2576 3988 10607 2576 3988 10608 2633 6116 10609 2509 6053 10610 2633 6116 10611 2632 6117 10612 2509 6053 10613 2509 6053 10614 2507 3828 10615 2576 3988 10616 614 4504 10617 561 3990 10618 582 888 10619 561 3990 10620 682 989 10621 650 988 10622 2018 3078 10623 2023 5641 10624 1953 3991 10625 1953 3991 10626 1954 5591 10627 1946 2973 10628 1588 2327 10629 1533 3993 10630 1556 3992 10631 1533 3993 10632 1656 2429 10633 1624 3994 10634 1045 6118 10635 1097 3996 10636 975 1547 10637 1097 3996 10638 1096 6119 10639 1044 3995 10640 1044 3995 10641 1099 6120 10642 977 4856 10643 1099 6120 10644 1098 6121 10645 977 4856 10646 977 4856 10647 975 1547 10648 1044 3995 10649 2564 6010 10650 2509 3997 10651 2536 3764 10652 2509 3997 10653 2632 3869 10654 2604 3868 10655 1182 1841 10656 1187 4999 10657 1117 3998 10658 1117 3998 10659 1118 4950 10660 1110 1739 10661 2435 3652 10662 2434 5948 10663 2364 3999 10664 2434 5948 10665 2489 6122 10666 2364 3999 10667 2489 6122 10668 2488 6123 10669 2420 6124 10670 2420 6124 10671 2421 6125 10672 2489 6122 10673 2421 6125 10674 2364 3999 10675 2489 6122 10676 2435 4000 10677 2365 5908 10678 2360 3583 10679 340 6126 10680 341 4001 10681 284 4002 10682 341 4001 10683 286 6127 10684 285 441 10685 285 441 10686 287 4266 10687 284 4002 10688 287 4266 10689 342 6128 10690 343 6129 10691 343 6129 10692 284 4002 10693 287 4266 10694 1883 6130 10695 1937 4004 10696 1813 2798 10697 1937 4004 10698 1936 6131 10699 1882 4003 10700 1882 4003 10701 1939 6132 10702 1815 5510 10703 1939 6132 10704 1938 6133 10705 1815 5510 10706 1815 5510 10707 1813 2798 10708 1882 4003 10709 72 196 10710 77 4136 10711 7 4005 10712 7 4005 10713 8 4067 10714 2 93 10715 756 6134 10716 757 4006 10717 700 4007 10718 757 4006 10719 702 6135 10720 701 1054 10721 701 1054 10722 703 4588 10723 700 4007 10724 703 4588 10725 758 6136 10726 759 6137 10727 759 6137 10728 700 4007 10729 703 4588 10730 1047 1567 10731 1046 1566 10732 978 1465 10733 1046 1566 10734 1103 6138 10735 978 1465 10736 1103 6138 10737 1102 6139 10738 1034 6140 10739 1034 6140 10740 1035 6141 10741 1103 6138 10742 1035 6141 10743 978 1465 10744 1103 6138 10745 1172 6142 10746 1173 4009 10747 1116 4010 10748 1173 4009 10749 1118 6143 10750 1117 1669 10751 1117 1669 10752 1119 4917 10753 1116 4010 10754 1119 4917 10755 1174 6144 10756 1175 6145 10757 1175 6145 10758 1116 4010 10759 1119 4917 10760 213 369 10761 212 4226 10762 142 4011 10763 212 4226 10764 267 6146 10765 142 4011 10766 267 6146 10767 266 6147 10768 198 6148 10769 198 6148 10770 199 6149 10771 267 6146 10772 199 6149 10773 142 4011 10774 267 6146 10775 1743 2598 10776 1742 2597 10777 1674 6150 10778 1742 6151 10779 1799 6152 10780 1674 6153 10781 1799 6154 10782 1798 6155 10783 1730 6155 10784 1730 6156 10785 1731 6157 10786 1799 6158 10787 1731 6159 10788 1674 6160 10789 1799 6161 10790 612 6162 10791 613 4014 10792 558 4015 10793 613 4014 10794 560 6163 10795 559 828 10796 559 828 10797 561 4478 10798 558 4015 10799 561 4478 10800 614 6164 10801 615 6165 10802 615 6165 10803 558 4015 10804 561 4478 10805 1878 2867 10806 1883 5540 10807 1813 4016 10808 1813 4016 10809 1814 5488 10810 1806 2766 10811</p>
        </triangles>
        <triangles material="Wheel_002-material" count="26">
          <input semantic="VERTEX" source="#Plane_042-mesh-vertices" offset="0"/>
          <input semantic="NORMAL" source="#Plane_042-mesh-normals" offset="1"/>
          <input semantic="TEXCOORD" source="#Plane_042-mesh-map-0" offset="2" set="0"/>
          <p>3144 6166 10812 3131 6167 10813 3137 6168 10814 3147 6169 10815 3120 6170 10816 3146 6171 10817 3120 6170 10818 3121 6172 10819 3122 6173 10820 3123 6174 10821 3120 6170 10822 3122 6173 10823 3123 6174 10824 3124 6175 10825 3120 6170 10826 3124 6175 10827 3125 6176 10828 3144 6166 10829 3144 6166 10830 3125 6176 10831 3131 6167 10832 3125 6176 10833 3126 6177 10834 3130 6178 10835 3126 6177 10836 3127 6179 10837 3129 6180 10838 3125 6176 10839 3130 6178 10840 3131 6167 10841 3127 6179 10842 3128 6181 10843 3129 6180 10844 3129 6180 10845 3130 6178 10846 3126 6177 10847 3131 6167 10848 3132 6182 10849 3137 6168 10850 3132 6182 10851 3133 6183 10852 3136 6184 10853 3133 6183 10854 3134 6185 10855 3135 6186 10856 3135 6186 10857 3136 6184 10858 3133 6183 10859 3136 6184 10860 3137 6168 10861 3132 6182 10862 3137 6168 10863 3138 6187 10864 3144 6166 10865 3138 6187 10866 3139 6188 10867 3143 6189 10868 3139 6188 10869 3140 6190 10870 3142 6191 10871 3140 6190 10872 3141 6192 10873 3142 6191 10874 3142 6191 10875 3143 6189 10876 3139 6188 10877 3143 6189 10878 3144 6166 10879 3138 6187 10880 3144 6166 10881 3145 6193 10882 3124 6175 10883 3124 6175 10884 3145 6193 10885 3120 6170 10886 3145 6193 10887 3146 6171 10888 3120 6170 10889</p>
        </triangles>
        <triangles material="Wheel-material" count="964">
          <input semantic="VERTEX" source="#Plane_042-mesh-vertices" offset="0"/>
          <input semantic="NORMAL" source="#Plane_042-mesh-normals" offset="1"/>
          <input semantic="TEXCOORD" source="#Plane_042-mesh-map-0" offset="2" set="0"/>
          <p>3002 6194 10890 2754 6195 10891 2761 6196 10892 2974 6197 10893 2969 6198 10894 2976 6199 10895 2976 6199 10896 2969 6198 10897 2967 6200 10898 2884 6201 10899 2642 6202 10900 2643 6203 10901 2749 6204 10902 2764 6205 10903 2757 6206 10904 2817 6207 10905 2819 6208 10906 2827 6209 10907 2923 6210 10908 2916 6211 10909 2914 6212 10910 3032 6213 10911 2784 6214 10912 2791 6215 10913 2919 6216 10914 2670 6217 10915 2678 6218 10916 2769 6219 10917 3002 6194 10918 2761 6196 10919 2981 6220 10920 2976 6199 10921 2984 6221 10922 2708 6222 10923 2941 6223 10924 2700 6224 10925 2901 6225 10926 2888 6226 10927 2893 6227 10928 3068 6228 10929 3057 6229 10930 3060 6230 10931 2966 6231 10932 2961 6232 10933 2969 6198 10934 3057 6229 10935 3052 6233 10936 3060 6230 10937 2883 6234 10938 2845 6235 10939 2642 6202 10940 3027 6236 10941 3022 6237 10942 3029 6238 10943 3019 6239 10944 3014 6240 10945 3022 6237 10946 3042 6241 10947 3037 6242 10948 3045 6243 10949 3076 6244 10950 3065 6245 10951 3068 6228 10952 2926 6246 10953 2678 6218 10954 2685 6247 10955 2923 6210 10956 2913 6248 10957 2916 6211 10958 2931 6249 10959 2921 6250 10960 2923 6210 10961 3017 6251 10962 2769 6219 10963 2776 6252 10964 3025 6253 10965 2776 6252 10966 2784 6214 10967 3086 6254 10968 2838 6255 10969 2845 6235 10970 2848 6256 10971 2850 6257 10972 2651 6258 10973 2688 6259 10974 2690 6260 10975 2697 6261 10976 2941 6223 10977 2693 6262 10978 2700 6224 10979 2999 6263 10980 2992 6264 10981 2990 6265 10982 2989 6266 10983 2984 6221 10984 2992 6264 10985 2904 6267 10986 2655 6268 10987 2663 6269 10988 2764 6205 10989 2766 6270 10990 2773 6271 10991 2957 6272 10992 2708 6222 10993 2716 6273 10994 2946 6274 10995 2936 6275 10996 2938 6276 10997 2964 6277 10998 2716 6273 10999 2723 6278 11000 2814 6279 11001 3048 6280 11002 2807 6281 11003 3050 6282 11004 3045 6243 11005 3052 6233 11006 2972 6283 11007 2723 6278 11008 2731 6284 11009 3079 6285 11010 2830 6286 11011 2838 6255 11012 3048 6280 11013 2799 6287 11014 2807 6281 11015 2833 6288 11016 2835 6289 11017 2842 6290 11018 2934 6291 11019 2685 6247 11020 2693 6262 11021 2648 6292 11022 2658 6293 11023 2659 6294 11024 2642 6202 11025 2639 6295 11026 2643 6203 11027 2639 6295 11028 2640 6296 11029 2641 6297 11030 2652 6298 11031 2646 6299 11032 2647 6300 11033 2851 6301 11034 2656 6302 11035 2645 6303 11036 2640 6296 11037 2645 6303 11038 2641 6297 11039 2851 6301 11040 2650 6304 11041 2649 6305 11042 2889 6306 11043 2893 6227 11044 2892 6307 11045 2643 6203 11046 2653 6308 11047 2655 6268 11048 2653 6308 11049 2641 6297 11050 2654 6309 11051 2660 6310 11052 2647 6300 11053 2657 6311 11054 2853 6312 11055 2664 6313 11056 2656 6302 11057 2654 6309 11058 2645 6303 11059 2656 6302 11060 2853 6312 11061 2649 6305 11062 2659 6294 11063 2658 6293 11064 2652 6298 11065 2660 6310 11066 2653 6308 11067 2663 6269 11068 2655 6268 11069 2661 6314 11070 2654 6309 11071 2662 6315 11072 2655 6268 11073 2884 6201 11074 2643 6203 11075 2667 6316 11076 2657 6311 11077 2665 6317 11078 2854 6318 11079 2671 6319 11080 2664 6313 11081 2662 6315 11082 2656 6302 11083 2664 6313 11084 2854 6318 11085 2659 6294 11086 2666 6320 11087 3043 6321 11088 3035 6322 11089 3036 6323 11090 2663 6269 11091 2668 6324 11092 2670 6217 11093 2668 6324 11094 2662 6315 11095 2669 6325 11096 2675 6326 11097 2665 6317 11098 2672 6327 11099 2855 6328 11100 2679 6329 11101 2671 6319 11102 2669 6325 11103 2664 6313 11104 2671 6319 11105 2855 6328 11106 2666 6320 11107 2674 6330 11108 2670 6217 11109 2676 6331 11110 2678 6218 11111 2676 6331 11112 2669 6325 11113 2677 6332 11114 2682 6333 11115 2672 6327 11116 2680 6334 11117 2856 6335 11118 2686 6336 11119 2679 6329 11120 2677 6332 11121 2671 6319 11122 2679 6329 11123 2711 6337 11124 2726 6338 11125 2719 6339 11126 2856 6335 11127 2674 6330 11128 2681 6340 11129 2678 6218 11130 2683 6341 11131 2685 6247 11132 2683 6341 11133 2677 6332 11134 2684 6342 11135 2690 6260 11136 2680 6334 11137 2687 6343 11138 2857 6344 11139 2694 6345 11140 2686 6336 11141 2677 6332 11142 2686 6336 11143 2684 6342 11144 2857 6344 11145 2681 6340 11146 2689 6346 11147 2685 6247 11148 2691 6347 11149 2693 6262 11150 2691 6347 11151 2684 6342 11152 2692 6348 11153 2987 6349 11154 2738 6350 11155 2746 6351 11156 2697 6261 11157 2687 6343 11158 2695 6352 11159 2858 6353 11160 2701 6354 11161 2694 6345 11162 2684 6342 11163 2694 6345 11164 2692 6348 11165 2858 6353 11166 2689 6346 11167 2696 6355 11168 2938 6276 11169 2931 6249 11170 2929 6356 11171 2693 6262 11172 2698 6357 11173 2700 6224 11174 2698 6357 11175 2692 6348 11176 2699 6358 11177 3063 6359 11178 2814 6279 11179 2822 6360 11180 2705 6361 11181 2695 6352 11182 2702 6362 11183 2859 6363 11184 2709 6364 11185 2701 6354 11186 2692 6348 11187 2701 6354 11188 2699 6358 11189 2859 6363 11190 2696 6355 11191 2704 6365 11192 2698 6357 11193 2708 6222 11194 2700 6224 11195 2706 6366 11196 2699 6358 11197 2707 6367 11198 2705 6361 11199 2710 6368 11200 2713 6369 11201 2860 6370 11202 2717 6371 11203 2709 6364 11204 2707 6367 11205 2701 6354 11206 2709 6364 11207 2860 6370 11208 2704 6365 11209 2712 6372 11210 2711 6337 11211 2705 6361 11212 2713 6369 11213 2706 6366 11214 2716 6273 11215 2708 6222 11216 2706 6366 11217 2715 6373 11218 2714 6374 11219 2995 6375 11220 2746 6351 11221 2754 6195 11222 2713 6369 11223 2718 6376 11224 2720 6377 11225 2717 6371 11226 2862 6378 11227 2724 6379 11228 2715 6373 11229 2709 6364 11230 2717 6371 11231 2861 6380 11232 2712 6372 11233 2719 6339 11234 2961 6232 11235 2954 6381 11236 2952 6382 11237 2714 6374 11238 2723 6278 11239 2716 6273 11240 2714 6374 11241 2722 6383 11242 2721 6384 11243 2738 6350 11244 2972 6283 11245 2731 6284 11246 2720 6377 11247 2725 6385 11248 2728 6386 11249 2724 6379 11250 2863 6387 11251 2732 6388 11252 2722 6383 11253 2717 6371 11254 2724 6379 11255 2861 6380 11256 2727 6389 11257 2862 6378 11258 2723 6278 11259 2729 6390 11260 2731 6284 11261 2721 6384 11262 2730 6391 11263 2729 6390 11264 2728 6386 11265 2733 6392 11266 2735 6393 11267 2732 6388 11268 2864 6394 11269 2739 6395 11270 2722 6383 11271 2732 6388 11272 2730 6391 11273 2862 6378 11274 2734 6396 11275 2863 6387 11276 2711 6337 11277 2713 6369 11278 2720 6377 11279 2731 6284 11280 2736 6397 11281 2738 6350 11282 2729 6390 11283 2737 6398 11284 2736 6397 11285 2892 6307 11286 3088 6399 11287 3091 6400 11288 2735 6393 11289 2740 6401 11290 2743 6402 11291 2739 6395 11292 2865 6403 11293 2747 6404 11294 2730 6391 11295 2739 6395 11296 2737 6398 11297 2863 6387 11298 2742 6405 11299 2864 6394 11300 2738 6350 11301 2744 6406 11302 2746 6351 11303 2736 6397 11304 2745 6407 11305 2744 6406 11306 2743 6402 11307 2748 6408 11308 2751 6409 11309 2747 6404 11310 2866 6410 11311 2755 6411 11312 2737 6398 11313 2747 6404 11314 2745 6407 11315 2864 6394 11316 2750 6412 11317 2865 6403 11318 2741 6413 11319 2751 6409 11320 2749 6204 11321 2744 6406 11322 2754 6195 11323 2746 6351 11324 2744 6406 11325 2753 6414 11326 2752 6415 11327 2893 6227 11328 2887 6416 11329 2892 6307 11330 2751 6409 11331 2756 6417 11332 2758 6418 11333 2755 6411 11334 2867 6419 11335 2762 6420 11336 2753 6414 11337 2747 6404 11338 2755 6411 11339 2865 6403 11340 2757 6206 11341 2866 6410 11342 2752 6415 11343 2761 6196 11344 2754 6195 11345 2752 6415 11346 2760 6421 11347 2759 6422 11348 2758 6418 11349 2763 6423 11350 2766 6270 11351 2762 6420 11352 2868 6424 11353 2770 6425 11354 2760 6421 11355 2755 6411 11356 2762 6420 11357 2866 6410 11358 2765 6426 11359 2867 6419 11360 2759 6422 11361 2769 6219 11362 2761 6196 11363 2759 6422 11364 2768 6427 11365 2767 6428 11366 2911 6429 11367 2663 6269 11368 2670 6217 11369 2766 6270 11370 2771 6430 11371 2773 6271 11372 2770 6425 11373 2869 6431 11374 2777 6432 11375 2768 6427 11376 2762 6420 11377 2770 6425 11378 2867 6419 11379 2772 6433 11380 2868 6424 11381 3014 6240 11382 3007 6434 11383 3005 6435 11384 2767 6428 11385 2776 6252 11386 2769 6219 11387 2767 6428 11388 2775 6436 11389 2774 6437 11390 2773 6271 11391 2778 6438 11392 2781 6439 11393 2777 6432 11394 2870 6440 11395 2785 6441 11396 2768 6427 11397 2777 6432 11398 2775 6436 11399 2868 6424 11400 2780 6442 11401 2869 6431 11402 2774 6437 11403 2784 6214 11404 2776 6252 11405 2774 6437 11406 2783 6443 11407 2782 6444 11408 2799 6287 11409 3032 6213 11410 2791 6215 11411 2781 6439 11412 2786 6445 11413 2788 6446 11414 2785 6441 11415 2871 6447 11416 2792 6448 11417 2775 6436 11418 2785 6441 11419 2783 6443 11420 2869 6431 11421 2787 6449 11422 2870 6440 11423 3029 6238 11424 3022 6237 11425 3020 6450 11426 2784 6214 11427 2789 6451 11428 2791 6215 11429 2782 6444 11430 2790 6452 11431 2789 6451 11432 2788 6446 11433 2793 6453 11434 2796 6454 11435 2792 6448 11436 2872 6455 11437 2800 6456 11438 2783 6443 11439 2792 6448 11440 2790 6452 11441 2870 6440 11442 2795 6457 11443 2871 6447 11444 2789 6451 11445 2799 6287 11446 2791 6215 11447 2789 6451 11448 2798 6458 11449 2797 6459 11450 2908 6460 11451 2898 6461 11452 2901 6225 11453 2796 6454 11454 2801 6462 11455 2804 6463 11456 2800 6456 11457 2873 6464 11458 2808 6465 11459 2790 6452 11460 2800 6456 11461 2798 6458 11462 2871 6447 11463 2803 6466 11464 2872 6455 11465 2794 6467 11466 2804 6463 11467 2802 6468 11468 2797 6459 11469 2807 6281 11470 2799 6287 11471 2805 6469 11472 2798 6458 11473 2806 6470 11474 2938 6276 11475 2928 6471 11476 2931 6249 11477 2804 6463 11478 2809 6472 11479 2811 6473 11480 2808 6465 11481 2874 6474 11482 2815 6475 11483 2806 6470 11484 2800 6456 11485 2808 6465 11486 2872 6455 11487 2810 6476 11488 2873 6464 11489 3052 6233 11490 3045 6243 11491 3043 6321 11492 2805 6469 11493 2814 6279 11494 2807 6281 11495 2812 6477 11496 2806 6470 11497 2813 6478 11498 2811 6473 11499 2816 6479 11500 2819 6208 11501 2874 6474 11502 2823 6480 11503 2815 6475 11504 2813 6478 11505 2808 6465 11506 2815 6475 11507 2826 6481 11508 2818 6482 11509 2817 6207 11510 2873 6464 11511 2818 6482 11512 2874 6474 11513 2812 6477 11514 2822 6360 11515 2814 6279 11516 2820 6483 11517 2813 6478 11518 2821 6484 11519 3071 6485 11520 2822 6360 11521 2830 6286 11522 2827 6209 11523 2816 6479 11524 2824 6486 11525 2875 6487 11526 2831 6488 11527 2823 6480 11528 2821 6484 11529 2815 6475 11530 2823 6480 11531 2875 6487 11532 2818 6482 11533 2826 6481 11534 3068 6228 11535 3058 6489 11536 3066 6490 11537 2822 6360 11538 2828 6491 11539 2830 6286 11540 2828 6491 11541 2821 6484 11542 2829 6492 11543 2835 6289 11544 2824 6486 11545 2832 6493 11546 2876 6494 11547 2839 6495 11548 2831 6488 11549 2821 6484 11550 2831 6488 11551 2829 6492 11552 2876 6494 11553 2826 6481 11554 2834 6496 11555 2830 6286 11556 2836 6497 11557 2838 6255 11558 2836 6497 11559 2829 6492 11560 2837 6498 11561 2842 6290 11562 2832 6493 11563 2840 6499 11564 2877 6500 11565 2846 6501 11566 2839 6495 11567 2829 6492 11568 2839 6495 11569 2837 6498 11570 2877 6500 11571 2834 6496 11572 2841 6502 11573 3083 6503 11574 3076 6244 11575 3074 6504 11576 2838 6255 11577 2843 6505 11578 2845 6235 11579 2889 6306 11580 3089 6506 11581 2891 6507 11582 2850 6257 11583 2840 6499 11584 2847 6508 11585 2878 6509 11586 2644 6510 11587 2846 6501 11588 2837 6498 11589 2846 6501 11590 2844 6511 11591 2878 6509 11592 2841 6502 11593 2849 6512 11594 2843 6505 11595 2642 6202 11596 2845 6235 11597 2651 6258 11598 2847 6508 11599 2646 6299 11600 2640 6296 11601 2846 6501 11602 2644 6510 11603 2852 6513 11604 2849 6512 11605 2650 6304 11606 2883 6234 11607 2880 6514 11608 2879 6515 11609 2880 6514 11610 2881 6516 11611 2879 6515 11612 3091 6400 11613 3081 6517 11614 3083 6503 11615 3094 6518 11616 2890 6519 11617 3092 6520 11618 2886 6521 11619 2881 6516 11620 2882 6522 11621 3013 6523 11622 3108 6524 11623 3109 6525 11624 2884 6201 11625 2894 6526 11626 2880 6514 11627 2894 6526 11628 2882 6522 11629 2880 6514 11630 3092 6520 11631 2891 6507 11632 3093 6527 11633 2895 6528 11634 2886 6521 11635 2882 6522 11636 3021 6529 11637 3109 6525 11638 3110 6530 11639 2899 6531 11640 2893 6227 11641 2889 6306 11642 2904 6267 11643 2894 6526 11644 2896 6532 11645 2902 6533 11646 2895 6528 11647 2894 6526 11648 2983 6534 11649 3104 6535 11650 3105 6536 11651 2903 6537 11652 2897 6538 11653 2895 6528 11654 3028 6539 11655 3110 6530 11656 3111 6540 11657 2658 6293 11658 2660 6310 11659 2667 6316 11660 2904 6267 11661 2909 6541 11662 2902 6533 11663 2909 6541 11664 2903 6537 11665 2902 6533 11666 3112 6542 11667 3026 6543 11668 3033 6544 11669 2910 6545 11670 2905 6546 11671 2903 6537 11672 3036 6323 11673 3111 6540 11674 3112 6542 11675 2911 6429 11676 2917 6547 11677 2909 6541 11678 2917 6547 11679 2910 6545 11680 2909 6541 11681 3113 6548 11682 3033 6544 11683 3041 6549 11684 2918 6550 11685 2912 6551 11686 2910 6545 11687 3044 6552 11688 3112 6542 11689 3113 6548 11690 2673 6553 11691 2675 6326 11692 2682 6333 11693 2919 6216 11694 2924 6554 11695 2917 6547 11696 2924 6554 11697 2918 6550 11698 2917 6547 11699 3119 6555 11700 3082 6556 11701 3118 6557 11702 2927 6558 11703 2918 6550 11704 2925 6559 11705 3051 6560 11706 3113 6548 11707 3114 6561 11708 2926 6246 11709 2932 6562 11710 2924 6554 11711 2932 6562 11712 2925 6559 11713 2924 6554 11714 2951 6563 11715 2946 6274 11716 2954 6381 11717 3115 6564 11718 3049 6565 11719 3056 6566 11720 2935 6567 11721 2925 6559 11722 2933 6568 11723 3100 6569 11724 2950 6570 11725 3101 6571 11726 3078 6572 11727 3077 6573 11728 3084 6574 11729 2934 6291 11730 2939 6575 11731 2932 6562 11732 2939 6575 11733 2933 6568 11734 2932 6562 11735 3064 6576 11736 3115 6564 11737 3056 6566 11738 2942 6577 11739 2933 6568 11740 2940 6578 11741 2959 6579 11742 2954 6381 11743 2961 6232 11744 3116 6580 11745 3059 6581 11746 3115 6564 11747 2949 6582 11748 2939 6575 11749 2941 6223 11750 2947 6583 11751 2940 6578 11752 2939 6575 11753 2997 6584 11754 2992 6264 11755 2999 6263 11756 3116 6580 11757 3072 6585 11758 3117 6586 11759 2948 6587 11760 2942 6577 11761 2940 6578 11762 3117 6586 11763 3067 6588 11764 3116 6580 11765 2952 6382 11766 2946 6274 11767 2944 6589 11768 2957 6272 11769 2947 6583 11770 2949 6582 11771 2956 6590 11772 2947 6583 11773 2955 6591 11774 3034 6592 11775 3029 6238 11776 3037 6242 11777 2956 6590 11778 2950 6570 11779 2948 6587 11780 3118 6557 11781 3075 6593 11782 3117 6586 11783 2964 6277 11784 2955 6591 11785 2957 6272 11786 2963 6594 11787 2955 6591 11788 2962 6595 11789 3098 6596 11790 2922 6597 11791 3097 6598 11792 2963 6594 11793 2958 6599 11794 2956 6590 11795 3102 6600 11796 2953 6601 11797 3101 6571 11798 2964 6277 11799 2970 6602 11800 2962 6595 11801 2971 6603 11802 2962 6595 11803 2970 6602 11804 2897 6538 11805 3092 6520 11806 2886 6521 11807 2973 6604 11808 2963 6594 11809 2971 6603 11810 3095 6605 11811 2912 6551 11812 3096 6606 11813 2726 6338 11814 2728 6386 11815 2735 6393 11816 2972 6283 11817 2977 6607 11818 2970 6602 11819 2978 6608 11820 2970 6602 11821 2977 6607 11822 2975 6609 11823 3103 6610 11824 3104 6535 11825 2980 6611 11826 2971 6603 11827 2978 6608 11828 2998 6612 11829 3106 6613 11830 3107 6614 11831 2979 6615 11832 2985 6616 11833 2977 6607 11834 2986 6617 11835 2977 6607 11836 2985 6616 11837 3012 6618 11838 3007 6434 11839 3014 6240 11840 3099 6619 11841 2930 6620 11842 3098 6596 11843 2988 6621 11844 2978 6608 11845 2986 6617 11846 2958 6599 11847 3101 6571 11848 2950 6570 11849 2992 6264 11850 2982 6622 11851 2990 6265 11852 2995 6375 11853 2985 6616 11854 2987 6349 11855 2994 6623 11856 2985 6616 11857 2993 6624 11858 3004 6625 11859 2999 6263 11860 3007 6434 11861 2968 6626 11862 3102 6600 11863 3103 6610 11864 2994 6623 11865 2988 6621 11866 2986 6617 11867 2991 6627 11868 3105 6536 11869 3106 6613 11870 2749 6204 11871 2751 6409 11872 2758 6418 11873 3002 6194 11874 2993 6624 11875 2995 6375 11876 3001 6628 11877 2993 6624 11878 3000 6629 11879 3097 6598 11880 2915 6630 11881 3096 6606 11882 3001 6628 11883 2996 6631 11884 2994 6623 11885 2942 6577 11886 3099 6619 11887 2935 6567 11888 3010 6632 11889 3000 6629 11890 3002 6194 11891 3009 6633 11892 3000 6629 11893 3008 6634 11894 3083 6503 11895 3073 6635 11896 3076 6244 11897 3093 6527 11898 3090 6636 11899 3119 6555 11900 3009 6633 11901 3003 6637 11902 3001 6628 11903 2990 6265 11904 2982 6622 11905 2983 6534 11906 2935 6567 11907 3098 6596 11908 2927 6558 11909 2908 6460 11910 2901 6225 11911 2899 6531 11912 3017 6251 11913 3008 6634 11914 3010 6632 11915 3016 6638 11916 3008 6634 11917 3015 6639 11918 3111 6540 11919 3018 6640 11920 3026 6543 11921 3018 6640 11922 3009 6633 11923 3016 6638 11924 3106 6613 11925 2980 6611 11926 2988 6621 11927 3025 6253 11928 3015 6639 11929 3017 6251 11930 3024 6641 11931 3015 6639 11932 3023 6642 11933 3105 6536 11934 2973 6604 11935 2980 6611 11936 3026 6543 11937 3016 6638 11938 3024 6641 11939 3096 6606 11940 2920 6643 11941 3097 6598 11942 3025 6253 11943 3030 6644 11944 3023 6642 11945 3031 6645 11946 3023 6642 11947 3030 6644 11948 3101 6571 11949 2945 6646 11950 3100 6569 11951 3033 6544 11952 3024 6641 11953 3031 6645 11954 3104 6535 11955 2965 6647 11956 2973 6604 11957 3040 6648 11958 3030 6644 11959 3032 6213 11960 3039 6649 11961 3030 6644 11962 3038 6650 11963 3096 6606 11964 2907 6651 11965 3095 6605 11966 3041 6549 11967 3031 6645 11968 3039 6649 11969 3103 6610 11970 2958 6599 11971 2965 6647 11972 3045 6243 11973 3035 6322 11974 3043 6321 11975 3048 6280 11976 3038 6650 11977 3040 6648 11978 3046 6652 11979 3039 6649 11980 3038 6650 11981 3080 6653 11982 3117 6586 11983 3072 6585 11984 3047 6654 11985 3041 6549 11986 3039 6649 11987 3059 6581 11988 3114 6561 11989 3115 6564 11990 2944 6589 11991 2929 6356 11992 2937 6655 11993 3055 6656 11994 3046 6652 11995 3048 6280 11996 3053 6657 11997 3047 6654 11998 3046 6652 11999 3093 6527 12000 2886 6521 12001 3092 6520 12002 3054 6658 12003 3049 6565 12004 3047 6654 12005 3110 6530 12006 3011 6659 12007 3018 6640 12008 3063 6359 12009 3053 6657 12010 3055 6656 12011 3061 6660 12012 3054 6658 12013 3053 6657 12014 3094 6518 12015 2905 6546 12016 3095 6605 12017 3062 6661 12018 3056 6566 12019 3054 6658 12020 3108 6524 12021 2996 6631 12022 3003 6637 12023 2802 6468 12024 2804 6463 12025 2811 6473 12026 3063 6359 12027 3069 6662 12028 3061 6660 12029 3069 6662 12030 3062 6661 12031 3061 6660 12032 3118 6557 12033 3087 6663 12034 3119 6555 12035 3072 6585 12036 3062 6661 12037 3070 6664 12038 3107 6614 12039 2988 6621 12040 2996 6631 12041 3071 6485 12042 3077 6573 12043 3069 6662 12044 3077 6573 12045 3070 6664 12046 3069 6662 12047 3109 6525 12048 3003 6637 12049 3011 6659 12050 3080 6653 12051 3070 6664 12052 3078 6572 12053 2927 6558 12054 3097 6598 12055 2920 6643 12056 2779 6665 12057 2781 6439 12058 2788 6446 12059 3079 6285 12060 3084 6574 12061 3077 6573 12062 2843 6505 12063 2837 6498 12064 2844 6511 12065 3100 6569 12066 2937 6655 12067 3099 6619 12068 3087 6663 12069 3078 6572 12070 3085 6666 12071 3114 6561 12072 3041 6549 12073 3049 6565 12074 2883 6234 12075 3084 6574 12076 3086 6254 12077 3095 6605 12078 2900 6667 12079 3094 6518 12080 2881 6516 12081 3087 6663 12082 3085 6666 12083 3006 6668 12084 3107 6614 12085 3108 6524 12086 2852 6513 12087 2645 6303 12088 2644 6510 12089 3119 6555 12090 2885 6669 12091 3093 6527 12092 2916 6211 12093 2906 6670 12094 2908 6460 12095 2906 6670 12096 3124 6175 12097 3123 6174 12098 2951 6563 12099 3128 6181 12100 2943 6671 12101 2928 6471 12102 3127 6179 12103 3126 6177 12104 3081 6517 12105 3147 6169 12106 3146 6171 12107 2966 6231 12108 3130 6178 12109 2959 6579 12110 2981 6220 12111 3134 6185 12112 3133 6183 12113 2959 6579 12114 3129 6180 12115 2951 6563 12116 3004 6625 12117 3135 6186 12118 2997 6584 12119 2888 6226 12120 3122 6173 12121 3121 6172 12122 2997 6584 12123 3134 6185 12124 2989 6266 12125 2913 6248 12126 3125 6176 12127 3124 6175 12128 3065 6245 12129 3143 6189 12130 3057 6229 12131 3057 6229 12132 3142 6191 12133 3050 6282 12134 3050 6282 12135 3141 6192 12136 3042 6241 12137 3073 6635 12138 3146 6171 12139 3145 6193 12140 2936 6275 12141 3128 6181 12142 3127 6179 12143 3019 6239 12144 3137 6168 12145 3012 6618 12146 3065 6245 12147 3145 6193 12148 3144 6166 12149 3012 6618 12150 3136 6184 12151 3004 6625 12152 2906 6670 12153 3122 6173 12154 2898 6461 12155 3042 6241 12156 3140 6190 12157 3034 6592 12158 2921 6250 12159 3126 6177 12160 3125 6176 12161 3027 6236 12162 3140 6190 12163 3139 6188 12164 2966 6231 12165 3132 6182 12166 3131 6167 12167 2887 6416 12168 3147 6169 12169 3088 6399 12170 2887 6416 12171 3121 6172 12172 3120 6170 12173 3027 6236 12174 3138 6187 12175 3019 6239 12176 2974 6197 12177 3133 6183 12178 3132 6182 12179 3002 6194 12180 2995 6375 12181 2754 6195 12182 2974 6197 12183 2966 6231 12184 2969 6198 12185 2967 6200 12186 2982 6622 12187 2976 6199 12188 2982 6622 12189 2984 6221 12190 2976 6199 12191 2884 6201 12192 2883 6234 12193 2642 6202 12194 2750 6412 12195 2742 6405 12196 2749 6204 12197 2742 6405 12198 2734 6396 12199 2741 6413 12200 2734 6396 12201 2727 6389 12202 2726 6338 12203 2734 6396 12204 2726 6338 12205 2741 6413 12206 2757 6206 12207 2750 6412 12208 2749 6204 12209 2742 6405 12210 2741 6413 12211 2749 6204 12212 2772 6433 12213 2765 6426 12214 2764 6205 12215 2765 6426 12216 2757 6206 12217 2764 6205 12218 2779 6665 12219 2780 6442 12220 2772 6433 12221 2764 6205 12222 2779 6665 12223 2772 6433 12224 2835 6289 12225 2833 6288 12226 2827 6209 12227 2833 6288 12228 2825 6672 12229 2827 6209 12230 2825 6672 12231 2817 6207 12232 2827 6209 12233 2914 6212 12234 2929 6356 12235 2923 6210 12236 2929 6356 12237 2931 6249 12238 2923 6210 12239 3032 6213 12240 3025 6253 12241 2784 6214 12242 2919 6216 12243 2911 6429 12244 2670 6217 12245 2769 6219 12246 3010 6632 12247 3002 6194 12248 2981 6220 12249 2974 6197 12250 2976 6199 12251 2708 6222 12252 2949 6582 12253 2941 6223 12254 2901 6225 12255 2898 6461 12256 2888 6226 12257 3068 6228 12258 3065 6245 12259 3057 6229 12260 2966 6231 12261 2959 6579 12262 2961 6232 12263 3057 6229 12264 3050 6282 12265 3052 6233 12266 2883 6234 12267 3086 6254 12268 2845 6235 12269 3027 6236 12270 3019 6239 12271 3022 6237 12272 3019 6239 12273 3012 6618 12274 3014 6240 12275 3042 6241 12276 3034 6592 12277 3037 6242 12278 3076 6244 12279 3073 6635 12280 3065 6245 12281 2926 6246 12282 2919 6216 12283 2678 6218 12284 2923 6210 12285 2921 6250 12286 2913 6248 12287 2931 6249 12288 2928 6471 12289 2921 6250 12290 3017 6251 12291 3010 6632 12292 2769 6219 12293 3025 6253 12294 3017 6251 12295 2776 6252 12296 3086 6254 12297 3079 6285 12298 2838 6255 12299 2652 6298 12300 2648 6292 12301 2651 6258 12302 2648 6292 12303 2848 6256 12304 2651 6258 12305 2705 6361 12306 2703 6673 12307 2697 6261 12308 2703 6673 12309 2688 6259 12310 2697 6261 12311 2941 6223 12312 2934 6291 12313 2693 6262 12314 2990 6265 12315 3005 6435 12316 2999 6263 12317 3005 6435 12318 3007 6434 12319 2999 6263 12320 2989 6266 12321 2981 6220 12322 2984 6221 12323 2904 6267 12324 2896 6532 12325 2655 6268 12326 2781 6439 12327 2779 6665 12328 2773 6271 12329 2779 6665 12330 2764 6205 12331 2773 6271 12332 2957 6272 12333 2949 6582 12334 2708 6222 12335 2946 6274 12336 2943 6671 12337 2936 6275 12338 2964 6277 12339 2957 6272 12340 2716 6273 12341 2814 6279 12342 3055 6656 12343 3048 6280 12344 3050 6282 12345 3042 6241 12346 3045 6243 12347 2972 6283 12348 2964 6277 12349 2723 6278 12350 3079 6285 12351 3071 6485 12352 2830 6286 12353 3048 6280 12354 3040 6648 12355 2799 6287 12356 2850 6257 12357 2848 6256 12358 2842 6290 12359 2848 6256 12360 2833 6288 12361 2842 6290 12362 2934 6291 12363 2926 6246 12364 2685 6247 12365 2649 6305 12366 2650 6304 12367 2648 6292 12368 2650 6304 12369 2849 6512 12370 2848 6256 12371 2849 6512 12372 2841 6502 12373 2848 6256 12374 2841 6502 12375 2834 6496 12376 2833 6288 12377 2848 6256 12378 2841 6502 12379 2833 6288 12380 2834 6496 12381 2826 6481 12382 2825 6672 12383 2834 6496 12384 2825 6672 12385 2833 6288 12386 2650 6304 12387 2848 6256 12388 2648 6292 12389 2666 6320 12390 2659 6294 12391 2658 6293 12392 2659 6294 12393 2649 6305 12394 2648 6292 12395 2673 6553 12396 2674 6330 12397 2666 6320 12398 2658 6293 12399 2673 6553 12400 2666 6320 12401 2642 6202 12402 2638 6674 12403 2639 6295 12404 2639 6295 12405 2638 6674 12406 2640 6296 12407 2652 6298 12408 2651 6258 12409 2646 6299 12410 2851 6301 12411 2853 6312 12412 2656 6302 12413 2640 6296 12414 2644 6510 12415 2645 6303 12416 2851 6301 12417 2852 6513 12418 2650 6304 12419 2892 6307 12420 3091 6400 12421 3089 6506 12422 3089 6506 12423 2889 6306 12424 2892 6307 12425 2643 6203 12426 2639 6295 12427 2653 6308 12428 2653 6308 12429 2639 6295 12430 2641 6297 12431 2660 6310 12432 2652 6298 12433 2647 6300 12434 2853 6312 12435 2854 6318 12436 2664 6313 12437 2654 6309 12438 2641 6297 12439 2645 6303 12440 2853 6312 12441 2851 6301 12442 2649 6305 12443 2658 6293 12444 2648 6292 12445 2652 6298 12446 2653 6308 12447 2661 6314 12448 2663 6269 12449 2661 6314 12450 2653 6308 12451 2654 6309 12452 2655 6268 12453 2896 6532 12454 2884 6201 12455 2667 6316 12456 2660 6310 12457 2657 6311 12458 2854 6318 12459 2855 6328 12460 2671 6319 12461 2662 6315 12462 2654 6309 12463 2656 6302 12464 2854 6318 12465 2853 6312 12466 2659 6294 12467 3035 6322 12468 3020 6450 12469 3028 6539 12470 3020 6450 12471 3021 6529 12472 3028 6539 12473 3028 6539 12474 3036 6323 12475 3035 6322 12476 3036 6323 12477 3044 6552 12478 3043 6321 12479 3044 6552 12480 3051 6560 12481 3043 6321 12482 3051 6560 12483 3059 6581 12484 3058 6489 12485 3059 6581 12486 3067 6588 12487 3058 6489 12488 3067 6588 12489 3066 6490 12490 3058 6489 12491 3058 6489 12492 3043 6321 12493 3051 6560 12494 2663 6269 12495 2661 6314 12496 2668 6324 12497 2668 6324 12498 2661 6314 12499 2662 6315 12500 2675 6326 12501 2667 6316 12502 2665 6317 12503 2855 6328 12504 2856 6335 12505 2679 6329 12506 2669 6325 12507 2662 6315 12508 2664 6313 12509 2855 6328 12510 2854 6318 12511 2666 6320 12512 2670 6217 12513 2668 6324 12514 2676 6331 12515 2676 6331 12516 2668 6324 12517 2669 6325 12518 2682 6333 12519 2675 6326 12520 2672 6327 12521 2856 6335 12522 2857 6344 12523 2686 6336 12524 2677 6332 12525 2669 6325 12526 2671 6319 12527 2726 6338 12528 2727 6389 12529 2719 6339 12530 2719 6339 12531 2712 6372 12532 2711 6337 12533 2712 6372 12534 2704 6365 12535 2703 6673 12536 2704 6365 12537 2696 6355 12538 2703 6673 12539 2696 6355 12540 2689 6346 12541 2688 6259 12542 2703 6673 12543 2696 6355 12544 2688 6259 12545 2689 6346 12546 2681 6340 12547 2688 6259 12548 2681 6340 12549 2674 6330 12550 2673 6553 12551 2688 6259 12552 2681 6340 12553 2673 6553 12554 2712 6372 12555 2703 6673 12556 2711 6337 12557 2856 6335 12558 2855 6328 12559 2674 6330 12560 2678 6218 12561 2676 6331 12562 2683 6341 12563 2683 6341 12564 2676 6331 12565 2677 6332 12566 2690 6260 12567 2682 6333 12568 2680 6334 12569 2857 6344 12570 2858 6353 12571 2694 6345 12572 2677 6332 12573 2679 6329 12574 2686 6336 12575 2857 6344 12576 2856 6335 12577 2681 6340 12578 2685 6247 12579 2683 6341 12580 2691 6347 12581 2691 6347 12582 2683 6341 12583 2684 6342 12584 2987 6349 12585 2979 6615 12586 2738 6350 12587 2697 6261 12588 2690 6260 12589 2687 6343 12590 2858 6353 12591 2859 6363 12592 2701 6354 12593 2684 6342 12594 2686 6336 12595 2694 6345 12596 2858 6353 12597 2857 6344 12598 2689 6346 12599 2929 6356 12600 2944 6589 12601 2938 6276 12602 2944 6589 12603 2946 6274 12604 2938 6276 12605 2693 6262 12606 2691 6347 12607 2698 6357 12608 2698 6357 12609 2691 6347 12610 2692 6348 12611 3063 6359 12612 3055 6656 12613 2814 6279 12614 2705 6361 12615 2697 6261 12616 2695 6352 12617 2859 6363 12618 2860 6370 12619 2709 6364 12620 2692 6348 12621 2694 6345 12622 2701 6354 12623 2859 6363 12624 2858 6353 12625 2696 6355 12626 2698 6357 12627 2706 6366 12628 2708 6222 12629 2706 6366 12630 2698 6357 12631 2699 6358 12632 2705 6361 12633 2702 6362 12634 2710 6368 12635 2860 6370 12636 2861 6380 12637 2717 6371 12638 2707 6367 12639 2699 6358 12640 2701 6354 12641 2860 6370 12642 2859 6363 12643 2704 6365 12644 2711 6337 12645 2703 6673 12646 2705 6361 12647 2706 6366 12648 2714 6374 12649 2716 6273 12650 2706 6366 12651 2707 6367 12652 2715 6373 12653 2995 6375 12654 2987 6349 12655 2746 6351 12656 2713 6369 12657 2710 6368 12658 2718 6376 12659 2717 6371 12660 2861 6380 12661 2862 6378 12662 2715 6373 12663 2707 6367 12664 2709 6364 12665 2861 6380 12666 2860 6370 12667 2712 6372 12668 2952 6382 12669 2967 6200 12670 2961 6232 12671 2967 6200 12672 2969 6198 12673 2961 6232 12674 2714 6374 12675 2721 6384 12676 2723 6278 12677 2714 6374 12678 2715 6373 12679 2722 6383 12680 2738 6350 12681 2979 6615 12682 2972 6283 12683 2720 6377 12684 2718 6376 12685 2725 6385 12686 2724 6379 12687 2862 6378 12688 2863 6387 12689 2722 6383 12690 2715 6373 12691 2717 6371 12692 2861 6380 12693 2719 6339 12694 2727 6389 12695 2723 6278 12696 2721 6384 12697 2729 6390 12698 2721 6384 12699 2722 6383 12700 2730 6391 12701 2728 6386 12702 2725 6385 12703 2733 6392 12704 2732 6388 12705 2863 6387 12706 2864 6394 12707 2722 6383 12708 2724 6379 12709 2732 6388 12710 2862 6378 12711 2727 6389 12712 2734 6396 12713 2728 6386 12714 2726 6338 12715 2720 6377 12716 2726 6338 12717 2711 6337 12718 2720 6377 12719 2731 6284 12720 2729 6390 12721 2736 6397 12722 2729 6390 12723 2730 6391 12724 2737 6398 12725 2892 6307 12726 2887 6416 12727 3088 6399 12728 2735 6393 12729 2733 6392 12730 2740 6401 12731 2739 6395 12732 2864 6394 12733 2865 6403 12734 2730 6391 12735 2732 6388 12736 2739 6395 12737 2863 6387 12738 2734 6396 12739 2742 6405 12740 2738 6350 12741 2736 6397 12742 2744 6406 12743 2736 6397 12744 2737 6398 12745 2745 6407 12746 2743 6402 12747 2740 6401 12748 2748 6408 12749 2747 6404 12750 2865 6403 12751 2866 6410 12752 2737 6398 12753 2739 6395 12754 2747 6404 12755 2864 6394 12756 2742 6405 12757 2750 6412 12758 2741 6413 12759 2743 6402 12760 2751 6409 12761 2744 6406 12762 2752 6415 12763 2754 6195 12764 2744 6406 12765 2745 6407 12766 2753 6414 12767 2893 6227 12768 2888 6226 12769 2887 6416 12770 2751 6409 12771 2748 6408 12772 2756 6417 12773 2755 6411 12774 2866 6410 12775 2867 6419 12776 2753 6414 12777 2745 6407 12778 2747 6404 12779 2865 6403 12780 2750 6412 12781 2757 6206 12782 2752 6415 12783 2759 6422 12784 2761 6196 12785 2752 6415 12786 2753 6414 12787 2760 6421 12788 2758 6418 12789 2756 6417 12790 2763 6423 12791 2762 6420 12792 2867 6419 12793 2868 6424 12794 2760 6421 12795 2753 6414 12796 2755 6411 12797 2866 6410 12798 2757 6206 12799 2765 6426 12800 2759 6422 12801 2767 6428 12802 2769 6219 12803 2759 6422 12804 2760 6421 12805 2768 6427 12806 2911 6429 12807 2904 6267 12808 2663 6269 12809 2766 6270 12810 2763 6423 12811 2771 6430 12812 2770 6425 12813 2868 6424 12814 2869 6431 12815 2768 6427 12816 2760 6421 12817 2762 6420 12818 2867 6419 12819 2765 6426 12820 2772 6433 12821 3005 6435 12822 3020 6450 12823 3014 6240 12824 3020 6450 12825 3022 6237 12826 3014 6240 12827 2767 6428 12828 2774 6437 12829 2776 6252 12830 2767 6428 12831 2768 6427 12832 2775 6436 12833 2773 6271 12834 2771 6430 12835 2778 6438 12836 2777 6432 12837 2869 6431 12838 2870 6440 12839 2768 6427 12840 2770 6425 12841 2777 6432 12842 2868 6424 12843 2772 6433 12844 2780 6442 12845 2774 6437 12846 2782 6444 12847 2784 6214 12848 2774 6437 12849 2775 6436 12850 2783 6443 12851 2799 6287 12852 3040 6648 12853 3032 6213 12854 2781 6439 12855 2778 6438 12856 2786 6445 12857 2785 6441 12858 2870 6440 12859 2871 6447 12860 2775 6436 12861 2777 6432 12862 2785 6441 12863 2869 6431 12864 2780 6442 12865 2787 6449 12866 3020 6450 12867 3035 6322 12868 3029 6238 12869 3035 6322 12870 3037 6242 12871 3029 6238 12872 2784 6214 12873 2782 6444 12874 2789 6451 12875 2782 6444 12876 2783 6443 12877 2790 6452 12878 2788 6446 12879 2786 6445 12880 2793 6453 12881 2792 6448 12882 2871 6447 12883 2872 6455 12884 2783 6443 12885 2785 6441 12886 2792 6448 12887 2870 6440 12888 2787 6449 12889 2795 6457 12890 2789 6451 12891 2797 6459 12892 2799 6287 12893 2789 6451 12894 2790 6452 12895 2798 6458 12896 2908 6460 12897 2906 6670 12898 2898 6461 12899 2796 6454 12900 2793 6453 12901 2801 6462 12902 2800 6456 12903 2872 6455 12904 2873 6464 12905 2790 6452 12906 2792 6448 12907 2800 6456 12908 2871 6447 12909 2795 6457 12910 2803 6466 12911 2794 6467 12912 2796 6454 12913 2804 6463 12914 2797 6459 12915 2805 6469 12916 2807 6281 12917 2805 6469 12918 2797 6459 12919 2798 6458 12920 2938 6276 12921 2936 6275 12922 2928 6471 12923 2804 6463 12924 2801 6462 12925 2809 6472 12926 2808 6465 12927 2873 6464 12928 2874 6474 12929 2806 6470 12930 2798 6458 12931 2800 6456 12932 2872 6455 12933 2803 6466 12934 2810 6476 12935 3043 6321 12936 3058 6489 12937 3052 6233 12938 3058 6489 12939 3060 6230 12940 3052 6233 12941 2805 6469 12942 2812 6477 12943 2814 6279 12944 2812 6477 12945 2805 6469 12946 2806 6470 12947 2811 6473 12948 2809 6472 12949 2816 6479 12950 2874 6474 12951 2875 6487 12952 2823 6480 12953 2813 6478 12954 2806 6470 12955 2808 6465 12956 2818 6482 12957 2810 6476 12958 2817 6207 12959 2810 6476 12960 2803 6466 12961 2802 6468 12962 2803 6466 12963 2795 6457 12964 2802 6468 12965 2795 6457 12966 2787 6449 12967 2794 6467 12968 2802 6468 12969 2795 6457 12970 2794 6467 12971 2787 6449 12972 2780 6442 12973 2779 6665 12974 2787 6449 12975 2779 6665 12976 2794 6467 12977 2810 6476 12978 2802 6468 12979 2817 6207 12980 2825 6672 12981 2826 6481 12982 2817 6207 12983 2873 6464 12984 2810 6476 12985 2818 6482 12986 2812 6477 12987 2820 6483 12988 2822 6360 12989 2820 6483 12990 2812 6477 12991 2813 6478 12992 3071 6485 12993 3063 6359 12994 2822 6360 12995 2827 6209 12996 2819 6208 12997 2816 6479 12998 2875 6487 12999 2876 6494 13000 2831 6488 13001 2821 6484 13002 2813 6478 13003 2815 6475 13004 2875 6487 13005 2874 6474 13006 2818 6482 13007 3066 6490 13008 3074 6504 13009 3068 6228 13010 3074 6504 13011 3076 6244 13012 3068 6228 13013 3068 6228 13014 3060 6230 13015 3058 6489 13016 2822 6360 13017 2820 6483 13018 2828 6491 13019 2828 6491 13020 2820 6483 13021 2821 6484 13022 2835 6289 13023 2827 6209 13024 2824 6486 13025 2876 6494 13026 2877 6500 13027 2839 6495 13028 2821 6484 13029 2823 6480 13030 2831 6488 13031 2876 6494 13032 2875 6487 13033 2826 6481 13034 2830 6286 13035 2828 6491 13036 2836 6497 13037 2836 6497 13038 2828 6491 13039 2829 6492 13040 2842 6290 13041 2835 6289 13042 2832 6493 13043 2877 6500 13044 2878 6509 13045 2846 6501 13046 2829 6492 13047 2831 6488 13048 2839 6495 13049 2877 6500 13050 2876 6494 13051 2834 6496 13052 3074 6504 13053 3089 6506 13054 3083 6503 13055 3089 6506 13056 3091 6400 13057 3083 6503 13058 2838 6255 13059 2836 6497 13060 2843 6505 13061 3074 6504 13062 3066 6490 13063 3075 6593 13064 3066 6490 13065 3067 6588 13066 3075 6593 13067 3075 6593 13068 3082 6556 13069 3074 6504 13070 3082 6556 13071 3090 6636 13072 3089 6506 13073 3090 6636 13074 2891 6507 13075 3089 6506 13076 2891 6507 13077 2890 6519 13078 2889 6306 13079 2890 6519 13080 2900 6667 13081 2889 6306 13082 2900 6667 13083 2907 6651 13084 2899 6531 13085 2907 6651 13086 2915 6630 13087 2914 6212 13088 2899 6531 13089 2907 6651 13090 2914 6212 13091 3089 6506 13092 3074 6504 13093 3082 6556 13094 2900 6667 13095 2899 6531 13096 2889 6306 13097 2850 6257 13098 2842 6290 13099 2840 6499 13100 2878 6509 13101 2852 6513 13102 2644 6510 13103 2837 6498 13104 2839 6495 13105 2846 6501 13106 2878 6509 13107 2877 6500 13108 2841 6502 13109 2843 6505 13110 2638 6674 13111 2642 6202 13112 2651 6258 13113 2850 6257 13114 2847 6508 13115 2640 6296 13116 2844 6511 13117 2846 6501 13118 2852 6513 13119 2878 6509 13120 2849 6512 13121 2883 6234 13122 2884 6201 13123 2880 6514 13124 2880 6514 13125 2882 6522 13126 2881 6516 13127 3091 6400 13128 3088 6399 13129 3081 6517 13130 3094 6518 13131 2900 6667 13132 2890 6519 13133 2886 6521 13134 2885 6669 13135 2881 6516 13136 3013 6523 13137 3006 6668 13138 3108 6524 13139 2884 6201 13140 2896 6532 13141 2894 6526 13142 2894 6526 13143 2895 6528 13144 2882 6522 13145 3092 6520 13146 2890 6519 13147 2891 6507 13148 2895 6528 13149 2897 6538 13150 2886 6521 13151 3021 6529 13152 3013 6523 13153 3109 6525 13154 2899 6531 13155 2901 6225 13156 2893 6227 13157 2904 6267 13158 2902 6533 13159 2894 6526 13160 2902 6533 13161 2903 6537 13162 2895 6528 13163 2983 6534 13164 2975 6609 13165 3104 6535 13166 2903 6537 13167 2905 6546 13168 2897 6538 13169 3028 6539 13170 3021 6529 13171 3110 6530 13172 2675 6326 13173 2673 6553 13174 2667 6316 13175 2673 6553 13176 2658 6293 13177 2667 6316 13178 2904 6267 13179 2911 6429 13180 2909 6541 13181 2909 6541 13182 2910 6545 13183 2903 6537 13184 3112 6542 13185 3111 6540 13186 3026 6543 13187 2910 6545 13188 2912 6551 13189 2905 6546 13190 3036 6323 13191 3028 6539 13192 3111 6540 13193 2911 6429 13194 2919 6216 13195 2917 6547 13196 2917 6547 13197 2918 6550 13198 2910 6545 13199 3113 6548 13200 3112 6542 13201 3033 6544 13202 2918 6550 13203 2920 6643 13204 2912 6551 13205 3044 6552 13206 3036 6323 13207 3112 6542 13208 2690 6260 13209 2688 6259 13210 2682 6333 13211 2688 6259 13212 2673 6553 13213 2682 6333 13214 2919 6216 13215 2926 6246 13216 2924 6554 13217 2924 6554 13218 2925 6559 13219 2918 6550 13220 3119 6555 13221 3090 6636 13222 3082 6556 13223 2927 6558 13224 2920 6643 13225 2918 6550 13226 3051 6560 13227 3044 6552 13228 3113 6548 13229 2926 6246 13230 2934 6291 13231 2932 6562 13232 2932 6562 13233 2933 6568 13234 2925 6559 13235 2951 6563 13236 2943 6671 13237 2946 6274 13238 3115 6564 13239 3114 6561 13240 3049 6565 13241 2935 6567 13242 2927 6558 13243 2925 6559 13244 3100 6569 13245 2942 6577 13246 2950 6570 13247 3084 6574 13248 2879 6515 13249 3085 6666 13250 2879 6515 13251 2881 6516 13252 3085 6666 13253 3085 6666 13254 3078 6572 13255 3084 6574 13256 2934 6291 13257 2941 6223 13258 2939 6575 13259 2939 6575 13260 2940 6578 13261 2933 6568 13262 3064 6576 13263 3116 6580 13264 3115 6564 13265 2942 6577 13266 2935 6567 13267 2933 6568 13268 2959 6579 13269 2951 6563 13270 2954 6381 13271 3116 6580 13272 3067 6588 13273 3059 6581 13274 2949 6582 13275 2947 6583 13276 2939 6575 13277 2947 6583 13278 2948 6587 13279 2940 6578 13280 2997 6584 13281 2989 6266 13282 2992 6264 13283 3116 6580 13284 3064 6576 13285 3072 6585 13286 2948 6587 13287 2950 6570 13288 2942 6577 13289 3117 6586 13290 3075 6593 13291 3067 6588 13292 2952 6382 13293 2954 6381 13294 2946 6274 13295 2957 6272 13296 2955 6591 13297 2947 6583 13298 2956 6590 13299 2948 6587 13300 2947 6583 13301 3034 6592 13302 3027 6236 13303 3029 6238 13304 2956 6590 13305 2958 6599 13306 2950 6570 13307 3118 6557 13308 3082 6556 13309 3075 6593 13310 2964 6277 13311 2962 6595 13312 2955 6591 13313 2963 6594 13314 2956 6590 13315 2955 6591 13316 3098 6596 13317 2930 6620 13318 2922 6597 13319 2963 6594 13320 2965 6647 13321 2958 6599 13322 3102 6600 13323 2960 6675 13324 2953 6601 13325 2964 6277 13326 2972 6283 13327 2970 6602 13328 2971 6603 13329 2963 6594 13330 2962 6595 13331 2897 6538 13332 3094 6518 13333 3092 6520 13334 2973 6604 13335 2965 6647 13336 2963 6594 13337 3095 6605 13338 2905 6546 13339 2912 6551 13340 2743 6402 13341 2741 6413 13342 2735 6393 13343 2741 6413 13344 2726 6338 13345 2735 6393 13346 2972 6283 13347 2979 6615 13348 2977 6607 13349 2978 6608 13350 2971 6603 13351 2970 6602 13352 2975 6609 13353 2968 6626 13354 3103 6610 13355 2980 6611 13356 2973 6604 13357 2971 6603 13358 2998 6612 13359 2991 6627 13360 3106 6613 13361 2979 6615 13362 2987 6349 13363 2985 6616 13364 2986 6617 13365 2978 6608 13366 2977 6607 13367 3012 6618 13368 3004 6625 13369 3007 6434 13370 3099 6619 13371 2937 6655 13372 2930 6620 13373 2988 6621 13374 2980 6611 13375 2978 6608 13376 2958 6599 13377 3102 6600 13378 3101 6571 13379 2992 6264 13380 2984 6221 13381 2982 6622 13382 2995 6375 13383 2993 6624 13384 2985 6616 13385 2994 6623 13386 2986 6617 13387 2985 6616 13388 3004 6625 13389 2997 6584 13390 2999 6263 13391 2968 6626 13392 2960 6675 13393 3102 6600 13394 2994 6623 13395 2996 6631 13396 2988 6621 13397 2991 6627 13398 2983 6534 13399 3105 6536 13400 2766 6270 13401 2764 6205 13402 2758 6418 13403 2764 6205 13404 2749 6204 13405 2758 6418 13406 3002 6194 13407 3000 6629 13408 2993 6624 13409 3001 6628 13410 2994 6623 13411 2993 6624 13412 3097 6598 13413 2922 6597 13414 2915 6630 13415 3001 6628 13416 3003 6637 13417 2996 6631 13418 2942 6577 13419 3100 6569 13420 3099 6619 13421 3010 6632 13422 3008 6634 13423 3000 6629 13424 3009 6633 13425 3001 6628 13426 3000 6629 13427 3083 6503 13428 3081 6517 13429 3073 6635 13430 3093 6527 13431 2891 6507 13432 3090 6636 13433 3009 6633 13434 3011 6659 13435 3003 6637 13436 2982 6622 13437 2967 6200 13438 2975 6609 13439 2967 6200 13440 2968 6626 13441 2975 6609 13442 2975 6609 13443 2983 6534 13444 2982 6622 13445 2983 6534 13446 2991 6627 13447 2990 6265 13448 2991 6627 13449 2998 6612 13450 2990 6265 13451 2998 6612 13452 3006 6668 13453 3005 6435 13454 3006 6668 13455 3013 6523 13456 3005 6435 13457 3013 6523 13458 3021 6529 13459 3020 6450 13460 3013 6523 13461 3020 6450 13462 3005 6435 13463 2990 6265 13464 2998 6612 13465 3005 6435 13466 2935 6567 13467 3099 6619 13468 3098 6596 13469 2899 6531 13470 2914 6212 13471 2908 6460 13472 2914 6212 13473 2916 6211 13474 2908 6460 13475 3017 6251 13476 3015 6639 13477 3008 6634 13478 3016 6638 13479 3009 6633 13480 3008 6634 13481 3111 6540 13482 3110 6530 13483 3018 6640 13484 3018 6640 13485 3011 6659 13486 3009 6633 13487 3106 6613 13488 3105 6536 13489 2980 6611 13490 3025 6253 13491 3023 6642 13492 3015 6639 13493 3024 6641 13494 3016 6638 13495 3015 6639 13496 3105 6536 13497 3104 6535 13498 2973 6604 13499 3026 6543 13500 3018 6640 13501 3016 6638 13502 3096 6606 13503 2912 6551 13504 2920 6643 13505 3025 6253 13506 3032 6213 13507 3030 6644 13508 3031 6645 13509 3024 6641 13510 3023 6642 13511 3101 6571 13512 2953 6601 13513 2945 6646 13514 3033 6544 13515 3026 6543 13516 3024 6641 13517 3104 6535 13518 3103 6610 13519 2965 6647 13520 3040 6648 13521 3038 6650 13522 3030 6644 13523 3039 6649 13524 3031 6645 13525 3030 6644 13526 3096 6606 13527 2915 6630 13528 2907 6651 13529 3041 6549 13530 3033 6544 13531 3031 6645 13532 3103 6610 13533 3102 6600 13534 2958 6599 13535 3045 6243 13536 3037 6242 13537 3035 6322 13538 3048 6280 13539 3046 6652 13540 3038 6650 13541 3046 6652 13542 3047 6654 13543 3039 6649 13544 3080 6653 13545 3118 6557 13546 3117 6586 13547 3047 6654 13548 3049 6565 13549 3041 6549 13550 3059 6581 13551 3051 6560 13552 3114 6561 13553 2960 6675 13554 2968 6626 13555 2967 6200 13556 2960 6675 13557 2967 6200 13558 2952 6382 13559 2945 6646 13560 2953 6601 13561 2944 6589 13562 2953 6601 13563 2960 6675 13564 2952 6382 13565 2944 6589 13566 2953 6601 13567 2952 6382 13568 2930 6620 13569 2937 6655 13570 2929 6356 13571 2937 6655 13572 2945 6646 13573 2944 6589 13574 2915 6630 13575 2922 6597 13576 2914 6212 13577 2922 6597 13578 2930 6620 13579 2929 6356 13580 2929 6356 13581 2914 6212 13582 2922 6597 13583 3055 6656 13584 3053 6657 13585 3046 6652 13586 3053 6657 13587 3054 6658 13588 3047 6654 13589 3093 6527 13590 2885 6669 13591 2886 6521 13592 3054 6658 13593 3056 6566 13594 3049 6565 13595 3110 6530 13596 3109 6525 13597 3011 6659 13598 3063 6359 13599 3061 6660 13600 3053 6657 13601 3061 6660 13602 3062 6661 13603 3054 6658 13604 3094 6518 13605 2897 6538 13606 2905 6546 13607 3062 6661 13608 3064 6576 13609 3056 6566 13610 3108 6524 13611 3107 6614 13612 2996 6631 13613 2819 6208 13614 2817 6207 13615 2811 6473 13616 2817 6207 13617 2802 6468 13618 2811 6473 13619 3063 6359 13620 3071 6485 13621 3069 6662 13622 3069 6662 13623 3070 6664 13624 3062 6661 13625 3118 6557 13626 3080 6653 13627 3087 6663 13628 3072 6585 13629 3064 6576 13630 3062 6661 13631 3107 6614 13632 3106 6613 13633 2988 6621 13634 3071 6485 13635 3079 6285 13636 3077 6573 13637 3077 6573 13638 3078 6572 13639 3070 6664 13640 3109 6525 13641 3108 6524 13642 3003 6637 13643 3080 6653 13644 3072 6585 13645 3070 6664 13646 2927 6558 13647 3098 6596 13648 3097 6598 13649 2796 6454 13650 2794 6467 13651 2788 6446 13652 2794 6467 13653 2779 6665 13654 2788 6446 13655 3079 6285 13656 3086 6254 13657 3084 6574 13658 2640 6296 13659 2638 6674 13660 2844 6511 13661 2638 6674 13662 2843 6505 13663 2844 6511 13664 2843 6505 13665 2836 6497 13666 2837 6498 13667 3100 6569 13668 2945 6646 13669 2937 6655 13670 3087 6663 13671 3080 6653 13672 3078 6572 13673 3114 6561 13674 3113 6548 13675 3041 6549 13676 2883 6234 13677 2879 6515 13678 3084 6574 13679 3095 6605 13680 2907 6651 13681 2900 6667 13682 2881 6516 13683 2885 6669 13684 3087 6663 13685 3006 6668 13686 2998 6612 13687 3107 6614 13688 2852 6513 13689 2851 6301 13690 2645 6303 13691 3119 6555 13692 3087 6663 13693 2885 6669 13694 2916 6211 13695 2913 6248 13696 2906 6670 13697 2906 6670 13698 2913 6248 13699 3124 6175 13700 2951 6563 13701 3129 6180 13702 3128 6181 13703 2928 6471 13704 2936 6275 13705 3127 6179 13706 3081 6517 13707 3088 6399 13708 3147 6169 13709 2966 6231 13710 3131 6167 13711 3130 6178 13712 2981 6220 13713 2989 6266 13714 3134 6185 13715 2959 6579 13716 3130 6178 13717 3129 6180 13718 3004 6625 13719 3136 6184 13720 3135 6186 13721 2888 6226 13722 2898 6461 13723 3122 6173 13724 2997 6584 13725 3135 6186 13726 3134 6185 13727 2913 6248 13728 2921 6250 13729 3125 6176 13730 3065 6245 13731 3144 6166 13732 3143 6189 13733 3057 6229 13734 3143 6189 13735 3142 6191 13736 3050 6282 13737 3142 6191 13738 3141 6192 13739 3073 6635 13740 3081 6517 13741 3146 6171 13742 2936 6275 13743 2943 6671 13744 3128 6181 13745 3019 6239 13746 3138 6187 13747 3137 6168 13748 3065 6245 13749 3073 6635 13750 3145 6193 13751 3012 6618 13752 3137 6168 13753 3136 6184 13754 2906 6670 13755 3123 6174 13756 3122 6173 13757 3042 6241 13758 3141 6192 13759 3140 6190 13760 2921 6250 13761 2928 6471 13762 3126 6177 13763 3027 6236 13764 3034 6592 13765 3140 6190 13766 2966 6231 13767 2974 6197 13768 3132 6182 13769 2887 6416 13770 3120 6170 13771 3147 6169 13772 2887 6416 13773 2888 6226 13774 3121 6172 13775 3027 6236 13776 3139 6188 13777 3138 6187 13778 2974 6197 13779 2981 6220 13780 3133 6183 13781</p>
        </triangles>
      </mesh>
    </geometry>
  </library_geometries>
  <library_visual_scenes>
    <visual_scene id="Scene" name="Scene">
      <node id="Plane_042" name="Plane.042" type="NODE">
        <matrix sid="transform">6.22212e-8 -0.1436561 -2.79709e-8 0 0 2.79709e-8 -0.1436561 0 0.1436561 6.22212e-8 1.21149e-14 0 0 0 0 1</matrix>
        <instance_geometry url="#Plane_042-mesh" name="Plane.042">
          <bind_material>
            <technique_common>
              <instance_material symbol="Wheel_001-material" target="#Wheel_001-material">
                <bind_vertex_input semantic="Plane_042-mesh-map-0" input_semantic="TEXCOORD" input_set="0"/>
              </instance_material>
              <instance_material symbol="Wheel_002-material" target="#Wheel_002-material">
                <bind_vertex_input semantic="Plane_042-mesh-map-0" input_semantic="TEXCOORD" input_set="0"/>
              </instance_material>
              <instance_material symbol="Wheel-material" target="#Wheel-material">
                <bind_vertex_input semantic="Plane_042-mesh-map-0" input_semantic="TEXCOORD" input_set="0"/>
              </instance_material>
            </technique_common>
          </bind_material>
        </instance_geometry>
      </node>
    </visual_scene>
  </library_visual_scenes>
  <scene>
    <instance_visual_scene url="#Scene"/>
  </scene>
</COLLADA>