<?xml version="1.0" encoding="utf-8"?>
<COLLADA xmlns="http://www.collada.org/2005/11/COLLADASchema" version="1.4.1" xmlns:xsi="http://www.w3.org/2001/XMLSchema-instance">
  <asset>
    <contributor>
      <author>Blender User</author>
      <authoring_tool>Blender 4.4.0 commit date:2025-03-17, commit time:17:00, hash:05377985c527</authoring_tool>
    </contributor>
    <created>2025-03-25T15:52:20</created>
    <modified>2025-03-25T15:52:20</modified>
    <unit name="meter" meter="1"/>
    <up_axis>Z_UP</up_axis>
  </asset>
  <library_effects>
    <effect id="black-effect">
      <profile_COMMON>
        <technique sid="common">
          <lambert>
            <emission>
              <color sid="emission">0 0 0 1</color>
            </emission>
            <diffuse>
              <color sid="diffuse">0.04182116 0.05474747 0.06593991 1</color>
            </diffuse>
            <index_of_refraction>
              <float sid="ior">1.5</float>
            </index_of_refraction>
          </lambert>
        </technique>
      </profile_COMMON>
    </effect>
    <effect id="wires-effect">
      <profile_COMMON>
        <technique sid="common">
          <lambert>
            <emission>
              <color sid="emission">0 0 0 1</color>
            </emission>
            <diffuse>
              <color sid="diffuse">0.107 0.107 0.107 1</color>
            </diffuse>
            <index_of_refraction>
              <float sid="ior">1.5</float>
            </index_of_refraction>
          </lambert>
        </technique>
      </profile_COMMON>
    </effect>
    <effect id="light-effect">
      <profile_COMMON>
        <technique sid="common">
          <lambert>
            <emission>
              <color sid="emission">0 0 0 1</color>
            </emission>
            <diffuse>
              <color sid="diffuse">0.966 0.783426 0.418278 1</color>
            </diffuse>
            <index_of_refraction>
              <float sid="ior">1.5</float>
            </index_of_refraction>
          </lambert>
        </technique>
      </profile_COMMON>
    </effect>
    <effect id="light1-effect">
      <profile_COMMON>
        <technique sid="common">
          <lambert>
            <emission>
              <color sid="emission">0 0 0 1</color>
            </emission>
            <diffuse>
              <color sid="diffuse">0.007027149 0.007027149 0.007027149 1</color>
            </diffuse>
            <index_of_refraction>
              <float sid="ior">1.5</float>
            </index_of_refraction>
          </lambert>
        </technique>
      </profile_COMMON>
    </effect>
  </library_effects>
  <library_images/>
  <library_materials>
    <material id="black-material" name="black">
      <instance_effect url="#black-effect"/>
    </material>
    <material id="wires-material" name="wires">
      <instance_effect url="#wires-effect"/>
    </material>
    <material id="light-material" name="light">
      <instance_effect url="#light-effect"/>
    </material>
    <material id="light1-material" name="light1">
      <instance_effect url="#light1-effect"/>
    </material>
  </library_materials>
  <library_geometries>
    <geometry id="Mesh_002-mesh" name="Mesh.002">
      <mesh>
        <source id="Mesh_002-mesh-positions">
          <float_array id="Mesh_002-mesh-positions-array" count="402">-46.70628 11.97976 -20.77556 -48.60065 15.95508 -20.77515 -46.10245 19.58412 -20.77493 -41.70989 19.23784 -20.77511 -39.81552 15.26253 -20.77551 -42.31372 11.63349 -20.77573 -44.20809 15.6088 -20.77533 -42.91888 15.5026 -18.51703 -43.62169 16.71642 -18.51703 -44.78025 16.7949 -18.51705 -45.57539 15.63983 -18.51707 -44.97244 14.37455 -18.51708 -43.57436 14.26434 -18.51709 -41.70268 19.16182 -19.22199 -46.07014 19.50612 -19.22192 -48.55405 15.89782 -19.22201 -46.67052 11.94523 -19.22216 -42.30306 11.60094 -19.22223 -39.81914 15.20923 -19.22214 -42.94388 15.48811 -17.92719 -43.6467 16.70194 -17.92719 -44.92512 16.77211 -17.35442 -45.50072 15.62845 -16.78166 -44.7979 14.41462 -16.78166 -43.51948 14.34446 -17.35442 -42.24629 15.89202 -17.41708 -42.94911 17.10585 -17.41708 -43.85549 17.39144 -16.38546 -44.05906 16.46319 -15.35384 -43.35624 15.24936 -15.35384 -42.44986 14.96378 -16.38546 -40.85659 16.69668 -17.36353 -41.5594 17.9105 -17.36353 -42.02224 18.4529 -16.15901 -41.78226 17.78147 -14.95449 -41.07945 16.56764 -14.95449 -40.61661 16.02524 -16.15901 -28.13722 23.97107 -15.14901 -28.83954 25.1849 -15.17535 -29.34719 25.7273 -13.98901 -29.15252 25.05587 -12.77634 -28.4502 23.84204 -12.75001 -27.94255 23.29964 -13.93634 -27.34695 23.85679 -15.89058 -28.53065 25.90259 -15.93497 -29.38625 26.81676 -13.93551 -29.05814 25.68511 -11.89166 -27.87444 23.63931 -11.84727 -27.01884 22.72515 -13.84674 -4.202648 37.16762 -12.43901 -4.980782 39.39967 -12.46819 -5.65068 40.44422 -10.46177 -5.542445 39.25671 -8.426163 -4.764313 37.02465 -8.396984 -4.094412 35.98011 -10.40341 -0.9146519 38.80094 -9.932868 -1.919683 40.86031 -9.352055 -3.98488 40.88773 -8.21197 -5.045049 38.85577 -7.652695 -4.040018 36.7964 -8.233509 -1.974817 36.76899 -9.373596 -0.8308468 38.7224 -5.704245 -1.921783 40.81911 -5.749769 -4.278427 40.92507 -5.773867 -5.54414 38.93432 -5.752439 -4.453205 36.8376 -5.706915 -2.096556 36.73164 -5.682812 -46.70628 11.97976 45.10272 -48.60065 15.95508 45.10231 -46.10245 19.58412 45.10209 -41.70989 19.23784 45.10227 -39.81552 15.26253 45.10267 -42.31372 11.63349 45.10289 -44.20809 15.6088 45.10249 -42.91888 15.5026 42.84419 -43.62169 16.71642 42.84419 -44.78025 16.7949 42.84421 -45.57539 15.63983 42.84423 -44.97244 14.37455 42.84424 -43.57436 14.26434 42.84425 -41.70268 19.16182 43.54915 -46.07014 19.50612 43.54908 -48.55405 15.89782 43.54917 -46.67052 11.94523 43.54932 -42.30306 11.60094 43.54939 -39.81914 15.20923 43.5493 -42.94388 15.48811 42.25435 -43.6467 16.70194 42.25435 -44.92512 16.77211 41.68158 -45.50072 15.62845 41.10882 -44.7979 14.41462 41.10882 -43.51948 14.34446 41.68158 -42.24629 15.89202 41.74424 -42.94911 17.10585 41.74424 -43.85549 17.39144 40.71262 -44.05906 16.46319 39.681 -43.35624 15.24936 39.681 -42.44986 14.96378 40.71262 -40.85659 16.69668 41.69069 -41.5594 17.9105 41.69069 -42.02224 18.4529 40.48617 -41.78226 17.78147 39.28165 -41.07945 16.56764 39.28165 -40.61661 16.02524 40.48617 -28.13722 23.97107 39.47617 -28.83954 25.1849 39.50251 -29.34719 25.7273 38.31617 -29.15252 25.05587 37.1035 -28.4502 23.84204 37.07717 -27.94255 23.29964 38.2635 -27.34695 23.85679 40.21774 -28.53065 25.90259 40.26213 -29.38625 26.81676 38.26267 -29.05814 25.68511 36.21882 -27.87444 23.63931 36.17443 -27.01884 22.72515 38.1739 -4.202648 37.16762 36.76617 -4.980782 39.39967 36.79535 -5.65068 40.44422 34.78893 -5.542445 39.25671 32.75332 -4.764313 37.02465 32.72414 -4.094412 35.98011 34.73057 -0.9146519 38.80094 34.26002 -1.919683 40.86031 33.67921 -3.98488 40.88773 32.53913 -5.045049 38.85577 31.97986 -4.040018 36.7964 32.56067 -1.974817 36.76899 33.70075 -0.8308468 38.7224 30.03141 -1.921783 40.81911 30.07693 -4.278427 40.92507 30.10103 -5.54414 38.93432 30.0796 -4.453205 36.8376 30.03408 -2.096556 36.73164 30.00997</float_array>
          <technique_common>
            <accessor source="#Mesh_002-mesh-positions-array" count="134" stride="3">
              <param name="X" type="float"/>
              <param name="Y" type="float"/>
              <param name="Z" type="float"/>
            </accessor>
          </technique_common>
        </source>
        <source id="Mesh_002-mesh-normals">
          <float_array id="Mesh_002-mesh-normals-array" count="546">-0.3698499 -0.5377511 -0.7576507 -0.6629516 0.05240494 -0.7468259 -3.37261e-5 8.49561e-5 -1 -0.2883459 0.6073479 -0.7402603 0.3778436 0.5492045 -0.7453917 0.6522226 -0.05166459 -0.7562648 0.2791231 -0.5838715 -0.7623546 0.2168921 2.0206e-4 0.9761956 0.1226994 0.1886748 0.9743443 0.1137278 0.191042 0.9749712 -0.09863388 0.2066214 0.9734367 -0.1001719 0.2054445 0.9735288 -0.228807 0.01776403 0.9733098 -0.2288677 0.01714336 0.9733067 -0.1308048 -0.1909212 0.9728511 -0.1302791 -0.1912943 0.9728483 0.09997969 -0.2097795 0.9726237 0.09825581 -0.2021107 0.9744214 0.2250104 -0.01447653 0.9742489 -0.4295994 0.901391 0.0542106 -0.9963455 0.078866 0.0328021 -0.5667667 -0.8238615 -0.005263984 0.4300587 -0.9025362 -0.02186143 0.9968919 -0.07878261 -3.78354e-4 0.5662962 0.8233405 0.03766983 0.9989131 0.01873886 0.04267942 0.3899484 0.8398315 -0.3776549 0.9197245 -0.09047996 -0.3819952 -0.4374271 0.8985862 -0.03464949 0.5277984 0.8482704 0.04320234 -0.9988121 0.04797756 0.008522152 -0.5685544 0.8165936 -0.0996043 -0.5430341 -0.8373008 0.06357085 -0.9452092 -0.002906024 0.3264524 0.497454 -0.8674768 0.004877805 -0.4342422 -0.7718608 0.4643971 0.4868747 -0.8723693 0.04387366 0.4780585 -0.3069218 -0.8229577 -0.5066672 0.862042 -0.0131219 -0.07976537 0.5602594 -0.8244678 -0.5602778 0.2585293 0.7869253 -0.06048363 -0.5546228 0.8299008 0.5505204 -0.828118 0.1055836 0.3175916 -0.3935714 -0.8626918 -0.5037302 0.8638432 -0.005584359 -0.1698738 0.470243 -0.8660337 -0.3565696 0.3679737 0.8587512 0.1388549 -0.4926431 0.8590822 0.489039 -0.872157 -0.0135312 -0.1282438 0.4845842 -0.8652929 0.367519 -0.3825739 -0.8476833 -0.4963335 0.8679598 -0.01728296 -0.3675501 0.3822515 0.8478153 0.4962092 -0.8680239 0.01763433 0.1276795 -0.4840136 0.8656956 -0.8188802 -0.212069 -0.5333498 -0.581805 -0.6218862 -0.5241761 -0.5820161 -0.621441 -0.5244697 -0.9909754 -0.02910226 -0.1308469 -0.8191698 -0.2116505 -0.5330713 -0.9251133 -0.255776 0.2806137 -0.9909753 -0.02910435 -0.1308475 -0.688213 -0.6652266 0.2895455 -0.9250779 -0.2558487 0.2806641 -0.5168112 -0.8486002 -0.113066 -0.6881088 -0.6653777 0.2894457 -0.5168101 -0.8486006 -0.1130676 -0.1434251 0.474983 -0.8682283 0.5019373 -0.3339689 -0.7978245 0.353611 -0.3920115 -0.8492859 -0.4963426 0.867922 -0.01885753 0.1398476 0.5533085 -0.8211531 -0.6073973 0.2812739 0.7429357 -0.267778 0.9634259 -0.01027226 -0.3524635 0.3920198 0.8497588 -0.1180587 -0.6075849 0.7854316 0.1443916 -0.4742666 0.8684598 0.3974676 -0.9175514 -0.01091647 0.4984132 -0.8667438 0.01843249 0.910218 -0.05114465 -0.4109593 0.5101537 0.8354673 -0.2042979 -0.3452099 0.9266122 0.1490637 -0.9860604 0.07359147 0.1492294 -0.4678589 -0.8698574 0.1563848 0.4462803 -0.8645778 -0.230953 0.999417 -0.03399103 0.003218829 0.5330042 0.8461063 0.003250241 -0.4833883 0.8689628 -0.1060167 -0.5444238 -0.8333305 -0.09572297 -0.9660717 0.03736972 -0.2555565 0.466768 -0.8842837 0.01303321 -0.3698732 -0.5377966 0.7576072 -3.42556e-5 8.49561e-5 1 -0.6630015 0.05240786 0.7467814 -0.2883666 0.6073932 0.740215 0.3778784 0.5492407 0.7453473 0.6522728 -0.05167531 0.7562209 0.2791634 -0.5839083 0.7623116 0.216892 2.02396e-4 -0.9761956 0.1137291 0.1910406 -0.9749714 0.1227003 0.1886746 -0.9743441 -0.1001741 0.205444 -0.9735286 -0.09863376 0.2066218 -0.9734366 -0.2288687 0.01714211 -0.9733064 -0.2288199 0.01761424 -0.9733095 -0.1302839 -0.1912924 -0.9728481 -0.130805 -0.1909211 -0.9728511 0.09825605 -0.2021105 -0.9744214 0.09998124 -0.2097795 -0.9726234 0.2250104 -0.01447653 -0.9742488 -0.429544 0.9014173 -0.05421078 -0.9963456 0.07886409 -0.03280192 -0.5667653 -0.8238625 0.005263745 0.4301631 -0.9024865 0.02186107 0.996892 -0.07878088 3.78831e-4 0.5662962 0.8233452 -0.03757089 0.9989131 0.01873826 -0.04267954 0.9197272 -0.09047824 0.3819894 0.389947 0.8398314 0.3776568 -0.4374288 0.8985853 0.03464931 0.5277991 0.84827 -0.04320091 -0.9988093 0.04803705 -0.008517622 -0.568567 0.8165917 0.09954816 -0.5430347 -0.8373005 -0.06357032 -0.945209 -0.002903342 -0.3264529 -0.4342443 -0.7718592 -0.464398 0.4974142 -0.8674993 -0.004912734 0.4868753 -0.8723688 -0.04387581 0.4780589 -0.3069218 0.8229573 -0.0797683 0.5602596 0.8244674 -0.5066723 0.862039 0.01312339 -0.5602796 0.2585279 -0.7869246 -0.06048017 -0.5546247 -0.8298998 0.550521 -0.8281179 -0.1055818 0.3175922 -0.3935712 0.8626917 -0.1698725 0.4702435 0.8660337 -0.5037299 0.8638432 0.005584001 -0.356568 0.3679741 -0.8587516 0.1388546 -0.492643 -0.8590822 0.4890374 -0.8721579 0.0135312 0.3674988 -0.382586 0.8476867 -0.1282436 0.4845842 0.8652929 -0.496341 0.8679567 0.01722693 -0.3675497 0.3822508 -0.8478157 0.1276798 -0.4840139 -0.8656954 0.4961671 -0.8680481 -0.01762795 -0.818881 -0.2120662 0.5333496 -0.5820147 -0.6214423 0.5244697 -0.5818046 -0.6218868 0.5241758 -0.9909753 -0.02910321 0.1308476 -0.8191705 -0.2116491 0.5330707 -0.9909752 -0.02910608 0.130848 -0.9250355 -0.2559394 -0.2807215 -0.6882138 -0.6652261 -0.2895449 -0.9250786 -0.2558484 -0.2806625 -0.5168122 -0.8485996 0.113066 -0.6881616 -0.6653009 -0.2894968 -0.5168114 -0.8486 0.1130677 -0.1434062 0.474994 0.8682255 0.3536111 -0.3920115 0.8492857 0.5019389 -0.3339672 0.7978242 -0.4963427 0.8679218 0.01885741 0.1398475 0.5533074 0.8211539 -0.2678228 0.9634131 0.01030784 -0.6074033 0.2813189 -0.7429139 -0.3524572 0.3920229 -0.8497599 -0.1180582 -0.6075849 -0.7854317 0.1443918 -0.4742668 -0.8684596 0.39747 -0.9175503 0.01091307 0.4984134 -0.8667436 -0.01843243 0.9102177 -0.05114501 0.4109599 0.51015 0.8354696 0.2042981 -0.3452118 0.9266115 -0.149064 -0.9860597 0.07359379 -0.1492323 -0.4678122 -0.8698802 -0.1563981 0.4463266 -0.8645635 0.2309167 0.999417 -0.03399091 -0.003218829 0.5330043 0.8461064 -0.0032503 -0.4833875 0.8689629 0.1060192 -0.9660716 0.03737092 0.2555564 -0.544424 -0.8333304 0.09572422 0.4667692 -0.8842848 -0.01291447</float_array>
          <technique_common>
            <accessor source="#Mesh_002-mesh-normals-array" count="182" stride="3">
              <param name="X" type="float"/>
              <param name="Y" type="float"/>
              <param name="Z" type="float"/>
            </accessor>
          </technique_common>
        </source>
        <source id="Mesh_002-mesh-map-0">
          <float_array id="Mesh_002-mesh-map-0-array" count="1512">0.3016919 0.9452533 0.2518456 0.9690068 0.2561875 0.9139286 0.2518456 0.9690068 0.2063412 0.937682 0.2561875 0.9139286 0.2063412 0.937682 0.2106831 0.8826038 0.2561875 0.9139286 0.2106831 0.8826038 0.2605294 0.8588504 0.2561875 0.9139286 0.2605294 0.8588504 0.3060338 0.8901752 0.2561875 0.9139286 0.3060338 0.8901752 0.3016919 0.9452533 0.2561875 0.9139286 0.3610137 0.8977178 0.4068966 0.8824679 0.3762338 0.9065303 0.3762338 0.9065303 0.4112136 0.9372313 0.3772178 0.9210575 0.3772178 0.9210575 0.3659694 0.968377 0.3627344 0.9310277 0.3627344 0.9310277 0.316408 0.9447594 0.3468691 0.9234673 0.3468691 0.9234673 0.3120909 0.8899961 0.3454872 0.9059368 0.3454872 0.9059368 0.3573352 0.8588504 0.3610137 0.8977178 0.4823659 0.9443146 0.5018412 0.8896417 0.5018391 0.9447198 0.4823659 0.9443146 0.5018419 0.9760447 0.482367 0.9754604 0.7007986 0.8146513 0.6813187 0.7655229 0.7007966 0.7650899 0.5287316 0.9755058 0.5092514 0.920876 0.5287308 0.9207424 0.5287319 0.8895967 0.5092514 0.920876 0.5092542 0.8895512 0.6544333 0.8119313 0.6739129 0.7630382 0.6739077 0.8128846 0.2556226 0.7180186 0.2482267 0.7271447 0.2482267 0.7183321 0.255623 0.7413583 0.2482267 0.7271447 0.2556226 0.7268311 0.2556231 0.7513285 0.2410448 0.7431747 0.255623 0.7413583 0.7863723 0.7650899 0.7706496 0.7868503 0.7705069 0.7650901 0.001832008 0.5554817 0.01641052 0.5372632 0.02359247 0.5532932 0.8267403 0.7650899 0.8193436 0.7804349 0.8121617 0.7660946 0.4716224 0.5378075 0.4817779 0.5202479 0.4868425 0.528995 0.2482267 0.7271447 0.228895 0.7297627 0.2418305 0.7183976 0.2410448 0.7431747 0.2159595 0.7323153 0.228895 0.7297627 0.7858697 0.7868503 0.7601829 0.8047537 0.7706496 0.7868503 0.01641052 0.5372632 0.0414958 0.5352163 0.02359247 0.5532932 0.009228706 0.5300458 0.02856034 0.5238512 0.01641052 0.5372632 0.4665578 0.5290605 0.4716885 0.5028225 0.4817779 0.5202479 0.2418305 0.7183976 0.2260555 0.7067757 0.241159 0.7009721 0.228895 0.7297627 0.2109521 0.7037667 0.2260555 0.7067757 0.07025486 0.7548715 0.07156455 0.7175104 0.08678472 0.7263228 0.02856034 0.5238512 0.0465033 0.5066677 0.0414958 0.5352163 0.01562488 0.5212988 0.03139978 0.5008642 0.02856034 0.5238512 0.4716885 0.5028225 0.3652548 0.3521412 0.380475 0.3433349 0.2260555 0.7067757 0.2137214 0.5414783 0.241159 0.7009721 0.2109521 0.7037667 0.1988461 0.5478437 0.2260555 0.7067757 0.07156455 0.7175104 0.1779981 0.5679589 0.08678472 0.7263228 0.0465033 0.5066677 0.05926972 0.3419445 0.07414513 0.3483099 0.03139978 0.5008642 0.0440641 0.3443856 0.05926972 0.3419445 0.3652548 0.3521412 0.381908 0.3334256 0.380475 0.3433349 0.6214923 0.7867703 0.6192944 0.7623699 0.6282935 0.7718949 0.6214923 0.7867703 0.6220213 0.8130689 0.6078317 0.7874411 0.6451316 0.8023061 0.6220213 0.8130689 0.6299114 0.8019759 0.05926972 0.3419445 0.08546453 0.3410905 0.07414513 0.3483099 0.05926972 0.3419445 0.0347656 0.3344764 0.06039333 0.3303623 0.3562558 0.348268 0.215004 0.0432201 0.381908 0.3334256 0.344793 0.3589963 0.1870164 0.05297708 0.3562558 0.348268 0.5653747 0.8858804 0.4962931 0.5869039 0.5218175 0.5882611 0.2869178 0.8551795 0.4291039 0.5505602 0.4570916 0.5603172 0.08546453 0.3410905 0.103569 0.04291373 0.1287276 0.05131351 0.0347656 0.3344764 0.103569 0.04291373 0.06039333 0.3303623 0.1870164 0.05297708 0.1945238 0.001991987 0.215004 0.0432201 0.5218175 0.5882611 0.5079029 0.5414783 0.546976 0.5798612 0.4962931 0.5869039 0.4936074 0.5673737 0.5218175 0.5882611 0.4291039 0.5505602 0.4520641 0.5540804 0.4570916 0.5603172 0.103569 0.04291373 0.1307774 0.04223161 0.1287276 0.05131351 0.07804471 0.04427087 0.1164819 0.01633614 0.103569 0.04291373 0.5629442 0.8968339 0.5361369 0.9425737 0.5371218 0.8895512 0.4936074 0.5673737 0.4627339 0.5415046 0.5079029 0.5414783 0.5774748 0.7881922 0.6010333 0.8141391 0.5704621 0.8136708 0.5774748 0.7881922 0.6018728 0.7628864 0.601302 0.7891771 0.1307774 0.04223161 0.1627604 0.01786261 0.1624583 0.04741257 0.1164819 0.01633614 0.1624917 0.001991987 0.1627604 0.01786261 0.3610137 0.8977178 0.3573352 0.8588504 0.4068966 0.8824679 0.3762338 0.9065303 0.4068966 0.8824679 0.4112136 0.9372313 0.3772178 0.9210575 0.4112136 0.9372313 0.3659694 0.968377 0.3627344 0.9310277 0.3659694 0.968377 0.316408 0.9447594 0.3468691 0.9234673 0.316408 0.9447594 0.3120909 0.8899961 0.3454872 0.9059368 0.3120909 0.8899961 0.3573352 0.8588504 0.4823659 0.9443146 0.4823667 0.8895512 0.5018412 0.8896417 0.4823659 0.9443146 0.5018391 0.9447198 0.5018419 0.9760447 0.7007986 0.8146513 0.6813238 0.8153692 0.6813187 0.7655229 0.5287316 0.9755058 0.5092536 0.9759542 0.5092514 0.920876 0.5287319 0.8895967 0.5287308 0.9207424 0.5092514 0.920876 0.6544333 0.8119313 0.6544352 0.7623699 0.6739129 0.7630382 0.2556226 0.7180186 0.2556226 0.7268311 0.2482267 0.7271447 0.255623 0.7413583 0.2410448 0.7431747 0.2482267 0.7271447 0.2556231 0.7513285 0.2338629 0.7503922 0.2410448 0.7431747 0.7863723 0.7650899 0.7858697 0.7868503 0.7706496 0.7868503 0.001832008 0.5554817 0.001831889 0.5379512 0.01641052 0.5372632 0.8267403 0.7650899 0.8267395 0.7806164 0.8193436 0.7804349 0.4716224 0.5378075 0.4665578 0.5290605 0.4817779 0.5202479 0.2482267 0.7271447 0.2410448 0.7431747 0.228895 0.7297627 0.2410448 0.7431747 0.2338629 0.7503922 0.2159595 0.7323153 0.7858697 0.7868503 0.775403 0.8047537 0.7601829 0.8047537 0.01641052 0.5372632 0.02856034 0.5238512 0.0414958 0.5352163 0.009228706 0.5300458 0.01562488 0.5212988 0.02856034 0.5238512 0.4665578 0.5290605 0.4564683 0.511635 0.4716885 0.5028225 0.2418305 0.7183976 0.228895 0.7297627 0.2260555 0.7067757 0.228895 0.7297627 0.2159595 0.7323153 0.2109521 0.7037667 0.07025486 0.7548715 0.05503463 0.7460588 0.07156455 0.7175104 0.02856034 0.5238512 0.03139978 0.5008642 0.0465033 0.5066677 0.01562488 0.5212988 0.01629632 0.5038732 0.03139978 0.5008642 0.4716885 0.5028225 0.4564683 0.511635 0.3652548 0.3521412 0.2260555 0.7067757 0.1988461 0.5478437 0.2137214 0.5414783 0.2109521 0.7037667 0.1836404 0.5454027 0.1988461 0.5478437 0.07156455 0.7175104 0.162778 0.5591526 0.1779981 0.5679589 0.0465033 0.5066677 0.03139978 0.5008642 0.05926972 0.3419445 0.03139978 0.5008642 0.01629632 0.5038732 0.0440641 0.3443856 0.3652548 0.3521412 0.3562558 0.348268 0.381908 0.3334256 0.6214923 0.7867703 0.6078317 0.7874411 0.6192944 0.7623699 0.6214923 0.7867703 0.6299114 0.8019759 0.6220213 0.8130689 0.6451316 0.8023061 0.6476736 0.8136255 0.6220213 0.8130689 0.05926972 0.3419445 0.06039333 0.3303623 0.08546453 0.3410905 0.05926972 0.3419445 0.0440641 0.3443856 0.0347656 0.3344764 0.3562558 0.348268 0.1870164 0.05297708 0.215004 0.0432201 0.344793 0.3589963 0.1739188 0.06137686 0.1870164 0.05297708 0.5653747 0.8858804 0.5397468 0.8817663 0.4962931 0.5869039 0.2869178 0.8551795 0.2612655 0.8403372 0.4291039 0.5505602 0.08546453 0.3410905 0.06039333 0.3303623 0.103569 0.04291373 0.0347656 0.3344764 0.07804471 0.04427087 0.103569 0.04291373 0.1870164 0.05297708 0.1687014 0.01459407 0.1945238 0.001991987 0.5218175 0.5882611 0.4936074 0.5673737 0.5079029 0.5414783 0.4962931 0.5869039 0.4865946 0.5806671 0.4936074 0.5673737 0.4291039 0.5505602 0.4262418 0.5414783 0.4520641 0.5540804 0.103569 0.04291373 0.1164819 0.01633614 0.1307774 0.04223161 0.07804471 0.04427087 0.1094692 0.003042817 0.1164819 0.01633614 0.5629442 0.8968339 0.5624276 0.9420028 0.5361369 0.9425737 0.4936074 0.5673737 0.4630361 0.5710545 0.4627339 0.5415046 0.5774748 0.7881922 0.601302 0.7891771 0.6010333 0.8141391 0.5774748 0.7881922 0.570192 0.7623699 0.6018728 0.7628864 0.1307774 0.04223161 0.1164819 0.01633614 0.1627604 0.01786261 0.1164819 0.01633614 0.1094692 0.003042817 0.1624917 0.001991987 0.3016919 0.9452533 0.2561875 0.9139286 0.2518456 0.9690068 0.2518456 0.9690068 0.2561875 0.9139286 0.2063412 0.937682 0.2063412 0.937682 0.2561875 0.9139286 0.2106831 0.8826038 0.2106831 0.8826038 0.2561875 0.9139286 0.2605294 0.8588504 0.2605294 0.8588504 0.2561875 0.9139286 0.3060338 0.8901752 0.3060338 0.8901752 0.2561875 0.9139286 0.3016919 0.9452533 0.3610137 0.8977178 0.3762338 0.9065303 0.4068966 0.8824679 0.3762338 0.9065303 0.3772178 0.9210575 0.4112136 0.9372313 0.3772178 0.9210575 0.3627344 0.9310277 0.3659694 0.968377 0.3627344 0.9310277 0.3468691 0.9234673 0.316408 0.9447594 0.3468691 0.9234673 0.3454872 0.9059368 0.3120909 0.8899961 0.3454872 0.9059368 0.3610137 0.8977178 0.3573352 0.8588504 0.4823659 0.9443146 0.5018391 0.9447198 0.5018412 0.8896417 0.4823659 0.9443146 0.482367 0.9754604 0.5018419 0.9760447 0.7007986 0.8146513 0.7007966 0.7650899 0.6813187 0.7655229 0.5287316 0.9755058 0.5287308 0.9207424 0.5092514 0.920876 0.5287319 0.8895967 0.5092542 0.8895512 0.5092514 0.920876 0.6544333 0.8119313 0.6739077 0.8128846 0.6739129 0.7630382 0.2556226 0.7180186 0.2482267 0.7183321 0.2482267 0.7271447 0.255623 0.7413583 0.2556226 0.7268311 0.2482267 0.7271447 0.2556231 0.7513285 0.255623 0.7413583 0.2410448 0.7431747 0.7863723 0.7650899 0.7705069 0.7650901 0.7706496 0.7868503 0.001832008 0.5554817 0.02359247 0.5532932 0.01641052 0.5372632 0.8267403 0.7650899 0.8121617 0.7660946 0.8193436 0.7804349 0.4716224 0.5378075 0.4868425 0.528995 0.4817779 0.5202479 0.2482267 0.7271447 0.2418305 0.7183976 0.228895 0.7297627 0.2410448 0.7431747 0.228895 0.7297627 0.2159595 0.7323153 0.7858697 0.7868503 0.7706496 0.7868503 0.7601829 0.8047537 0.01641052 0.5372632 0.02359247 0.5532932 0.0414958 0.5352163 0.009228706 0.5300458 0.01641052 0.5372632 0.02856034 0.5238512 0.4665578 0.5290605 0.4817779 0.5202479 0.4716885 0.5028225 0.2418305 0.7183976 0.241159 0.7009721 0.2260555 0.7067757 0.228895 0.7297627 0.2260555 0.7067757 0.2109521 0.7037667 0.07025486 0.7548715 0.08678472 0.7263228 0.07156455 0.7175104 0.02856034 0.5238512 0.0414958 0.5352163 0.0465033 0.5066677 0.01562488 0.5212988 0.02856034 0.5238512 0.03139978 0.5008642 0.4716885 0.5028225 0.380475 0.3433349 0.3652548 0.3521412 0.2260555 0.7067757 0.241159 0.7009721 0.2137214 0.5414783 0.2109521 0.7037667 0.2260555 0.7067757 0.1988461 0.5478437 0.07156455 0.7175104 0.08678472 0.7263228 0.1779981 0.5679589 0.0465033 0.5066677 0.07414513 0.3483099 0.05926972 0.3419445 0.03139978 0.5008642 0.05926972 0.3419445 0.0440641 0.3443856 0.3652548 0.3521412 0.380475 0.3433349 0.381908 0.3334256 0.6214923 0.7867703 0.6282935 0.7718949 0.6192944 0.7623699 0.6214923 0.7867703 0.6078317 0.7874411 0.6220213 0.8130689 0.6451316 0.8023061 0.6299114 0.8019759 0.6220213 0.8130689 0.05926972 0.3419445 0.07414513 0.3483099 0.08546453 0.3410905 0.05926972 0.3419445 0.06039333 0.3303623 0.0347656 0.3344764 0.3562558 0.348268 0.381908 0.3334256 0.215004 0.0432201 0.344793 0.3589963 0.3562558 0.348268 0.1870164 0.05297708 0.5653747 0.8858804 0.5218175 0.5882611 0.4962931 0.5869039 0.2869178 0.8551795 0.4570916 0.5603172 0.4291039 0.5505602 0.08546453 0.3410905 0.1287276 0.05131351 0.103569 0.04291373 0.0347656 0.3344764 0.06039333 0.3303623 0.103569 0.04291373 0.1870164 0.05297708 0.215004 0.0432201 0.1945238 0.001991987 0.5218175 0.5882611 0.546976 0.5798612 0.5079029 0.5414783 0.4962931 0.5869039 0.5218175 0.5882611 0.4936074 0.5673737 0.4291039 0.5505602 0.4570916 0.5603172 0.4520641 0.5540804 0.103569 0.04291373 0.1287276 0.05131351 0.1307774 0.04223161 0.07804471 0.04427087 0.103569 0.04291373 0.1164819 0.01633614 0.5629442 0.8968339 0.5371218 0.8895512 0.5361369 0.9425737 0.4936074 0.5673737 0.5079029 0.5414783 0.4627339 0.5415046 0.5774748 0.7881922 0.5704621 0.8136708 0.6010333 0.8141391 0.5774748 0.7881922 0.601302 0.7891771 0.6018728 0.7628864 0.1307774 0.04223161 0.1624583 0.04741257 0.1627604 0.01786261 0.1164819 0.01633614 0.1627604 0.01786261 0.1624917 0.001991987 0.3610137 0.8977178 0.4068966 0.8824679 0.3573352 0.8588504 0.3762338 0.9065303 0.4112136 0.9372313 0.4068966 0.8824679 0.3772178 0.9210575 0.3659694 0.968377 0.4112136 0.9372313 0.3627344 0.9310277 0.316408 0.9447594 0.3659694 0.968377 0.3468691 0.9234673 0.3120909 0.8899961 0.316408 0.9447594 0.3454872 0.9059368 0.3573352 0.8588504 0.3120909 0.8899961 0.4823659 0.9443146 0.5018412 0.8896417 0.4823667 0.8895512 0.4823659 0.9443146 0.5018419 0.9760447 0.5018391 0.9447198 0.7007986 0.8146513 0.6813187 0.7655229 0.6813238 0.8153692 0.5287316 0.9755058 0.5092514 0.920876 0.5092536 0.9759542 0.5287319 0.8895967 0.5092514 0.920876 0.5287308 0.9207424 0.6544333 0.8119313 0.6739129 0.7630382 0.6544352 0.7623699 0.2556226 0.7180186 0.2482267 0.7271447 0.2556226 0.7268311 0.255623 0.7413583 0.2482267 0.7271447 0.2410448 0.7431747 0.2556231 0.7513285 0.2410448 0.7431747 0.2338629 0.7503922 0.7863723 0.7650899 0.7706496 0.7868503 0.7858697 0.7868503 0.001832008 0.5554817 0.01641052 0.5372632 0.001831889 0.5379512 0.8267403 0.7650899 0.8193436 0.7804349 0.8267395 0.7806164 0.4716224 0.5378075 0.4817779 0.5202479 0.4665578 0.5290605 0.2482267 0.7271447 0.228895 0.7297627 0.2410448 0.7431747 0.2410448 0.7431747 0.2159595 0.7323153 0.2338629 0.7503922 0.7858697 0.7868503 0.7601829 0.8047537 0.775403 0.8047537 0.01641052 0.5372632 0.0414958 0.5352163 0.02856034 0.5238512 0.009228706 0.5300458 0.02856034 0.5238512 0.01562488 0.5212988 0.4665578 0.5290605 0.4716885 0.5028225 0.4564683 0.511635 0.2418305 0.7183976 0.2260555 0.7067757 0.228895 0.7297627 0.228895 0.7297627 0.2109521 0.7037667 0.2159595 0.7323153 0.07025486 0.7548715 0.07156455 0.7175104 0.05503463 0.7460588 0.02856034 0.5238512 0.0465033 0.5066677 0.03139978 0.5008642 0.01562488 0.5212988 0.03139978 0.5008642 0.01629632 0.5038732 0.4716885 0.5028225 0.3652548 0.3521412 0.4564683 0.511635 0.2260555 0.7067757 0.2137214 0.5414783 0.1988461 0.5478437 0.2109521 0.7037667 0.1988461 0.5478437 0.1836404 0.5454027 0.07156455 0.7175104 0.1779981 0.5679589 0.162778 0.5591526 0.0465033 0.5066677 0.05926972 0.3419445 0.03139978 0.5008642 0.03139978 0.5008642 0.0440641 0.3443856 0.01629632 0.5038732 0.3652548 0.3521412 0.381908 0.3334256 0.3562558 0.348268 0.6214923 0.7867703 0.6192944 0.7623699 0.6078317 0.7874411 0.6214923 0.7867703 0.6220213 0.8130689 0.6299114 0.8019759 0.6451316 0.8023061 0.6220213 0.8130689 0.6476736 0.8136255 0.05926972 0.3419445 0.08546453 0.3410905 0.06039333 0.3303623 0.05926972 0.3419445 0.0347656 0.3344764 0.0440641 0.3443856 0.3562558 0.348268 0.215004 0.0432201 0.1870164 0.05297708 0.344793 0.3589963 0.1870164 0.05297708 0.1739188 0.06137686 0.5653747 0.8858804 0.4962931 0.5869039 0.5397468 0.8817663 0.2869178 0.8551795 0.4291039 0.5505602 0.2612655 0.8403372 0.08546453 0.3410905 0.103569 0.04291373 0.06039333 0.3303623 0.0347656 0.3344764 0.103569 0.04291373 0.07804471 0.04427087 0.1870164 0.05297708 0.1945238 0.001991987 0.1687014 0.01459407 0.5218175 0.5882611 0.5079029 0.5414783 0.4936074 0.5673737 0.4962931 0.5869039 0.4936074 0.5673737 0.4865946 0.5806671 0.4291039 0.5505602 0.4520641 0.5540804 0.4262418 0.5414783 0.103569 0.04291373 0.1307774 0.04223161 0.1164819 0.01633614 0.07804471 0.04427087 0.1164819 0.01633614 0.1094692 0.003042817 0.5629442 0.8968339 0.5361369 0.9425737 0.5624276 0.9420028 0.4936074 0.5673737 0.4627339 0.5415046 0.4630361 0.5710545 0.5774748 0.7881922 0.6010333 0.8141391 0.601302 0.7891771 0.5774748 0.7881922 0.6018728 0.7628864 0.570192 0.7623699 0.1307774 0.04223161 0.1627604 0.01786261 0.1164819 0.01633614 0.1164819 0.01633614 0.1624917 0.001991987 0.1094692 0.003042817</float_array>
          <technique_common>
            <accessor source="#Mesh_002-mesh-map-0-array" count="756" stride="2">
              <param name="S" type="float"/>
              <param name="T" type="float"/>
            </accessor>
          </technique_common>
        </source>
        <vertices id="Mesh_002-mesh-vertices">
          <input semantic="POSITION" source="#Mesh_002-mesh-positions"/>
        </vertices>
        <triangles material="black-material" count="252">
          <input semantic="VERTEX" source="#Mesh_002-mesh-vertices" offset="0"/>
          <input semantic="NORMAL" source="#Mesh_002-mesh-normals" offset="1"/>
          <input semantic="TEXCOORD" source="#Mesh_002-mesh-map-0" offset="2" set="0"/>
          <p>0 0 0 1 1 1 6 2 2 1 1 3 2 3 4 6 2 5 2 3 6 3 4 7 6 2 8 3 4 9 4 5 10 6 2 11 4 5 12 5 6 13 6 2 14 5 6 15 0 0 16 6 2 17 7 7 18 13 8 19 8 9 20 8 9 21 14 10 22 9 11 23 9 11 24 15 12 25 10 13 26 10 13 27 16 14 28 11 15 29 11 15 30 17 16 31 12 17 32 12 17 33 18 18 34 7 7 35 14 19 36 3 4 37 2 3 38 14 19 39 1 1 40 15 20 41 15 20 42 0 0 43 16 21 44 16 21 45 5 6 46 17 22 47 18 23 48 5 6 49 4 5 50 13 24 51 4 5 52 3 4 53 7 25 54 20 26 55 19 27 56 9 28 57 20 26 58 8 29 59 10 30 60 21 31 61 9 28 62 11 32 63 22 33 64 10 30 65 11 32 66 24 34 67 23 35 68 12 36 69 19 27 70 24 34 71 20 26 72 25 37 73 19 27 74 20 26 75 27 38 76 26 39 77 21 31 78 28 40 79 27 38 80 23 35 81 28 40 82 22 33 83 24 34 84 29 41 85 23 35 86 19 27 87 30 42 88 24 34 89 26 39 90 31 43 91 25 37 92 26 39 93 33 44 94 32 45 95 27 38 96 34 46 97 33 44 98 28 40 99 35 47 100 34 46 101 30 42 102 35 47 103 29 41 104 25 37 105 36 48 106 30 42 107 31 43 108 38 49 109 37 50 110 33 44 111 38 49 112 32 45 113 34 46 114 39 51 115 33 44 116 35 47 117 40 52 118 34 46 119 35 47 120 42 53 121 41 54 122 36 48 123 37 50 124 42 53 125 38 55 126 43 56 127 37 57 128 39 58 129 44 59 130 38 55 131 39 58 132 46 60 133 45 61 134 41 62 135 46 60 136 40 63 137 42 64 138 47 65 139 41 62 140 42 64 141 43 56 142 48 66 143 44 67 144 49 68 145 43 69 146 45 70 147 50 71 148 44 67 149 45 70 150 52 72 151 51 73 152 46 74 153 53 75 154 52 72 155 47 76 156 54 77 157 53 75 158 43 69 159 54 77 160 48 78 161 50 71 162 55 79 163 49 68 164 51 73 165 56 80 166 50 71 167 52 72 168 57 81 169 51 73 170 53 75 171 58 82 172 52 72 173 54 77 174 59 83 175 53 75 176 49 68 177 60 84 178 54 77 179 56 80 180 61 85 181 55 79 182 57 81 183 62 86 184 56 80 185 58 82 186 63 87 187 57 81 188 58 82 189 65 88 190 64 89 191 59 83 192 66 90 193 65 88 194 60 84 195 61 85 196 66 90 197 7 7 198 18 18 199 13 8 200 8 9 201 13 8 202 14 10 203 9 11 204 14 10 205 15 12 206 10 13 207 15 12 208 16 14 209 11 15 210 16 14 211 17 16 212 12 17 213 17 16 214 18 18 215 14 19 216 13 24 217 3 4 218 14 19 219 2 3 220 1 1 221 15 20 222 1 1 223 0 0 224 16 21 225 0 0 226 5 6 227 18 23 228 17 22 229 5 6 230 13 24 231 18 23 232 4 5 233 7 25 234 8 29 235 20 26 236 9 28 237 21 31 238 20 26 239 10 30 240 22 33 241 21 31 242 11 32 243 23 35 244 22 33 245 11 32 246 12 36 247 24 34 248 12 36 249 7 25 250 19 27 251 20 26 252 26 39 253 25 37 254 20 26 255 21 31 256 27 38 257 21 31 258 22 33 259 28 40 260 23 35 261 29 41 262 28 40 263 24 34 264 30 42 265 29 41 266 19 27 267 25 37 268 30 42 269 26 39 270 32 45 271 31 43 272 26 39 273 27 38 274 33 44 275 27 38 276 28 40 277 34 46 278 28 40 279 29 41 280 35 47 281 30 42 282 36 48 283 35 47 284 25 37 285 31 43 286 36 48 287 31 43 288 32 45 289 38 49 290 33 44 291 39 51 292 38 49 293 34 46 294 40 52 295 39 51 296 35 47 297 41 54 298 40 52 299 35 47 300 36 48 301 42 53 302 36 48 303 31 43 304 37 50 305 38 55 306 44 59 307 43 56 308 39 58 309 45 61 310 44 59 311 39 58 312 40 63 313 46 60 314 41 62 315 47 65 316 46 60 317 42 64 318 48 66 319 47 65 320 42 64 321 37 57 322 43 56 323 44 67 324 50 71 325 49 68 326 45 70 327 51 73 328 50 71 329 45 70 330 46 74 331 52 72 332 46 74 333 47 76 334 53 75 335 47 76 336 48 78 337 54 77 338 43 69 339 49 68 340 54 77 341 50 71 342 56 80 343 55 79 344 51 73 345 57 81 346 56 80 347 52 72 348 58 82 349 57 81 350 53 75 351 59 83 352 58 82 353 54 77 354 60 84 355 59 83 356 49 68 357 55 79 358 60 84 359 56 80 360 62 86 361 61 85 362 57 81 363 63 87 364 62 86 365 58 82 366 64 89 367 63 87 368 58 82 369 59 83 370 65 88 371 59 83 372 60 84 373 66 90 374 60 84 375 55 79 376 61 85 377 67 91 378 73 92 379 68 93 380 68 93 381 73 92 382 69 94 383 69 94 384 73 92 385 70 95 386 70 95 387 73 92 388 71 96 389 71 96 390 73 92 391 72 97 392 72 97 393 73 92 394 67 91 395 74 98 396 75 99 397 80 100 398 75 99 399 76 101 400 81 102 401 76 101 402 77 103 403 82 104 404 77 103 405 78 105 406 83 106 407 78 105 408 79 107 409 84 108 410 79 107 411 74 98 412 85 109 413 81 110 414 69 94 415 70 95 416 81 110 417 82 111 418 68 93 419 82 111 420 83 112 421 67 91 422 83 112 423 84 113 424 72 97 425 85 114 426 71 96 427 72 97 428 80 115 429 70 95 430 71 96 431 74 116 432 86 117 433 87 118 434 76 119 435 75 120 436 87 118 437 77 121 438 76 119 439 88 122 440 78 123 441 77 121 442 89 124 443 78 123 444 90 125 445 91 126 446 79 127 447 91 126 448 86 117 449 87 118 450 86 117 451 92 128 452 87 118 453 93 129 454 94 130 455 88 122 456 94 130 457 95 131 458 90 125 459 89 124 460 95 131 461 91 126 462 90 125 463 96 132 464 86 117 465 91 126 466 97 133 467 93 129 468 92 128 469 98 134 470 93 129 471 99 135 472 100 136 473 94 130 474 100 136 475 101 137 476 95 131 477 101 137 478 102 138 479 97 133 480 96 132 481 102 138 482 92 128 483 97 133 484 103 139 485 98 134 486 104 140 487 105 141 488 100 136 489 99 135 490 105 141 491 101 137 492 100 136 493 106 142 494 102 138 495 101 137 496 107 143 497 102 138 498 108 144 499 109 145 500 103 139 501 109 145 502 104 140 503 105 146 504 104 147 505 110 148 506 106 149 507 105 146 508 111 150 509 106 149 510 112 151 511 113 152 512 108 153 513 107 154 514 113 152 515 109 155 516 108 153 517 114 156 518 109 155 519 115 157 520 110 148 521 111 158 522 110 159 523 116 160 524 112 161 525 111 158 526 117 162 527 112 161 528 118 163 529 119 164 530 113 165 531 119 164 532 120 166 533 114 167 534 120 166 535 121 168 536 110 159 537 115 169 538 121 168 539 117 162 540 116 160 541 122 170 542 118 163 543 117 162 544 123 171 545 119 164 546 118 163 547 124 172 548 120 166 549 119 164 550 125 173 551 121 168 552 120 166 553 126 174 554 116 160 555 121 168 556 127 175 557 123 171 558 122 170 559 128 176 560 124 172 561 123 171 562 129 177 563 125 173 564 124 172 565 130 178 566 125 173 567 131 179 568 132 180 569 126 174 570 132 180 571 133 181 572 127 175 573 133 181 574 128 176 575 74 98 576 80 100 577 85 109 578 75 99 579 81 102 580 80 100 581 76 101 582 82 104 583 81 102 584 77 103 585 83 106 586 82 104 587 78 105 588 84 108 589 83 106 590 79 107 591 85 109 592 84 108 593 81 110 594 70 95 595 80 115 596 81 110 597 68 93 598 69 94 599 82 111 600 67 91 601 68 93 602 83 112 603 72 97 604 67 91 605 85 114 606 72 97 607 84 113 608 80 115 609 71 96 610 85 114 611 74 116 612 87 118 613 75 120 614 76 119 615 87 118 616 88 122 617 77 121 618 88 122 619 89 124 620 78 123 621 89 124 622 90 125 623 78 123 624 91 126 625 79 127 626 79 127 627 86 117 628 74 116 629 87 118 630 92 128 631 93 129 632 87 118 633 94 130 634 88 122 635 88 122 636 95 131 637 89 124 638 90 125 639 95 131 640 96 132 641 91 126 642 96 132 643 97 133 644 86 117 645 97 133 646 92 128 647 93 129 648 98 134 649 99 135 650 93 129 651 100 136 652 94 130 653 94 130 654 101 137 655 95 131 656 95 131 657 102 138 658 96 132 659 97 133 660 102 138 661 103 139 662 92 128 663 103 139 664 98 134 665 98 134 666 105 141 667 99 135 668 100 136 669 105 141 670 106 142 671 101 137 672 106 142 673 107 143 674 102 138 675 107 143 676 108 144 677 102 138 678 109 145 679 103 139 680 103 139 681 104 140 682 98 134 683 105 146 684 110 148 685 111 150 686 106 149 687 111 150 688 112 151 689 106 149 690 113 152 691 107 154 692 108 153 693 113 152 694 114 156 695 109 155 696 114 156 697 115 157 698 109 155 699 110 148 700 104 147 701 111 158 702 116 160 703 117 162 704 112 161 705 117 162 706 118 163 707 112 161 708 119 164 709 113 165 710 113 165 711 120 166 712 114 167 713 114 167 714 121 168 715 115 169 716 110 159 717 121 168 718 116 160 719 117 162 720 122 170 721 123 171 722 118 163 723 123 171 724 124 172 725 119 164 726 124 172 727 125 173 728 120 166 729 125 173 730 126 174 731 121 168 732 126 174 733 127 175 734 116 160 735 127 175 736 122 170 737 123 171 738 128 176 739 129 177 740 124 172 741 129 177 742 130 178 743 125 173 744 130 178 745 131 179 746 125 173 747 132 180 748 126 174 749 126 174 750 133 181 751 127 175 752 127 175 753 128 176 754 122 170 755</p>
        </triangles>
      </mesh>
    </geometry>
    <geometry id="Mesh-mesh" name="Mesh">
      <mesh>
        <source id="Mesh-mesh-positions">
          <float_array id="Mesh-mesh-positions-array" count="108">23.07844 33.80986 -12.86116 23.07844 23.53906 -28.11807 23.07844 34.62519 -13.41003 23.07844 24.35439 -28.66695 21.74929 34.62519 -13.41003 21.74929 24.35439 -28.66695 21.74929 33.80986 -12.86116 21.74929 23.53906 -28.11807 21.34974 22.87113 -27.66799 23.47799 22.87113 -27.66799 21.34974 25.02272 -29.11642 23.47799 25.02272 -29.11642 21.34974 22.35223 -28.07378 23.47799 22.35223 -28.07379 21.34974 22.9418 -30.54892 23.47799 22.9418 -30.54893 21.34974 21.58688 -27.53995 23.47799 21.58688 -27.53995 21.34974 19.84661 -30.12518 23.47799 19.84661 -30.12518 21.34974 20.19922 -26.60579 23.47799 20.19922 -26.60579 21.34974 18.45896 -29.19103 23.47799 18.45896 -29.19103 20.02166 19.10463 -25.79754 24.80607 19.10463 -25.79754 20.02166 17.29823 -28.48103 24.80607 17.29823 -28.48103 20.63168 17.58948 -24.77755 24.19606 17.58948 -24.77755 20.63168 15.78308 -27.46104 24.19606 15.78308 -27.46104 21.62145 16.91882 -24.32606 23.20629 16.91882 -24.32606 21.62145 15.11241 -27.00956 23.20629 15.11241 -27.00956</float_array>
          <technique_common>
            <accessor source="#Mesh-mesh-positions-array" count="36" stride="3">
              <param name="X" type="float"/>
              <param name="Y" type="float"/>
              <param name="Z" type="float"/>
            </accessor>
          </technique_common>
        </source>
        <source id="Mesh-mesh-normals">
          <float_array id="Mesh-mesh-normals-array" count="279">1 -1.37168e-6 0 0 0.8295443 -0.558441 -1 4.22055e-7 0 0 -0.8295435 0.5584421 -0.2980042 -0.4358952 0.8492285 0.2988731 -0.9500542 0.08984398 0.2966089 -0.4282689 0.853586 0 0.5584399 0.829545 0 0.5588148 0.8292925 9.12896e-4 0.5584422 0.8295429 0 0.5580619 0.8297994 -9.22823e-4 0.5584391 0.829545 3.30166e-6 -0.6160228 0.7877284 2.87322e-6 -0.02729701 0.9996275 0 -0.6160304 0.7877225 -1 1.17397e-6 0 -2.52972e-6 0.5670319 -0.8236958 -3.86736e-7 0.231341 -0.9728728 0 0.5670311 -0.8236965 1 1.2726e-6 0 3.16574e-6 -0.02733016 0.9996265 -1.12103e-6 0.5653072 0.8248805 -1 -2.62393e-6 0 9.90927e-6 0.23129 -0.9728848 -1.71971e-6 -0.3563109 -0.9343675 0 -0.3562817 -0.9343786 1 2.5736e-7 0 1.54693e-6 0.5653009 0.8248848 0 0.5763611 0.8171953 7.90626e-7 0.5652614 0.8249119 -1 0 0 -0.9261026 0.3129687 -0.2106764 -0.9261211 0.3129287 -0.210655 0 -0.5402553 -0.8415013 0 -0.5402547 -0.8415016 1 0 0 0.9261335 0.3129009 -0.2106415 -3.72063e-7 0.576405 0.8171643 -1.18913e-6 0.5763658 0.8171919 -1.79e-6 0.5763658 0.8171919 -0.9261042 0.3129611 -0.2106808 -0.9746619 0.1855525 -0.1249182 -0.9746463 0.1856154 -0.1249465 -2.80747e-6 -0.540246 -0.8415072 7.26432e-7 -0.5402057 -0.841533 -1.56703e-6 -0.5402057 -0.8415331 0.926104 0.3129716 -0.2106662 0.9746538 0.1855667 -0.12496 0.9261041 0.3129631 -0.2106782 -2.4382e-6 0.5763237 0.8172215 0 0.5584424 0.8295434 0 0.5763629 0.817194 -0.823011 -0.4712103 0.3171969 -0.8230117 -0.4712095 0.3171962 2.42237e-6 -0.5402987 -0.8414734 0 -0.5584433 -0.8295427 0 -0.5402583 -0.8414993 0.9746484 0.1855908 -0.1249666 0.8230128 -0.4712074 0.3171964 0.9746487 0.1856177 -0.1249245 0 0.5584469 0.8295403 -0.2980002 -0.9508338 0.08432728 0 -0.5584412 -0.8295441 0 -0.5584372 -0.8295469 0.8230133 -0.4712077 0.3171951 0 -0.8295444 0.5584409 0 0.5584383 0.8295462 0 0.5588099 0.8292958 9.2282e-4 0.5584424 0.8295428 0 0.5580604 0.8298005 -9.12896e-4 0.5584422 0.8295429 -1 -1.2726e-6 0 -5.50441e-6 0.2313054 -0.9728812 1.58115e-6 0.5653028 0.8248835 -1 7.72081e-7 0 -1.06916e-5 -0.3562455 -0.9343925 -3.29539e-7 0.5652631 0.8249107 2.08484e-6 0.5763627 0.8171941 2.53879e-6 0.5763627 0.8171941 1 1.46349e-6 0 0.926115 0.3129388 -0.2106666 0.9261331 0.3129066 -0.2106346 3.51785e-7 0.5764061 0.8171635 3.70014e-6 0.5764061 0.8171635 1.67172e-7 0.5763669 0.8171911 -0.9746537 0.185584 -0.1249357 -1.33552e-6 -0.5402464 -0.841507 8.95974e-7 -0.5402464 -0.841507 -4.23752e-7 -0.540206 -0.8415328 0.9746431 0.1856418 -0.124932 -4.25614e-7 0.5763249 0.8172208 0 0.5584453 0.8295415 3.61353e-7 -0.540259 -0.8414989</float_array>
          <technique_common>
            <accessor source="#Mesh-mesh-normals-array" count="93" stride="3">
              <param name="X" type="float"/>
              <param name="Y" type="float"/>
              <param name="Z" type="float"/>
            </accessor>
          </technique_common>
        </source>
        <source id="Mesh-mesh-map-0">
          <float_array id="Mesh-mesh-map-0-array" count="408">0.327662 0.01475507 0.5874644 0.3594363 0.5683572 0.3722991 0.1459681 0.218477 0.1771167 0.4591721 0.1459681 0.4591721 0.8353633 0.001892209 0.6137754 0.3722991 0.5946682 0.3594363 0.8928235 0.001892209 0.861675 0.3594362 0.8616749 0.001892209 0.1801127 0.04422509 0.1429722 0.001892209 0.1429722 0.04422509 0.8101416 0.8170883 0.8230043 0.8482369 0.8101416 0.8482369 0.8656846 0.8176026 0.8551369 0.8581145 0.8551369 0.8082393 0.1771168 0.1993697 0.1864801 0.2341393 0.1864801 0.183717 0.1459681 0.218477 0.1864801 0.2341393 0.1771168 0.218477 0.8656846 0.8176026 0.8890807 0.8082393 0.8785475 0.8176026 0.8300156 0.7819736 0.8395254 0.7320984 0.8300156 0.7320984 0.03556221 0.9480425 0.0599963 0.8854597 0.0695061 0.8976202 0.1366048 0.2341393 0.1864801 0.1853731 0.1864801 0.2341393 0.2664667 0.9480425 0.2420326 0.8854597 0.3000373 0.8992763 0.8395254 0.7819736 0.8270151 0.7320984 0.8395254 0.7320984 0.0599963 0.8854597 0.01192212 0.8267409 0.0725066 0.8675239 0.1864801 0.1853731 0.1366048 0.1128376 0.1864801 0.1128376 0.2420326 0.8854597 0.290107 0.8267409 0.3000373 0.8992763 0.8270151 0.7819736 0.8051231 0.7320984 0.8270151 0.7320984 0.0725066 0.8675239 0.03381383 0.7942214 0.09439873 0.8350042 0.1864801 0.1128376 0.1366048 0.08031815 0.1864801 0.08031815 0.2295224 0.8675239 0.2682151 0.7942214 0.290107 0.8267409 0.8051231 0.7320984 0.7861817 0.8130969 0.7861817 0.7009748 0.09439873 0.8350042 0.05045253 0.7670199 0.11334 0.8093527 0.1366048 0.08031815 0.2176035 0.05311661 0.1864801 0.08031815 0.2076303 0.8350042 0.2515764 0.7670199 0.2682151 0.7942214 0.7861817 0.8130969 0.7622783 0.7152705 0.7861817 0.7009748 0.11334 0.8093527 0.0743559 0.7315124 0.1372433 0.7738453 0.1054813 0.05311661 0.2033078 0.01760911 0.2176035 0.05311661 0.1886889 0.8093527 0.2276731 0.7315124 0.2515764 0.7670199 0.119777 0.059942 0.1801127 0.04422509 0.1429722 0.04422509 0.1372433 0.7738453 0.08493632 0.7157955 0.1478238 0.7581284 0.119777 0.01760911 0.1801127 0.001892209 0.2033078 0.01760911 0.1647856 0.7738453 0.2170926 0.7157955 0.2276731 0.7315124 0.327662 0.01475507 0.3467693 0.001892209 0.5874644 0.3594363 0.1459681 0.218477 0.1771168 0.218477 0.1771167 0.4591721 0.8353633 0.001892209 0.8544706 0.01475507 0.6137754 0.3722991 0.8928235 0.001892209 0.8928235 0.3594362 0.861675 0.3594362 0.1801127 0.04422509 0.1801127 0.001892209 0.1429722 0.001892209 0.8101416 0.8170883 0.8230043 0.8170883 0.8230043 0.8482369 0.8656846 0.8176026 0.8656846 0.8487511 0.8551369 0.8581145 0.1771168 0.1993697 0.1771168 0.218477 0.1864801 0.2341393 0.1459681 0.218477 0.1366048 0.2341393 0.1864801 0.2341393 0.8656846 0.8176026 0.8551369 0.8082393 0.8890807 0.8082393 0.8300156 0.7819736 0.8395254 0.7819736 0.8395254 0.7320984 0.03556221 0.9480425 0.001991808 0.8992763 0.0599963 0.8854597 0.1366048 0.2341393 0.1366048 0.1853731 0.1864801 0.1853731 0.2664667 0.9480425 0.2325229 0.8976202 0.2420326 0.8854597 0.8395254 0.7819736 0.8270151 0.7819736 0.8270151 0.7320984 0.0599963 0.8854597 0.001991808 0.8992763 0.01192212 0.8267409 0.1864801 0.1853731 0.1366048 0.1853731 0.1366048 0.1128376 0.2420326 0.8854597 0.2295224 0.8675239 0.290107 0.8267409 0.8270151 0.7819736 0.805123 0.7819736 0.8051231 0.7320984 0.0725066 0.8675239 0.01192212 0.8267409 0.03381383 0.7942214 0.1864801 0.1128376 0.1366048 0.1128376 0.1366048 0.08031815 0.2295224 0.8675239 0.2076303 0.8350042 0.2682151 0.7942214 0.8051231 0.7320984 0.805123 0.7819736 0.7861817 0.8130969 0.09439873 0.8350042 0.03381383 0.7942214 0.05045253 0.7670199 0.1366048 0.08031815 0.1054813 0.05311661 0.2176035 0.05311661 0.2076303 0.8350042 0.1886889 0.8093527 0.2515764 0.7670199 0.7861817 0.8130969 0.7622783 0.7988013 0.7622783 0.7152705 0.11334 0.8093527 0.05045253 0.7670199 0.0743559 0.7315124 0.1054813 0.05311661 0.119777 0.01760911 0.2033078 0.01760911 0.1886889 0.8093527 0.1647856 0.7738453 0.2276731 0.7315124 0.119777 0.059942 0.2033078 0.059942 0.1801127 0.04422509 0.1372433 0.7738453 0.0743559 0.7315124 0.08493632 0.7157955 0.119777 0.01760911 0.1429722 0.001892209 0.1801127 0.001892209 0.1647856 0.7738453 0.1542052 0.7581284 0.2170926 0.7157955</float_array>
          <technique_common>
            <accessor source="#Mesh-mesh-map-0-array" count="204" stride="2">
              <param name="S" type="float"/>
              <param name="T" type="float"/>
            </accessor>
          </technique_common>
        </source>
        <vertices id="Mesh-mesh-vertices">
          <input semantic="POSITION" source="#Mesh-mesh-positions"/>
        </vertices>
        <triangles material="black-material" count="68">
          <input semantic="VERTEX" source="#Mesh-mesh-vertices" offset="0"/>
          <input semantic="NORMAL" source="#Mesh-mesh-normals" offset="1"/>
          <input semantic="TEXCOORD" source="#Mesh-mesh-map-0" offset="2" set="0"/>
          <p>1 0 0 2 0 1 0 0 2 3 1 3 4 1 4 2 1 5 5 2 6 6 2 7 4 2 8 6 3 9 1 3 10 0 3 11 32 4 12 35 5 13 33 6 14 0 7 15 4 7 16 6 7 17 1 8 18 8 8 19 9 8 20 7 9 21 10 9 22 8 9 23 3 10 24 10 10 25 5 10 26 1 11 27 11 11 28 3 11 29 8 12 30 13 13 31 9 14 32 10 15 33 12 15 34 8 15 35 11 16 36 14 17 37 10 18 38 11 19 39 13 19 40 15 19 41 12 20 42 17 21 43 13 13 44 12 22 45 18 22 46 16 22 47 14 23 48 19 24 49 18 25 50 13 26 51 19 26 52 15 26 53 16 27 54 21 28 55 17 29 56 16 30 57 22 31 58 20 32 59 18 25 60 23 33 61 22 34 62 17 35 63 23 36 64 19 35 65 21 37 66 24 38 67 25 39 68 20 40 69 26 41 70 24 42 71 23 43 72 26 44 73 22 45 74 21 46 75 27 47 76 23 48 77 24 49 78 29 50 79 25 51 80 24 42 81 30 52 82 28 53 83 27 54 84 30 55 85 26 56 86 25 57 87 31 58 88 27 59 89 29 60 90 32 4 91 33 6 92 28 53 93 34 61 94 32 4 95 31 62 96 34 61 97 30 63 98 29 64 99 35 5 100 31 58 101 1 35 102 3 35 103 2 35 104 3 1 105 5 1 106 4 1 107 5 30 108 7 30 109 6 30 110 6 65 111 7 65 112 1 65 113 32 4 114 34 61 115 35 5 116 0 66 117 2 66 118 4 66 119 1 67 120 7 67 121 8 67 122 7 68 123 5 68 124 10 68 125 3 69 126 11 69 127 10 69 128 1 70 129 9 70 130 11 70 131 8 12 132 12 20 133 13 13 134 10 71 135 14 71 136 12 71 137 11 16 138 15 72 139 14 17 140 11 35 141 9 35 142 13 35 143 12 20 144 16 73 145 17 21 146 12 74 147 14 74 148 18 74 149 14 17 150 15 72 151 19 75 152 13 35 153 17 35 154 19 35 155 16 76 156 20 77 157 21 78 158 16 30 159 18 30 160 22 31 161 18 25 162 19 24 163 23 33 164 17 79 165 21 80 166 23 81 167 21 82 168 20 83 169 24 84 170 20 32 171 22 31 172 26 85 173 23 86 174 27 87 175 26 88 176 21 46 177 25 89 178 27 47 179 24 90 180 28 91 181 29 60 182 24 42 183 26 41 184 30 52 185 27 92 186 31 62 187 30 63 188 25 57 189 29 64 190 31 58 191 29 60 192 28 91 193 32 4 194 28 53 195 30 52 196 34 61 197 31 62 198 35 5 199 34 61 200 29 64 201 33 6 202 35 5 203</p>
        </triangles>
      </mesh>
    </geometry>
    <geometry id="Mesh_001-mesh" name="Mesh.001">
      <mesh>
        <source id="Mesh_001-mesh-positions">
          <float_array id="Mesh_001-mesh-positions-array" count="132">21.21723 21.5617 -20.46077 21.21723 22.68808 -21.29658 22.43193 23.25127 -21.71449 23.64663 22.68808 -21.29658 23.64663 21.5617 -20.46077 22.43193 20.99851 -20.04286 18.61553 13.42488 -33.29738 18.61553 17.83168 -33.29738 22.43193 20.03507 -33.29738 26.24833 17.83168 -33.29738 26.24833 13.42488 -33.29738 22.43193 11.22148 -33.29738 22.43193 15.62827 -33.29738 23.64663 14.92697 -31.07061 23.64663 16.32958 -31.07061 22.43193 17.03089 -31.07061 21.21723 16.32958 -31.07061 21.21723 14.92697 -31.07061 22.43193 14.22566 -31.07061 20.3697 21.45819 -19.7791 20.3697 23.37049 -21.19809 22.43193 24.32664 -21.90759 24.49416 23.37049 -21.19809 24.49416 21.45819 -19.7791 22.43193 20.50204 -19.06962 20.3697 30.43782 -7.51367 20.3697 32.35012 -8.932657 22.43193 31.39397 -8.223162 22.43193 33.30627 -9.642148 24.49416 32.35012 -8.932657 24.49416 30.43782 -7.51367 22.43193 29.48167 -6.804176 26.22652 17.81908 -31.743 22.43193 20.00988 -31.743 18.63735 17.81908 -31.743 18.63735 13.43747 -31.743 22.43193 11.24667 -31.743 26.22652 13.43747 -31.743 22.43193 17.18554 -30.17109 21.21723 16.51592 -29.9768 21.21723 15.1767 -29.58822 22.43193 14.50709 -29.39393 23.64663 15.1767 -29.58822 23.64663 16.51592 -29.9768</float_array>
          <technique_common>
            <accessor source="#Mesh_001-mesh-positions-array" count="44" stride="3">
              <param name="X" type="float"/>
              <param name="Y" type="float"/>
              <param name="Z" type="float"/>
            </accessor>
          </technique_common>
        </source>
        <source id="Mesh_001-mesh-normals">
          <float_array id="Mesh_001-mesh-normals-array" count="204">-0.8658898 -0.4098882 0.2867519 -0.8678879 0.458509 -0.1911549 -0.8675516 -0.4603518 0.1882297 -0.8655261 0.4070652 -0.2918262 -2.62837e-6 0.9226123 -0.3857287 0.8655256 0.4070994 -0.29178 -9.15398e-7 0.8125816 -0.5828474 0.86589 -0.4098877 0.2867519 0.8852865 0.4486089 -0.122548 1.54718e-7 -0.8195753 0.5729716 0.845313 -0.4673999 0.2588114 -0.007978677 -0.9284112 0.3714688 -0.564553 0.713625 0.4147523 -0.5654434 0.1870501 0.803297 0 0.5958965 0.8030613 -1.58921e-5 0.9747296 0.223388 0.5645468 0.7136334 0.4147462 0.5663307 0.1882762 0.802385 1.33663e-5 -0.07814323 0.9969422 -0.5711978 -0.3297724 -0.7516539 -0.5713527 0.3298503 -0.7515019 0 0 -1 -2.839e-7 0.659985 -0.7512789 0.5711926 0.3297795 -0.7516546 0.5713503 -0.3298498 -0.7515038 -3.05739e-7 -0.659985 -0.7512789 0.1906754 0.1100857 0.975461 0.190674 -0.110086 0.9754612 0.1906736 0.1100873 0.9754611 1.10475e-6 0.2201722 0.975461 -1.91072e-6 0.2201723 0.9754611 -0.1906744 0.110086 0.9754611 -0.1906749 0.1100863 0.975461 -0.1906754 -0.1100851 0.975461 -0.1906737 -0.1100864 0.9754612 -1.83995e-6 -0.2201725 0.975461 9.63947e-7 -0.2201723 0.975461 0.1906744 -0.1100853 0.9754613 -0.3850231 -0.7122822 -0.5868656 -0.3850253 -0.3552516 -0.8517934 -0.3850263 -0.3552526 -0.8517926 -1.87089e-7 -0.1767386 -0.9842579 0 -0.1767387 -0.9842579 0.385025 -0.3552507 -0.8517938 0.3850258 -0.3552508 -0.8517934 0.3850246 -0.712279 -0.5868687 0.3850253 -0.7122805 -0.5868662 4.78667e-6 -0.890792 -0.4544115 -1.34362e-6 -0.8907913 -0.4544127 -0.3850206 -0.712285 -0.586864 -0.8660587 -0.4033879 0.2953313 -0.8659576 0.4035398 -0.2954202 0 0.8068758 -0.5907211 0.8659857 0.4034934 -0.2954013 0.866087 -0.4033523 0.2952972 -4.59126e-7 -0.8068761 0.5907207 -3.54182e-7 0.9998687 0.01620548 -0.8659055 0.4999449 0.01620697 -0.8659114 -0.499935 0.01620465 -4.25018e-7 -0.9998688 0.01620388 0.8659051 -0.4999461 0.01619946 0.8659124 0.4999333 0.01620244 -4.45432e-7 0.98565 -0.1688023 -0.8644948 0.4955004 -0.08442813 -0.8644629 -0.4957393 0.08334511 -1.49811e-6 -0.9862042 0.1655332 0.8644626 -0.4957398 0.083346 0.8644948 0.4955002 -0.0844292</float_array>
          <technique_common>
            <accessor source="#Mesh_001-mesh-normals-array" count="68" stride="3">
              <param name="X" type="float"/>
              <param name="Y" type="float"/>
              <param name="Z" type="float"/>
            </accessor>
          </technique_common>
        </source>
        <source id="Mesh_001-mesh-map-0">
          <float_array id="Mesh_001-mesh-map-0-array" count="504">0.319751 0.648004 0.4379982 0.4249968 0.4693826 0.4341032 0.301162 0.1465361 0.2726957 0.01758456 0.301162 0.001892209 0.2442291 0.1465361 0.2726957 0.01758456 0.2726957 0.1597344 0.2608223 0.711804 0.1425751 0.4887968 0.287219 0.6922166 0.0503202 0.3121394 0.02185386 0.5358337 0.02185386 0.3219329 0.0503202 0.3121394 0.07878661 0.5358337 0.0503202 0.5312806 0.8952161 0.8414931 0.8952161 0.8082393 0.9435442 0.8248661 0.9435443 0.8581199 0.8952161 0.8414931 0.9435442 0.8248661 0.2243674 0.3729649 0.2726956 0.3953721 0.2726957 0.3505576 0.9980079 0.7785259 0.9980079 0.8117797 0.9496797 0.7951527 0.9496797 0.7618989 0.9980079 0.7785259 0.9496797 0.7951527 0.09864842 0.01851922 0.0503202 0.001892209 0.0503202 0.03514599 0.4850972 0.7526112 0.4850972 0.8558841 0.3956604 0.8042477 0.4850972 0.8558841 0.3956604 0.9075205 0.3956604 0.8042477 0.3956604 0.9075205 0.3062234 0.8558841 0.3956604 0.8042477 0.3062234 0.8558841 0.3062234 0.7526113 0.3956604 0.8042477 0.3062234 0.7526113 0.3956604 0.700975 0.3956604 0.8042477 0.3956604 0.700975 0.4850972 0.7526112 0.3956604 0.8042477 0.6087661 0.8200924 0.6692254 0.7523161 0.6692254 0.8549986 0.5802997 0.8365275 0.6692254 0.8549986 0.5802996 0.9063398 0.5518333 0.8200924 0.5802996 0.9063398 0.491374 0.8549986 0.5518333 0.8200924 0.491374 0.7523161 0.5518333 0.7872223 0.5518333 0.7872223 0.5802996 0.700975 0.5802997 0.7707872 0.5802997 0.7707872 0.6692254 0.7523161 0.6087661 0.7872223 0.07878661 0.3219329 0.09864842 0.339212 0.07878661 0.3415203 0.2726957 0.1597344 0.3210238 0.1625282 0.2726957 0.1849356 0.2726957 0.1597344 0.2243674 0.1625282 0.2442291 0.1465361 0.8490015 0.8330629 0.8291397 0.850342 0.8291397 0.8170883 0.02185386 0.3219329 0.0503202 0.2893314 0.0503202 0.3121394 0.0503202 0.3121394 0.09864842 0.3059583 0.07878661 0.3219329 0.998008 0.4095444 0.7427569 0.6637296 0.9531934 0.3762906 0.3210238 0.1625282 0.2726956 0.3953721 0.2726957 0.1849356 0.2243674 0.1625282 0.2726956 0.3953721 0.2243674 0.3729649 0.4813704 0.4095444 0.7366216 0.6637296 0.691807 0.6969834 0.0503202 0.2893314 0.001991987 0.01851922 0.0503202 0.001892209 0.0503202 0.2893314 0.09864842 0.01851922 0.09864842 0.3059583 0.6765245 0.7904118 0.7129513 0.7009748 0.7129513 0.7904118 0.6765245 0.7904118 0.7129513 0.8798485 0.6765245 0.8793374 0.88251 0.8039526 0.8460832 0.700975 0.88251 0.7012702 0.7558282 0.7904118 0.7194014 0.8798485 0.7194014 0.7904118 0.7558282 0.7904118 0.7194014 0.7009748 0.7558282 0.701486 0.8889601 0.7012701 0.9253869 0.8042477 0.8889601 0.8039525 0.9318372 0.7579075 0.9574705 0.7294412 0.9574704 0.7579075 0.4693826 0.4341032 0.4423649 0.3993636 0.4752351 0.3993636 0.0503202 0.5312806 0.07878661 0.5705733 0.05032014 0.5705735 0.0503202 0.5312806 0.02185386 0.5705733 0.02185386 0.5358337 0.1111906 0.4979032 0.1382083 0.4631636 0.1425751 0.4887968 0.9318372 0.7009748 0.9574705 0.7294412 0.9363902 0.7294412 0.319751 0.648004 0.2933542 0.6284167 0.4379982 0.4249968 0.301162 0.1465361 0.2726957 0.1597344 0.2726957 0.01758456 0.2442291 0.1465361 0.2442291 0.001892209 0.2726957 0.01758456 0.2608223 0.711804 0.1111906 0.4979032 0.1425751 0.4887968 0.0503202 0.3121394 0.0503202 0.5312806 0.02185386 0.5358337 0.0503202 0.3121394 0.07878661 0.3219329 0.07878661 0.5358337 0.6087661 0.8200924 0.6087661 0.7872223 0.6692254 0.7523161 0.5802997 0.8365275 0.6087661 0.8200924 0.6692254 0.8549986 0.5518333 0.8200924 0.5802997 0.8365275 0.5802996 0.9063398 0.5518333 0.8200924 0.491374 0.8549986 0.491374 0.7523161 0.5518333 0.7872223 0.491374 0.7523161 0.5802996 0.700975 0.5802997 0.7707872 0.5802996 0.700975 0.6692254 0.7523161 0.07878661 0.3219329 0.09864842 0.3059583 0.09864842 0.339212 0.2726957 0.1597344 0.301162 0.1465361 0.3210238 0.1625282 0.2726957 0.1597344 0.2726957 0.1849356 0.2243674 0.1625282 0.8490015 0.8330629 0.8490015 0.8526503 0.8291397 0.850342 0.02185386 0.3219329 0.001991987 0.3059583 0.0503202 0.2893314 0.0503202 0.3121394 0.0503202 0.2893314 0.09864842 0.3059583 0.998008 0.4095444 0.7875714 0.6969834 0.7427569 0.6637296 0.3210238 0.1625282 0.3210238 0.3729649 0.2726956 0.3953721 0.2243674 0.1625282 0.2726957 0.1849356 0.2726956 0.3953721 0.4813704 0.4095444 0.5261849 0.3762906 0.7366216 0.6637296 0.0503202 0.2893314 0.001991987 0.3059583 0.001991987 0.01851922 0.0503202 0.2893314 0.0503202 0.001892209 0.09864842 0.01851922 0.6765245 0.7904118 0.6765245 0.701486 0.7129513 0.7009748 0.6765245 0.7904118 0.7129513 0.7904118 0.7129513 0.8798485 0.88251 0.8039526 0.8460832 0.8042478 0.8460832 0.700975 0.7558282 0.7904118 0.7558282 0.8793374 0.7194014 0.8798485 0.7558282 0.7904118 0.7194014 0.7904118 0.7194014 0.7009748 0.8889601 0.7012701 0.9253869 0.700975 0.9253869 0.8042477 0.9318372 0.7579075 0.9363902 0.7294412 0.9574705 0.7294412 0.4693826 0.4341032 0.4379982 0.4249968 0.4423649 0.3993636 0.0503202 0.5312806 0.07878661 0.5358337 0.07878661 0.5705733 0.0503202 0.5312806 0.05032014 0.5705735 0.02185386 0.5705733 0.1111906 0.4979032 0.1053382 0.4631636 0.1382083 0.4631636 0.9318372 0.7009748 0.9574704 0.7009748 0.9574705 0.7294412</float_array>
          <technique_common>
            <accessor source="#Mesh_001-mesh-map-0-array" count="252" stride="2">
              <param name="S" type="float"/>
              <param name="T" type="float"/>
            </accessor>
          </technique_common>
        </source>
        <vertices id="Mesh_001-mesh-vertices">
          <input semantic="POSITION" source="#Mesh_001-mesh-positions"/>
        </vertices>
        <triangles material="black-material" count="84">
          <input semantic="VERTEX" source="#Mesh_001-mesh-vertices" offset="0"/>
          <input semantic="NORMAL" source="#Mesh_001-mesh-normals" offset="1"/>
          <input semantic="TEXCOORD" source="#Mesh_001-mesh-map-0" offset="2" set="0"/>
          <p>0 0 0 39 1 1 40 2 2 1 3 3 38 4 4 39 1 5 3 5 6 38 4 7 2 6 8 4 7 9 43 8 10 3 5 11 5 9 12 42 10 13 4 7 14 5 9 15 40 2 16 41 11 17 26 12 18 25 13 19 27 14 20 28 15 21 26 12 22 27 14 23 29 16 24 28 15 25 27 14 26 30 17 27 29 16 28 27 14 29 31 18 30 30 17 31 27 14 32 25 13 33 31 18 34 27 14 35 6 19 36 7 20 37 12 21 38 7 20 39 8 22 40 12 21 41 8 22 42 9 23 43 12 21 44 9 23 45 10 24 46 12 21 47 10 24 48 11 25 49 12 21 50 11 25 51 6 19 52 12 21 53 14 26 54 37 27 55 32 28 56 15 29 57 32 28 58 33 30 59 16 31 60 33 30 61 34 32 62 16 31 63 35 33 64 17 34 65 17 34 66 36 35 67 18 36 68 18 36 69 37 27 70 13 37 71 0 38 72 20 39 73 1 40 74 2 41 75 20 39 76 21 42 77 2 41 78 22 43 79 3 44 80 4 45 81 22 43 82 23 46 83 4 45 84 24 47 85 5 48 86 5 48 87 19 49 88 0 38 89 19 50 90 26 12 91 20 51 92 20 51 93 28 15 94 21 52 95 22 53 96 28 15 97 29 16 98 23 54 99 29 16 100 30 17 101 24 55 102 30 17 103 31 18 104 24 55 105 25 13 106 19 50 107 33 56 108 9 23 109 8 22 110 33 56 111 7 20 112 34 57 113 34 57 114 6 19 115 35 58 116 36 59 117 6 19 118 11 25 119 36 59 120 10 24 121 37 60 122 37 60 123 9 23 124 32 61 125 39 1 126 15 62 127 16 63 128 40 2 129 16 63 130 17 64 131 41 11 132 17 64 133 18 65 134 41 11 135 13 66 136 42 10 137 42 10 138 14 67 139 43 8 140 43 8 141 15 62 142 38 4 143 0 0 144 1 3 145 39 1 146 1 3 147 2 6 148 38 4 149 3 5 150 43 8 151 38 4 152 4 7 153 42 10 154 43 8 155 5 9 156 41 11 157 42 10 158 5 9 159 0 0 160 40 2 161 14 26 162 13 37 163 37 27 164 15 29 165 14 26 166 32 28 167 16 31 168 15 29 169 33 30 170 16 31 171 34 32 172 35 33 173 17 34 174 35 33 175 36 35 176 18 36 177 36 35 178 37 27 179 0 38 180 19 49 181 20 39 182 2 41 183 1 40 184 20 39 185 2 41 186 21 42 187 22 43 188 4 45 189 3 44 190 22 43 191 4 45 192 23 46 193 24 47 194 5 48 195 24 47 196 19 49 197 19 50 198 25 13 199 26 12 200 20 51 201 26 12 202 28 15 203 22 53 204 21 52 205 28 15 206 23 54 207 22 53 208 29 16 209 24 55 210 23 54 211 30 17 212 24 55 213 31 18 214 25 13 215 33 56 216 32 61 217 9 23 218 33 56 219 8 22 220 7 20 221 34 57 222 7 20 223 6 19 224 36 59 225 35 58 226 6 19 227 36 59 228 11 25 229 10 24 230 37 60 231 10 24 232 9 23 233 39 1 234 38 4 235 15 62 236 40 2 237 39 1 238 16 63 239 41 11 240 40 2 241 17 64 242 41 11 243 18 65 244 13 66 245 42 10 246 13 66 247 14 67 248 43 8 249 14 67 250 15 62 251</p>
        </triangles>
      </mesh>
    </geometry>
    <geometry id="Mesh_003-mesh" name="Mesh.003">
      <mesh>
        <source id="Mesh_003-mesh-positions">
          <float_array id="Mesh_003-mesh-positions-array" count="288">-7.093249 43.94712 -11.52487 -34.24792 27.60203 -16.31294 -7.543471 44.80259 -11.70235 -34.69815 28.4575 -16.49042 -7.776762 44.94957 -10.4021 -34.93143 28.60448 -15.19018 -7.32654 44.0941 -10.22463 -34.48122 27.74901 -15.0127 -34.18208 27.09234 -14.47637 -33.80854 26.85701 -16.55833 -35.37018 29.34986 -14.94472 -34.99663 29.11452 -17.02668 -34.63457 26.61437 -14.50353 -34.26102 26.37904 -16.58548 -36.99406 27.41594 -15.01748 -36.62052 27.18061 -17.09943 -34.19373 25.80971 -14.33348 -33.82019 25.57438 -16.41543 -36.90944 24.31452 -14.65173 -36.5359 24.07919 -16.73368 -33.42747 24.35374 -14.03142 -33.05392 24.1184 -16.11337 -36.14319 22.85856 -14.34967 -35.76964 22.62322 -16.43162 -32.98627 23.34583 -12.48072 -32.14653 22.81679 -17.16105 -35.80521 21.79383 -12.81106 -34.96546 21.26479 -17.49139 -32.04255 21.68864 -12.74765 -31.41694 21.2945 -16.23449 -34.86148 20.13663 -13.078 -34.23587 19.74249 -16.56484 -31.49849 20.87551 -13.56991 -31.22032 20.70026 -15.12027 -34.31742 19.3235 -13.90025 -34.03925 19.14826 -15.45061 -7.435006 45.44834 -11.86172 -7.435006 45.44834 -5.872424 -6.56898 44.94834 -11.86172 -6.56898 44.94834 -5.872423 -6.56898 43.94834 -11.86172 -6.56898 43.94834 -5.872423 -7.435006 43.44834 -11.86172 -7.435006 43.44834 -5.872423 -8.301032 43.94834 -11.86172 -8.301032 43.94834 -5.872423 -8.301032 44.94834 -11.86172 -8.301032 44.94834 -5.872423 -7.093249 43.94712 35.85203 -34.24792 27.60203 40.6401 -7.543471 44.80259 36.02951 -34.69815 28.4575 40.81758 -7.776762 44.94957 34.72926 -34.93143 28.60448 39.51734 -7.32654 44.0941 34.55179 -34.48122 27.74901 39.33986 -34.18208 27.09234 38.80353 -33.80854 26.85701 40.88549 -35.37018 29.34986 39.27188 -34.99663 29.11452 41.35384 -34.63457 26.61437 38.83069 -34.26102 26.37904 40.91264 -36.99406 27.41594 39.34464 -36.62052 27.18061 41.42659 -34.19373 25.80971 38.66064 -33.82019 25.57438 40.74259 -36.90944 24.31452 38.97889 -36.5359 24.07919 41.06084 -33.42747 24.35374 38.35858 -33.05392 24.1184 40.44053 -36.14319 22.85856 38.67683 -35.76964 22.62322 40.75878 -32.98627 23.34583 36.80788 -32.14653 22.81679 41.48821 -35.80521 21.79383 37.13822 -34.96546 21.26479 41.81855 -32.04255 21.68864 37.07481 -31.41694 21.2945 40.56165 -34.86148 20.13663 37.40516 -34.23587 19.74249 40.892 -31.49849 20.87551 37.89707 -31.22032 20.70026 39.44743 -34.31742 19.3235 38.22741 -34.03925 19.14826 39.77777 -7.435006 45.44834 36.18888 -7.435006 45.44834 30.19959 -6.56898 44.94834 36.18888 -6.56898 44.94834 30.19958 -6.56898 43.94834 36.18888 -6.56898 43.94834 30.19958 -7.435006 43.44834 36.18888 -7.435006 43.44834 30.19958 -8.301032 43.94834 36.18888 -8.301032 43.94834 30.19958 -8.301032 44.94834 36.18888 -8.301032 44.94834 30.19958</float_array>
          <technique_common>
            <accessor source="#Mesh_003-mesh-positions-array" count="96" stride="3">
              <param name="X" type="float"/>
              <param name="Y" type="float"/>
              <param name="Z" type="float"/>
            </accessor>
          </technique_common>
        </source>
        <source id="Mesh_003-mesh-normals">
          <float_array id="Mesh_003-mesh-normals-array" count="681">0.2221836 -0.08458411 -0.971329 -0.4830126 0.8561813 -0.1834467 -0.2221792 0.08457618 0.9713307 0.4830114 -0.8561816 0.183448 0.7323704 -0.4732905 0.48952 0.03790038 -0.9815166 -0.1875868 0.8418081 -0.5318721 -0.09203898 0.8714171 0.4797975 0.102112 0.8712092 0.4801916 0.1020328 0.8715805 0.4796939 0.101199 0.8716224 0.4794074 0.1021908 0.8712421 0.4799138 0.1030545 0.7052432 -0.6791895 0.203307 0.9753982 -0.1151084 0.1880122 0.7052464 -0.6791872 0.2033037 -0.1755234 0.1105741 0.9782459 -0.7456684 0.6338567 -0.2054373 -0.9274716 0.3146475 -0.2019739 -0.927474 0.3146393 -0.2019761 0.1755177 -0.110581 -0.9782461 0.9753884 -0.1151074 0.1880632 0.8676503 0.4868827 0.1006388 0.8675973 0.4869816 0.1006174 -0.1755179 0.1105748 0.9782468 -0.9275106 0.3145319 -0.2019752 -0.9524483 -0.2704712 -0.1403123 -0.9524559 -0.2704409 -0.1403192 0.1755172 -0.1105762 -0.9782468 0.8612412 0.4986262 0.0981602 -0.1755195 0.1105767 0.9782463 -0.3353422 0.4307506 0.8378543 -0.3353293 0.4307076 0.8378815 -0.8811772 -0.4607456 -0.10602 -0.8811782 -0.4607435 -0.1060214 0.1755185 -0.1105753 -0.9782466 -0.01020592 0.225856 -0.9741072 0.8612331 0.4986405 0.09815996 0.8612331 0.4986405 0.09815949 0.8612337 0.4986402 0.09815651 -0.3353745 0.4308099 0.8378107 -0.2736126 0.3023627 0.9130789 -0.2735314 0.3024772 0.9130653 -0.8812016 -0.4606969 -0.1060289 -0.88118 -0.4607396 -0.1060239 -0.8812017 -0.4606968 -0.1060286 -0.0102989 0.2260555 -0.9740601 0.06856197 0.08693403 -0.993852 -0.01028579 0.2260076 -0.9740713 0.8612194 0.4986649 0.09815567 0.8714176 0.4797955 0.1021158 0.8612427 0.4986234 0.09816199 0.1157287 -0.4033996 0.9076759 0.1157286 -0.4033982 0.9076766 -0.8811765 -0.4607459 -0.1060243 -0.8714147 -0.4798008 -0.1021165 -0.881177 -0.4607456 -0.1060219 0.06856 0.0869562 -0.9938502 0.4046378 -0.5854102 -0.7025405 0.06862306 0.0869404 -0.9938472 0.8714157 0.4797993 0.1021152 -0.07105582 -0.9157683 0.3953728 -0.8714179 -0.4797948 -0.1021173 0.4046363 -0.5854087 -0.7025427 0.2221836 -0.08458369 -0.9713291 -0.4830121 0.8561824 -0.1834421 -0.2221859 0.08458691 0.9713282 0.4830105 -0.8561816 0.1834502 0.8714147 0.4798007 0.1021171 0.8712029 0.4802019 0.1020378 0.8715777 0.4796907 0.101238 0.8716292 0.479393 0.1022006 0.8712532 0.4799015 0.1030161 0.9754056 -0.1150435 0.188013 -0.1755182 0.1105758 0.9782466 -0.7456676 0.6338571 -0.2054387 0.1755112 -0.110581 -0.9782473 0.8676027 0.4869714 0.1006208 -0.1755183 0.1105756 0.9782466 -0.9524798 -0.2703518 -0.1403285 0.1755226 -0.1105772 -0.9782456 0.8675849 0.4870046 0.1006137 0.861239 0.4986304 0.09815847 0.8612392 0.4986304 0.09815806 -0.1755208 0.1105781 0.9782459 0.1755166 -0.1105755 -0.9782469 -0.01023161 0.2258961 -0.9740977 -0.01020103 0.22586 -0.9741064 0.8612361 0.4986355 0.09815859 0.8612138 0.4986764 0.09814655 0.8612132 0.4986768 0.09814995 -0.2735506 0.3024949 0.9130536 -0.8811845 -0.4607313 -0.1060215 -0.8811839 -0.4607316 -0.106025 -0.8811842 -0.4607315 -0.1060237 0.06861692 0.08696585 -0.9938455 0.8612185 0.4986672 0.0981521 0.8714166 0.4797976 0.1021147 -0.8811607 -0.4607781 -0.1060168 -0.8714169 -0.4797968 -0.1021152 0.4999998 0.8660256 0 1 0 0 0.5000002 -0.8660253 0 -0.5000001 -0.8660254 0 0 4.7684e-7 1 -1 0 0 -0.5000004 0.8660252 0 0 -6.35785e-7 -1 0.2221836 -0.08458358 0.971329 -0.4830125 0.8561811 0.183447 -0.2221802 0.08457762 -0.9713304 0.4830076 -0.8561837 -0.1834484 0.7324091 -0.4732408 -0.4895101 0.8418401 -0.5318235 0.09202849 0.03783583 -0.9815188 0.1875886 0.8714171 0.4797973 -0.1021119 0.8712052 0.4801989 -0.1020325 0.871577 0.4797001 -0.1012003 0.8716232 0.4794059 -0.1021905 0.8712496 0.4799003 -0.1030536 0.705241 -0.6791923 -0.2033055 0.705249 -0.6791843 -0.2033045 0.9753931 -0.1151501 -0.1880131 -0.1755245 0.1105757 -0.9782454 -0.7456684 0.6338567 0.2054374 -0.9274746 0.3146393 0.2019726 -0.9274713 0.3146483 0.2019735 0.1755152 -0.110581 0.9782466 0.9753905 -0.1151592 -0.1880211 0.8675963 0.4869835 -0.1006175 0.8676716 0.4868431 -0.100647 -0.1755154 0.1105729 -0.9782474 -0.9275056 0.3144735 0.2020888 -0.9524558 -0.270441 0.1403196 -0.9524477 -0.2704722 0.1403141 0.1755182 -0.1105767 0.9782466 0.8612399 0.4986286 -0.09815955 -0.1755157 0.1105764 -0.978247 -0.335305 0.4306778 -0.8379064 -0.3353413 0.4307497 -0.8378549 -0.8811784 -0.460743 0.1060213 -0.881177 -0.4607459 0.10602 0.1755164 -0.1105742 0.9782471 -0.01017558 0.2258214 0.9741156 0.861233 0.4986405 -0.09816092 0.8612336 0.4986401 -0.0981574 0.8612334 0.4986402 -0.09815871 -0.3353853 0.4308503 -0.8377857 -0.2735313 0.3024783 -0.913065 -0.2735795 0.3023249 -0.9131014 -0.8812007 -0.4606989 0.106028 -0.8812006 -0.460699 0.1060291 -0.881179 -0.4607416 0.1060231 -0.01031702 0.2260995 0.9740496 -0.01032018 0.2260425 0.9740629 0.06857484 0.08694159 0.9938505 0.8612195 0.4986647 -0.09815621 0.8612427 0.4986232 -0.09816277 0.8714179 0.4797952 -0.1021158 0.1157287 -0.4033984 -0.9076765 0.1157282 -0.4033994 -0.9076762 -0.8811767 -0.4607456 0.1060249 -0.8811776 -0.460745 0.1060195 -0.8714148 -0.4798004 0.1021165 0.06856048 0.08695572 0.9938502 0.06862705 0.08693981 0.993847 0.4046382 -0.5854101 0.7025404 0.8714159 0.4797986 -0.1021155 -0.0711162 -0.9157724 -0.3953524 -0.8714178 -0.479795 0.1021171 0.404635 -0.5854091 0.7025431 0.2221854 -0.08458459 0.9713285 -0.4830124 0.8561822 0.183442 -0.2221887 0.08458876 -0.9713275 0.4830139 -0.8561798 -0.1834496 0.8714162 0.479798 -0.1021167 0.8712023 0.4802032 -0.1020373 0.8715801 0.4796867 -0.1012372 0.8716285 0.4793944 -0.1022009 0.871255 0.4798985 -0.1030155 0.9754052 -0.1150489 -0.1880121 -0.1755151 0.1105771 -0.9782471 -0.745667 0.6338579 0.2054389 0.1755055 -0.110581 0.9782482 0.867605 0.4869678 -0.1006182 -0.1755204 0.1105753 -0.9782463 -0.9525053 -0.270296 0.1402633 0.1755239 -0.1105759 0.9782456 0.8675842 0.487006 -0.1006138 0.8612385 0.4986315 -0.09815758 0.8612379 0.498632 -0.09816086 -0.175518 0.1105778 -0.9782464 0.1755173 -0.1105759 0.9782468 -0.01017421 0.2258205 0.9741158 -0.01020741 0.2258551 0.9741075 0.861237 0.4986333 -0.09816169 0.8612147 0.4986742 -0.09814941 0.8612151 0.4986739 -0.09814715 -0.2735491 0.3024948 -0.9130542 -0.8811847 -0.4607313 0.1060199 -0.8811842 -0.4607317 0.106023 -0.8811843 -0.4607316 0.1060224 0.06862998 0.08697348 0.9938439 0.8612182 0.4986677 -0.09815138 0.8714163 0.4797983 -0.1021147 -0.8811598 -0.46078 0.1060159 -0.8714161 -0.4797984 0.1021152 0.4999998 0.8660255 0 0.4999998 -0.8660255 0 -0.4999972 -0.8660271 0 4.40482e-6 0 -1 -0.4999995 0.8660257 -1.27384e-6 0 0 1 0.5 0.8660254 1.27384e-6 0.4999969 -0.8660272 0 -0.4999974 -0.8660268 0 -1.65181e-6 0 1 2.20241e-6 0 1 -0.5 0.8660255 1.27384e-6 0 0 -1 0.4999998 0.8660255 -1.27384e-6 0.4999977 -0.8660268 0 -0.4999998 -0.8660255 0 -4.40482e-6 0 -1 0 9.5368e-7 -1 -0.5000004 0.8660253 0 -4.40482e-6 0 1 8.80964e-6 0 1</float_array>
          <technique_common>
            <accessor source="#Mesh_003-mesh-normals-array" count="227" stride="3">
              <param name="X" type="float"/>
              <param name="Y" type="float"/>
              <param name="Z" type="float"/>
            </accessor>
          </technique_common>
        </source>
        <source id="Mesh_003-mesh-map-0">
          <float_array id="Mesh_003-mesh-map-0-array" count="1056">0.7087973 0.3742249 0.4931201 0.007637321 0.5038469 0.001991987 0.6528862 0.3835411 0.680202 0.7586992 0.6365825 0.3864663 0.7128748 0.7614191 0.9070986 0.3835411 0.9178254 0.3891863 0.6309401 0.3864663 0.571017 0.755774 0.6146365 0.3835411 0.7116922 0.7754001 0.7435507 0.7989821 0.7082043 0.79484 0.7942886 0.7836189 0.8031723 0.7650899 0.8050153 0.7813936 0.4658927 0.9760922 0.4428641 0.9697012 0.4689696 0.9667503 0.449589 0.977935 0.4487366 0.9980081 0.4428641 0.9697012 0.4681181 0.9868189 0.4487366 0.9980081 0.4518144 0.9886618 0.4658927 0.9760922 0.4748421 0.9950572 0.4681181 0.9868189 0.4428641 0.9697012 0.4693101 0.9607571 0.4689696 0.9667503 0.1585929 0.8740665 0.1678168 0.8397664 0.1734905 0.8457596 0.03376448 0.8864597 0.006746709 0.8592596 0.03285217 0.8622104 0.1114221 0.8760578 0.1021983 0.8417577 0.131784 0.8518086 0.4693101 0.9607571 0.4410723 0.9536184 0.4671778 0.9506675 0.1678168 0.8397664 0.1392922 0.8109286 0.1733444 0.8296768 0.03285217 0.8622104 0.0113328 0.8203709 0.03743833 0.8233218 0.1021983 0.8417577 0.1307228 0.8129199 0.131784 0.8518086 0.4410723 0.9536184 0.4633903 0.932411 0.4671778 0.9506675 0.1733444 0.8296768 0.1489002 0.7926723 0.1829526 0.8114204 0.03743833 0.8233218 0.0151202 0.8021147 0.04122591 0.8050655 0.09667074 0.8316681 0.1211149 0.7946636 0.1307228 0.8129199 0.4633903 0.932411 0.4178406 0.9227238 0.4765271 0.9160901 0.1829526 0.8114204 0.1531381 0.7793218 0.1884847 0.7987822 0.0151202 0.8021147 0.06051838 0.7917149 0.04122591 0.8050655 0.08706253 0.8134115 0.1110312 0.7776302 0.1211149 0.7946636 0.4178406 0.9227238 0.464909 0.8970023 0.4765271 0.9160901 0.1884847 0.7987822 0.1649715 0.7585422 0.200318 0.7780027 0.001831769 0.7850813 0.05717128 0.7709354 0.06051838 0.7917149 0.07568478 0.7970907 0.1018829 0.7585422 0.1110312 0.7776302 0.464909 0.8970023 0.4314979 0.8917486 0.4509378 0.8895512 0.7185142 0.7650899 0.7470387 0.7795422 0.7116922 0.7754001 0.05717128 0.7709354 0.02742111 0.7585422 0.04686111 0.7607396 0.7106696 0.8088112 0.7435507 0.7989821 0.7460162 0.8129534 0.7087973 0.3742249 0.6980707 0.3798702 0.4931201 0.007637321 0.6528862 0.3835411 0.6965057 0.7557739 0.680202 0.7586992 0.7128748 0.7614191 0.702148 0.7557739 0.9070986 0.3835411 0.6309401 0.3864663 0.5873208 0.7586991 0.571017 0.755774 0.7116922 0.7754001 0.7470387 0.7795422 0.7435507 0.7989821 0.7942886 0.7836189 0.7924457 0.7673153 0.8031723 0.7650899 0.4658927 0.9760922 0.449589 0.977935 0.4428641 0.9697012 0.449589 0.977935 0.4518144 0.9886618 0.4487366 0.9980081 0.4681181 0.9868189 0.4748421 0.9950572 0.4487366 0.9980081 0.4658927 0.9760922 0.4689696 0.9667503 0.4748421 0.9950572 0.4428641 0.9697012 0.4432046 0.9637079 0.4693101 0.9607571 0.1585929 0.8740665 0.1382312 0.8498172 0.1678168 0.8397664 0.03376448 0.8864597 0.007658958 0.8835088 0.006746709 0.8592596 0.1114221 0.8760578 0.09652459 0.847751 0.1021983 0.8417577 0.4693101 0.9607571 0.4432046 0.9637079 0.4410723 0.9536184 0.1678168 0.8397664 0.1382312 0.8498172 0.1392922 0.8109286 0.03285217 0.8622104 0.006746709 0.8592596 0.0113328 0.8203709 0.1021983 0.8417577 0.09667074 0.8316681 0.1307228 0.8129199 0.4410723 0.9536184 0.4372848 0.935362 0.4633903 0.932411 0.1733444 0.8296768 0.1392922 0.8109286 0.1489002 0.7926723 0.03743833 0.8233218 0.0113328 0.8203709 0.0151202 0.8021147 0.09667074 0.8316681 0.08706253 0.8134115 0.1211149 0.7946636 0.4633903 0.932411 0.4372848 0.935362 0.4178406 0.9227238 0.1829526 0.8114204 0.1489002 0.7926723 0.1531381 0.7793218 0.0151202 0.8021147 0.001831769 0.7850813 0.06051838 0.7917149 0.08706253 0.8134115 0.07568478 0.7970907 0.1110312 0.7776302 0.4178406 0.9227238 0.4211877 0.9019443 0.464909 0.8970023 0.1884847 0.7987822 0.1531381 0.7793218 0.1649715 0.7585422 0.001831769 0.7850813 0.01344984 0.7659933 0.05717128 0.7709354 0.07568478 0.7970907 0.06653642 0.7780028 0.1018829 0.7585422 0.464909 0.8970023 0.4211877 0.9019443 0.4314979 0.8917486 0.7185142 0.7650899 0.7538607 0.769232 0.7470387 0.7795422 0.05717128 0.7709354 0.01344984 0.7659933 0.02742111 0.7585422 0.7106696 0.8088112 0.7082043 0.79484 0.7435507 0.7989821 1 1 0.8333333 0.5 1 0.5 0.8333333 1 0.6666666 0.5 0.8333333 0.5 0.6666666 1 0.5 0.5 0.6666666 0.5 0.5 0.5 0.3333333 1 0.3333333 0.5 0.25 0.00999999 0.4578461 0.1299999 0.25 0.49 0.3333333 0.5 0.1666666 1 0.1666666 0.5 0.1666666 0.5 0 1 0 0.5 0.9578461 0.3699998 0.75 0.009999752 0.5421539 0.3699998 0.7087973 0.3742249 0.5038469 0.001991987 0.4931201 0.007637321 0.6528862 0.3835411 0.6365825 0.3864663 0.680202 0.7586992 0.7128748 0.7614191 0.9178254 0.3891863 0.9070986 0.3835411 0.6309401 0.3864663 0.6146365 0.3835411 0.571017 0.755774 0.7116922 0.7754001 0.7082043 0.79484 0.7435507 0.7989821 0.7942886 0.7836189 0.8050153 0.7813936 0.8031723 0.7650899 0.4658927 0.9760922 0.4689696 0.9667503 0.4428641 0.9697012 0.449589 0.977935 0.4428641 0.9697012 0.4487366 0.9980081 0.4681181 0.9868189 0.4518144 0.9886618 0.4487366 0.9980081 0.4658927 0.9760922 0.4681181 0.9868189 0.4748421 0.9950572 0.4428641 0.9697012 0.4689696 0.9667503 0.4693101 0.9607571 0.1585929 0.8740665 0.1734905 0.8457596 0.1678168 0.8397664 0.03376448 0.8864597 0.03285217 0.8622104 0.006746709 0.8592596 0.1114221 0.8760578 0.131784 0.8518086 0.1021983 0.8417577 0.4693101 0.9607571 0.4671778 0.9506675 0.4410723 0.9536184 0.1678168 0.8397664 0.1733444 0.8296768 0.1392922 0.8109286 0.03285217 0.8622104 0.03743833 0.8233218 0.0113328 0.8203709 0.1021983 0.8417577 0.131784 0.8518086 0.1307228 0.8129199 0.4410723 0.9536184 0.4671778 0.9506675 0.4633903 0.932411 0.1733444 0.8296768 0.1829526 0.8114204 0.1489002 0.7926723 0.03743833 0.8233218 0.04122591 0.8050655 0.0151202 0.8021147 0.09667074 0.8316681 0.1307228 0.8129199 0.1211149 0.7946636 0.4633903 0.932411 0.4765271 0.9160901 0.4178406 0.9227238 0.1829526 0.8114204 0.1884847 0.7987822 0.1531381 0.7793218 0.0151202 0.8021147 0.04122591 0.8050655 0.06051838 0.7917149 0.08706253 0.8134115 0.1211149 0.7946636 0.1110312 0.7776302 0.4178406 0.9227238 0.4765271 0.9160901 0.464909 0.8970023 0.1884847 0.7987822 0.200318 0.7780027 0.1649715 0.7585422 0.001831769 0.7850813 0.06051838 0.7917149 0.05717128 0.7709354 0.07568478 0.7970907 0.1110312 0.7776302 0.1018829 0.7585422 0.464909 0.8970023 0.4509378 0.8895512 0.4314979 0.8917486 0.7185142 0.7650899 0.7116922 0.7754001 0.7470387 0.7795422 0.05717128 0.7709354 0.04686111 0.7607396 0.02742111 0.7585422 0.7106696 0.8088112 0.7460162 0.8129534 0.7435507 0.7989821 0.7087973 0.3742249 0.4931201 0.007637321 0.6980707 0.3798702 0.6528862 0.3835411 0.680202 0.7586992 0.6965057 0.7557739 0.7128748 0.7614191 0.9070986 0.3835411 0.702148 0.7557739 0.6309401 0.3864663 0.571017 0.755774 0.5873208 0.7586991 0.7116922 0.7754001 0.7435507 0.7989821 0.7470387 0.7795422 0.7942886 0.7836189 0.8031723 0.7650899 0.7924457 0.7673153 0.4658927 0.9760922 0.4428641 0.9697012 0.449589 0.977935 0.449589 0.977935 0.4487366 0.9980081 0.4518144 0.9886618 0.4681181 0.9868189 0.4487366 0.9980081 0.4748421 0.9950572 0.4658927 0.9760922 0.4748421 0.9950572 0.4689696 0.9667503 0.4428641 0.9697012 0.4693101 0.9607571 0.4432046 0.9637079 0.1585929 0.8740665 0.1678168 0.8397664 0.1382312 0.8498172 0.03376448 0.8864597 0.006746709 0.8592596 0.007658958 0.8835088 0.1114221 0.8760578 0.1021983 0.8417577 0.09652459 0.847751 0.4693101 0.9607571 0.4410723 0.9536184 0.4432046 0.9637079 0.1678168 0.8397664 0.1392922 0.8109286 0.1382312 0.8498172 0.03285217 0.8622104 0.0113328 0.8203709 0.006746709 0.8592596 0.1021983 0.8417577 0.1307228 0.8129199 0.09667074 0.8316681 0.4410723 0.9536184 0.4633903 0.932411 0.4372848 0.935362 0.1733444 0.8296768 0.1489002 0.7926723 0.1392922 0.8109286 0.03743833 0.8233218 0.0151202 0.8021147 0.0113328 0.8203709 0.09667074 0.8316681 0.1211149 0.7946636 0.08706253 0.8134115 0.4633903 0.932411 0.4178406 0.9227238 0.4372848 0.935362 0.1829526 0.8114204 0.1531381 0.7793218 0.1489002 0.7926723 0.0151202 0.8021147 0.06051838 0.7917149 0.001831769 0.7850813 0.08706253 0.8134115 0.1110312 0.7776302 0.07568478 0.7970907 0.4178406 0.9227238 0.464909 0.8970023 0.4211877 0.9019443 0.1884847 0.7987822 0.1649715 0.7585422 0.1531381 0.7793218 0.001831769 0.7850813 0.05717128 0.7709354 0.01344984 0.7659933 0.07568478 0.7970907 0.1018829 0.7585422 0.06653642 0.7780028 0.464909 0.8970023 0.4314979 0.8917486 0.4211877 0.9019443 0.7185142 0.7650899 0.7470387 0.7795422 0.7538607 0.769232 0.05717128 0.7709354 0.02742111 0.7585422 0.01344984 0.7659933 0.7106696 0.8088112 0.7435507 0.7989821 0.7082043 0.79484 0.8333333 0.5 1 1 1 0.5 0.6666666 0.5 0.8333333 1 0.8333333 0.5 0.5 0.5 0.6666666 1 0.6666666 0.5 0.5 0.5 0.3333333 1 0.5 1 0.04215389 0.1299999 0.04215389 0.37 0.25 0.49 0.3333333 0.5 0.1666666 1 0.3333333 1 0.1666666 0.5 0 1 0.1666666 1 0.5421539 0.3699998 0.75 0.009999752 0.9578461 0.3699998 1 1 0.8333333 1 0.8333333 0.5 0.8333333 1 0.6666666 1 0.6666666 0.5 0.6666666 1 0.5 1 0.5 0.5 0.5 0.5 0.5 1 0.3333333 1 0.4578461 0.1299999 0.4578461 0.37 0.25 0.49 0.25 0.49 0.04215389 0.37 0.04215389 0.1299999 0.04215389 0.1299999 0.25 0.00999999 0.25 0.49 0.3333333 0.5 0.3333333 1 0.1666666 1 0.1666666 0.5 0.1666666 1 0 1 0.5421539 0.3699998 0.75 0.4899998 0.9578461 0.3699998 0.9578461 0.3699998 0.9578461 0.1299998 0.75 0.009999752 0.75 0.009999752 0.5421539 0.1299998 0.5421539 0.3699998 0.8333333 0.5 0.8333333 1 1 1 0.6666666 0.5 0.6666666 1 0.8333333 1 0.5 0.5 0.5 1 0.6666666 1 0.5 0.5 0.3333333 0.5 0.3333333 1 0.25 0.49 0.4578461 0.37 0.4578461 0.1299999 0.4578461 0.1299999 0.25 0.00999999 0.25 0.49 0.25 0.00999999 0.04215389 0.1299999 0.25 0.49 0.3333333 0.5 0.1666666 0.5 0.1666666 1 0.1666666 0.5 0 0.5 0 1 0.9578461 0.3699998 0.75 0.4899998 0.5421539 0.3699998 0.5421539 0.3699998 0.5421539 0.1299998 0.75 0.009999752 0.75 0.009999752 0.9578461 0.1299998 0.9578461 0.3699998</float_array>
          <technique_common>
            <accessor source="#Mesh_003-mesh-map-0-array" count="528" stride="2">
              <param name="S" type="float"/>
              <param name="T" type="float"/>
            </accessor>
          </technique_common>
        </source>
        <vertices id="Mesh_003-mesh-vertices">
          <input semantic="POSITION" source="#Mesh_003-mesh-positions"/>
        </vertices>
        <triangles material="black-material" count="176">
          <input semantic="VERTEX" source="#Mesh_003-mesh-vertices" offset="0"/>
          <input semantic="NORMAL" source="#Mesh_003-mesh-normals" offset="1"/>
          <input semantic="TEXCOORD" source="#Mesh_003-mesh-map-0" offset="2" set="0"/>
          <p>1 0 0 2 0 1 0 0 2 2 1 3 5 1 4 4 1 5 5 2 6 6 2 7 4 2 8 6 3 9 1 3 10 0 3 11 32 4 12 35 5 13 33 6 14 6 7 15 2 7 16 4 7 17 1 8 18 8 8 19 9 8 20 7 9 21 10 9 22 8 9 23 3 10 24 10 10 25 5 10 26 1 11 27 11 11 28 3 11 29 8 12 30 13 13 31 9 14 32 10 15 33 12 15 34 8 15 35 10 16 36 15 17 37 14 18 38 11 19 39 13 19 40 15 19 41 13 20 42 16 21 43 17 22 44 12 23 45 18 23 46 16 23 47 14 24 48 19 25 49 18 26 50 13 27 51 19 27 52 15 27 53 16 21 54 21 28 55 17 22 56 16 29 57 22 30 58 20 31 59 18 26 60 23 32 61 22 33 62 17 34 63 23 35 64 19 34 65 21 36 66 24 37 67 25 38 68 20 39 69 26 40 70 24 41 71 23 42 72 26 43 73 22 44 74 21 45 75 27 46 76 23 47 77 24 48 78 29 49 79 25 50 80 24 41 81 30 51 82 28 52 83 27 53 84 30 54 85 26 55 86 25 56 87 31 57 88 27 58 89 29 59 90 32 4 91 33 6 92 28 52 93 34 60 94 32 4 95 30 61 96 35 5 97 34 60 98 29 62 99 35 5 100 31 57 101 1 63 102 3 63 103 2 63 104 2 64 105 3 64 106 5 64 107 5 65 108 7 65 109 6 65 110 6 66 111 7 66 112 1 66 113 32 4 114 34 60 115 35 5 116 6 67 117 0 67 118 2 67 119 1 68 120 7 68 121 8 68 122 7 69 123 5 69 124 10 69 125 3 70 126 11 70 127 10 70 128 1 71 129 9 71 130 11 71 131 8 12 132 12 72 133 13 13 134 10 73 135 14 73 136 12 73 137 10 16 138 11 74 139 15 17 140 11 75 141 9 75 142 13 75 143 13 13 144 12 72 145 16 76 146 12 77 147 14 77 148 18 77 149 14 18 150 15 17 151 19 78 152 13 79 153 17 79 154 19 79 155 16 80 156 20 81 157 21 82 158 16 29 159 18 83 160 22 30 161 18 26 162 19 25 163 23 32 164 17 84 165 21 85 166 23 86 167 21 87 168 20 88 169 24 89 170 20 31 171 22 30 172 26 90 173 23 91 174 27 92 175 26 93 176 21 45 177 25 94 178 27 46 179 24 95 180 28 96 181 29 59 182 24 41 183 26 40 184 30 51 185 27 97 186 31 98 187 30 61 188 25 56 189 29 62 190 31 57 191 29 59 192 28 96 193 32 4 194 28 52 195 30 51 196 34 60 197 30 61 198 31 98 199 35 5 200 29 62 201 33 6 202 35 5 203 37 99 204 38 99 205 36 99 206 39 100 207 40 100 208 38 100 209 41 101 210 42 101 211 40 101 212 42 102 213 45 102 214 44 102 215 43 103 216 41 103 217 37 103 218 44 104 219 47 104 220 46 104 221 46 105 222 37 105 223 36 105 224 38 106 225 42 106 226 46 106 227 49 107 228 48 107 229 50 107 230 50 108 231 52 108 232 53 108 233 53 109 234 52 109 235 54 109 236 54 110 237 48 110 238 49 110 239 80 111 240 81 112 241 83 113 242 54 114 243 52 114 244 50 114 245 49 115 246 57 115 247 56 115 248 55 116 249 56 116 250 58 116 251 51 117 252 53 117 253 58 117 254 49 118 255 51 118 256 59 118 257 56 119 258 57 120 259 61 121 260 58 122 261 56 122 262 60 122 263 58 123 264 62 124 265 63 125 266 59 126 267 63 126 268 61 126 269 61 127 270 65 128 271 64 129 272 60 130 273 64 130 274 66 130 275 62 131 276 66 132 277 67 133 278 61 134 279 63 134 280 67 134 281 64 129 282 65 128 283 69 135 284 64 136 285 68 137 286 70 138 287 66 132 288 70 139 289 71 140 290 65 141 291 67 141 292 71 142 293 69 143 294 73 144 295 72 145 296 68 146 297 72 147 298 74 148 299 71 149 300 70 150 301 74 151 302 69 152 303 71 153 304 75 154 305 72 155 306 73 156 307 77 157 308 72 147 309 76 158 310 78 159 311 75 160 312 74 161 313 78 162 314 73 163 315 75 164 316 79 165 317 77 166 318 81 112 319 80 111 320 76 158 321 80 111 322 82 167 323 78 168 324 82 167 325 83 113 326 77 169 327 79 165 328 83 113 329 49 170 330 50 170 331 51 170 332 50 171 333 53 171 334 51 171 335 53 172 336 54 172 337 55 172 338 54 173 339 49 173 340 55 173 341 80 111 342 83 113 343 82 167 344 54 174 345 50 174 346 48 174 347 49 175 348 56 175 349 55 175 350 55 176 351 58 176 352 53 176 353 51 177 354 58 177 355 59 177 356 49 178 357 59 178 358 57 178 359 56 119 360 61 121 361 60 179 362 58 180 363 60 180 364 62 180 365 58 123 366 63 125 367 59 181 368 59 182 369 61 182 370 57 182 371 61 121 372 64 183 373 60 179 374 60 184 375 66 184 376 62 184 377 62 124 378 67 185 379 63 125 380 61 186 381 67 186 382 65 186 383 64 187 384 69 188 385 68 189 386 64 136 387 70 138 388 66 190 389 66 132 390 71 140 391 67 133 392 65 191 393 71 192 394 69 193 395 69 194 396 72 195 397 68 196 398 68 137 399 74 197 400 70 138 401 71 198 402 74 199 403 75 200 404 69 152 405 75 154 406 73 201 407 72 202 408 77 166 409 76 203 410 72 147 411 78 159 412 74 148 413 75 204 414 78 168 415 79 205 416 73 163 417 79 165 418 77 169 419 77 166 420 80 111 421 76 203 422 76 158 423 82 167 424 78 159 425 78 168 426 83 113 427 79 205 428 77 169 429 83 113 430 81 112 431 86 206 432 85 206 433 84 206 434 88 100 435 87 100 436 86 100 437 90 207 438 89 207 439 88 207 440 90 208 441 93 208 442 91 208 443 93 209 444 95 209 445 85 209 446 92 104 447 95 104 448 93 104 449 94 210 450 85 210 451 95 210 452 94 211 453 90 211 454 86 211 455 37 212 456 39 212 457 38 212 458 39 100 459 41 100 460 40 100 461 41 213 462 43 213 463 42 213 464 42 214 465 43 214 466 45 214 467 41 215 468 39 215 469 37 215 470 37 216 471 47 216 472 45 216 473 45 103 474 43 103 475 37 103 476 44 104 477 45 104 478 47 104 479 46 217 480 47 217 481 37 217 482 46 218 483 36 218 484 38 218 485 38 218 486 40 218 487 42 218 488 42 218 489 44 218 490 46 218 491 86 219 492 87 219 493 85 219 494 88 100 495 89 100 496 87 100 497 90 220 498 91 220 499 89 220 500 90 221 501 92 221 502 93 221 503 85 222 504 87 222 505 89 222 506 89 223 507 91 223 508 85 223 509 91 223 510 93 223 511 85 223 512 92 104 513 94 104 514 95 104 515 94 224 516 84 224 517 85 224 518 86 211 519 84 211 520 94 211 521 94 225 522 92 225 523 90 225 524 90 226 525 88 226 526 86 226 527</p>
        </triangles>
      </mesh>
    </geometry>
    <geometry id="Mesh_012-mesh" name="Mesh.012">
      <mesh>
        <source id="Mesh_012-mesh-positions">
          <float_array id="Mesh_012-mesh-positions-array" count="270">-16.11153 43.81175 -21.78006 -16.30279 43.75928 -21.3104 -16.14246 43.87601 -20.84075 -15.72446 44.0936 -20.64621 -15.29364 44.28455 -20.84075 -15.10238 44.33703 -21.3104 -15.26271 44.22029 -21.78006 -15.68071 44.00271 -21.97459 -38.47885 90.28406 -25.69631 -38.67011 90.23159 -25.22666 -38.50979 90.34833 -24.757 -38.09178 90.56591 -24.56247 -37.66097 90.75687 -24.757 -37.46971 90.80934 -25.22666 -37.63003 90.6926 -25.69631 -38.04804 90.47502 -25.89085 -15.14861 41.81111 -20.86515 -15.47937 42.04846 -20.55827 -15.45853 42.45503 -20.25139 -15.09831 42.79267 -20.12428 -14.60972 42.86357 -20.25139 -14.27896 42.62622 -20.55827 -14.29979 42.21965 -20.86515 -14.66001 41.88202 -20.99226 -14.89611 41.28649 -18.71609 -15.27558 41.62507 -18.75175 -15.30347 42.13287 -18.78742 -14.96343 42.51243 -18.80219 -14.45466 42.5414 -18.78742 -14.07518 42.20283 -18.75175 -14.04729 41.69503 -18.71609 -14.38733 41.31547 -18.70132 -14.97372 41.44775 -16.35933 -15.35319 41.78632 -16.395 -15.38108 42.29412 -16.43066 -15.04104 42.67368 -16.44543 -14.53227 42.70266 -16.43066 -14.15279 42.36408 -16.395 -14.1249 41.85628 -16.35934 -14.46494 41.47672 -16.34456 -15.34213 43.29925 -20.50642 -14.90579 43.47872 -20.68482 -14.70117 43.50343 -21.1155 -14.84814 43.35894 -21.54618 -15.26061 43.12986 -21.72457 -15.69695 42.9504 -21.54618 -15.90157 42.92567 -21.1155 -15.7546 43.07018 -20.68482 -14.98229 42.55161 -19.58016 -14.48324 42.60079 -19.63375 -14.12724 42.31098 -19.76313 -14.12282 41.85195 -19.8925 -14.47259 41.4926 -19.94609 -14.97164 41.44342 -19.8925 -15.32764 41.73323 -19.76313 -15.33205 42.19226 -19.63375 -38.72692 90.14066 -25.98121 -39.0342 90.05635 -25.22666 -38.77662 90.24391 -24.4721 -38.10505 90.59348 -24.15956 -37.4129 90.90028 -24.4721 -37.10562 90.98458 -25.22666 -37.3632 90.79702 -25.98121 -38.03477 90.44745 -26.29376 -40.85015 94.55206 -26.35296 -41.15743 94.46775 -25.59841 -40.19314 94.93186 -25.59841 -40.89984 94.65531 -24.84386 -40.22828 95.00488 -24.53131 -39.53612 95.31168 -24.84386 -39.22884 95.39598 -25.59841 -39.48643 95.20842 -26.35296 -40.158 94.85886 -26.66551 -15.02963 41.32172 -16.14822 -15.49373 41.7358 -16.19183 -15.52784 42.35684 -16.23545 -15.11197 42.82104 -16.25352 -14.48974 42.85648 -16.23545 -14.02564 42.4424 -16.19183 -13.99153 41.82136 -16.14822 -14.4074 41.35716 -16.13015 -15.27231 41.82594 -8.778793 -15.73641 42.24002 -8.822404 -15.00237 42.59332 -8.822404 -15.77052 42.86106 -8.866024 -15.35465 43.32526 -8.884088 -14.73242 43.3607 -8.866024 -14.26832 42.94662 -8.822404 -14.23421 42.32558 -8.778793 -14.65008 41.86138 -8.760725</float_array>
          <technique_common>
            <accessor source="#Mesh_012-mesh-positions-array" count="90" stride="3">
              <param name="X" type="float"/>
              <param name="Y" type="float"/>
              <param name="Z" type="float"/>
            </accessor>
          </technique_common>
        </source>
        <source id="Mesh_012-mesh-normals">
          <float_array id="Mesh_012-mesh-normals-array" count="357">-0.8998069 -0.4362852 -0.001684546 -0.6139358 -0.3549066 -0.7050703 -0.5861478 -0.4083916 -0.6997479 -0.6603698 -0.2584224 0.7050742 -0.9010635 -0.4336873 -6.79741e-6 -0.6749709 -0.2245636 0.7028411 -0.03282845 0.06822711 0.9971296 0.5965739 0.3874366 0.7028461 -0.0528922 0.1098921 0.9925353 0.9024415 0.4308092 -0.001670897 0.613933 0.3549063 0.7050729 0.6603714 0.2584229 -0.7050726 0.9010635 0.4336873 6.75629e-6 0.07084184 -0.1472305 -0.986562 0.6700082 0.2097594 -0.7121025 0.03282707 -0.06822735 -0.9971296 -0.03283333 0.06821852 0.99713 -0.03283971 0.06823092 0.997129 -0.03284192 0.06822496 0.9971293 -0.03283321 0.0682286 0.9971294 -0.032839 0.06823056 0.997129 -0.03283536 0.06821954 0.9971299 -0.03282976 0.06822502 0.9971297 -0.03284132 0.06822073 0.9971296 -0.4324336 0.8984818 -0.07570838 -0.4324308 0.8984832 -0.07570815 -0.4324492 0.8984723 -0.0757327 -0.4324445 0.8984744 -0.07573443 -0.4324427 0.8984759 -0.07572555 -0.4324486 0.8984762 -0.07568871 -0.432441 0.8984785 -0.07570576 -0.4324399 0.8984797 -0.0756976 -0.5036236 -0.5330619 -0.6798591 -0.8993119 -0.4372961 -0.003219842 -0.7318576 -0.06658816 0.6781966 -0.1558759 0.3238584 0.9331765 0.5086004 0.530453 0.6781927 0.9027915 0.4300668 -0.003220319 0.7307854 0.06109082 -0.6798682 0.1561923 -0.3245251 -0.932892 -0.9000785 -0.4231493 -0.1039396 -0.318987 -0.9277753 -0.1935991 -0.8998271 -0.4362463 8.10966e-4 -0.8924443 0.1756826 0.4155465 -0.9256345 0.3270616 0.1903456 -0.328718 0.6829861 0.652284 -0.4186965 0.8699184 0.2606441 0.3218368 0.9274647 0.1903427 0.405727 0.7881416 0.4628375 0.9022971 0.431114 8.10083e-4 0.8995966 0.43672 -0.001360774 0.9240967 -0.3294767 -0.1936246 0.8667103 -0.1587303 -0.4728828 0.4176527 -0.8677543 -0.2693857 0.3206829 -0.6662772 -0.673229 -0.4037742 -0.7931301 -0.4559727 -0.8934076 -0.4481649 -0.03116518 -0.3042246 -0.9156398 -0.262776 -0.8454167 -0.4332413 -0.3123663 -0.8847239 0.2905167 -0.3645051 -0.9427871 0.3333845 -0.002717435 -0.4001655 0.8314362 -0.3854629 -0.4336564 0.9010211 -0.01016837 0.3366116 0.9415912 0.009939432 0.3249202 0.8729106 -0.3639424 0.9102786 0.4136734 0.01635056 0.8659891 0.3904759 -0.3123962 0.9054058 -0.3334416 -0.2627872 0.9426031 -0.3327881 -0.02741712 0.436267 -0.8990244 -0.03776848 0.4209924 -0.8747175 -0.2400726 -0.3086081 -0.9511476 -0.008913338 0.4324285 -0.8984826 0.07572811 0.4324417 -0.8984765 0.07572489 0.4324427 -0.8984778 0.07570326 0.4324498 -0.898475 0.07569724 0.4324436 -0.8984776 0.07570171 0.432443 -0.8984792 0.07568502 0.4324299 -0.8984824 0.0757237 0.4324449 -0.8984748 0.07572799 -0.9010648 -0.4336847 -8.39922e-6 -0.6139322 -0.3549056 -0.705074 -0.6139304 -0.3549057 -0.7050756 -0.6603672 -0.2584204 0.7050774 -0.9010637 -0.4336867 2.60808e-6 -0.660373 -0.2584209 0.7050718 -0.03283774 0.06822502 0.9971295 0.6139314 0.3549058 0.7050746 -0.03283762 0.06822395 0.9971295 0.9010645 0.4336854 -1.27324e-6 0.613929 0.3549034 0.7050778 0.6603687 0.2584213 -0.7050758 0.9010643 0.4336854 -5.56522e-6 0.03283727 -0.06822425 -0.9971296 0.6603689 0.2584221 -0.7050752 0.03283435 -0.0682258 -0.9971295 -0.8451974 -0.4331839 -0.3130385 -0.8848702 0.2905804 -0.3640987 -0.4002439 0.8315759 -0.3850796 0.3249204 0.8729189 -0.3639224 0.86582 0.3903477 -0.3130247 0.9055262 -0.3334542 -0.2623562 0.4209024 -0.8745202 -0.2409475 -0.2830954 -0.9288281 -0.2390301 -0.3313689 -0.9419811 0.05353915 -0.9010638 -0.4336865 8.62512e-7 -0.9429321 0.3286532 -0.05353772 -0.4324389 0.8984787 -0.07571494 0.3313723 0.9419799 -0.05353808 0.9010631 0.4336882 2.46432e-7 0.9429313 -0.3286552 0.05353808 0.4324383 -0.8984789 0.07571488 0.4324495 -0.8984727 0.07572627 0.4324433 -0.8984776 0.07570272 0.4324436 -0.8984775 0.07570117 0.4324427 -0.898476 0.07572704 0.4324551 -0.8984707 0.07571673 0.4324367 -0.8984829 0.07567721 0.4324403 -0.8984789 0.07570505</float_array>
          <technique_common>
            <accessor source="#Mesh_012-mesh-normals-array" count="119" stride="3">
              <param name="X" type="float"/>
              <param name="Y" type="float"/>
              <param name="Z" type="float"/>
            </accessor>
          </technique_common>
        </source>
        <source id="Mesh_012-mesh-map-0">
          <float_array id="Mesh_012-mesh-map-0-array" count="1056">0.9725678 0.3526397 0.9697336 0.8554568 0.9697336 0.3528141 0.9725678 0.3526397 0.9754018 0.8554568 0.9725678 0.8554568 0.9754018 0.3525603 0.9782359 0.8554568 0.9754018 0.8554568 0.9810701 0.3527553 0.9782359 0.8554568 0.9782359 0.3525426 0.9612314 0.3530612 0.9583974 0.8554568 0.9583974 0.3530994 0.9612314 0.3530612 0.9640656 0.8554568 0.9612314 0.8554568 0.9668996 0.3529677 0.9640656 0.8554568 0.9640656 0.3530094 0.9668996 0.3529677 0.9697336 0.8554568 0.9668996 0.8554568 0.9623679 0.9405431 0.9611908 0.9359764 0.9633722 0.9333202 0.9641334 0.9408786 0.9623679 0.9405431 0.9633722 0.9333202 0.965453 0.9367865 0.9641334 0.9408786 0.9633722 0.9333202 0.9655535 0.930664 0.965453 0.9367865 0.9633722 0.9333202 0.9643766 0.9260973 0.9655535 0.930664 0.9633722 0.9333202 0.9626111 0.9257618 0.9643766 0.9260973 0.9633722 0.9333202 0.9612916 0.9298538 0.9626111 0.9257618 0.9633722 0.9333202 0.9611908 0.9359764 0.9612916 0.9298538 0.9633722 0.9333202 0.9745319 0.9436864 0.9736583 0.9362618 0.9763994 0.9362618 0.9736583 0.9362618 0.9743905 0.9288372 0.9763994 0.9362618 0.9743905 0.9288372 0.9762998 0.9257618 0.9763994 0.9362618 0.9762998 0.9257618 0.9782672 0.9288372 0.9763994 0.9362618 0.9782672 0.9288372 0.9791408 0.9362618 0.9763994 0.9362618 0.9791408 0.9362618 0.9784083 0.9436864 0.9763994 0.9362618 0.9784083 0.9436864 0.9764993 0.9467617 0.9763994 0.9362618 0.9764993 0.9467617 0.9745319 0.9436864 0.9763994 0.9362618 0.9725678 0.3526397 0.9697337 0.3332608 0.9725678 0.3332571 0.9754018 0.3525603 0.9725678 0.3332571 0.9754018 0.333253 0.9782359 0.3525426 0.9754018 0.333253 0.9782359 0.3332528 0.9782359 0.3525426 0.9810701 0.3332596 0.9810701 0.3527553 0.9583974 0.3530994 0.9612314 0.3332614 0.9612314 0.3530612 0.9612314 0.3530612 0.9640656 0.3332627 0.9640656 0.3530094 0.9640656 0.3530094 0.9668995 0.3332626 0.9668996 0.3529677 0.9697336 0.3528141 0.9668995 0.3332626 0.9697337 0.3332608 0.9725678 0.3124955 0.9697336 0.2948283 0.9725678 0.2948352 0.9754018 0.3124894 0.9725678 0.2948352 0.9754018 0.2948457 0.978236 0.3124765 0.9754018 0.2948457 0.978236 0.2948574 0.978236 0.3124765 0.9810701 0.2948662 0.9810701 0.312461 0.9583974 0.3124677 0.9612314 0.2948382 0.9612314 0.3124806 0.9612314 0.3124806 0.9640656 0.2948303 0.9640656 0.3124905 0.9640656 0.3124905 0.9668996 0.2948262 0.9668996 0.3124954 0.9697336 0.3124973 0.9668996 0.2948262 0.9697336 0.2948283 0.9725678 0.2727823 0.9697336 0.2164968 0.9725678 0.2165055 0.9725678 0.2727823 0.9754018 0.2165157 0.9754018 0.2727736 0.9754018 0.2727736 0.9782359 0.2165256 0.9782359 0.2727668 0.9810701 0.2727639 0.9782359 0.2165256 0.9810701 0.2165344 0.9612314 0.272784 0.9583974 0.2165039 0.9612314 0.2164962 0.9612314 0.272784 0.9640656 0.2164931 0.9640656 0.2727898 0.9668996 0.272792 0.9640656 0.2164931 0.9668996 0.2164922 0.9668996 0.272792 0.9697336 0.2164968 0.9697336 0.2727892 0.9782359 0.3332528 0.9810701 0.312461 0.9810701 0.3332596 0.9583974 0.3332621 0.9612314 0.3124806 0.9612314 0.3332614 0.9640656 0.3332627 0.9612314 0.3124806 0.9640656 0.3124905 0.9668995 0.3332626 0.9640656 0.3124905 0.9668996 0.3124954 0.9668995 0.3332626 0.9697336 0.3124973 0.9697337 0.3332608 0.9697337 0.3332608 0.9725678 0.3124955 0.9725678 0.3332571 0.9754018 0.333253 0.9725678 0.3124955 0.9754018 0.3124894 0.9782359 0.3332528 0.9754018 0.3124894 0.978236 0.3124765 0.978236 0.2948574 0.9810701 0.2727639 0.9810701 0.2948662 0.9583974 0.294847 0.9612314 0.272784 0.9612314 0.2948382 0.9640656 0.2948303 0.9612314 0.272784 0.9640656 0.2727898 0.9668996 0.2948262 0.9640656 0.2727898 0.9668996 0.272792 0.9668996 0.2948262 0.9697336 0.2727892 0.9697336 0.2948283 0.9697336 0.2948283 0.9725678 0.2727823 0.9725678 0.2948352 0.9754018 0.2948457 0.9725678 0.2727823 0.9754018 0.2727736 0.978236 0.2948574 0.9754018 0.2727736 0.9782359 0.2727668 0.9707685 0.9408831 0.9723471 0.9362618 0.9714737 0.9436864 0.9708566 0.9316405 0.9723471 0.9362618 0.9713121 0.9362618 0.9696682 0.9297263 0.971615 0.9288372 0.9708566 0.9316405 0.9684436 0.9316405 0.9697058 0.9257618 0.9696682 0.9297263 0.9684436 0.9316405 0.9668651 0.9362618 0.9677384 0.9288372 0.9683555 0.9408831 0.9668651 0.9362618 0.9678998 0.9362618 0.9695439 0.9427973 0.9675971 0.9436864 0.9683555 0.9408831 0.9695439 0.9427973 0.9714737 0.9436864 0.969506 0.9467617 0.9613912 0.8607526 0.958402 0.9219496 0.9584407 0.8607302 0.9613912 0.8607526 0.9643029 0.9219945 0.9613524 0.921972 0.9643414 0.8607752 0.9672531 0.9220171 0.9643029 0.9219945 0.9702423 0.8608203 0.9672531 0.9220171 0.9672916 0.8607977 0.9702423 0.8608203 0.9731538 0.9220622 0.9702036 0.9220395 0.9761427 0.8608651 0.9731538 0.9220622 0.9731925 0.8608426 0.9761427 0.8608651 0.9790546 0.9221068 0.9761041 0.9220843 0.9820434 0.8609095 0.9790546 0.9221068 0.9790931 0.8608873 0.9697336 0.2164968 0.9725678 0.2113747 0.9725678 0.2165055 0.9725678 0.2165055 0.9754018 0.2113745 0.9754018 0.2165157 0.9782359 0.2165256 0.9754018 0.2113745 0.9782359 0.2113742 0.9810701 0.2165344 0.9782359 0.2113742 0.9810701 0.211374 0.9612314 0.2164962 0.9583974 0.2113748 0.9612314 0.2113749 0.9640656 0.2164931 0.9612314 0.2113749 0.9640656 0.2113749 0.9668996 0.2164922 0.9640656 0.2113749 0.9668996 0.2113749 0.9668996 0.2164922 0.9697336 0.2113749 0.9697336 0.2164968 0.9725678 0.2113747 0.9697336 0.05607622 0.9725678 0.05612242 0.9725678 0.2113747 0.9754018 0.05627202 0.9754018 0.2113745 0.9754018 0.2113745 0.978236 0.05647265 0.9782359 0.2113742 0.9810701 0.211374 0.978236 0.05647265 0.9810701 0.05667352 0.9612314 0.2113749 0.9583974 0.05616849 0.9612314 0.05608224 0.9612314 0.2113749 0.9640656 0.05606395 0.9640656 0.2113749 0.9668996 0.2113749 0.9640656 0.05606395 0.9668996 0.05607903 0.9668996 0.2113749 0.9697336 0.05607622 0.9697336 0.2113749 0.9725678 0.3526397 0.9725678 0.8554568 0.9697336 0.8554568 0.9725678 0.3526397 0.9754018 0.3525603 0.9754018 0.8554568 0.9754018 0.3525603 0.9782359 0.3525426 0.9782359 0.8554568 0.9810701 0.3527553 0.9810701 0.8554568 0.9782359 0.8554568 0.9612314 0.3530612 0.9612314 0.8554568 0.9583974 0.8554568 0.9612314 0.3530612 0.9640656 0.3530094 0.9640656 0.8554568 0.9668996 0.3529677 0.9668996 0.8554568 0.9640656 0.8554568 0.9668996 0.3529677 0.9697336 0.3528141 0.9697336 0.8554568 0.9725678 0.3526397 0.9697336 0.3528141 0.9697337 0.3332608 0.9754018 0.3525603 0.9725678 0.3526397 0.9725678 0.3332571 0.9782359 0.3525426 0.9754018 0.3525603 0.9754018 0.333253 0.9782359 0.3525426 0.9782359 0.3332528 0.9810701 0.3332596 0.9583974 0.3530994 0.9583974 0.3332621 0.9612314 0.3332614 0.9612314 0.3530612 0.9612314 0.3332614 0.9640656 0.3332627 0.9640656 0.3530094 0.9640656 0.3332627 0.9668995 0.3332626 0.9697336 0.3528141 0.9668996 0.3529677 0.9668995 0.3332626 0.9725678 0.3124955 0.9697336 0.3124973 0.9697336 0.2948283 0.9754018 0.3124894 0.9725678 0.3124955 0.9725678 0.2948352 0.978236 0.3124765 0.9754018 0.3124894 0.9754018 0.2948457 0.978236 0.3124765 0.978236 0.2948574 0.9810701 0.2948662 0.9583974 0.3124677 0.9583974 0.294847 0.9612314 0.2948382 0.9612314 0.3124806 0.9612314 0.2948382 0.9640656 0.2948303 0.9640656 0.3124905 0.9640656 0.2948303 0.9668996 0.2948262 0.9697336 0.3124973 0.9668996 0.3124954 0.9668996 0.2948262 0.9725678 0.2727823 0.9697336 0.2727892 0.9697336 0.2164968 0.9725678 0.2727823 0.9725678 0.2165055 0.9754018 0.2165157 0.9754018 0.2727736 0.9754018 0.2165157 0.9782359 0.2165256 0.9810701 0.2727639 0.9782359 0.2727668 0.9782359 0.2165256 0.9612314 0.272784 0.9583974 0.272778 0.9583974 0.2165039 0.9612314 0.272784 0.9612314 0.2164962 0.9640656 0.2164931 0.9668996 0.272792 0.9640656 0.2727898 0.9640656 0.2164931 0.9668996 0.272792 0.9668996 0.2164922 0.9697336 0.2164968 0.9782359 0.3332528 0.978236 0.3124765 0.9810701 0.312461 0.9583974 0.3332621 0.9583974 0.3124677 0.9612314 0.3124806 0.9640656 0.3332627 0.9612314 0.3332614 0.9612314 0.3124806 0.9668995 0.3332626 0.9640656 0.3332627 0.9640656 0.3124905 0.9668995 0.3332626 0.9668996 0.3124954 0.9697336 0.3124973 0.9697337 0.3332608 0.9697336 0.3124973 0.9725678 0.3124955 0.9754018 0.333253 0.9725678 0.3332571 0.9725678 0.3124955 0.9782359 0.3332528 0.9754018 0.333253 0.9754018 0.3124894 0.978236 0.2948574 0.9782359 0.2727668 0.9810701 0.2727639 0.9583974 0.294847 0.9583974 0.272778 0.9612314 0.272784 0.9640656 0.2948303 0.9612314 0.2948382 0.9612314 0.272784 0.9668996 0.2948262 0.9640656 0.2948303 0.9640656 0.2727898 0.9668996 0.2948262 0.9668996 0.272792 0.9697336 0.2727892 0.9697336 0.2948283 0.9697336 0.2727892 0.9725678 0.2727823 0.9754018 0.2948457 0.9725678 0.2948352 0.9725678 0.2727823 0.978236 0.2948574 0.9754018 0.2948457 0.9754018 0.2727736 0.9707685 0.9408831 0.9713121 0.9362618 0.9723471 0.9362618 0.9708566 0.9316405 0.971615 0.9288372 0.9723471 0.9362618 0.9696682 0.9297263 0.9697058 0.9257618 0.971615 0.9288372 0.9684436 0.9316405 0.9677384 0.9288372 0.9697058 0.9257618 0.9684436 0.9316405 0.9678998 0.9362618 0.9668651 0.9362618 0.9683555 0.9408831 0.9675971 0.9436864 0.9668651 0.9362618 0.9695439 0.9427973 0.969506 0.9467617 0.9675971 0.9436864 0.9695439 0.9427973 0.9707685 0.9408831 0.9714737 0.9436864 0.9613912 0.8607526 0.9613524 0.921972 0.958402 0.9219496 0.9613912 0.8607526 0.9643414 0.8607752 0.9643029 0.9219945 0.9643414 0.8607752 0.9672916 0.8607977 0.9672531 0.9220171 0.9702423 0.8608203 0.9702036 0.9220395 0.9672531 0.9220171 0.9702423 0.8608203 0.9731925 0.8608426 0.9731538 0.9220622 0.9761427 0.8608651 0.9761041 0.9220843 0.9731538 0.9220622 0.9761427 0.8608651 0.9790931 0.8608873 0.9790546 0.9221068 0.9820434 0.8609095 0.982005 0.9221289 0.9790546 0.9221068 0.9697336 0.2164968 0.9697336 0.2113749 0.9725678 0.2113747 0.9725678 0.2165055 0.9725678 0.2113747 0.9754018 0.2113745 0.9782359 0.2165256 0.9754018 0.2165157 0.9754018 0.2113745 0.9810701 0.2165344 0.9782359 0.2165256 0.9782359 0.2113742 0.9612314 0.2164962 0.9583974 0.2165039 0.9583974 0.2113748 0.9640656 0.2164931 0.9612314 0.2164962 0.9612314 0.2113749 0.9668996 0.2164922 0.9640656 0.2164931 0.9640656 0.2113749 0.9668996 0.2164922 0.9668996 0.2113749 0.9697336 0.2113749 0.9725678 0.2113747 0.9697336 0.2113749 0.9697336 0.05607622 0.9725678 0.2113747 0.9725678 0.05612242 0.9754018 0.05627202 0.9754018 0.2113745 0.9754018 0.05627202 0.978236 0.05647265 0.9810701 0.211374 0.9782359 0.2113742 0.978236 0.05647265 0.9612314 0.2113749 0.9583974 0.2113748 0.9583974 0.05616849 0.9612314 0.2113749 0.9612314 0.05608224 0.9640656 0.05606395 0.9668996 0.2113749 0.9640656 0.2113749 0.9640656 0.05606395 0.9668996 0.2113749 0.9668996 0.05607903 0.9697336 0.05607622</float_array>
          <technique_common>
            <accessor source="#Mesh_012-mesh-map-0-array" count="528" stride="2">
              <param name="S" type="float"/>
              <param name="T" type="float"/>
            </accessor>
          </technique_common>
        </source>
        <vertices id="Mesh_012-mesh-vertices">
          <input semantic="POSITION" source="#Mesh_012-mesh-positions"/>
        </vertices>
        <triangles material="wires-material" count="176">
          <input semantic="VERTEX" source="#Mesh_012-mesh-vertices" offset="0"/>
          <input semantic="NORMAL" source="#Mesh_012-mesh-normals" offset="1"/>
          <input semantic="TEXCOORD" source="#Mesh_012-mesh-map-0" offset="2" set="0"/>
          <p>1 0 0 8 1 1 0 2 2 1 0 3 10 3 4 9 4 5 2 5 6 11 6 7 10 3 8 4 7 9 11 6 10 3 8 11 5 9 12 12 10 13 4 7 14 5 9 15 14 11 16 13 12 17 7 13 18 14 11 19 6 14 20 7 13 21 8 1 22 15 15 23 82 16 24 81 16 25 83 16 26 84 17 27 82 17 28 83 17 29 85 18 30 84 18 31 83 18 32 86 19 33 85 19 34 83 19 35 87 20 36 86 20 37 83 20 38 88 21 39 87 21 40 83 21 41 89 22 42 88 22 43 83 22 44 81 23 45 89 23 46 83 23 47 64 24 48 65 24 49 66 24 50 65 25 51 67 25 52 66 25 53 67 26 54 68 26 55 66 26 56 68 27 57 69 27 58 66 27 59 69 28 60 70 28 61 66 28 62 70 29 63 71 29 64 66 29 65 71 30 66 72 30 67 66 30 68 72 31 69 64 31 70 66 31 71 1 0 72 45 32 73 46 33 74 2 5 75 46 33 76 47 34 77 3 8 78 47 34 79 40 35 80 3 8 81 41 36 82 4 7 83 4 7 84 42 37 85 5 9 86 5 9 87 43 38 88 6 14 89 6 14 90 44 39 91 7 13 92 0 2 93 44 39 94 45 32 95 17 40 96 53 41 97 54 42 98 18 43 99 54 42 100 55 44 101 19 45 102 55 44 103 48 46 104 19 45 105 49 47 106 20 48 107 20 48 108 50 49 109 21 50 110 21 50 111 51 51 112 22 52 113 22 52 114 52 53 115 23 54 116 16 55 117 52 53 118 53 41 119 25 56 120 32 57 121 33 58 122 25 56 123 34 59 124 26 60 125 26 60 126 35 61 127 27 62 128 28 63 129 35 61 130 36 64 131 29 65 132 36 64 133 37 66 134 29 65 135 38 67 136 30 68 137 31 69 138 38 67 139 39 70 140 31 69 141 32 57 142 24 71 143 40 35 144 20 48 145 41 36 146 41 36 147 21 50 148 42 37 149 43 38 150 21 50 151 22 52 152 44 39 153 22 52 154 23 54 155 44 39 156 16 55 157 45 32 158 45 32 159 17 40 160 46 33 161 47 34 162 17 40 163 18 43 164 40 35 165 18 43 166 19 45 167 48 46 168 28 63 169 49 47 170 49 47 171 29 65 172 50 49 173 51 51 174 29 65 175 30 68 176 52 53 177 30 68 178 31 69 179 52 53 180 24 71 181 53 41 182 53 41 183 25 56 184 54 42 185 55 44 186 25 56 187 26 60 188 48 46 189 26 60 190 27 62 191 8 72 192 57 72 193 56 72 194 10 73 195 57 73 196 9 73 197 11 74 198 58 74 199 10 74 200 12 75 201 59 75 202 11 75 203 12 76 204 61 76 205 60 76 206 14 77 207 61 77 208 13 77 209 15 78 210 62 78 211 14 78 212 15 79 213 56 79 214 63 79 215 57 80 216 64 81 217 56 82 218 57 80 219 67 83 220 65 84 221 58 85 222 68 86 223 67 83 224 60 87 225 68 86 226 59 88 227 60 87 228 70 89 229 69 90 230 62 91 231 70 89 232 61 92 233 62 91 234 72 93 235 71 94 236 56 82 237 72 93 238 63 95 239 32 57 240 74 96 241 33 58 242 33 58 243 75 97 244 34 59 245 35 61 246 75 97 247 76 98 248 36 64 249 76 98 250 77 99 251 37 66 252 77 99 253 78 100 254 38 67 255 78 100 256 79 101 257 39 70 258 79 101 259 80 102 260 39 70 261 73 103 262 32 57 263 74 96 264 81 104 265 82 105 266 74 96 267 84 106 268 75 97 269 75 97 270 85 107 271 76 98 272 77 99 273 85 107 274 86 108 275 78 100 276 86 108 277 87 109 278 78 100 279 88 110 280 79 101 281 80 102 282 88 110 283 89 111 284 80 102 285 81 104 286 73 103 287 1 0 288 9 4 289 8 1 290 1 0 291 2 5 292 10 3 293 2 5 294 3 8 295 11 6 296 4 7 297 12 10 298 11 6 299 5 9 300 13 12 301 12 10 302 5 9 303 6 14 304 14 11 305 7 13 306 15 15 307 14 11 308 7 13 309 0 2 310 8 1 311 1 0 312 0 2 313 45 32 314 2 5 315 1 0 316 46 33 317 3 8 318 2 5 319 47 34 320 3 8 321 40 35 322 41 36 323 4 7 324 41 36 325 42 37 326 5 9 327 42 37 328 43 38 329 6 14 330 43 38 331 44 39 332 0 2 333 7 13 334 44 39 335 17 40 336 16 55 337 53 41 338 18 43 339 17 40 340 54 42 341 19 45 342 18 43 343 55 44 344 19 45 345 48 46 346 49 47 347 20 48 348 49 47 349 50 49 350 21 50 351 50 49 352 51 51 353 22 52 354 51 51 355 52 53 356 16 55 357 23 54 358 52 53 359 25 56 360 24 71 361 32 57 362 25 56 363 33 58 364 34 59 365 26 60 366 34 59 367 35 61 368 28 63 369 27 62 370 35 61 371 29 65 372 28 63 373 36 64 374 29 65 375 37 66 376 38 67 377 31 69 378 30 68 379 38 67 380 31 69 381 39 70 382 32 57 383 40 35 384 19 45 385 20 48 386 41 36 387 20 48 388 21 50 389 43 38 390 42 37 391 21 50 392 44 39 393 43 38 394 22 52 395 44 39 396 23 54 397 16 55 398 45 32 399 16 55 400 17 40 401 47 34 402 46 33 403 17 40 404 40 35 405 47 34 406 18 43 407 48 46 408 27 62 409 28 63 410 49 47 411 28 63 412 29 65 413 51 51 414 50 49 415 29 65 416 52 53 417 51 51 418 30 68 419 52 53 420 31 69 421 24 71 422 53 41 423 24 71 424 25 56 425 55 44 426 54 42 427 25 56 428 48 46 429 55 44 430 26 60 431 8 112 432 9 112 433 57 112 434 10 113 435 58 113 436 57 113 437 11 114 438 59 114 439 58 114 440 12 115 441 60 115 442 59 115 443 12 73 444 13 73 445 61 73 446 14 116 447 62 116 448 61 116 449 15 117 450 63 117 451 62 117 452 15 118 453 8 118 454 56 118 455 57 80 456 65 84 457 64 81 458 57 80 459 58 85 460 67 83 461 58 85 462 59 88 463 68 86 464 60 87 465 69 90 466 68 86 467 60 87 468 61 92 469 70 89 470 62 91 471 71 94 472 70 89 473 62 91 474 63 95 475 72 93 476 56 82 477 64 81 478 72 93 479 32 57 480 73 103 481 74 96 482 33 58 483 74 96 484 75 97 485 35 61 486 34 59 487 75 97 488 36 64 489 35 61 490 76 98 491 37 66 492 36 64 493 77 99 494 38 67 495 37 66 496 78 100 497 39 70 498 38 67 499 79 101 500 39 70 501 80 102 502 73 103 503 74 96 504 73 103 505 81 104 506 74 96 507 82 105 508 84 106 509 75 97 510 84 106 511 85 107 512 77 99 513 76 98 514 85 107 515 78 100 516 77 99 517 86 108 518 78 100 519 87 109 520 88 110 521 80 102 522 79 101 523 88 110 524 80 102 525 89 111 526 81 104 527</p>
        </triangles>
      </mesh>
    </geometry>
    <geometry id="Mesh_007-mesh" name="Mesh.007">
      <mesh>
        <source id="Mesh_007-mesh-positions">
          <float_array id="Mesh_007-mesh-positions-array" count="108">23.07844 33.80986 13.34137 23.07844 23.53906 28.59827 23.07844 34.62519 13.89024 23.07844 24.35439 29.14715 21.74929 34.62519 13.89024 21.74929 24.35439 29.14715 21.74929 33.80986 13.34137 21.74929 23.53906 28.59827 21.34974 22.87113 28.14819 23.47799 22.87113 28.14819 21.34974 25.02272 29.59662 23.47799 25.02272 29.59662 21.34974 22.35223 28.55399 23.47799 22.35223 28.55399 21.34974 22.9418 31.02913 23.47799 22.9418 31.02913 21.34974 21.58688 28.02016 23.47799 21.58688 28.02016 21.34974 19.84661 30.60538 23.47799 19.84661 30.60538 21.34974 20.19922 27.08599 23.47799 20.19922 27.08599 21.34974 18.45896 29.67123 23.47799 18.45896 29.67123 20.02166 19.10463 26.27774 24.80607 19.10463 26.27774 20.02166 17.29823 28.96124 24.80607 17.29823 28.96124 20.63168 17.58948 25.25775 24.19606 17.58948 25.25775 20.63168 15.78308 27.94124 24.19606 15.78308 27.94124 21.62145 16.91882 24.80626 23.20629 16.91882 24.80626 21.62145 15.11241 27.48976 23.20629 15.11241 27.48976</float_array>
          <technique_common>
            <accessor source="#Mesh_007-mesh-positions-array" count="36" stride="3">
              <param name="X" type="float"/>
              <param name="Y" type="float"/>
              <param name="Z" type="float"/>
            </accessor>
          </technique_common>
        </source>
        <source id="Mesh_007-mesh-normals">
          <float_array id="Mesh_007-mesh-normals-array" count="330">1 -4.95712e-5 -5.26638e-6 1 -4.84211e-5 -4.80627e-6 1 -4.93715e-5 -4.88744e-6 -3.39145e-5 0.8295631 0.5584131 -3.51666e-5 0.8295624 0.5584142 -3.52613e-5 0.8295623 0.5584142 -1 0 4.77711e-5 -1 -1.50089e-6 4.77476e-5 -1 0 4.77711e-5 -2.54446e-6 -0.8295165 -0.5584824 -2.47535e-6 -0.8295171 -0.5584813 0 -0.8295164 -0.5584824 0.2988832 -0.950045 -0.08990752 -0.2980393 -0.4360939 -0.8491141 0.2969219 -0.4299822 -0.8526152 -2.25324e-7 0.5584003 -0.8295717 0 0.5583999 -0.829572 0 0.5584003 -0.8295717 0 0.5588099 -0.8292958 9.42248e-4 0.5584424 -0.8295428 0 0.5580627 -0.8297988 -9.42251e-4 0.5584391 -0.829545 0 -0.02730262 -0.9996273 0 -0.6160303 -0.7877224 0 -0.6160304 -0.7877225 -1 0 0 0 0.2313115 0.9728797 0 0.5670332 0.823695 0 0.5670335 0.8236949 1 0 0 9.47155e-7 0.5652621 -0.8249114 0 -0.02735984 -0.9996258 -1 2.57361e-7 0 -1.08064e-5 -0.3562456 0.9343924 0 0.2313057 0.9728811 0 0.5763658 -0.8171919 0 0.5652844 -0.8248961 1.85771e-7 0.5653061 -0.8248813 -0.9261154 0.3129377 0.2106662 3.13669e-6 -0.3563125 0.9343669 0 -0.5402557 0.8415009 -1.08576e-5 -0.3563125 0.9343669 0.926087 0.3130009 0.2106977 1 5.02259e-7 0 -2.80049e-6 0.5764061 -0.8171635 7.32951e-7 0.5763669 -0.8171911 0 0.5764061 -0.8171635 -0.9261041 0.3129717 0.2106657 -0.9746537 0.1855665 0.1249608 -0.9260855 0.3130005 0.2107048 1.30851e-7 -0.5402407 0.8415106 3.31807e-7 -0.5402407 0.8415107 5.67175e-7 -0.5402407 0.8415107 0.9746536 0.1855834 0.1249373 0.9261046 0.3129619 0.2106782 0 0.5584448 -0.8295418 0 0.5763247 -0.8172209 2.52435e-6 0.5764024 -0.8171661 -0.9746605 0.1855471 0.1249371 -0.8230115 -0.4712097 -0.3171964 -0.9746496 0.1856139 0.1249224 0 -0.5584436 0.8295425 0 -0.5402624 0.8414967 -2.55695e-6 -0.5402219 0.8415228 0.8230136 -0.4712066 -0.3171957 0.9746588 0.1855696 0.1249172 0.9746608 0.185556 0.124921 0 0.5584452 -0.8295415 -0.8230114 -0.47121 -0.3171965 -0.2980001 -0.9508337 -0.08432745 0 -0.558444 0.8295423 0.8230125 -0.4712086 -0.3171954 1 -3.33685e-4 -3.52522e-5 1 -3.33685e-4 -3.52562e-5 1 -3.33902e-4 -3.31375e-5 -3.39098e-5 0.8295631 0.5584131 -3.38707e-5 0.8295632 0.558413 -3.51668e-5 0.8295624 0.5584142 -1 0 4.75233e-5 -1 -1.58354e-6 4.77669e-5 -1 -1.52116e-6 4.8483e-5 -2.41135e-6 -0.8295179 -0.5584803 0 -0.8295174 -0.5584809 -2.43706e-6 -0.8295174 -0.5584809 -1.78414e-6 0.5581595 -0.8297338 0 0.5583988 -0.8295727 0 0.5583986 -0.8295729 0 0.5588148 -0.8292925 8.98172e-4 0.5584422 -0.8295429 0 0.5580598 -0.8298009 -8.98171e-4 0.5584435 -0.8295421 1 1.2726e-6 0 2.5481e-5 -0.02738076 -0.9996252 1.08576e-5 -0.3562456 0.9343924 1 -1.31197e-6 0 0 0.5763664 -0.8171916 -1 -1.46349e-6 0 -0.9261159 0.3129351 0.2106682 -0.9261158 0.3129407 0.2106603 -9.68817e-6 -0.3563113 0.9343674 0 -0.5402547 0.8415016 -1.26753e-6 -0.5402547 0.8415016 -1.33552e-6 0.5764049 -0.8171643 8.94001e-7 0.5764049 -0.8171643 -4.22355e-7 0.5763658 -0.8171919 -0.9746648 0.1855635 0.1248791 -1.19427e-6 -0.5402015 0.8415358 -1.78441e-6 -0.5402821 0.841484 -3.59956e-7 -0.5402418 0.8415099 0.9260861 0.3129993 0.2107041</float_array>
          <technique_common>
            <accessor source="#Mesh_007-mesh-normals-array" count="110" stride="3">
              <param name="X" type="float"/>
              <param name="Y" type="float"/>
              <param name="Z" type="float"/>
            </accessor>
          </technique_common>
        </source>
        <source id="Mesh_007-mesh-map-0">
          <float_array id="Mesh_007-mesh-map-0-array" count="408">0.4418439 0.3387487 0.1971462 0.01410686 0.2151425 0.001991987 0.448771 0.001991987 0.4781086 0.3387488 0.4487709 0.3387488 0.729936 0.01410686 0.4852383 0.3387487 0.7119396 0.001991987 0.736863 0.3387487 0.7662005 0.001991987 0.7662006 0.3387487 0.07215595 0.7792636 0.03717476 0.8191353 0.07215595 0.8191353 0.4487709 0.3508638 0.4781086 0.3387488 0.4781086 0.3508638 0.7651706 0.8663588 0.7751049 0.9045153 0.7651706 0.8956965 0.7651706 0.8956965 0.7431346 0.9045153 0.7530555 0.8956965 0.03117758 0.998008 0.06933408 0.9832563 0.03999644 0.9832563 0.7431346 0.8575398 0.7651706 0.8663588 0.7530556 0.8663588 0.8609431 0.8619029 0.8698999 0.9088783 0.8698999 0.8619029 0.1959926 0.9390637 0.2190061 0.998008 0.1870357 0.9505172 0.03117758 0.952077 0.07815307 0.998008 0.03117758 0.998008 0.2889362 0.998008 0.3119497 0.9390637 0.3209065 0.9505172 0.872726 0.8619029 0.8609431 0.9088783 0.8609431 0.8619029 0.1959926 0.9390637 0.2412718 0.8837587 0.2506249 0.952077 0.03117758 0.952077 0.07815307 0.8837587 0.07815307 0.952077 0.2666704 0.8837587 0.3119497 0.9390637 0.2573174 0.952077 0.8933452 0.8619029 0.872726 0.9088783 0.872726 0.8619029 0.1842097 0.9221707 0.2206529 0.8531299 0.2412718 0.8837587 0.03117758 0.8837587 0.07815307 0.8531299 0.07815307 0.8837587 0.2872894 0.8531299 0.3237326 0.9221707 0.2666704 0.8837587 0.8933452 0.8619029 0.9111854 0.9381922 0.8933452 0.9088783 0.1635904 0.8915416 0.2049816 0.8275099 0.2206529 0.8531299 0.001863658 0.8275099 0.07815307 0.8531299 0.03117758 0.8531299 0.3029607 0.8275099 0.3443519 0.8915416 0.2872894 0.8531299 0.933699 0.8460533 0.9111854 0.9381922 0.9111854 0.8325888 0.1457503 0.8673815 0.1824679 0.7940669 0.2049816 0.8275099 0.0153281 0.7940669 0.1074671 0.8275099 0.001863658 0.8275099 0.3254744 0.7940669 0.362192 0.8673815 0.3029607 0.8275099 0.07215595 0.8191353 0.0153281 0.8339384 0.09400254 0.8339384 0.1232367 0.8339384 0.1725026 0.7792636 0.1824679 0.7940669 0.03717476 0.7792636 0.09400254 0.7940669 0.0153281 0.7940669 0.3354398 0.7792636 0.3847056 0.8339384 0.3254744 0.7940669 0.4418439 0.3387487 0.4238475 0.3508638 0.1971462 0.01410686 0.448771 0.001991987 0.4781087 0.001991987 0.4781086 0.3387488 0.729936 0.01410686 0.5032346 0.3508638 0.4852383 0.3387487 0.736863 0.3387487 0.7368628 0.001991987 0.7662005 0.001991987 0.07215595 0.7792636 0.03717476 0.7792636 0.03717476 0.8191353 0.4487709 0.3508638 0.4487709 0.3387488 0.4781086 0.3387488 0.7651706 0.8663588 0.7751049 0.8575398 0.7751049 0.9045153 0.7651706 0.8956965 0.7751049 0.9045153 0.7431346 0.9045153 0.03117758 0.998008 0.07815307 0.998008 0.06933408 0.9832563 0.7431346 0.8575398 0.7751049 0.8575398 0.7651706 0.8663588 0.8609431 0.8619029 0.8609431 0.9088783 0.8698999 0.9088783 0.1959926 0.9390637 0.2506249 0.952077 0.2190061 0.998008 0.03117758 0.952077 0.07815307 0.952077 0.07815307 0.998008 0.2889362 0.998008 0.2573174 0.952077 0.3119497 0.9390637 0.872726 0.8619029 0.872726 0.9088783 0.8609431 0.9088783 0.1959926 0.9390637 0.1842097 0.9221707 0.2412718 0.8837587 0.03117758 0.952077 0.03117758 0.8837587 0.07815307 0.8837587 0.2666704 0.8837587 0.3237326 0.9221707 0.3119497 0.9390637 0.8933452 0.8619029 0.8933452 0.9088783 0.872726 0.9088783 0.1842097 0.9221707 0.1635904 0.8915416 0.2206529 0.8531299 0.03117758 0.8837587 0.03117758 0.8531299 0.07815307 0.8531299 0.2872894 0.8531299 0.3443519 0.8915416 0.3237326 0.9221707 0.8933452 0.8619029 0.9111854 0.8325888 0.9111854 0.9381922 0.1635904 0.8915416 0.1457503 0.8673815 0.2049816 0.8275099 0.001863658 0.8275099 0.1074671 0.8275099 0.07815307 0.8531299 0.3029607 0.8275099 0.362192 0.8673815 0.3443519 0.8915416 0.933699 0.8460533 0.933699 0.9247277 0.9111854 0.9381922 0.1457503 0.8673815 0.1232367 0.8339384 0.1824679 0.7940669 0.0153281 0.7940669 0.09400254 0.7940669 0.1074671 0.8275099 0.3254744 0.7940669 0.3847056 0.8339384 0.362192 0.8673815 0.07215595 0.8191353 0.03717476 0.8191353 0.0153281 0.8339384 0.1232367 0.8339384 0.1132714 0.8191353 0.1725026 0.7792636 0.03717476 0.7792636 0.07215595 0.7792636 0.09400254 0.7940669 0.3354398 0.7792636 0.394671 0.8191353 0.3847056 0.8339384</float_array>
          <technique_common>
            <accessor source="#Mesh_007-mesh-map-0-array" count="204" stride="2">
              <param name="S" type="float"/>
              <param name="T" type="float"/>
            </accessor>
          </technique_common>
        </source>
        <vertices id="Mesh_007-mesh-vertices">
          <input semantic="POSITION" source="#Mesh_007-mesh-positions"/>
        </vertices>
        <triangles material="black-material" count="68">
          <input semantic="VERTEX" source="#Mesh_007-mesh-vertices" offset="0"/>
          <input semantic="NORMAL" source="#Mesh_007-mesh-normals" offset="1"/>
          <input semantic="TEXCOORD" source="#Mesh_007-mesh-map-0" offset="2" set="0"/>
          <p>1 0 0 2 1 1 0 2 2 3 3 3 4 4 4 2 5 5 4 6 6 7 7 7 6 8 8 6 9 9 1 10 10 0 11 11 35 12 12 32 13 13 33 14 14 0 15 15 4 16 16 6 17 17 1 18 18 8 18 19 7 18 20 7 19 21 10 19 22 5 19 23 10 20 24 3 20 25 5 20 26 11 21 27 1 21 28 3 21 29 13 22 30 8 23 31 9 24 32 12 25 33 10 25 34 8 25 35 14 26 36 11 27 37 10 28 38 11 29 39 13 29 40 9 29 41 17 30 42 12 31 43 13 22 44 12 32 45 18 32 46 14 32 47 14 26 48 19 33 49 15 34 50 19 29 51 13 29 52 15 29 53 21 35 54 16 36 55 17 37 56 16 25 57 22 38 58 18 25 59 18 39 60 23 40 61 19 41 62 23 42 63 17 43 64 19 29 65 21 44 66 24 45 67 20 46 68 20 47 69 26 48 70 22 49 71 26 50 72 23 51 73 22 52 74 27 53 75 21 54 76 23 42 77 29 55 78 24 56 79 25 57 80 24 58 81 30 59 82 26 60 83 30 61 84 27 62 85 26 63 86 31 64 87 25 65 88 27 66 89 33 14 90 28 67 91 29 55 92 28 68 93 34 69 94 30 59 95 34 69 96 31 70 97 30 61 98 35 12 99 29 71 100 31 64 101 1 72 102 3 73 103 2 74 104 3 75 105 5 76 106 4 77 107 4 78 108 5 79 109 7 80 110 6 81 111 7 82 112 1 83 113 35 12 114 34 69 115 32 13 116 0 84 117 2 85 118 4 86 119 1 87 120 9 87 121 8 87 122 7 88 123 8 88 124 10 88 125 10 89 126 11 89 127 3 89 128 11 90 129 9 90 130 1 90 131 13 22 132 12 31 133 8 23 134 12 25 135 14 25 136 10 25 137 14 26 138 15 34 139 11 27 140 11 91 141 15 91 142 13 91 143 17 37 144 16 36 145 12 92 146 12 25 147 16 25 148 18 25 149 14 26 150 18 93 151 19 33 152 19 94 153 17 94 154 13 94 155 21 35 156 20 95 157 16 36 158 16 96 159 20 97 160 22 98 161 18 99 162 22 100 163 23 101 164 23 42 165 21 54 166 17 43 167 21 102 168 25 103 169 24 104 170 20 47 171 24 105 172 26 48 173 26 106 174 27 107 175 23 108 176 27 66 177 25 65 178 21 109 179 29 55 180 28 67 181 24 56 182 24 58 183 28 68 184 30 59 185 30 61 186 31 70 187 27 62 188 31 64 189 29 71 190 25 65 191 33 14 192 32 13 193 28 67 194 28 68 195 32 13 196 34 69 197 34 69 198 35 12 199 31 70 200 35 12 201 33 14 202 29 71 203</p>
        </triangles>
      </mesh>
    </geometry>
    <geometry id="Mesh_006-mesh" name="Mesh.006">
      <mesh>
        <source id="Mesh_006-mesh-positions">
          <float_array id="Mesh_006-mesh-positions-array" count="132">21.21723 21.5617 20.94097 21.21723 22.68808 21.77679 22.43193 23.25127 22.19469 23.64663 22.68808 21.77679 23.64663 21.5617 20.94097 22.43193 20.99851 20.52306 18.61553 13.42488 33.77759 18.61553 17.83168 33.77759 22.43193 20.03507 33.77759 26.24833 17.83168 33.77759 26.24833 13.42488 33.77759 22.43193 11.22148 33.77759 22.43193 15.62827 33.77759 23.64663 14.92697 31.55081 23.64663 16.32958 31.55081 22.43193 17.03089 31.55081 21.21723 16.32958 31.55081 21.21723 14.92697 31.55081 22.43193 14.22566 31.55081 20.3697 21.45819 20.25931 20.3697 23.37049 21.67829 22.43193 24.32664 22.38779 24.49416 23.37049 21.67829 24.49416 21.45819 20.25931 22.43193 20.50204 19.54982 20.3697 30.43782 7.993873 20.3697 32.35012 9.412858 22.43193 31.39397 8.703366 22.43193 33.30627 10.12235 24.49416 32.35012 9.412858 24.49416 30.43782 7.993872 22.43193 29.48167 7.284378 26.22652 17.81908 32.2232 22.43193 20.00988 32.2232 18.63735 17.81908 32.2232 18.63735 13.43747 32.2232 22.43193 11.24667 32.2232 26.22652 13.43747 32.2232 22.43193 17.18554 30.65129 21.21723 16.51592 30.457 21.21723 15.1767 30.06842 22.43193 14.50709 29.87413 23.64663 15.1767 30.06842 23.64663 16.51592 30.457</float_array>
          <technique_common>
            <accessor source="#Mesh_006-mesh-positions-array" count="44" stride="3">
              <param name="X" type="float"/>
              <param name="Y" type="float"/>
              <param name="Z" type="float"/>
            </accessor>
          </technique_common>
        </source>
        <source id="Mesh_006-mesh-normals">
          <float_array id="Mesh_006-mesh-normals-array" count="204">-0.8658902 -0.4098873 -0.2867522 -0.867888 0.4585084 0.1911556 -0.8655245 0.4071009 0.291781 0 0.9226119 0.3857296 -9.37193e-7 0.8125823 0.5828465 0.865524 0.4070691 0.2918269 0.867851 0.4611937 0.1847566 0.8658903 -0.4098867 -0.2867525 0.8675421 -0.4576179 -0.1948252 -1.76821e-7 -0.8195751 -0.5729718 -0.8453133 -0.4673995 -0.2588111 -0.5654154 0.7124189 -0.4156498 -1.29468e-7 0.5958963 -0.8030615 -0.566331 0.1882758 -0.8023848 -3.21845e-7 0.9747295 -0.2233883 0.5654151 0.7124195 -0.4156492 0.5654435 0.1870509 -0.8032969 -3.81896e-7 -0.07814365 -0.9969422 -0.5711939 -0.3297781 0.7516542 -3.02428e-7 0 1 -0.571354 0.3298476 0.7515021 -9.06363e-6 0.6599844 0.7512794 0.5711892 0.3297851 0.7516547 0.571352 -0.3298461 0.7515041 8.22544e-6 -0.6599844 0.7512794 0.1906743 0.1100847 -0.9754613 0.1906729 -0.1100854 -0.9754615 0.1906734 -0.1100843 -0.9754615 -9.18819e-7 0.2201708 -0.9754614 0.1906723 0.1100866 -0.9754615 -0.190674 0.1100853 -0.9754613 -2.49455e-6 0.2201712 -0.9754614 -0.1906743 -0.1100845 -0.9754614 -0.1906731 -0.1100857 -0.9754614 -2.13717e-6 -0.2201715 -0.9754612 0 -0.2201709 -0.9754614 -0.385027 -0.3552488 0.8517937 -0.3850198 -0.712282 0.5868681 -0.3850304 -0.3552464 0.8517932 -1.88979e-7 -0.1767356 0.9842584 0.3850264 -0.3552483 0.8517942 0.3850299 -0.3552449 0.851794 0.3850222 -0.7122791 0.5868701 3.93502e-6 -0.890792 0.4544115 -2.66079e-6 -0.8907913 0.4544127 -0.3850167 -0.7122841 0.5868675 -0.8660594 -0.4033904 -0.2953256 -0.8660145 0.4034535 0.2953717 0 0.8068759 0.590721 0.8659861 0.4035002 0.2953906 0.8660876 -0.4033478 -0.2953017 -4.154e-7 -0.8068764 -0.5907205 -1.19877e-7 0.9998687 -0.01620525 0.865912 0.4999341 -0.01620239 -0.865905 0.4999459 -0.01620626 -0.8659111 -0.4999355 -0.01620459 0 -0.9998688 -0.01620376 0.8659049 -0.4999464 -0.01619946 -1.34666e-7 0.9856499 0.1688025 -0.8644952 0.4954996 0.08442926 -0.005234777 -0.9308179 -0.365446 -0.864463 -0.4957392 -0.0833463 0.8644628 -0.4957397 -0.08334487 0.8644952 0.4954998 0.08442825 -0.1906737 0.1100857 -0.9754613 0 -0.176739 0.9842578 0.3850221 -0.7122793 0.58687 -1.15239e-6 -0.9862042 -0.1655332</float_array>
          <technique_common>
            <accessor source="#Mesh_006-mesh-normals-array" count="68" stride="3">
              <param name="X" type="float"/>
              <param name="Y" type="float"/>
              <param name="Z" type="float"/>
            </accessor>
          </technique_common>
        </source>
        <source id="Mesh_006-mesh-map-0">
          <float_array id="Mesh_006-mesh-map-0-array" count="504">0.2949525 0.354598 0.4063248 0.5646396 0.2700905 0.3730465 0.1173914 0.1382264 0.1442028 0.01677197 0.1442028 0.1506574 0.4281747 0.6802348 0.4549861 0.8761165 0.4281747 0.8668922 0.1281161 0.7513864 0.2394884 0.5413447 0.2643505 0.5597932 0.02057069 0.03471177 0.04738205 0.2454008 0.02057069 0.2361766 0.04738205 0.2454008 0.07419341 0.03471183 0.07419341 0.2361766 0.09290045 0.4906298 0.04738205 0.50629 0.09290045 0.5219502 0.04738193 0.4749696 0.04738205 0.50629 0.09290045 0.4906298 0.001863658 0.4906298 0.04738205 0.50629 0.04738193 0.4749696 0.001863658 0.5219503 0.04738205 0.50629 0.001863658 0.4906298 0.04738205 0.5376105 0.04738205 0.50629 0.001863658 0.5219503 0.09290045 0.5219502 0.04738205 0.50629 0.04738205 0.5376105 0.4615345 0.7090145 0.5457716 0.7576489 0.4615345 0.8062832 0.4615345 0.8062832 0.5457716 0.7576489 0.5457716 0.8549175 0.5457716 0.8549175 0.5457716 0.7576489 0.6300088 0.8062832 0.6300088 0.8062832 0.5457716 0.7576489 0.6300088 0.7090145 0.6300088 0.7090145 0.5457716 0.7576489 0.5457716 0.6603803 0.5457716 0.6603803 0.5457716 0.7576489 0.4615345 0.7090145 0.6935219 0.7725724 0.6365777 0.7087365 0.6935219 0.7416132 0.7203333 0.788052 0.6365777 0.8054491 0.6935219 0.7725724 0.7471446 0.7725724 0.7203333 0.8538054 0.7203333 0.788052 0.804089 0.7087365 0.7471446 0.7725724 0.7471446 0.7416132 0.7203333 0.6603802 0.7471446 0.7416132 0.7203333 0.7261337 0.6365777 0.7087365 0.7203333 0.7261337 0.6935219 0.7416132 0.09290045 0.2199022 0.07419341 0.2361766 0.07419341 0.2177281 0.1442028 0.1506574 0.09868443 0.1532887 0.1173914 0.1382264 0.1897212 0.1532887 0.1442028 0.1506574 0.1710141 0.1382264 0.1710141 0.1133643 0.1897212 0.1532887 0.1710141 0.1382264 0.04738205 0.2668827 0.02057069 0.2361766 0.04738205 0.2454008 0.09290045 0.2512226 0.04738205 0.2454008 0.07419341 0.2361766 0.6932879 0.3859184 0.933699 0.6253256 0.8914899 0.656646 0.1442028 0.3725953 0.09868443 0.1532887 0.1442028 0.1743932 0.1897212 0.1532887 0.1442028 0.3725953 0.1442028 0.1743932 0.4471368 0.6253256 0.6875479 0.3859184 0.4893457 0.656646 0.04738205 0.2668827 0.001863658 0.5219503 0.001863658 0.2512226 0.09290045 0.5219502 0.04738205 0.2668827 0.09290045 0.2512226 0.84593 0.7446175 0.811621 0.6603802 0.84593 0.6608619 0.811621 0.8288546 0.84593 0.7446175 0.84593 0.828373 0.855203 0.8325888 0.8208938 0.9295794 0.8208938 0.8328669 0.8517351 0.7446175 0.8860442 0.8288546 0.8517351 0.828373 0.8860442 0.6603802 0.8517351 0.7446175 0.8517351 0.6608619 0.7808448 0.9548083 0.815154 0.8578177 0.815154 0.9545303 0.4013634 0.6845232 0.4281748 0.6603803 0.4281747 0.6802348 0.4358847 0.5560628 0.4104378 0.5887826 0.4063248 0.5646396 0.04738205 0.03900027 0.07419341 0.001991987 0.07419341 0.03471183 0.02057069 0.001991987 0.04738205 0.03900027 0.02057069 0.03471177 0.1240031 0.7755293 0.09855622 0.7428095 0.1281161 0.7513864 0.4281748 0.6603803 0.4549861 0.6845232 0.4281747 0.6802348 0.2949525 0.354598 0.4358847 0.5560628 0.4063248 0.5646396 0.1173914 0.1382264 0.1173914 0.001991987 0.1442028 0.01677197 0.4281747 0.6802348 0.4549861 0.6845232 0.4549861 0.8761165 0.1281161 0.7513864 0.09855622 0.7428095 0.2394884 0.5413447 0.02057069 0.03471177 0.04738205 0.03900027 0.04738205 0.2454008 0.04738205 0.2454008 0.04738205 0.03900027 0.07419341 0.03471183 0.6935219 0.7725724 0.6365777 0.8054491 0.6365777 0.7087365 0.7203333 0.788052 0.7203333 0.8538054 0.6365777 0.8054491 0.7471446 0.7725724 0.804089 0.8054491 0.7203333 0.8538054 0.804089 0.7087365 0.804089 0.8054491 0.7471446 0.7725724 0.7203333 0.6603802 0.804089 0.7087365 0.7471446 0.7416132 0.6365777 0.7087365 0.7203333 0.6603802 0.7203333 0.7261337 0.09290045 0.2199022 0.09290045 0.2512226 0.07419341 0.2361766 0.1442028 0.1506574 0.1442028 0.1743932 0.09868443 0.1532887 0.1897212 0.1532887 0.1442028 0.1743932 0.1442028 0.1506574 0.1710141 0.1133643 0.1897212 0.1110798 0.1897212 0.1532887 0.04738205 0.2668827 0.001863658 0.2512226 0.02057069 0.2361766 0.09290045 0.2512226 0.04738205 0.2668827 0.04738205 0.2454008 0.6932879 0.3859184 0.735497 0.354598 0.933699 0.6253256 0.1442028 0.3725953 0.09868443 0.3514909 0.09868443 0.1532887 0.1897212 0.1532887 0.1897212 0.3514909 0.1442028 0.3725953 0.4471368 0.6253256 0.6453388 0.354598 0.6875479 0.3859184 0.04738205 0.2668827 0.04738205 0.5376105 0.001863658 0.5219503 0.09290045 0.5219502 0.04738205 0.5376105 0.04738205 0.2668827 0.84593 0.7446175 0.811621 0.7446175 0.811621 0.6603802 0.811621 0.8288546 0.811621 0.7446175 0.84593 0.7446175 0.855203 0.8325888 0.855203 0.9298575 0.8208938 0.9295794 0.8517351 0.7446175 0.8860442 0.7446175 0.8860442 0.8288546 0.8860442 0.6603802 0.8860442 0.7446175 0.8517351 0.7446175 0.7808448 0.9548083 0.7808448 0.8575397 0.815154 0.8578177 0.4013634 0.6845232 0.4013634 0.6603803 0.4281748 0.6603803 0.4358847 0.5560628 0.4413969 0.5887826 0.4104378 0.5887826 0.04738205 0.03900027 0.04738193 0.001991987 0.07419341 0.001991987 0.02057069 0.001991987 0.04738193 0.001991987 0.04738205 0.03900027 0.1240031 0.7755293 0.09304398 0.7755293 0.09855622 0.7428095 0.4281748 0.6603803 0.4549861 0.6603803 0.4549861 0.6845232</float_array>
          <technique_common>
            <accessor source="#Mesh_006-mesh-map-0-array" count="252" stride="2">
              <param name="S" type="float"/>
              <param name="T" type="float"/>
            </accessor>
          </technique_common>
        </source>
        <vertices id="Mesh_006-mesh-vertices">
          <input semantic="POSITION" source="#Mesh_006-mesh-positions"/>
        </vertices>
        <triangles material="black-material" count="84">
          <input semantic="VERTEX" source="#Mesh_006-mesh-vertices" offset="0"/>
          <input semantic="NORMAL" source="#Mesh_006-mesh-normals" offset="1"/>
          <input semantic="TEXCOORD" source="#Mesh_006-mesh-map-0" offset="2" set="0"/>
          <p>0 0 0 39 1 1 1 2 2 1 2 3 38 3 4 2 4 5 38 3 6 3 5 7 2 4 8 43 6 9 4 7 10 3 5 11 42 8 12 5 9 13 4 7 14 5 9 15 40 10 16 0 0 17 26 11 18 27 12 19 25 13 20 28 14 21 27 12 22 26 11 23 29 15 24 27 12 25 28 14 26 30 16 27 27 12 28 29 15 29 31 17 30 27 12 31 30 16 32 25 13 33 27 12 34 31 17 35 6 18 36 12 19 37 7 20 38 7 20 39 12 19 40 8 21 41 8 21 42 12 19 43 9 22 44 9 22 45 12 19 46 10 23 47 10 23 48 12 19 49 11 24 50 11 24 51 12 19 52 6 18 53 14 25 54 37 26 55 13 27 56 15 28 57 32 29 58 14 25 59 16 30 60 33 31 61 15 28 62 35 32 63 16 30 64 17 33 65 36 34 66 17 33 67 18 35 68 37 26 69 18 35 70 13 27 71 20 36 72 0 37 73 1 38 74 2 39 75 20 36 76 1 38 77 22 40 78 2 39 79 3 41 80 4 42 81 22 40 82 3 41 83 24 43 84 4 42 85 5 44 86 19 45 87 5 44 88 0 37 89 26 11 90 19 46 91 20 47 92 28 14 93 20 47 94 21 48 95 22 49 96 28 14 97 21 48 98 23 50 99 29 15 100 22 49 101 24 51 102 30 16 103 23 50 104 25 13 105 24 51 106 19 46 107 33 52 108 9 22 109 32 53 110 7 20 111 33 52 112 34 54 113 6 18 114 34 54 115 35 55 116 36 56 117 6 18 118 35 55 119 10 23 120 36 56 121 37 57 122 9 22 123 37 57 124 32 53 125 39 1 126 15 58 127 38 3 128 40 10 129 16 59 130 39 1 131 41 60 132 17 61 133 40 10 134 13 62 135 41 60 136 42 8 137 14 63 138 42 8 139 43 6 140 15 58 141 43 6 142 38 3 143 0 0 144 40 10 145 39 1 146 1 2 147 39 1 148 38 3 149 38 3 150 43 6 151 3 5 152 43 6 153 42 8 154 4 7 155 42 8 156 41 60 157 5 9 158 5 9 159 41 60 160 40 10 161 14 25 162 32 29 163 37 26 164 15 28 165 33 31 166 32 29 167 16 30 168 34 64 169 33 31 170 35 32 171 34 64 172 16 30 173 36 34 174 35 32 175 17 33 176 37 26 177 36 34 178 18 35 179 20 36 180 19 45 181 0 37 182 2 39 183 21 65 184 20 36 185 22 40 186 21 65 187 2 39 188 4 42 189 23 66 190 22 40 191 24 43 192 23 66 193 4 42 194 19 45 195 24 43 196 5 44 197 26 11 198 25 13 199 19 46 200 28 14 201 26 11 202 20 47 203 22 49 204 29 15 205 28 14 206 23 50 207 30 16 208 29 15 209 24 51 210 31 17 211 30 16 212 25 13 213 31 17 214 24 51 215 33 52 216 8 21 217 9 22 218 7 20 219 8 21 220 33 52 221 6 18 222 7 20 223 34 54 224 36 56 225 11 24 226 6 18 227 10 23 228 11 24 229 36 56 230 9 22 231 10 23 232 37 57 233 39 1 234 16 59 235 15 58 236 40 10 237 17 61 238 16 59 239 41 60 240 18 67 241 17 61 242 13 62 243 18 67 244 41 60 245 14 63 246 13 62 247 42 8 248 15 58 249 14 63 250 43 6 251</p>
        </triangles>
      </mesh>
    </geometry>
    <geometry id="Mesh_013-mesh" name="Mesh.013">
      <mesh>
        <source id="Mesh_013-mesh-positions">
          <float_array id="Mesh_013-mesh-positions-array" count="585">12.84759 25.47345 5.403999 40.56984 33.94082 14.178 29.88995 11.90446 10.79785 17.34705 13.97545 6.828068 14.05197 20.07868 5.785179 14.6481 25.75854 6.675575 15.53109 20.86244 6.95504 15.00016 23.28227 6.787003 13.33978 22.75273 5.559776 14.80474 24.51506 6.725151 13.06972 24.10891 5.474304 13.26415 25.58016 6.693077 13.46177 24.26093 6.755615 13.7039 22.95093 6.832252 15.23944 22.06583 6.862732 13.66376 21.41072 5.662315 13.99618 21.65592 6.924759 14.34824 20.37203 7.036186 15.05185 25.75854 5.399918 15.4039 23.28227 5.511345 15.20848 24.51506 5.449493 13.92998 25.58016 4.58934 14.12759 24.26093 4.651886 14.36972 22.95093 4.728516 15.93483 20.86244 5.679382 15.64318 22.06583 5.587074 14.662 21.65592 4.821022 15.01406 20.37203 4.932449 15.05998 17.48466 6.10421 16.30525 18.53357 7.200058 14.51271 18.76886 5.931007 15.88239 19.68375 7.066231 14.76802 19.1113 7.169044 15.26872 17.87726 7.327515 16.70899 18.53357 5.9244 16.28614 19.68375 5.790565 15.43385 19.1113 5.065308 15.93455 17.87726 5.223778 18.11796 15.43306 7.773777 15.70502 16.245 6.308365 16.80983 17.42973 7.359756 15.86118 16.68843 7.515022 16.46324 15.06629 6.54834 17.41003 16.3879 7.549717 16.56027 15.56096 7.736282 17.37824 14.52102 7.995171 17.21357 17.42973 6.084099 16.52701 16.68843 5.411293 18.5217 15.43306 6.498119 17.81377 16.3879 6.274059 17.22609 15.56096 5.632553 18.04407 14.52102 5.891434 23.39037 10.93035 8.74075 19.5038 12.19553 7.510662 19.87866 13.90894 8.331032 18.3623 13.00656 7.149387 18.94112 14.59615 8.034298 18.32159 13.60153 8.29374 19.38675 12.83685 8.63086 20.2824 13.90894 7.055374 19.34486 14.59615 6.75864 18.98742 13.60153 6.190002 20.05257 12.83685 6.527122 23.17086 12.92057 9.373003 20.74634 11.57426 7.903927 20.91361 13.39826 8.65859 20.55159 12.25697 8.999527 22.05429 11.15524 8.317892 22.0202 13.07239 9.00882 21.78417 11.87281 9.389635 23.05085 11.67528 9.790529 21.31735 13.39826 7.382931 21.21742 12.25697 6.89579 23.5746 12.92057 8.097345 22.42394 13.07239 7.733162 22.45 11.87281 7.2859 23.71668 11.67528 7.686798 26.03603 10.96698 9.578096 25.5271 13.0388 10.11874 24.72439 10.87704 9.162964 24.34396 12.91903 9.744282 24.32464 11.64134 10.19368 25.58819 11.74245 10.59359 25.93084 13.0388 8.843088 24.7477 12.91903 8.468626 24.99046 11.64134 8.089947 26.25401 11.74245 8.489857 29.00836 13.85291 11.22055 27.31327 11.17201 9.982338 26.71772 13.25042 10.49557 26.83301 11.94994 10.98757 28.60632 11.48769 10.39158 27.88108 13.51513 10.86377 28.07752 12.24654 11.38145 29.30262 12.63375 11.7692 27.12146 13.25042 9.219915 27.49883 11.94994 8.883835 29.4121 13.85291 9.944893 28.28482 13.51513 9.588112 28.74334 12.24654 9.277723 29.96845 12.63375 9.665464 38.01734 20.71667 13.37014 34.51679 14.90051 12.26223 32.90855 16.32078 12.45495 32.35912 13.11941 11.57933 31.11681 14.8363 11.88787 31.14865 12.44226 11.19622 30.09284 14.28658 11.56378 30.49611 13.13257 12.14693 31.63678 13.76202 12.50795 33.49128 13.94281 11.93766 32.06037 15.51497 12.1865 32.69835 14.53125 12.84393 33.65748 15.43211 13.1475 31.52055 14.8363 10.61221 30.49658 14.28658 10.28812 31.16193 13.13257 10.0432 32.3026 13.76202 10.40422 33.31229 16.32078 11.17929 32.46412 15.51497 10.91084 33.36417 14.53125 10.7402 34.32331 15.43211 11.04376 36.20849 17.10197 12.79764 34.32511 18.24073 12.90328 35.42142 15.96459 12.54854 33.65962 17.23727 12.69266 34.50464 16.44095 13.41561 35.2462 17.5282 13.65032 34.72885 18.24073 11.62762 34.06337 17.23727 11.417 35.17046 16.44095 11.31188 35.91202 17.5282 11.54658 35.98719 21.59201 13.42932 36.89303 18.28381 13.0143 34.92338 19.30815 13.09264 35.89846 18.66721 13.85675 37.48368 19.48208 13.20124 35.48204 20.43578 13.26945 36.47713 19.83904 14.0399 37.00012 21.0443 14.20543 35.32712 19.30815 11.81698 36.56428 18.66721 11.75302 36.39093 21.59201 12.15367 35.88578 20.43578 11.99379 37.14295 19.83904 11.93617 37.66595 21.0443 12.10169 39.91534 27.21393 13.97085 38.92649 23.26367 13.65788 36.84109 23.96141 13.69958 38.49765 21.9792 13.52216 36.43938 22.76821 13.57244 37.4699 22.27452 14.35411 37.88859 23.52483 14.48662 37.24483 23.96141 12.42392 36.84312 22.76821 12.29679 38.13573 22.27452 12.25038 38.55441 23.52483 12.38289 37.75865 27.62887 13.98999 39.30543 24.56683 13.77781 37.19433 25.17057 13.81138 38.25791 24.7928 14.60351 39.63499 25.8847 13.88212 37.50001 26.39365 13.90813 38.57853 26.07519 14.70499 38.85075 27.36924 14.79114 37.59807 25.17057 12.53572 38.92374 24.7928 12.49978 38.1624 27.62887 12.71433 37.90375 26.39365 12.63247 39.24435 26.07519 12.60125 39.51658 27.36924 12.68741 40.32798 29.89617 14.10145 38.13563 30.1308 14.1093 40.14644 28.55197 14.04399 37.97054 28.87507 14.05705 39.07467 28.6729 14.86201 39.25004 29.98399 14.91752 38.53937 30.1308 12.83364 38.37428 28.87507 12.78139 39.74049 28.6729 12.75828 39.91587 29.98399 12.81379 38.34722 33.94082 14.17627 40.45946 31.24401 14.14306 38.25368 31.39464 14.14666 39.37651 31.30039 14.95755 40.5403 32.59304 14.16865 38.32435 32.66514 14.16903 39.45354 32.62003 14.98192 39.48057 33.94082 14.99048 38.65742 31.39464 12.87101 40.04233 31.30039 12.85381 38.75096 33.94082 12.90061 38.7281 32.66514 12.89337 40.11936 32.62003 12.87819 40.1464 33.94082 12.88675</float_array>
          <technique_common>
            <accessor source="#Mesh_013-mesh-positions-array" count="195" stride="3">
              <param name="X" type="float"/>
              <param name="Y" type="float"/>
              <param name="Z" type="float"/>
            </accessor>
          </technique_common>
        </source>
        <source id="Mesh_013-mesh-normals">
          <float_array id="Mesh_013-mesh-normals-array" count="585">0.9525299 -0.04243284 0.3014735 0.5828371 -0.007047593 -0.8125585 0.9531368 -0.02298122 0.301666 0.2474992 -0.9657167 0.07832956 0.3858805 -0.2923253 -0.8750098 0.3195183 -0.9421685 0.1011261 -0.7602374 -0.6022487 -0.2435892 0.0670616 -0.2219657 -0.9727456 -0.6874957 -0.6928234 -0.2175899 -0.919146 -0.265177 -0.2912936 0.002096056 -0.09939676 -0.9950457 -0.9047537 -0.3153135 -0.2863532 -0.5769928 -0.07773637 0.8130414 0.5765084 0.2246649 0.7855978 0.5830317 0.1845158 0.7912194 -0.5791389 -0.05249255 0.8135372 0.5865898 0.1502855 0.7958183 0.5882619 0.1208689 0.7995866 -0.5772178 -0.05003482 0.815056 0.588322 0.1060659 0.8016403 -0.9408213 -0.1618329 -0.2977676 -0.5867516 -0.0645684 0.8071886 -0.9372941 -0.1829745 -0.296648 -0.9297825 -0.2211518 -0.294273 -0.5853079 -0.09365624 0.8053839 -0.002711832 -0.06883782 -0.9976242 0.9376445 0.1502805 -0.3134307 0.9412076 0.1208664 -0.3154674 0.9423784 0.1060546 -0.3172942 -0.0144779 -0.06212133 -0.9979636 -0.003154039 -0.05003392 -0.9987425 0.9242768 0.2206454 -0.3114932 -0.007896661 -0.09317606 -0.9956184 0.9294144 0.1820194 -0.3210262 -0.8840726 -0.3735252 -0.2808824 0.01520121 -0.1400659 -0.9900256 -0.8562904 -0.4396784 -0.2710165 0.5438988 0.3326625 0.7703959 -0.56537 -0.1182603 0.8163157 -0.5572153 -0.1399838 0.8184837 0.5621382 0.2633293 0.7840014 0.9117669 0.2666471 -0.312379 0.8909329 0.3282192 -0.3138644 -0.001363098 -0.1332901 -0.9910762 0.4071174 0.558161 0.7229882 -0.5282015 -0.1923995 0.8270342 -0.5048858 -0.2218818 0.8341816 0.520518 0.3941576 0.7574306 -0.5713735 -0.1577947 0.8053778 -0.8167664 -0.5158206 -0.2584992 0.4761756 0.4542964 0.7529088 0.02698117 -0.1648473 -0.9859501 0.864356 0.3876235 -0.3203698 0.7613807 0.5454477 -0.3504089 0.034271 -0.2214509 -0.9745692 0.8167459 0.4574137 -0.3517087 -0.2107216 -0.9750671 -0.06957387 0.257411 -0.3153054 -0.9134124 -0.09100419 -0.9954338 -0.02880519 -0.5882477 -0.7859904 -0.1902208 0.1345286 -0.2778577 -0.9511557 -0.4738076 -0.867766 -0.1499619 0.2108789 0.7162919 0.6651738 -0.4743657 -0.2513956 0.843669 -0.4372284 -0.2778545 0.8553527 0.3330024 0.6185547 0.7116879 0.5738522 0.706535 -0.4141281 0.09419792 -0.2918105 -0.9518263 0.6730745 0.619542 -0.4039041 -0.133196 0.8125724 0.5674372 -0.3538292 -0.3105109 0.882263 -0.3149149 -0.3153243 0.8952091 0.1022285 0.7701491 0.6296188 -0.4345337 -0.3204587 0.8417165 -0.3439162 -0.9326699 -0.1088502 -0.008260548 0.7894877 0.6137109 0.1759873 -0.2981697 -0.9381489 0.4459094 0.7699787 -0.4563967 0.2337118 0.811964 -0.5348768 0.3194025 0.8014557 -0.5056192 0.2324056 -0.3437818 -0.9098362 0.01637923 -0.9998579 0.004007875 0.3195432 -0.3102298 -0.895349 0.1048589 -0.9939333 0.03318578 -0.2825525 0.8023205 0.5257812 -0.281389 -0.3143864 0.906632 -0.2537562 -0.3102269 0.9161698 -0.203267 0.8062794 0.5555143 0.08104383 0.8037889 -0.5893687 0.1337283 0.8097814 -0.5712888 0.3072131 -0.3331793 -0.8914099 -0.4270836 0.766117 0.4802753 -0.2103763 -0.2990186 0.9307684 -0.1878672 -0.2923351 0.9376813 -0.3229079 0.7953667 0.5129547 -0.2349259 -0.3245706 0.9162226 0.1791948 -0.9821776 0.05671381 -0.3595044 0.7832755 0.5071846 0.3425506 -0.3045544 -0.8887665 0.03451538 0.7952996 -0.6052333 -0.06188458 0.770184 -0.6348124 -0.01556855 0.7830612 -0.62175 0.3769171 -0.307826 -0.8735998 0.5570678 -0.1309548 -0.8200771 0.8769202 -0.3924039 0.2775432 0.8577481 -0.4365441 0.2714731 0.5905317 -0.7850735 0.1869012 0.4978262 -0.2210638 -0.8386299 0.6751601 -0.7060434 0.2136861 -0.735832 0.5597375 0.3811108 -0.1019673 -0.2457175 0.9639635 -0.07532101 -0.2210391 0.972352 -0.1702131 -0.2911658 0.9414086 -0.5727112 0.6980322 0.4298292 -0.491492 0.7417046 0.4564098 0.4037215 -0.9059157 0.1277727 -0.1278178 -0.3045247 0.9438894 0.4963639 -0.8537822 0.1570956 -0.6436231 0.6398809 0.4198831 0.4415812 -0.2664742 -0.8567367 -0.2120233 0.701182 -0.6807276 -0.1450375 0.7360396 -0.6612185 0.4346074 -0.2915418 -0.8521267 -0.2941377 0.6424386 -0.707641 -0.3788649 0.5673251 -0.731166 0.4999014 -0.2499157 -0.829241 0.7436814 -0.62573 0.2353721 0.5337265 -0.1718291 -0.8280162 0.7946034 -0.5525953 0.2514834 -0.7915369 0.4894931 0.3658769 -0.03985387 -0.1718065 0.9843242 -0.8271459 0.4373856 0.3528788 -0.02072286 -0.2074025 0.9780362 -0.4272974 0.5030794 -0.7512177 -0.4733805 0.4373349 -0.7646236 0.5419484 -0.1920367 -0.8181772 -0.8721217 0.3510963 0.340786 -0.01431959 -0.1219005 0.9924391 -0.8864266 0.3202709 0.3341773 -0.02983367 -0.1613648 0.9864438 0.8313806 -0.4894587 0.2631286 -0.008560538 -0.1478041 0.9889797 -0.8537739 0.385262 0.3502046 0.5445621 -0.152093 -0.824815 -0.4957585 0.3949021 -0.7734829 -0.5305451 0.323005 -0.7837025 -0.5087391 0.3524902 -0.7854523 0.5720911 -0.1210214 -0.8112124 0.5774381 -0.06898707 -0.8135146 0.9347418 -0.1968109 0.2958436 0.9267014 -0.2349498 0.293297 0.5674133 -0.1049272 -0.8167207 0.905934 -0.3115654 0.2867241 0.8926792 -0.3511388 0.2825337 -0.9003633 0.2826021 0.3308808 -0.004821658 -0.0969212 0.9952804 -0.9107664 0.2537629 0.3257439 0.002124011 -0.1186535 0.9929335 -0.5436395 0.2895003 -0.7878108 -0.5574524 0.2537488 -0.7904798 0.5800014 -0.09497386 -0.8090602 -0.9284489 0.1863297 0.321347 0.004187583 -0.06122684 0.9981151 -0.9348044 0.1581829 0.317992 -2.35482e-4 -0.09091973 0.9958583 0.917173 -0.273003 0.2902814 0.0127604 -0.08055257 0.9966687 -0.9200964 0.2165274 0.3264023 -0.5669875 0.2216288 -0.7933511 0.5831257 -0.08260363 -0.8081715 -0.5730857 0.1929275 -0.7964621 -0.5815231 0.1581702 -0.7980057 0.588061 -0.05819845 -0.80672 0.9412714 -0.1589315 0.2979077 0.5811839 -0.03750544 -0.8129076 0.9464294 -0.1206052 0.2995427 -0.9441561 0.09207892 0.3163716 0.006188035 -0.04945147 0.9987574 0.007630765 -0.03750205 0.9992675 -0.9380754 0.1305447 0.3208937 -0.5851169 0.1297733 -0.8004981 -0.5906721 0.09500521 -0.8012993 0.5865765 -0.04351294 -0.8087242 -0.94896 0.01547098 0.3150169 0.009018182 -0.01314872 0.999873 0.009183764 -0.007045388 0.999933 -0.94698 0.06324434 0.3150066 0.01964735 -0.03205484 0.999293 0.9501953 -0.08179819 0.300729 -0.9470443 0.03564369 0.3191186 0.5821503 -0.02540981 -0.8126842 -0.592322 0.06604188 -0.8029902 -0.59337 0.03464972 -0.8041837 -0.5948891 0.01546585 -0.8036592 0.5889199 -0.006238996 -0.8081673</float_array>
          <technique_common>
            <accessor source="#Mesh_013-mesh-normals-array" count="195" stride="3">
              <param name="X" type="float"/>
              <param name="Y" type="float"/>
              <param name="Z" type="float"/>
            </accessor>
          </technique_common>
        </source>
        <source id="Mesh_013-mesh-map-0">
          <float_array id="Mesh_013-mesh-map-0-array" count="2280">0.4262727 0.8591243 0.4216008 0.8609496 0.4245957 0.8625665 0.3861085 0.7856761 0.3892176 0.7914668 0.3909027 0.7872905 0.3395444 0.7997897 0.3457899 0.799116 0.3431009 0.7957867 0.3298228 0.8223322 0.3345377 0.8187516 0.3306343 0.8175157 0.3440621 0.8261588 0.3420145 0.8216483 0.3406924 0.8248817 0.3409308 0.8307064 0.3397119 0.8276008 0.3391012 0.8295754 0.3392349 0.8318002 0.3391012 0.8295754 0.3388115 0.8308633 0.3400063 0.8341102 0.3409308 0.8307064 0.3392349 0.8318002 0.3425802 0.8288646 0.3427023 0.8330274 0.3453286 0.8309339 0.3425802 0.8288646 0.3406924 0.8248817 0.3397119 0.8276008 0.3440621 0.8261588 0.3453286 0.8309339 0.3473238 0.827995 0.3457697 0.8229027 0.3473238 0.827995 0.3493485 0.824508 0.3307325 0.8314273 0.3334605 0.8269193 0.3297749 0.8271247 0.3391012 0.8295754 0.3367109 0.8270581 0.3369599 0.8296808 0.3388115 0.8308633 0.3369599 0.8296808 0.3378742 0.8316923 0.3340021 0.8304163 0.3322349 0.835079 0.335328 0.8335251 0.3369599 0.8296808 0.335328 0.8335251 0.3378742 0.8316923 0.3340021 0.8304163 0.3367109 0.8270581 0.3334605 0.8269193 0.3381469 0.8202672 0.3406924 0.8248817 0.3420145 0.8216483 0.3406924 0.8248817 0.3367109 0.8270581 0.3397119 0.8276008 0.3297749 0.8271247 0.3336746 0.8229101 0.3298228 0.8223322 0.3334605 0.8269193 0.3371695 0.8238372 0.3336746 0.8229101 0.3336746 0.8229101 0.3381469 0.8202672 0.3345377 0.8187516 0.3319668 0.8129427 0.3376359 0.8105934 0.333926 0.8085074 0.345197 0.8149276 0.3473863 0.8194587 0.348909 0.816218 0.3457697 0.8229027 0.3435903 0.8182716 0.3420145 0.8216483 0.3473863 0.8194587 0.3493485 0.824508 0.3510003 0.8208074 0.348909 0.816218 0.3510003 0.8208074 0.3523051 0.817587 0.3394666 0.8165354 0.345197 0.8149276 0.3410663 0.812897 0.3435903 0.8182716 0.3381469 0.8202672 0.3420145 0.8216483 0.3306343 0.8175157 0.3358559 0.8146209 0.3319668 0.8129427 0.3345377 0.8187516 0.3394666 0.8165354 0.3358559 0.8146209 0.3358559 0.8146209 0.3410663 0.812897 0.3376359 0.8105934 0.351435 0.8056486 0.3523931 0.8102651 0.3545305 0.8076387 0.348909 0.816218 0.346947 0.8117256 0.345197 0.8149276 0.3505306 0.8131616 0.3523051 0.817587 0.3537214 0.814664 0.3505306 0.8131616 0.3490169 0.8086013 0.346947 0.8117256 0.3523931 0.8102651 0.3537214 0.814664 0.3553225 0.8119428 0.3545305 0.8076387 0.3553225 0.8119428 0.3571151 0.8095569 0.333926 0.8085074 0.3398904 0.8066784 0.3364771 0.8040866 0.3429653 0.8093578 0.345197 0.8149276 0.346947 0.8117256 0.3376359 0.8105934 0.3429653 0.8093578 0.3398904 0.8066784 0.3480532 0.802475 0.3490169 0.8086013 0.351435 0.8056486 0.3490169 0.8086013 0.3429653 0.8093578 0.346947 0.8117256 0.3364771 0.8040866 0.3426126 0.8027925 0.3395444 0.7997897 0.3398904 0.8066784 0.3452824 0.8058422 0.3426126 0.8027925 0.3426126 0.8027925 0.3480532 0.802475 0.3457899 0.799116 0.3614197 0.7850573 0.3668214 0.7884303 0.366496 0.7840498 0.3471345 0.7922043 0.3534004 0.793049 0.3516063 0.7891596 0.3572365 0.8008484 0.356927 0.8054074 0.3595461 0.8036152 0.3545305 0.8076387 0.3541885 0.8030366 0.351435 0.8056486 0.356927 0.8054074 0.3571151 0.8095569 0.3591043 0.8075811 0.3595461 0.8036152 0.3591043 0.8075811 0.361285 0.8060457 0.3548358 0.7969205 0.3541885 0.8030366 0.3572365 0.8008484 0.3541885 0.8030366 0.3480532 0.802475 0.351435 0.8056486 0.3431009 0.7957867 0.3493953 0.7958278 0.3471345 0.7922043 0.3457899 0.799116 0.3512482 0.7994529 0.3493953 0.7958278 0.3493953 0.7958278 0.3548358 0.7969205 0.3534004 0.793049 0.3676434 0.7972595 0.3653189 0.8013944 0.3683931 0.8009101 0.3595461 0.8036152 0.3605374 0.7991472 0.3572365 0.8008484 0.3623552 0.8022832 0.361285 0.8060457 0.363646 0.8049579 0.3623552 0.8022832 0.3640305 0.7979598 0.3605374 0.7991472 0.3653189 0.8013944 0.363646 0.8049579 0.3661656 0.8042818 0.3683931 0.8009101 0.3661656 0.8042818 0.3688109 0.8039807 0.3516063 0.7891596 0.3577135 0.7908689 0.3564113 0.7867592 0.3548358 0.7969205 0.3605374 0.7991472 0.3587305 0.7949656 0.3534004 0.793049 0.3587305 0.7949656 0.3577135 0.7908689 0.3670204 0.792873 0.3640305 0.7979598 0.3676434 0.7972595 0.3628283 0.7936195 0.3605374 0.7991472 0.3640305 0.7979598 0.3564113 0.7867592 0.3622229 0.7893302 0.3614197 0.7850573 0.3577135 0.7908689 0.3628283 0.7936195 0.3622229 0.7893302 0.3622229 0.7893302 0.3670204 0.792873 0.3668214 0.7884303 0.371531 0.7836695 0.375944 0.7883009 0.3764703 0.7838401 0.3750124 0.797198 0.371547 0.8008042 0.3747439 0.8010283 0.3683931 0.8009101 0.3713216 0.797024 0.3676434 0.7972595 0.371547 0.8008042 0.3688109 0.8039807 0.3715637 0.8040127 0.3747439 0.8010283 0.3715637 0.8040127 0.3743748 0.8043205 0.3753797 0.7929019 0.3713216 0.797024 0.3750124 0.797198 0.3712162 0.7926582 0.3676434 0.7972595 0.3713216 0.797024 0.366496 0.7840498 0.3714141 0.7881072 0.371531 0.7836695 0.3668214 0.7884303 0.3712162 0.7926582 0.3714141 0.7881072 0.3714141 0.7881072 0.3753797 0.7929019 0.375944 0.7883009 0.3858175 0.7999037 0.3811783 0.8024049 0.3843492 0.8035445 0.3747439 0.8010283 0.3787136 0.7977527 0.3750124 0.797198 0.3779483 0.8015612 0.3743748 0.8043205 0.3772079 0.8048609 0.3779483 0.8015612 0.3823102 0.7986673 0.3787136 0.7977527 0.3811783 0.8024049 0.3772079 0.8048609 0.3801507 0.8056385 0.3843492 0.8035445 0.3801507 0.8056385 0.383069 0.8066586 0.3764703 0.7838401 0.3803946 0.7889456 0.3812691 0.7845119 0.3795045 0.7935432 0.3750124 0.797198 0.3787136 0.7977527 0.375944 0.7883009 0.3795045 0.7935432 0.3803946 0.7889456 0.3874518 0.7957947 0.3823102 0.7986673 0.3858175 0.7999037 0.3835248 0.7944959 0.3787136 0.7977527 0.3823102 0.7986673 0.3812691 0.7845119 0.3848353 0.7900068 0.3861085 0.7856761 0.3803946 0.7889456 0.3835248 0.7944959 0.3848353 0.7900068 0.3848353 0.7900068 0.3874518 0.7957947 0.3892176 0.7914668 0.4155067 0.8168157 0.4215144 0.8190771 0.4195317 0.814754 0.4043249 0.7950515 0.4049847 0.8016721 0.4081869 0.7985336 0.3983603 0.8082306 0.3930357 0.80874 0.39553 0.8110684 0.3874136 0.8049769 0.3924739 0.8033956 0.3892138 0.8014799 0.3843492 0.8035445 0.3892138 0.8014799 0.3858175 0.7999037 0.3874136 0.8049769 0.383069 0.8066586 0.3858808 0.8079169 0.3903211 0.8067064 0.3858808 0.8079169 0.3885238 0.8094364 0.3903211 0.8067064 0.3955292 0.8056582 0.3924739 0.8033956 0.3930357 0.80874 0.3885238 0.8094364 0.3909446 0.8112498 0.39553 0.8110684 0.3909446 0.8112498 0.3931284 0.8133686 0.3955987 0.7893884 0.3976128 0.7956988 0.4001013 0.7919845 0.3949806 0.7995675 0.3892138 0.8014799 0.3924739 0.8033956 0.3912985 0.7974716 0.3858175 0.7999037 0.3892138 0.8014799 0.3909027 0.7872905 0.393499 0.7933573 0.3955987 0.7893884 0.3892176 0.7914668 0.3912985 0.7974716 0.393499 0.7933573 0.393499 0.7933573 0.3949806 0.7995675 0.3976128 0.7956988 0.3984438 0.8020737 0.3983603 0.8082306 0.4016053 0.804965 0.3955292 0.8056582 0.3949806 0.7995675 0.3924739 0.8033956 0.4001013 0.7919845 0.4014633 0.7984861 0.4043249 0.7950515 0.3976128 0.7956988 0.3984438 0.8020737 0.4014633 0.7984861 0.4014633 0.7984861 0.4016053 0.804965 0.4049847 0.8016721 0.411637 0.8023443 0.4109216 0.8089206 0.414658 0.806379 0.400936 0.8110913 0.3998735 0.8165299 0.4032683 0.8141943 0.39553 0.8110684 0.400936 0.8110913 0.3983603 0.8082306 0.3978002 0.8136776 0.3931284 0.8133686 0.3950957 0.8157866 0.3998735 0.8165299 0.3950957 0.8157866 0.3968919 0.8184639 0.4044497 0.8081672 0.4032683 0.8141943 0.4069722 0.8116118 0.400936 0.8110913 0.4016053 0.804965 0.3983603 0.8082306 0.4081869 0.7985336 0.4081375 0.8051793 0.411637 0.8023443 0.4049847 0.8016721 0.4044497 0.8081672 0.4081375 0.8051793 0.4109216 0.8089206 0.4044497 0.8081672 0.4069722 0.8116118 0.4072542 0.821048 0.4049878 0.8262799 0.4089426 0.8247214 0.4017522 0.8195967 0.4032683 0.8141943 0.3998735 0.8165299 0.4017522 0.8195967 0.3968919 0.8184639 0.3985221 0.8213648 0.4034476 0.8228454 0.4053594 0.817504 0.4017522 0.8195967 0.4000144 0.8244086 0.4017522 0.8195967 0.3985221 0.8213648 0.4034476 0.8228454 0.4013999 0.8276664 0.4049878 0.8262799 0.414658 0.806379 0.413365 0.8128175 0.4172874 0.810546 0.4092195 0.8152281 0.4032683 0.8141943 0.4053594 0.817504 0.413365 0.8128175 0.4069722 0.8116118 0.4092195 0.8152281 0.4130682 0.8229343 0.4072542 0.821048 0.4089426 0.8247214 0.4072542 0.821048 0.4092195 0.8152281 0.4053594 0.817504 0.413365 0.8128175 0.4195317 0.814754 0.4172874 0.810546 0.4155067 0.8168157 0.4092195 0.8152281 0.4112592 0.8190325 0.4174069 0.820926 0.4112592 0.8190325 0.4130682 0.8229343 0.4229183 0.8377329 0.42804 0.8414382 0.4272982 0.8369787 0.4190924 0.8251241 0.4248215 0.8279588 0.4232713 0.8234831 0.410439 0.8284924 0.4076157 0.8335347 0.4117622 0.8323097 0.4063779 0.8298598 0.4089426 0.8247214 0.4049878 0.8262799 0.4026774 0.8311004 0.4049878 0.8262799 0.4013999 0.8276664 0.4063779 0.8298598 0.4038401 0.8346589 0.4076157 0.8335347 0.4146721 0.8269098 0.4117622 0.8323097 0.416078 0.830923 0.4146721 0.8269098 0.4089426 0.8247214 0.410439 0.8284924 0.4174069 0.820926 0.4232713 0.8234831 0.4215144 0.8190771 0.4190924 0.8251241 0.4130682 0.8229343 0.4146721 0.8269098 0.420579 0.8293855 0.4146721 0.8269098 0.416078 0.830923 0.4138754 0.8398265 0.4106792 0.8446147 0.4148147 0.8435389 0.4087154 0.8372319 0.4117622 0.8323097 0.4076157 0.8335347 0.4048939 0.8382822 0.4076157 0.8335347 0.4038401 0.8346589 0.4097269 0.8408862 0.4129033 0.8360973 0.4087154 0.8372319 0.4058302 0.8418989 0.4087154 0.8372319 0.4048939 0.8382822 0.4097269 0.8408862 0.4067397 0.8457192 0.4106792 0.8446147 0.420579 0.8293855 0.426174 0.832481 0.4248215 0.8279588 0.416078 0.830923 0.4129033 0.8360973 0.4172754 0.8348802 0.4218634 0.8336142 0.416078 0.830923 0.4172754 0.8348802 0.418284 0.8387521 0.4148147 0.8435389 0.4191923 0.8426252 0.418284 0.8387521 0.4129033 0.8360973 0.4138754 0.8398265 0.4218634 0.8336142 0.4272982 0.8369787 0.426174 0.832481 0.4229183 0.8377329 0.4172754 0.8348802 0.418284 0.8387521 0.4237111 0.8419227 0.418284 0.8387521 0.4191923 0.8426252 0.4282832 0.845932 0.4244347 0.8502459 0.428326 0.8504567 0.4166089 0.8508909 0.4117522 0.8484232 0.4129719 0.8518857 0.4106792 0.8446147 0.4158357 0.8472917 0.4148147 0.8435389 0.4117522 0.8484232 0.4067397 0.8457192 0.4080742 0.8498054 0.4129719 0.8518857 0.4080742 0.8498054 0.4095828 0.8533755 0.4199106 0.8465298 0.4166089 0.8508909 0.4204654 0.8503822 0.4199106 0.8465298 0.4148147 0.8435389 0.4158357 0.8472917 0.42804 0.8414382 0.4242413 0.8461164 0.4282832 0.845932 0.4237111 0.8419227 0.4199106 0.8465298 0.4242413 0.8461164 0.4242413 0.8461164 0.4204654 0.8503822 0.4244347 0.8502459 0.417672 0.8580362 0.4152548 0.8571074 0.4166058 0.8587919 0.4129719 0.8518857 0.4172204 0.8539786 0.4166089 0.8508909 0.4139605 0.8549315 0.4095828 0.8533755 0.4110156 0.856516 0.4139605 0.8549315 0.417549 0.8563785 0.4172204 0.8539786 0.4152548 0.8571074 0.4110156 0.856516 0.4131858 0.8589688 0.4166058 0.8587919 0.4131858 0.8589688 0.4153062 0.860607 0.428326 0.8504567 0.4241455 0.8543204 0.4277823 0.8550608 0.4205399 0.8538365 0.4166089 0.8508909 0.4172204 0.8539786 0.4244347 0.8502459 0.4205399 0.8538365 0.4241455 0.8543204 0.4199998 0.8567292 0.417672 0.8580362 0.4188801 0.8589416 0.417549 0.8563785 0.4205399 0.8538365 0.4172204 0.8539786 0.4277823 0.8550608 0.4231881 0.8577786 0.4262727 0.8591243 0.4241455 0.8543204 0.4199998 0.8567292 0.4231881 0.8577786 0.4231881 0.8577786 0.4188801 0.8589416 0.4216008 0.8609496 0.4262727 0.8591243 0.4231881 0.8577786 0.4216008 0.8609496 0.3861085 0.7856761 0.3848353 0.7900068 0.3892176 0.7914668 0.3395444 0.7997897 0.3426126 0.8027925 0.3457899 0.799116 0.3298228 0.8223322 0.3336746 0.8229101 0.3345377 0.8187516 0.3440621 0.8261588 0.3457697 0.8229027 0.3420145 0.8216483 0.3409308 0.8307064 0.3425802 0.8288646 0.3397119 0.8276008 0.3392349 0.8318002 0.3409308 0.8307064 0.3391012 0.8295754 0.3400063 0.8341102 0.3427023 0.8330274 0.3409308 0.8307064 0.3425802 0.8288646 0.3409308 0.8307064 0.3427023 0.8330274 0.3425802 0.8288646 0.3440621 0.8261588 0.3406924 0.8248817 0.3440621 0.8261588 0.3425802 0.8288646 0.3453286 0.8309339 0.3457697 0.8229027 0.3440621 0.8261588 0.3473238 0.827995 0.3307325 0.8314273 0.3340021 0.8304163 0.3334605 0.8269193 0.3391012 0.8295754 0.3397119 0.8276008 0.3367109 0.8270581 0.3388115 0.8308633 0.3391012 0.8295754 0.3369599 0.8296808 0.3340021 0.8304163 0.3307325 0.8314273 0.3322349 0.835079 0.3369599 0.8296808 0.3340021 0.8304163 0.335328 0.8335251 0.3340021 0.8304163 0.3369599 0.8296808 0.3367109 0.8270581 0.3381469 0.8202672 0.3371695 0.8238372 0.3406924 0.8248817 0.3406924 0.8248817 0.3371695 0.8238372 0.3367109 0.8270581 0.3297749 0.8271247 0.3334605 0.8269193 0.3336746 0.8229101 0.3334605 0.8269193 0.3367109 0.8270581 0.3371695 0.8238372 0.3336746 0.8229101 0.3371695 0.8238372 0.3381469 0.8202672 0.3319668 0.8129427 0.3358559 0.8146209 0.3376359 0.8105934 0.345197 0.8149276 0.3435903 0.8182716 0.3473863 0.8194587 0.3457697 0.8229027 0.3473863 0.8194587 0.3435903 0.8182716 0.3473863 0.8194587 0.3457697 0.8229027 0.3493485 0.824508 0.348909 0.816218 0.3473863 0.8194587 0.3510003 0.8208074 0.3394666 0.8165354 0.3435903 0.8182716 0.345197 0.8149276 0.3435903 0.8182716 0.3394666 0.8165354 0.3381469 0.8202672 0.3306343 0.8175157 0.3345377 0.8187516 0.3358559 0.8146209 0.3345377 0.8187516 0.3381469 0.8202672 0.3394666 0.8165354 0.3358559 0.8146209 0.3394666 0.8165354 0.3410663 0.812897 0.351435 0.8056486 0.3490169 0.8086013 0.3523931 0.8102651 0.348909 0.816218 0.3505306 0.8131616 0.346947 0.8117256 0.3505306 0.8131616 0.348909 0.816218 0.3523051 0.817587 0.3505306 0.8131616 0.3523931 0.8102651 0.3490169 0.8086013 0.3523931 0.8102651 0.3505306 0.8131616 0.3537214 0.814664 0.3545305 0.8076387 0.3523931 0.8102651 0.3553225 0.8119428 0.333926 0.8085074 0.3376359 0.8105934 0.3398904 0.8066784 0.3429653 0.8093578 0.3410663 0.812897 0.345197 0.8149276 0.3376359 0.8105934 0.3410663 0.812897 0.3429653 0.8093578 0.3480532 0.802475 0.3452824 0.8058422 0.3490169 0.8086013 0.3490169 0.8086013 0.3452824 0.8058422 0.3429653 0.8093578 0.3364771 0.8040866 0.3398904 0.8066784 0.3426126 0.8027925 0.3398904 0.8066784 0.3429653 0.8093578 0.3452824 0.8058422 0.3426126 0.8027925 0.3452824 0.8058422 0.3480532 0.802475 0.3614197 0.7850573 0.3622229 0.7893302 0.3668214 0.7884303 0.3471345 0.7922043 0.3493953 0.7958278 0.3534004 0.793049 0.3572365 0.8008484 0.3541885 0.8030366 0.356927 0.8054074 0.3545305 0.8076387 0.356927 0.8054074 0.3541885 0.8030366 0.356927 0.8054074 0.3545305 0.8076387 0.3571151 0.8095569 0.3595461 0.8036152 0.356927 0.8054074 0.3591043 0.8075811 0.3548358 0.7969205 0.3512482 0.7994529 0.3541885 0.8030366 0.3541885 0.8030366 0.3512482 0.7994529 0.3480532 0.802475 0.3431009 0.7957867 0.3457899 0.799116 0.3493953 0.7958278 0.3457899 0.799116 0.3480532 0.802475 0.3512482 0.7994529 0.3493953 0.7958278 0.3512482 0.7994529 0.3548358 0.7969205 0.3676434 0.7972595 0.3640305 0.7979598 0.3653189 0.8013944 0.3595461 0.8036152 0.3623552 0.8022832 0.3605374 0.7991472 0.3623552 0.8022832 0.3595461 0.8036152 0.361285 0.8060457 0.3623552 0.8022832 0.3653189 0.8013944 0.3640305 0.7979598 0.3653189 0.8013944 0.3623552 0.8022832 0.363646 0.8049579 0.3683931 0.8009101 0.3653189 0.8013944 0.3661656 0.8042818 0.3516063 0.7891596 0.3534004 0.793049 0.3577135 0.7908689 0.3548358 0.7969205 0.3572365 0.8008484 0.3605374 0.7991472 0.3534004 0.793049 0.3548358 0.7969205 0.3587305 0.7949656 0.3670204 0.792873 0.3628283 0.7936195 0.3640305 0.7979598 0.3628283 0.7936195 0.3587305 0.7949656 0.3605374 0.7991472 0.3564113 0.7867592 0.3577135 0.7908689 0.3622229 0.7893302 0.3577135 0.7908689 0.3587305 0.7949656 0.3628283 0.7936195 0.3622229 0.7893302 0.3628283 0.7936195 0.3670204 0.792873 0.371531 0.7836695 0.3714141 0.7881072 0.375944 0.7883009 0.3750124 0.797198 0.3713216 0.797024 0.371547 0.8008042 0.3683931 0.8009101 0.371547 0.8008042 0.3713216 0.797024 0.371547 0.8008042 0.3683931 0.8009101 0.3688109 0.8039807 0.3747439 0.8010283 0.371547 0.8008042 0.3715637 0.8040127 0.3753797 0.7929019 0.3712162 0.7926582 0.3713216 0.797024 0.3712162 0.7926582 0.3670204 0.792873 0.3676434 0.7972595 0.366496 0.7840498 0.3668214 0.7884303 0.3714141 0.7881072 0.3668214 0.7884303 0.3670204 0.792873 0.3712162 0.7926582 0.3714141 0.7881072 0.3712162 0.7926582 0.3753797 0.7929019 0.3858175 0.7999037 0.3823102 0.7986673 0.3811783 0.8024049 0.3747439 0.8010283 0.3779483 0.8015612 0.3787136 0.7977527 0.3779483 0.8015612 0.3747439 0.8010283 0.3743748 0.8043205 0.3779483 0.8015612 0.3811783 0.8024049 0.3823102 0.7986673 0.3811783 0.8024049 0.3779483 0.8015612 0.3772079 0.8048609 0.3843492 0.8035445 0.3811783 0.8024049 0.3801507 0.8056385 0.3764703 0.7838401 0.375944 0.7883009 0.3803946 0.7889456 0.3795045 0.7935432 0.3753797 0.7929019 0.3750124 0.797198 0.375944 0.7883009 0.3753797 0.7929019 0.3795045 0.7935432 0.3874518 0.7957947 0.3835248 0.7944959 0.3823102 0.7986673 0.3835248 0.7944959 0.3795045 0.7935432 0.3787136 0.7977527 0.3812691 0.7845119 0.3803946 0.7889456 0.3848353 0.7900068 0.3803946 0.7889456 0.3795045 0.7935432 0.3835248 0.7944959 0.3848353 0.7900068 0.3835248 0.7944959 0.3874518 0.7957947 0.4155067 0.8168157 0.4174069 0.820926 0.4215144 0.8190771 0.4043249 0.7950515 0.4014633 0.7984861 0.4049847 0.8016721 0.3983603 0.8082306 0.3955292 0.8056582 0.3930357 0.80874 0.3874136 0.8049769 0.3903211 0.8067064 0.3924739 0.8033956 0.3843492 0.8035445 0.3874136 0.8049769 0.3892138 0.8014799 0.3874136 0.8049769 0.3843492 0.8035445 0.383069 0.8066586 0.3903211 0.8067064 0.3874136 0.8049769 0.3858808 0.8079169 0.3903211 0.8067064 0.3930357 0.80874 0.3955292 0.8056582 0.3930357 0.80874 0.3903211 0.8067064 0.3885238 0.8094364 0.39553 0.8110684 0.3930357 0.80874 0.3909446 0.8112498 0.3955987 0.7893884 0.393499 0.7933573 0.3976128 0.7956988 0.3949806 0.7995675 0.3912985 0.7974716 0.3892138 0.8014799 0.3912985 0.7974716 0.3874518 0.7957947 0.3858175 0.7999037 0.3909027 0.7872905 0.3892176 0.7914668 0.393499 0.7933573 0.3892176 0.7914668 0.3874518 0.7957947 0.3912985 0.7974716 0.393499 0.7933573 0.3912985 0.7974716 0.3949806 0.7995675 0.3984438 0.8020737 0.3955292 0.8056582 0.3983603 0.8082306 0.3955292 0.8056582 0.3984438 0.8020737 0.3949806 0.7995675 0.4001013 0.7919845 0.3976128 0.7956988 0.4014633 0.7984861 0.3976128 0.7956988 0.3949806 0.7995675 0.3984438 0.8020737 0.4014633 0.7984861 0.3984438 0.8020737 0.4016053 0.804965 0.411637 0.8023443 0.4081375 0.8051793 0.4109216 0.8089206 0.400936 0.8110913 0.3978002 0.8136776 0.3998735 0.8165299 0.39553 0.8110684 0.3978002 0.8136776 0.400936 0.8110913 0.3978002 0.8136776 0.39553 0.8110684 0.3931284 0.8133686 0.3998735 0.8165299 0.3978002 0.8136776 0.3950957 0.8157866 0.4044497 0.8081672 0.400936 0.8110913 0.4032683 0.8141943 0.400936 0.8110913 0.4044497 0.8081672 0.4016053 0.804965 0.4081869 0.7985336 0.4049847 0.8016721 0.4081375 0.8051793 0.4049847 0.8016721 0.4016053 0.804965 0.4044497 0.8081672 0.4109216 0.8089206 0.4081375 0.8051793 0.4044497 0.8081672 0.4072542 0.821048 0.4034476 0.8228454 0.4049878 0.8262799 0.4017522 0.8195967 0.4053594 0.817504 0.4032683 0.8141943 0.4017522 0.8195967 0.3998735 0.8165299 0.3968919 0.8184639 0.4034476 0.8228454 0.4072542 0.821048 0.4053594 0.817504 0.4000144 0.8244086 0.4034476 0.8228454 0.4017522 0.8195967 0.4034476 0.8228454 0.4000144 0.8244086 0.4013999 0.8276664 0.414658 0.806379 0.4109216 0.8089206 0.413365 0.8128175 0.4092195 0.8152281 0.4069722 0.8116118 0.4032683 0.8141943 0.413365 0.8128175 0.4109216 0.8089206 0.4069722 0.8116118 0.4130682 0.8229343 0.4112592 0.8190325 0.4072542 0.821048 0.4072542 0.821048 0.4112592 0.8190325 0.4092195 0.8152281 0.413365 0.8128175 0.4155067 0.8168157 0.4195317 0.814754 0.4155067 0.8168157 0.413365 0.8128175 0.4092195 0.8152281 0.4174069 0.820926 0.4155067 0.8168157 0.4112592 0.8190325 0.4229183 0.8377329 0.4237111 0.8419227 0.42804 0.8414382 0.4190924 0.8251241 0.420579 0.8293855 0.4248215 0.8279588 0.410439 0.8284924 0.4063779 0.8298598 0.4076157 0.8335347 0.4063779 0.8298598 0.410439 0.8284924 0.4089426 0.8247214 0.4026774 0.8311004 0.4063779 0.8298598 0.4049878 0.8262799 0.4063779 0.8298598 0.4026774 0.8311004 0.4038401 0.8346589 0.4146721 0.8269098 0.410439 0.8284924 0.4117622 0.8323097 0.4146721 0.8269098 0.4130682 0.8229343 0.4089426 0.8247214 0.4174069 0.820926 0.4190924 0.8251241 0.4232713 0.8234831 0.4190924 0.8251241 0.4174069 0.820926 0.4130682 0.8229343 0.420579 0.8293855 0.4190924 0.8251241 0.4146721 0.8269098 0.4138754 0.8398265 0.4097269 0.8408862 0.4106792 0.8446147 0.4087154 0.8372319 0.4129033 0.8360973 0.4117622 0.8323097 0.4048939 0.8382822 0.4087154 0.8372319 0.4076157 0.8335347 0.4097269 0.8408862 0.4138754 0.8398265 0.4129033 0.8360973 0.4058302 0.8418989 0.4097269 0.8408862 0.4087154 0.8372319 0.4097269 0.8408862 0.4058302 0.8418989 0.4067397 0.8457192 0.420579 0.8293855 0.4218634 0.8336142 0.426174 0.832481 0.416078 0.830923 0.4117622 0.8323097 0.4129033 0.8360973 0.4218634 0.8336142 0.420579 0.8293855 0.416078 0.830923 0.418284 0.8387521 0.4138754 0.8398265 0.4148147 0.8435389 0.418284 0.8387521 0.4172754 0.8348802 0.4129033 0.8360973 0.4218634 0.8336142 0.4229183 0.8377329 0.4272982 0.8369787 0.4229183 0.8377329 0.4218634 0.8336142 0.4172754 0.8348802 0.4237111 0.8419227 0.4229183 0.8377329 0.418284 0.8387521 0.4282832 0.845932 0.4242413 0.8461164 0.4244347 0.8502459 0.4166089 0.8508909 0.4158357 0.8472917 0.4117522 0.8484232 0.4106792 0.8446147 0.4117522 0.8484232 0.4158357 0.8472917 0.4117522 0.8484232 0.4106792 0.8446147 0.4067397 0.8457192 0.4129719 0.8518857 0.4117522 0.8484232 0.4080742 0.8498054 0.4199106 0.8465298 0.4158357 0.8472917 0.4166089 0.8508909 0.4199106 0.8465298 0.4191923 0.8426252 0.4148147 0.8435389 0.42804 0.8414382 0.4237111 0.8419227 0.4242413 0.8461164 0.4237111 0.8419227 0.4191923 0.8426252 0.4199106 0.8465298 0.4242413 0.8461164 0.4199106 0.8465298 0.4204654 0.8503822 0.417672 0.8580362 0.417549 0.8563785 0.4152548 0.8571074 0.4129719 0.8518857 0.4139605 0.8549315 0.4172204 0.8539786 0.4139605 0.8549315 0.4129719 0.8518857 0.4095828 0.8533755 0.4139605 0.8549315 0.4152548 0.8571074 0.417549 0.8563785 0.4152548 0.8571074 0.4139605 0.8549315 0.4110156 0.856516 0.4166058 0.8587919 0.4152548 0.8571074 0.4131858 0.8589688 0.428326 0.8504567 0.4244347 0.8502459 0.4241455 0.8543204 0.4205399 0.8538365 0.4204654 0.8503822 0.4166089 0.8508909 0.4244347 0.8502459 0.4204654 0.8503822 0.4205399 0.8538365 0.4199998 0.8567292 0.417549 0.8563785 0.417672 0.8580362 0.417549 0.8563785 0.4199998 0.8567292 0.4205399 0.8538365 0.4277823 0.8550608 0.4241455 0.8543204 0.4231881 0.8577786 0.4241455 0.8543204 0.4205399 0.8538365 0.4199998 0.8567292 0.4231881 0.8577786 0.4199998 0.8567292 0.4188801 0.8589416</float_array>
          <technique_common>
            <accessor source="#Mesh_013-mesh-map-0-array" count="1140" stride="2">
              <param name="S" type="float"/>
              <param name="T" type="float"/>
            </accessor>
          </technique_common>
        </source>
        <vertices id="Mesh_013-mesh-vertices">
          <input semantic="POSITION" source="#Mesh_013-mesh-positions"/>
        </vertices>
        <triangles material="wires-material" count="380">
          <input semantic="VERTEX" source="#Mesh_013-mesh-vertices" offset="0"/>
          <input semantic="NORMAL" source="#Mesh_013-mesh-normals" offset="1"/>
          <input semantic="TEXCOORD" source="#Mesh_013-mesh-map-0" offset="2" set="0"/>
          <p>185 0 0 194 1 1 1 2 2 91 3 3 100 4 4 2 5 5 42 6 6 51 7 7 3 8 8 15 9 9 27 10 10 4 11 11 16 12 12 6 13 13 14 14 14 12 15 15 7 16 16 9 17 17 11 18 18 9 17 19 5 19 20 0 20 21 12 15 22 11 18 23 13 21 24 10 22 25 8 23 26 13 21 27 14 14 28 7 16 29 16 12 30 8 23 31 15 9 32 17 24 33 15 9 34 4 11 35 10 22 36 23 25 37 8 23 38 9 17 39 19 26 40 20 27 41 5 19 42 20 27 43 18 28 44 22 29 45 0 20 46 21 30 47 20 27 48 21 30 49 18 28 50 22 29 51 19 26 52 23 25 53 24 31 54 14 14 55 6 13 56 14 14 57 19 26 58 7 16 59 8 23 60 26 32 61 15 9 62 23 25 63 25 33 64 26 32 65 26 32 66 24 31 67 27 10 68 30 34 69 37 35 70 28 36 71 29 37 72 32 38 73 33 39 74 17 24 75 31 40 76 6 13 77 32 38 78 4 11 79 30 34 80 33 39 81 30 34 82 28 36 83 35 41 84 29 37 85 34 42 86 31 40 87 24 31 88 6 13 89 4 11 90 36 43 91 30 34 92 27 10 93 35 41 94 36 43 95 36 43 96 34 42 97 37 35 98 38 44 99 44 45 100 45 46 101 33 39 102 40 47 103 29 37 104 41 48 105 28 36 106 39 49 107 41 48 108 43 50 109 40 47 110 44 45 111 39 49 112 42 6 113 45 46 114 42 6 115 3 8 116 28 36 117 47 51 118 39 49 119 46 52 120 29 37 121 40 47 122 37 35 123 46 52 124 47 51 125 48 53 126 43 50 127 38 44 128 43 50 129 46 52 130 40 47 131 39 49 132 50 54 133 42 6 134 47 51 135 49 55 136 50 54 137 50 54 138 48 53 139 51 7 140 67 56 141 76 57 142 52 58 143 55 59 144 62 60 145 53 61 146 54 62 147 57 63 148 58 64 149 45 46 150 56 65 151 38 44 152 57 63 153 3 8 154 55 59 155 58 64 156 55 59 157 53 61 158 59 66 159 56 65 160 54 62 161 56 65 162 48 53 163 38 44 164 3 8 165 61 67 166 55 59 167 51 7 168 60 68 169 61 67 170 61 67 171 59 66 172 62 60 173 63 69 174 69 70 175 70 71 176 58 64 177 65 72 178 54 62 179 66 73 180 53 61 181 64 74 182 66 73 183 68 75 184 65 72 185 69 70 186 64 74 187 67 56 188 70 71 189 67 56 190 52 58 191 53 61 192 72 76 193 64 74 194 59 66 195 65 72 196 71 77 197 62 60 198 71 77 199 72 76 200 73 78 201 68 75 202 63 69 203 74 79 204 65 72 205 68 75 206 64 74 207 75 80 208 67 56 209 72 76 210 74 79 211 75 80 212 75 80 213 73 78 214 76 57 215 79 81 216 86 82 217 77 83 218 78 84 219 81 85 220 82 86 221 70 71 222 80 87 223 63 69 224 81 85 225 52 58 226 79 81 227 82 86 228 79 81 229 77 83 230 83 88 231 80 87 232 78 84 233 84 89 234 63 69 235 80 87 236 52 58 237 85 90 238 79 81 239 76 57 240 84 89 241 85 90 242 85 90 243 83 88 244 86 82 245 87 91 246 93 92 247 94 93 248 82 86 249 89 94 250 78 84 251 90 95 252 77 83 253 88 96 254 90 95 255 92 97 256 89 94 257 93 92 258 88 96 259 91 3 260 94 93 261 91 3 262 2 5 263 77 83 264 96 98 265 88 96 266 95 99 267 78 84 268 89 94 269 86 82 270 95 99 271 96 98 272 97 100 273 92 97 274 87 91 275 98 101 276 89 94 277 92 97 278 88 96 279 99 102 280 91 3 281 96 98 282 98 101 283 99 102 284 99 102 285 97 100 286 100 4 287 144 103 288 101 104 289 136 105 290 110 106 291 121 107 292 102 108 293 103 109 294 112 110 295 113 111 296 108 112 297 105 113 298 107 114 299 94 93 300 107 114 301 87 91 302 108 112 303 2 5 304 106 115 305 109 116 306 106 115 307 104 117 308 109 116 309 111 118 310 105 113 311 112 110 312 104 117 313 110 106 314 113 111 315 110 106 316 102 108 317 106 115 318 117 119 319 104 117 320 114 120 321 107 114 322 105 113 323 115 121 324 87 91 325 107 114 326 2 5 327 116 122 328 106 115 329 100 4 330 115 121 331 116 122 332 116 122 333 114 120 334 117 119 335 119 123 336 103 109 337 118 124 338 111 118 339 114 120 340 105 113 341 104 117 342 120 125 343 110 106 344 117 119 345 119 123 346 120 125 347 120 125 348 118 124 349 121 107 350 124 126 351 131 127 352 122 128 353 125 129 354 127 130 355 123 131 356 113 111 357 125 129 358 103 109 359 126 132 360 102 108 361 124 126 362 127 130 363 124 126 364 122 128 365 129 133 366 123 131 367 128 134 368 125 129 369 118 124 370 103 109 371 102 108 372 130 135 373 124 126 374 121 107 375 129 133 376 130 135 377 131 127 378 129 133 379 128 134 380 137 136 381 139 137 382 132 138 383 135 139 384 123 131 385 127 130 386 135 139 387 122 128 388 133 140 389 138 141 390 134 142 391 135 139 392 136 105 393 135 139 394 133 140 395 138 141 396 101 104 397 139 137 398 122 128 399 141 143 400 133 140 401 140 144 402 123 131 403 134 142 404 141 143 405 128 134 406 140 144 407 142 145 408 137 136 409 132 138 410 137 136 411 140 144 412 134 142 413 141 143 414 136 105 415 133 140 416 144 103 417 140 144 418 143 146 419 145 147 420 143 146 421 142 145 422 169 148 423 146 149 424 161 150 425 155 151 426 147 152 427 149 153 428 150 154 429 152 155 430 148 156 431 151 157 432 132 138 433 139 137 434 149 153 435 139 137 436 101 104 437 151 157 438 147 152 439 152 155 440 154 158 441 148 156 442 153 159 443 154 158 444 132 138 445 150 154 446 145 147 447 149 153 448 101 104 449 155 151 450 142 145 451 154 158 452 156 160 453 154 158 454 153 159 455 162 161 456 164 162 457 157 163 458 160 164 459 148 156 460 152 155 461 158 165 462 152 155 463 147 152 464 163 166 465 159 167 466 160 164 467 161 150 468 160 164 469 158 165 470 163 166 471 146 149 472 164 162 473 156 160 474 158 165 475 147 152 476 153 159 477 159 167 478 165 168 479 166 169 480 153 159 481 165 168 482 168 170 483 157 163 484 167 171 485 168 170 486 159 167 487 162 161 488 166 169 489 161 150 490 158 165 491 169 148 492 165 168 493 168 170 494 170 172 495 168 170 496 167 171 497 173 173 498 180 174 499 171 175 500 172 176 501 175 177 502 176 178 503 164 162 504 174 179 505 157 163 506 175 177 507 146 149 508 173 173 509 176 178 510 173 173 511 171 175 512 178 180 513 172 176 514 177 181 515 178 180 516 157 163 517 174 179 518 146 149 519 179 182 520 173 173 521 170 172 522 178 180 523 179 182 524 179 182 525 177 181 526 180 174 527 181 183 528 187 184 529 188 185 530 176 178 531 183 186 532 172 176 533 184 187 534 171 175 535 182 188 536 184 187 537 186 189 538 183 186 539 187 184 540 182 188 541 185 0 542 188 185 543 185 0 544 1 2 545 171 175 546 190 190 547 182 188 548 189 191 549 172 176 550 183 186 551 180 174 552 189 191 553 190 190 554 192 192 555 181 183 556 191 193 557 186 189 558 189 191 559 183 186 560 182 188 561 193 194 562 185 0 563 190 190 564 192 192 565 193 194 566 193 194 567 191 193 568 194 1 569 185 0 570 193 194 571 194 1 572 91 3 573 99 102 574 100 4 575 42 6 576 50 54 577 51 7 578 15 9 579 26 32 580 27 10 581 16 12 582 17 24 583 6 13 584 12 15 585 13 21 586 7 16 587 11 18 588 12 15 589 9 17 590 0 20 591 10 22 592 12 15 593 13 21 594 12 15 595 10 22 596 13 21 597 16 12 598 14 14 599 16 12 600 13 21 601 8 23 602 17 24 603 16 12 604 15 9 605 10 22 606 22 29 607 23 25 608 9 17 609 7 16 610 19 26 611 5 19 612 9 17 613 20 27 614 22 29 615 10 22 616 0 20 617 20 27 618 22 29 619 21 30 620 22 29 621 20 27 622 19 26 623 24 31 624 25 33 625 14 14 626 14 14 627 25 33 628 19 26 629 8 23 630 23 25 631 26 32 632 23 25 633 19 26 634 25 33 635 26 32 636 25 33 637 24 31 638 30 34 639 36 43 640 37 35 641 29 37 642 31 40 643 32 38 644 17 24 645 32 38 646 31 40 647 32 38 648 17 24 649 4 11 650 33 39 651 32 38 652 30 34 653 35 41 654 31 40 655 29 37 656 31 40 657 35 41 658 24 31 659 4 11 660 27 10 661 36 43 662 27 10 663 24 31 664 35 41 665 36 43 666 35 41 667 34 42 668 38 44 669 43 50 670 44 45 671 33 39 672 41 48 673 40 47 674 41 48 675 33 39 676 28 36 677 41 48 678 44 45 679 43 50 680 44 45 681 41 48 682 39 49 683 45 46 684 44 45 685 42 6 686 28 36 687 37 35 688 47 51 689 46 52 690 34 42 691 29 37 692 37 35 693 34 42 694 46 52 695 48 53 696 49 55 697 43 50 698 43 50 699 49 55 700 46 52 701 39 49 702 47 51 703 50 54 704 47 51 705 46 52 706 49 55 707 50 54 708 49 55 709 48 53 710 67 56 711 75 80 712 76 57 713 55 59 714 61 67 715 62 60 716 54 62 717 56 65 718 57 63 719 45 46 720 57 63 721 56 65 722 57 63 723 45 46 724 3 8 725 58 64 726 57 63 727 55 59 728 59 66 729 60 68 730 56 65 731 56 65 732 60 68 733 48 53 734 3 8 735 51 7 736 61 67 737 51 7 738 48 53 739 60 68 740 61 67 741 60 68 742 59 66 743 63 69 744 68 75 745 69 70 746 58 64 747 66 73 748 65 72 749 66 73 750 58 64 751 53 61 752 66 73 753 69 70 754 68 75 755 69 70 756 66 73 757 64 74 758 70 71 759 69 70 760 67 56 761 53 61 762 62 60 763 72 76 764 59 66 765 54 62 766 65 72 767 62 60 768 59 66 769 71 77 770 73 78 771 74 79 772 68 75 773 74 79 774 71 77 775 65 72 776 64 74 777 72 76 778 75 80 779 72 76 780 71 77 781 74 79 782 75 80 783 74 79 784 73 78 785 79 81 786 85 90 787 86 82 788 78 84 789 80 87 790 81 85 791 70 71 792 81 85 793 80 87 794 81 85 795 70 71 796 52 58 797 82 86 798 81 85 799 79 81 800 83 88 801 84 89 802 80 87 803 84 89 804 73 78 805 63 69 806 52 58 807 76 57 808 85 90 809 76 57 810 73 78 811 84 89 812 85 90 813 84 89 814 83 88 815 87 91 816 92 97 817 93 92 818 82 86 819 90 95 820 89 94 821 90 95 822 82 86 823 77 83 824 90 95 825 93 92 826 92 97 827 93 92 828 90 95 829 88 96 830 94 93 831 93 92 832 91 3 833 77 83 834 86 82 835 96 98 836 95 99 837 83 88 838 78 84 839 86 82 840 83 88 841 95 99 842 97 100 843 98 101 844 92 97 845 98 101 846 95 99 847 89 94 848 88 96 849 96 98 850 99 102 851 96 98 852 95 99 853 98 101 854 99 102 855 98 101 856 97 100 857 144 103 858 145 147 859 101 104 860 110 106 861 120 125 862 121 107 863 103 109 864 111 118 865 112 110 866 108 112 867 109 116 868 105 113 869 94 93 870 108 112 871 107 114 872 108 112 873 94 93 874 2 5 875 109 116 876 108 112 877 106 115 878 109 116 879 112 110 880 111 118 881 112 110 882 109 116 883 104 117 884 113 111 885 112 110 886 110 106 887 106 115 888 116 122 889 117 119 890 114 120 891 115 121 892 107 114 893 115 121 894 97 100 895 87 91 896 2 5 897 100 4 898 116 122 899 100 4 900 97 100 901 115 121 902 116 122 903 115 121 904 114 120 905 119 123 906 111 118 907 103 109 908 111 118 909 119 123 910 114 120 911 104 117 912 117 119 913 120 125 914 117 119 915 114 120 916 119 123 917 120 125 918 119 123 919 118 124 920 124 126 921 130 135 922 131 127 923 125 129 924 126 132 925 127 130 926 113 111 927 126 132 928 125 129 929 126 132 930 113 111 931 102 108 932 127 130 933 126 132 934 124 126 935 129 133 936 125 129 937 123 131 938 125 129 939 129 133 940 118 124 941 102 108 942 121 107 943 130 135 944 121 107 945 118 124 946 129 133 947 131 127 948 130 135 949 129 133 950 137 136 951 138 141 952 139 137 953 135 139 954 134 142 955 123 131 956 135 139 957 127 130 958 122 128 959 138 141 960 137 136 961 134 142 962 136 105 963 138 141 964 135 139 965 138 141 966 136 105 967 101 104 968 122 128 969 131 127 970 141 143 971 140 144 972 128 134 973 123 131 974 141 143 975 131 127 976 128 134 977 142 145 978 143 146 979 137 136 980 137 136 981 143 146 982 140 144 983 141 143 984 144 103 985 136 105 986 144 103 987 141 143 988 140 144 989 145 147 990 144 103 991 143 146 992 169 148 993 170 172 994 146 149 995 155 151 996 156 160 997 147 152 998 150 154 999 151 157 1000 152 155 1001 151 157 1002 150 154 1003 132 138 1004 149 153 1005 151 157 1006 139 137 1007 151 157 1008 149 153 1009 147 152 1010 154 158 1011 150 154 1012 148 156 1013 154 158 1014 142 145 1015 132 138 1016 145 147 1017 155 151 1018 149 153 1019 155 151 1020 145 147 1021 142 145 1022 156 160 1023 155 151 1024 154 158 1025 162 161 1026 163 166 1027 164 162 1028 160 164 1029 159 167 1030 148 156 1031 158 165 1032 160 164 1033 152 155 1034 163 166 1035 162 161 1036 159 167 1037 161 150 1038 163 166 1039 160 164 1040 163 166 1041 161 150 1042 146 149 1043 156 160 1044 166 169 1045 158 165 1046 153 159 1047 148 156 1048 159 167 1049 166 169 1050 156 160 1051 153 159 1052 168 170 1053 162 161 1054 157 163 1055 168 170 1056 165 168 1057 159 167 1058 166 169 1059 169 148 1060 161 150 1061 169 148 1062 166 169 1063 165 168 1064 170 172 1065 169 148 1066 168 170 1067 173 173 1068 179 182 1069 180 174 1070 172 176 1071 174 179 1072 175 177 1073 164 162 1074 175 177 1075 174 179 1076 175 177 1077 164 162 1078 146 149 1079 176 178 1080 175 177 1081 173 173 1082 178 180 1083 174 179 1084 172 176 1085 178 180 1086 167 171 1087 157 163 1088 146 149 1089 170 172 1090 179 182 1091 170 172 1092 167 171 1093 178 180 1094 179 182 1095 178 180 1096 177 181 1097 181 183 1098 186 189 1099 187 184 1100 176 178 1101 184 187 1102 183 186 1103 184 187 1104 176 178 1105 171 175 1106 184 187 1107 187 184 1108 186 189 1109 187 184 1110 184 187 1111 182 188 1112 188 185 1113 187 184 1114 185 0 1115 171 175 1116 180 174 1117 190 190 1118 189 191 1119 177 181 1120 172 176 1121 180 174 1122 177 181 1123 189 191 1124 192 192 1125 186 189 1126 181 183 1127 186 189 1128 192 192 1129 189 191 1130 182 188 1131 190 190 1132 193 194 1133 190 190 1134 189 191 1135 192 192 1136 193 194 1137 192 192 1138 191 193 1139</p>
        </triangles>
      </mesh>
    </geometry>
    <geometry id="Mesh_011-mesh" name="Mesh.011">
      <mesh>
        <source id="Mesh_011-mesh-positions">
          <float_array id="Mesh_011-mesh-positions-array" count="615">0.2923746 27.20871 -7.651328 -24.86057 37.91161 -3.64521 -16.213 23.63537 -4.9762 -7.458816 23.48262 -6.386093 -3.385274 24.97685 -7.048994 -1.126468 26.23784 -7.418467 -0.9287971 29.03544 -6.764367 -2.232996 28.10816 -6.550169 -1.574231 28.56095 -6.658295 -0.4081107 26.71093 -7.536283 -0.006043553 27.87686 -6.425192 -0.6865131 27.38755 -6.31341 -1.383203 26.92184 -6.199118 -1.148094 29.02949 -8.125362 -2.452293 28.10221 -7.911161 -1.793527 28.555 -8.019289 -0.3769865 27.8668 -8.727323 -1.057454 27.37749 -8.61554 -1.754146 26.91178 -8.501248 -4.286021 26.88935 -6.214039 -1.862468 25.79035 -7.29792 -2.904881 27.67791 -6.440027 -2.095887 26.48062 -6.082354 -2.615634 25.36958 -7.174723 -3.589436 27.27124 -6.327948 -2.824107 26.06498 -5.9632 -3.567183 25.67619 -5.841768 -3.124178 27.67196 -7.801022 -2.46683 26.47056 -8.384485 -4.505317 26.88341 -7.575031 -3.808732 27.26529 -7.688942 -3.195049 26.05492 -8.26533 -3.938127 25.66613 -8.143898 -4.971955 24.28062 -6.790289 -5.713386 26.20468 -5.981054 -4.170972 24.61337 -6.920807 -4.99424 26.53338 -6.098366 -4.32471 25.31544 -5.71813 -5.095939 24.98416 -5.592415 -5.932684 26.19873 -7.342049 -5.213537 26.52743 -7.45936 -4.695653 25.30538 -8.02026 -5.466881 24.9741 -7.894545 -7.929158 25.39688 -5.620497 -5.787478 23.98012 -6.657572 -6.442765 25.90466 -5.862219 -5.880139 24.68384 -5.464745 -6.616739 23.71353 -6.522787 -7.181639 25.63484 -5.741983 -6.676536 24.41607 -5.335251 -7.48423 24.1826 -5.204086 -6.662063 25.89871 -7.223211 -6.251081 24.67378 -7.766874 -8.148455 25.39093 -6.981491 -7.400936 25.6289 -7.102978 -7.047478 24.40601 -7.637381 -7.855173 24.17254 -7.506216 -11.81596 22.93721 -5.681644 -9.176907 23.13582 -6.107742 -9.446022 25.02389 -5.374454 -8.312628 23.28935 -6.247675 -8.684339 25.19258 -5.497921 -8.30218 23.98532 -5.071428 -9.129157 23.82628 -4.937483 -9.665318 25.01794 -6.735449 -8.903636 25.18663 -6.858915 -8.673123 23.97526 -7.373558 -9.500099 23.81622 -7.239613 -11.75512 24.7534 -5.001205 -10.05015 23.02431 -5.966549 -10.21284 24.89293 -5.250324 -9.9637 23.7077 -4.802494 -10.93054 22.95725 -5.824398 -10.98318 24.80196 -5.125801 -10.80408 23.63194 -4.666752 -11.64823 23.60153 -4.530601 -10.43214 24.88698 -6.611319 -10.33464 23.69763 -7.104624 -11.97441 24.74745 -6.362202 -11.20247 24.79601 -6.486795 -11.17502 23.62188 -6.968882 -12.01918 23.59147 -6.832731 -13.59125 23.04891 -5.39608 -13.2944 24.79356 -4.753357 -12.70384 22.96686 -5.538708 -12.52639 24.74974 -4.876915 -12.49372 23.61907 -4.394443 -13.33771 23.68721 -4.258751 -13.51369 24.78761 -6.114353 -12.74569 24.74379 -6.237911 -12.86466 23.609 -6.696575 -13.70865 23.67715 -6.560879 -15.54591 25.23463 -4.392498 -14.47488 23.18608 -5.254299 -14.05624 24.88742 -4.631012 -14.17706 23.80864 -4.124035 -15.35031 23.38083 -5.114094 -14.80804 25.03373 -4.510513 -15.00754 23.98578 -3.990997 -15.82484 24.22082 -3.860329 -14.27553 24.88148 -5.992008 -14.548 23.79858 -6.426167 -15.76521 25.22869 -5.753494 -15.02734 25.02778 -5.87151 -15.37848 23.97572 -6.293125 -16.19579 24.21076 -6.16246 -22.94322 29.3337 -3.916664 -20.13768 25.82953 -4.353405 -17.87844 24.32946 -4.71088 -16.96111 25.80612 -4.166965 -17.05764 23.9513 -4.841484 -16.26524 25.49178 -4.277718 -16.62392 24.51537 -3.732861 -17.3993 24.87032 -3.609478 -17.18041 25.80017 -5.527958 -16.48454 25.48583 -5.63871 -16.99486 24.50531 -6.034992 -17.77024 24.86026 -5.911606 -18.85738 27.08745 -3.86702 -18.66936 24.76966 -4.585365 -17.62841 26.17771 -4.061066 -18.14527 25.28557 -3.491093 -19.42432 25.27054 -4.465904 -18.26206 26.60553 -3.960838 -18.85612 25.75989 -3.378628 -19.52656 26.29086 -3.272919 -17.84771 26.17176 -5.422062 -18.51621 25.27551 -5.793224 -19.07668 27.0815 -5.228012 -18.48136 26.59958 -5.321831 -19.22706 25.74983 -5.680756 -19.8975 26.2808 -5.57505 -21.42037 27.10549 -4.152302 -19.91755 28.19945 -3.701054 -20.80428 26.44271 -4.248676 -19.4102 27.6201 -3.780273 -20.15178 26.87476 -3.174728 -20.72834 27.50721 -3.084591 -20.13685 28.1935 -5.06205 -19.62949 27.61415 -5.141266 -20.52272 26.8647 -5.47686 -21.09928 27.49715 -5.386723 -21.15053 30.16622 -3.510979 -21.98292 27.81206 -4.064747 -20.37712 28.82035 -3.629719 -21.25345 28.18263 -3.002933 -22.49061 28.55673 -3.986195 -20.78808 29.47768 -3.566372 -21.72596 28.89554 -2.929913 -22.14579 29.64035 -2.86552 -20.59642 28.8144 -4.990711 -21.62439 28.17256 -5.305065 -21.36983 30.16027 -4.871971 -21.00738 29.47173 -4.927364 -22.09691 28.88548 -5.232044 -22.51673 29.63029 -5.167652 -24.43114 33.52464 -3.695229 -23.68701 30.96242 -3.803932 -21.73424 31.61669 -3.423264 -23.34149 30.13732 -3.856003 -21.46538 30.8808 -3.463371 -22.51373 30.4116 -2.809605 -22.83138 31.20426 -2.761887 -21.95354 31.61074 -4.78426 -21.68468 30.87485 -4.824364 -22.88467 30.40154 -5.111736 -23.20232 31.1942 -5.064018 -22.2874 33.91339 -3.344173 -23.98203 31.80446 -3.760078 -21.95923 32.3697 -3.390305 -23.10093 32.01393 -2.721992 -24.22916 32.65967 -3.723995 -22.14278 33.13633 -3.364078 -23.32494 32.83693 -2.689495 -23.50607 33.66994 -2.663952 -22.17853 32.36376 -4.751297 -23.47187 32.00387 -5.02412 -22.50669 33.90744 -4.705166 -22.36208 33.13038 -4.725071 -23.69589 32.82687 -4.991623 -23.87701 33.65988 -4.96608 -24.71091 35.27257 -3.657791 -22.46994 35.48815 -3.321644 -24.59072 34.39594 -3.673325 -22.39556 34.69766 -3.330173 -23.64695 34.5096 -2.64492 -23.75049 35.35491 -2.631931 -22.68924 35.48221 -4.682636 -22.61486 34.69171 -4.691166 -24.01789 34.49953 -4.947048 -24.12143 35.34485 -4.934063 -22.51299 37.87532 -3.325138 -24.7942 36.15101 -3.648209 -22.51279 36.28158 -3.318207 -23.81907 36.20243 -2.624584 -24.84331 37.03115 -3.644142 -22.52645 37.07775 -3.319485 -23.85529 37.05204 -2.622459 -23.86138 37.90237 -2.625195 -22.73208 36.27563 -4.679199 -24.19001 36.19237 -4.926716 -22.73228 37.86938 -4.686134 -22.74575 37.0718 -4.680477 -24.22624 37.04198 -4.924591 -24.23232 37.89231 -4.927326</float_array>
          <technique_common>
            <accessor source="#Mesh_011-mesh-positions-array" count="205" stride="3">
              <param name="X" type="float"/>
              <param name="Y" type="float"/>
              <param name="Z" type="float"/>
            </accessor>
          </technique_common>
        </source>
        <source id="Mesh_011-mesh-normals">
          <float_array id="Mesh_011-mesh-normals-array" count="615">-0.9866303 -0.03518801 0.1591308 -0.4603955 -0.009887993 -0.8876588 -0.4609189 -0.01381653 -0.8873348 -0.2423782 -0.9692156 0.04328936 -0.2505728 -0.3141739 -0.9157009 -0.2290067 -0.3200429 -0.9193088 0.240037 -0.9701528 -0.034437 -0.05881744 -0.312628 -0.948053 0.2815697 -0.9586567 -0.04118055 0.4295724 -0.9006698 -0.06528067 -0.003615796 -0.2833622 -0.9590063 0.4626426 -0.8837226 -0.07068371 0.5247399 -0.8474147 -0.08084774 0.02338844 -0.2636649 -0.9643307 0.5539198 -0.8281546 -0.08563303 -0.3687668 0.6644502 0.6500132 0.3167749 -0.262117 0.9115638 0.3254763 -0.2554618 0.910387 -0.3768756 0.6592338 0.6506733 0.3296128 -0.2522376 0.9097976 0.5673921 -0.8187488 -0.08784443 -0.5301831 0.677886 -0.5092902 -0.5531195 0.6617811 -0.5060678 -0.5631062 0.6542121 -0.504894 0.0275101 -0.2604317 -0.9651004 0.0117681 -0.275525 -0.9612219 0.283912 -0.2867367 0.9149732 -0.3018923 0.7118445 0.6341439 -0.2779374 0.7263655 0.628605 -0.3443666 0.6828559 0.6442978 0.3076981 -0.2686902 0.9127581 0.4943391 -0.865952 -0.07586872 -0.3225554 0.6978641 0.639487 0.3069107 -0.2780165 0.9102267 -0.5099573 0.6920151 -0.510939 0.002481579 -0.2821196 -0.959376 -0.460193 0.7220489 -0.5165926 -0.486774 0.7068289 -0.5132679 -0.01745694 -0.2949107 -0.9553654 0.3589385 -0.9318116 -0.05376327 -0.023907 -0.2958168 -0.9549456 0.3950373 -0.9167267 -0.05964744 0.2615149 -0.2987495 0.9178012 -0.2526358 0.7405047 0.6227584 -0.2259685 0.7543814 0.6163173 0.2867605 -0.291539 0.9125642 -0.4364795 0.7355383 -0.5181401 -0.4091551 0.7493762 -0.5206031 -0.03959 -0.3069156 -0.950913 0.2228136 -0.3143046 0.9228037 -0.167567 0.780466 0.6023241 -0.1355575 0.792584 0.5945039 0.2548283 -0.2991731 0.9195424 0.3211556 -0.9458287 -0.04761487 -0.1949662 0.7682242 0.6097702 0.2520859 -0.3102518 0.9166225 -0.3801664 0.7627325 -0.5231755 -0.0515967 -0.3125001 -0.9485155 -0.3493547 0.7755984 -0.5257361 -0.3165268 0.7876396 -0.5286159 -0.0778824 -0.3224606 -0.9433735 -0.001944661 -0.9999873 0.004682779 -0.132656 -0.3306673 -0.9343776 0.05148744 -0.9986659 -0.003930926 0.150233 -0.9884464 -0.02009952 -0.0857414 -0.321811 -0.9429136 0.1964115 -0.9801396 -0.02736485 0.1929953 -0.3220853 0.9268301 -0.1013152 0.8036591 0.5864021 -0.06475305 0.8137549 0.5775899 0.2253522 -0.3209721 0.9198877 -0.2814803 0.7988391 -0.5316248 -0.2439673 0.8088306 -0.5350448 -0.1074474 -0.3302337 -0.9377638 0.1413023 -0.3274827 0.9342317 0.01646977 0.8291001 0.5588578 0.06146627 0.8337455 0.5487172 0.1846892 -0.3203506 0.9291208 0.1022793 -0.9946817 -0.01213121 -0.02204799 0.8221351 0.5688653 0.1786735 -0.3325693 0.9259987 -0.2010554 0.8173807 -0.5398757 -0.1236133 -0.3330032 -0.9347881 -0.1610269 0.8243637 -0.5426737 -0.1151412 0.8289551 -0.5473353 -0.15884 -0.3356229 -0.9285081 -0.1169005 -0.9928733 0.02317672 -0.1697161 -0.3306492 -0.9283683 -0.05807268 -0.9982181 0.0137223 0.1572232 0.8325788 0.5311246 0.130997 -0.3224919 0.9374641 0.1086236 0.8351036 0.5392615 0.1235538 -0.3346039 0.9342241 -0.01102072 0.8274227 -0.5614714 -0.06743687 0.8302061 -0.5533627 -0.2013978 -0.3390719 -0.9189501 0.3273607 0.8027692 0.4983941 0.07184511 -0.3119026 0.9473939 0.2726925 0.8176833 0.5069842 0.2155289 0.8277021 0.5181279 0.09371608 -0.317318 0.9436772 -0.1768003 -0.9837006 0.03278696 0.05951976 -0.3141368 0.9475103 0.04063439 0.8229838 -0.5666096 -0.22164 -0.3353466 -0.9156519 0.1619015 0.7955757 -0.5838213 0.09847384 0.8128606 -0.5740737 -0.8332169 -0.5357097 0.1369854 -0.4338564 -0.1581563 -0.8869923 -0.423017 -0.1783754 -0.8883912 -0.5736036 -0.8134452 0.09636306 -0.3587574 -0.254725 -0.8980025 -0.3383206 -0.2706504 -0.90127 -0.3750129 -0.9247754 0.06446576 -0.2948386 -0.2965264 -0.9083735 -0.2726423 -0.3063835 -0.9120282 0.4496897 0.7545536 0.4779415 0.02807402 -0.2982416 0.9540775 0.3932124 0.7807456 0.4856135 -0.3080674 -0.9498429 0.0537886 0.014692 -0.298578 0.9542722 0.2197805 0.7761383 -0.5910212 0.2813828 0.7483529 -0.6006594 0.624695 0.6356151 0.4535963 -0.03777348 -0.2624773 0.9641986 0.5742608 0.6785802 0.4579885 0.5155851 0.7188751 0.4662518 -0.01629215 -0.2764987 0.9608763 -0.4423533 -0.8936842 0.07518202 -0.508742 -0.8566414 0.08571642 -0.05164533 -0.259207 0.96444 -0.3168981 -0.2846508 -0.9047374 0.3420588 0.7141655 -0.6107075 0.4576939 0.6243917 -0.6329703 0.4003059 0.6737715 -0.6211177 -0.6928195 -0.7118073 0.1154623 -0.3949387 -0.218271 -0.8924019 -0.3777054 -0.2371752 -0.8950344 0.7206243 0.5332462 0.4431132 -0.07724153 -0.2290048 0.970356 0.6797791 0.5827379 0.4453281 -0.6356688 -0.7646821 0.1057658 -0.09015095 -0.2232152 0.9705915 0.5046988 0.5779895 -0.6412546 0.5487207 0.5249222 -0.650663 0.8200611 0.3702636 0.4363539 -0.1224339 -0.1701532 0.9777822 0.7959509 0.4203838 0.4355913 0.7633782 0.4751726 0.4375668 -0.1094577 -0.1903659 0.9755921 -0.7460989 -0.6544095 0.1228196 -0.7923443 -0.5960023 0.1302764 -0.1322447 -0.1618666 0.9779114 -0.4100891 -0.1985204 -0.8901778 0.5865387 0.4702954 -0.6593896 0.6450432 0.3578464 -0.675178 0.618271 0.4155654 -0.667118 -0.9551857 -0.2521737 0.1550121 -0.4590424 -0.06736713 -0.8858566 -0.4565385 -0.0834304 -0.8857833 -0.8973326 -0.416365 0.1464057 -0.449397 -0.1192439 -0.885338 -0.4425794 -0.138428 -0.8859804 0.85874 0.2688663 0.4362069 -0.1417523 -0.130168 0.9813066 0.8440128 0.3147763 0.434233 -0.8685168 -0.474977 0.1416883 -0.1491441 -0.121415 0.981333 0.6805421 0.256857 -0.6862121 0.6643574 0.309868 -0.6801553 -0.1625243 -0.05253088 0.9853053 0.8811619 0.1753704 0.4390889 0.8874917 0.1352111 0.4405412 0.8722892 0.2200255 0.4366925 -0.1529217 -0.09154522 0.9839891 -0.9212826 -0.3588799 0.1498118 -0.9402338 -0.3043093 0.1528285 -0.1619406 -0.08746826 0.9829164 -0.4541255 -0.09971451 -0.8853402 0.6906058 0.2150557 -0.6905177 0.6985026 0.1704317 -0.695016 0.7040287 0.1301808 -0.6981379 -0.974959 -0.1567192 0.1577788 -0.4612989 -0.03855711 -0.8864067 -0.4605956 -0.05246657 -0.8860581 -0.163371 -0.02430504 0.9862653 0.8915013 0.09803277 0.4422841 0.8936518 0.06371337 0.4442153 -0.1657666 -0.05399549 0.9846857 -0.9665789 -0.2029569 0.1566331 0.7084673 0.05602657 -0.7035164 0.7072417 0.09302663 -0.7008247 -0.1582725 -0.001693904 0.9873941 0.8939658 0.002858519 0.4481263 0.8932512 -0.01189225 0.4494006 -0.159395 -0.01750481 0.9870597 -0.9808189 -0.1134065 0.1585348 -0.9845853 -0.07295155 0.1589655 0.8941154 0.0296604 0.4468535 -0.1651105 -0.01253384 0.9861955 -0.4613359 -0.02569675 -0.8868533 0.7085232 0.0245499 -0.7052605 0.7079595 -0.002184748 -0.7062497 0.7069099 -0.01694947 -0.7071006 -0.9870715 -0.01915621 0.1591322</float_array>
          <technique_common>
            <accessor source="#Mesh_011-mesh-normals-array" count="205" stride="3">
              <param name="X" type="float"/>
              <param name="Y" type="float"/>
              <param name="Z" type="float"/>
            </accessor>
          </technique_common>
        </source>
        <source id="Mesh_011-mesh-map-0">
          <float_array id="Mesh_011-mesh-map-0-array" count="2400">0.4734723 0.9132463 0.4681431 0.9145277 0.4689676 0.9118891 0.4938564 0.8792052 0.4907951 0.8765069 0.4929288 0.8758754 0.5118461 0.8805096 0.515084 0.8775304 0.5137509 0.8812035 0.5224289 0.8855098 0.5266937 0.8825321 0.5247899 0.8866248 0.5296673 0.8891221 0.5341572 0.8859931 0.5323197 0.8904055 0.5381342 0.8772213 0.5376715 0.8712404 0.5403258 0.8724219 0.5406387 0.878483 0.5403258 0.8724219 0.5430112 0.873605 0.5430112 0.873605 0.5421358 0.8679256 0.5448336 0.8689876 0.5394929 0.8667982 0.5403258 0.8724219 0.5376715 0.8712404 0.5336274 0.8802826 0.5381342 0.8772213 0.5360935 0.881432 0.5385116 0.8825536 0.5381342 0.8772213 0.5406387 0.878483 0.536733 0.8870388 0.5323197 0.8904055 0.5341572 0.8859931 0.5385116 0.8825536 0.5341572 0.8859931 0.5360935 0.881432 0.5316215 0.8848488 0.5360935 0.881432 0.5341572 0.8859931 0.5297115 0.8677912 0.5305045 0.8736286 0.5279542 0.872506 0.5355982 0.8759968 0.5350274 0.8700588 0.5376715 0.8712404 0.5368345 0.8656082 0.5376715 0.8712404 0.5350274 0.8700588 0.5330531 0.8747954 0.532377 0.8689006 0.5350274 0.8700588 0.5341139 0.8644163 0.5350274 0.8700588 0.532377 0.8689006 0.5313393 0.863287 0.532377 0.8689006 0.5297115 0.8677912 0.5271785 0.8878242 0.5316215 0.8848488 0.5296673 0.8891221 0.5330531 0.8747954 0.5336274 0.8802826 0.5311439 0.8791353 0.529136 0.8836759 0.5336274 0.8802826 0.5316215 0.8848488 0.5261905 0.8769385 0.5305045 0.8736286 0.5286633 0.8780144 0.5330531 0.8747954 0.5286633 0.8780144 0.5305045 0.8736286 0.5247899 0.8866248 0.529136 0.8836759 0.5271785 0.8878242 0.5266937 0.8825321 0.5311439 0.8791353 0.529136 0.8836759 0.5242878 0.8814356 0.5286633 0.8780144 0.5266937 0.8825321 0.5178114 0.8832703 0.5219171 0.8803761 0.5200797 0.8844103 0.5243304 0.8657587 0.5253935 0.8714398 0.5228186 0.8704351 0.5279542 0.872506 0.5270304 0.8667439 0.5297115 0.8677912 0.5285492 0.8622422 0.5297115 0.8677912 0.5270304 0.8667439 0.5257645 0.8612525 0.5270304 0.8667439 0.5243304 0.8657587 0.5228186 0.8704351 0.5237273 0.8759113 0.5212677 0.874945 0.5279542 0.872506 0.5237273 0.8759113 0.5253935 0.8714398 0.5200797 0.8844103 0.5242878 0.8814356 0.5224289 0.8855098 0.5219171 0.8803761 0.5261905 0.8769385 0.5242878 0.8814356 0.5195925 0.8793479 0.5237273 0.8759113 0.5219171 0.8803761 0.5159721 0.8633451 0.5175947 0.8686968 0.51494 0.8680124 0.5228186 0.8704351 0.5215973 0.8648413 0.5243304 0.8657587 0.5229418 0.8602826 0.5243304 0.8657587 0.5215973 0.8648413 0.5202206 0.8695108 0.5188128 0.864022 0.5215973 0.8648413 0.5200068 0.8593693 0.5215973 0.8648413 0.5188128 0.864022 0.5169463 0.85862 0.5188128 0.864022 0.5159721 0.8633451 0.5157031 0.8821581 0.5195925 0.8793479 0.5178114 0.8832703 0.5202206 0.8695108 0.5212677 0.874945 0.518809 0.8740589 0.5173189 0.8783811 0.5212677 0.874945 0.5195925 0.8793479 0.51494 0.8680124 0.5163467 0.873281 0.5138749 0.8726433 0.5202206 0.8695108 0.5163467 0.873281 0.5175947 0.8686968 0.5137509 0.8812035 0.5173189 0.8783811 0.5157031 0.8821581 0.515084 0.8775304 0.518809 0.8740589 0.5173189 0.8783811 0.5128546 0.876839 0.5163467 0.873281 0.515084 0.8775304 0.5017887 0.878638 0.5039035 0.8752802 0.5036773 0.8787983 0.5076891 0.8796234 0.5106009 0.8763042 0.5098208 0.8800435 0.5101833 0.8624898 0.5122609 0.8674787 0.5095679 0.8670867 0.51494 0.8680124 0.5130897 0.8628368 0.5159721 0.8633451 0.5138302 0.8580931 0.5159721 0.8633451 0.5130897 0.8628368 0.510719 0.8577522 0.5130897 0.8628368 0.5101833 0.8624898 0.5095679 0.8670867 0.5113953 0.8721439 0.5089191 0.8717805 0.51494 0.8680124 0.5113953 0.8721439 0.5122609 0.8674787 0.5098208 0.8800435 0.5128546 0.876839 0.5118461 0.8805096 0.5106009 0.8763042 0.5138749 0.8726433 0.5128546 0.876839 0.5083357 0.8758794 0.5113953 0.8721439 0.5106009 0.8763042 0.5012635 0.8623024 0.5041585 0.8667025 0.5014405 0.8666936 0.5095679 0.8670867 0.5072501 0.8622847 0.5101833 0.8624898 0.5075853 0.857531 0.5101833 0.8624898 0.5072501 0.8622847 0.5068681 0.8668293 0.5042762 0.8622179 0.5072501 0.8622847 0.5043527 0.8574333 0.5072501 0.8622847 0.5042762 0.8622179 0.5010151 0.8575325 0.5042762 0.8622179 0.5012635 0.8623024 0.5056114 0.8791744 0.5083357 0.8758794 0.5076891 0.8796234 0.5064596 0.8715336 0.5095679 0.8670867 0.5089191 0.8717805 0.5060983 0.8755339 0.5089191 0.8717805 0.5083357 0.8758794 0.5014405 0.8666936 0.5040219 0.8713883 0.5015955 0.8713541 0.5068681 0.8668293 0.5040219 0.8713883 0.5041585 0.8667025 0.5036773 0.8787983 0.5060983 0.8755339 0.5056114 0.8791744 0.5039035 0.8752802 0.5064596 0.8715336 0.5060983 0.8755339 0.5017247 0.8751472 0.5040219 0.8713883 0.5039035 0.8752802 0.4977712 0.8786807 0.4995274 0.8751269 0.4998091 0.8786374 0.4960186 0.8670704 0.4982439 0.8625488 0.4987198 0.8668181 0.5014405 0.8666936 0.4982439 0.8625488 0.5012635 0.8623024 0.4976588 0.8578649 0.5012635 0.8623024 0.4982439 0.8625488 0.4943733 0.858396 0.4982439 0.8625488 0.495258 0.8629487 0.4967607 0.8716043 0.4987198 0.8668181 0.4991748 0.87142 0.4987198 0.8668181 0.5015955 0.8713541 0.4991748 0.87142 0.4998091 0.8786374 0.5017247 0.8751472 0.5017887 0.878638 0.4995274 0.8751269 0.5015955 0.8713541 0.5017247 0.8751472 0.4967607 0.8716043 0.4995274 0.8751269 0.4973121 0.8752193 0.4882168 0.8687806 0.4894907 0.8641804 0.4907488 0.8680278 0.495258 0.8629487 0.4933544 0.8674654 0.4923361 0.8634898 0.4911928 0.859072 0.495258 0.8629487 0.4923361 0.8634898 0.4923361 0.8634898 0.4907488 0.8680278 0.4894907 0.8641804 0.4911928 0.859072 0.4894907 0.8641804 0.488102 0.8598875 0.4867267 0.8650555 0.488102 0.8598875 0.4894907 0.8641804 0.4957848 0.8788183 0.4973121 0.8752193 0.4977712 0.8786807 0.4933544 0.8674654 0.4967607 0.8716043 0.4943675 0.8719291 0.4943675 0.8719291 0.4973121 0.8752193 0.4951051 0.8754513 0.4897288 0.8731051 0.4907488 0.8680278 0.4920154 0.8724184 0.4907488 0.8680278 0.4943675 0.8719291 0.4920154 0.8724184 0.4957848 0.8788183 0.4929288 0.8758754 0.4951051 0.8754513 0.4920154 0.8724184 0.4951051 0.8754513 0.4929288 0.8758754 0.4897288 0.8731051 0.4929288 0.8758754 0.4907951 0.8765069 0.4798465 0.8900566 0.4756761 0.890245 0.4767524 0.8883273 0.485188 0.883248 0.4818605 0.88191 0.4833877 0.8805898 0.4899374 0.8805396 0.4868036 0.8782596 0.4887361 0.8773086 0.4834138 0.8709369 0.4840461 0.8661425 0.4857736 0.8697549 0.4867267 0.8650555 0.4857736 0.8697549 0.4840461 0.8661425 0.4850875 0.8608793 0.4840461 0.8661425 0.4821466 0.8620753 0.4814379 0.8674387 0.4821466 0.8620753 0.4840461 0.8661425 0.4834138 0.8709369 0.4875255 0.873982 0.4854255 0.8750468 0.4882168 0.8687806 0.4875255 0.873982 0.4857736 0.8697549 0.4918973 0.87983 0.4887361 0.8773086 0.4907951 0.8765069 0.4875255 0.873982 0.4907951 0.8765069 0.4887361 0.8773086 0.4854255 0.8750468 0.4887361 0.8773086 0.4868036 0.8782596 0.4768136 0.8755424 0.4763945 0.8706061 0.4789301 0.8738529 0.4814379 0.8674387 0.4811314 0.8723084 0.4788861 0.8689298 0.4792642 0.8634738 0.4788861 0.8689298 0.4764133 0.8650765 0.4788861 0.8689298 0.4789301 0.8738529 0.4763945 0.8706061 0.4764133 0.8650765 0.4763945 0.8706061 0.4736021 0.8669039 0.4739924 0.8724542 0.4736021 0.8669039 0.4763945 0.8706061 0.4881469 0.8812909 0.4850267 0.8793601 0.4868036 0.8782596 0.4811314 0.8723084 0.4854255 0.8750468 0.4834322 0.8762747 0.4834322 0.8762747 0.4868036 0.8782596 0.4850267 0.8793601 0.4797401 0.8791209 0.4789301 0.8738529 0.4815363 0.8776359 0.4789301 0.8738529 0.4834322 0.8762747 0.4815363 0.8776359 0.4865993 0.882187 0.4833877 0.8805898 0.4850267 0.8793601 0.4815363 0.8776359 0.4850267 0.8793601 0.4833877 0.8805898 0.4797401 0.8791209 0.4833877 0.8805898 0.4818605 0.88191 0.4826698 0.885493 0.4791405 0.8848396 0.4804441 0.8833127 0.4729136 0.8793153 0.4717199 0.8744462 0.4748079 0.8773699 0.4739924 0.8724542 0.4748079 0.8773699 0.4717199 0.8744462 0.470894 0.8689569 0.4717199 0.8744462 0.468368 0.871188 0.4695971 0.8765519 0.468368 0.871188 0.4717199 0.8744462 0.4729136 0.8793153 0.4780261 0.8807079 0.4764043 0.8824186 0.4748079 0.8773699 0.4797401 0.8791209 0.4780261 0.8807079 0.4838463 0.8843613 0.4804441 0.8833127 0.4818605 0.88191 0.4780261 0.8807079 0.4818605 0.88191 0.4804441 0.8833127 0.4764043 0.8824186 0.4804441 0.8833127 0.4791405 0.8848396 0.4680413 0.8858737 0.4658212 0.8810752 0.4695217 0.8835701 0.4695971 0.8765519 0.4711461 0.8813807 0.4676302 0.8787587 0.46606 0.8735221 0.4676302 0.8787587 0.4639407 0.8759181 0.4676302 0.8787587 0.4695217 0.8835701 0.4658212 0.8810752 0.4639407 0.8759181 0.4658212 0.8810752 0.4619755 0.8784139 0.4641795 0.8835082 0.4619755 0.8784139 0.4658212 0.8810752 0.4817097 0.8867942 0.4779171 0.886517 0.4791405 0.8848396 0.4711461 0.8813807 0.4764043 0.8824186 0.4748717 0.8842577 0.4748717 0.8842577 0.4791405 0.8848396 0.4779171 0.886517 0.4721112 0.8883161 0.4695217 0.8835701 0.4734313 0.8862239 0.4711461 0.8813807 0.4734313 0.8862239 0.4695217 0.8835701 0.4808069 0.8883512 0.4767524 0.8883273 0.4779171 0.886517 0.4734313 0.8862239 0.4779171 0.886517 0.4767524 0.8883273 0.4721112 0.8883161 0.4767524 0.8883273 0.4756761 0.890245 0.4766187 0.90016 0.4717462 0.9015035 0.4724541 0.8990653 0.4782215 0.8935698 0.4739142 0.8944231 0.4747319 0.8922705 0.4655412 0.8907754 0.4627132 0.8860442 0.4667205 0.8882826 0.4641795 0.8835082 0.4667205 0.8882826 0.4627132 0.8860442 0.4601862 0.8810509 0.4627132 0.8860442 0.4586154 0.8838015 0.4614077 0.8886544 0.4586154 0.8838015 0.4627132 0.8860442 0.4698493 0.8928261 0.4667205 0.8882826 0.4709149 0.8905192 0.4667205 0.8882826 0.4721112 0.8883161 0.4709149 0.8905192 0.4789294 0.8917833 0.4747319 0.8922705 0.4756761 0.890245 0.4709149 0.8905192 0.4756761 0.890245 0.4747319 0.8922705 0.4698493 0.8928261 0.4747319 0.8922705 0.4739142 0.8944231 0.4581562 0.8967531 0.4635396 0.8959385 0.4626735 0.8985787 0.4614077 0.8886544 0.464488 0.8933329 0.4602289 0.8913139 0.4572522 0.8865895 0.4602289 0.8913139 0.4560201 0.889368 0.464488 0.8933329 0.4591499 0.8940137 0.4602289 0.8913139 0.4560201 0.889368 0.4591499 0.8940137 0.4548583 0.8921626 0.4581562 0.8967531 0.4548583 0.8921626 0.4591499 0.8940137 0.4776902 0.8955593 0.473173 0.8966974 0.4739142 0.8944231 0.464488 0.8933329 0.4698493 0.8928261 0.4688875 0.8952177 0.4688875 0.8952177 0.4739142 0.8944231 0.473173 0.8966974 0.4626735 0.8985787 0.4680051 0.8976731 0.4671844 0.9001814 0.464488 0.8933329 0.4680051 0.8976731 0.4635396 0.8959385 0.4771887 0.897783 0.4724541 0.8990653 0.473173 0.8966974 0.4724541 0.8990653 0.4688875 0.8952177 0.473173 0.8966974 0.4717462 0.9015035 0.4680051 0.8976731 0.4724541 0.8990653 0.4753631 0.9050736 0.4703818 0.9065871 0.4710556 0.9040083 0.4564104 0.9023228 0.4618833 0.9012484 0.4611479 0.9039407 0.4626735 0.8985787 0.4572471 0.899526 0.4581562 0.8967531 0.4537652 0.8950133 0.4572471 0.899526 0.4527742 0.8979159 0.4564104 0.9023228 0.4527742 0.8979159 0.4572471 0.899526 0.4656796 0.9053205 0.4618833 0.9012484 0.4664114 0.9027311 0.4618833 0.9012484 0.4671844 0.9001814 0.4664114 0.9027311 0.475984 0.9025927 0.4710556 0.9040083 0.4717462 0.9015035 0.4710556 0.9040083 0.4671844 0.9001814 0.4717462 0.9015035 0.4703818 0.9065871 0.4664114 0.9027311 0.4710556 0.9040083 0.4540637 0.9107204 0.4597921 0.9093264 0.4591695 0.9119851 0.4611479 0.9039407 0.4556205 0.9051215 0.4564104 0.9023228 0.4518946 0.9008297 0.4556205 0.9051215 0.4510874 0.9036967 0.4604542 0.906638 0.4548435 0.9079183 0.4556205 0.9051215 0.4510874 0.9036967 0.4548435 0.9079183 0.4502744 0.9065097 0.4540637 0.9107204 0.4502744 0.9065097 0.4548435 0.9079183 0.4747781 0.9076619 0.4697011 0.9092254 0.4703818 0.9065871 0.4649724 0.9079225 0.4611479 0.9039407 0.4656796 0.9053205 0.4697011 0.9092254 0.4656796 0.9053205 0.4703818 0.9065871 0.4591695 0.9119851 0.4642719 0.9105074 0.4635741 0.9130365 0.4597921 0.9093264 0.4649724 0.9079225 0.4642719 0.9105074 0.4741847 0.9103987 0.4689676 0.9118891 0.4697011 0.9092254 0.4689676 0.9118891 0.4649724 0.9079225 0.4697011 0.9092254 0.4681431 0.9145277 0.4642719 0.9105074 0.4689676 0.9118891 0.4734723 0.9132463 0.4725898 0.9160816 0.4681431 0.9145277 0.4938564 0.8792052 0.4918973 0.87983 0.4907951 0.8765069 0.5118461 0.8805096 0.5128546 0.876839 0.515084 0.8775304 0.5224289 0.8855098 0.5242878 0.8814356 0.5266937 0.8825321 0.5296673 0.8891221 0.5316215 0.8848488 0.5341572 0.8859931 0.5381342 0.8772213 0.5355982 0.8759968 0.5376715 0.8712404 0.5406387 0.878483 0.5381342 0.8772213 0.5403258 0.8724219 0.5430112 0.873605 0.5403258 0.8724219 0.5421358 0.8679256 0.5394929 0.8667982 0.5421358 0.8679256 0.5403258 0.8724219 0.5336274 0.8802826 0.5355982 0.8759968 0.5381342 0.8772213 0.5385116 0.8825536 0.5360935 0.881432 0.5381342 0.8772213 0.536733 0.8870388 0.535082 0.891535 0.5323197 0.8904055 0.5385116 0.8825536 0.536733 0.8870388 0.5341572 0.8859931 0.5316215 0.8848488 0.5336274 0.8802826 0.5360935 0.881432 0.5297115 0.8677912 0.532377 0.8689006 0.5305045 0.8736286 0.5355982 0.8759968 0.5330531 0.8747954 0.5350274 0.8700588 0.5368345 0.8656082 0.5394929 0.8667982 0.5376715 0.8712404 0.5330531 0.8747954 0.5305045 0.8736286 0.532377 0.8689006 0.5341139 0.8644163 0.5368345 0.8656082 0.5350274 0.8700588 0.5313393 0.863287 0.5341139 0.8644163 0.532377 0.8689006 0.5271785 0.8878242 0.529136 0.8836759 0.5316215 0.8848488 0.5330531 0.8747954 0.5355982 0.8759968 0.5336274 0.8802826 0.529136 0.8836759 0.5311439 0.8791353 0.5336274 0.8802826 0.5261905 0.8769385 0.5279542 0.872506 0.5305045 0.8736286 0.5330531 0.8747954 0.5311439 0.8791353 0.5286633 0.8780144 0.5247899 0.8866248 0.5266937 0.8825321 0.529136 0.8836759 0.5266937 0.8825321 0.5286633 0.8780144 0.5311439 0.8791353 0.5242878 0.8814356 0.5261905 0.8769385 0.5286633 0.8780144 0.5178114 0.8832703 0.5195925 0.8793479 0.5219171 0.8803761 0.5243304 0.8657587 0.5270304 0.8667439 0.5253935 0.8714398 0.5279542 0.872506 0.5253935 0.8714398 0.5270304 0.8667439 0.5285492 0.8622422 0.5313393 0.863287 0.5297115 0.8677912 0.5257645 0.8612525 0.5285492 0.8622422 0.5270304 0.8667439 0.5228186 0.8704351 0.5253935 0.8714398 0.5237273 0.8759113 0.5279542 0.872506 0.5261905 0.8769385 0.5237273 0.8759113 0.5200797 0.8844103 0.5219171 0.8803761 0.5242878 0.8814356 0.5219171 0.8803761 0.5237273 0.8759113 0.5261905 0.8769385 0.5195925 0.8793479 0.5212677 0.874945 0.5237273 0.8759113 0.5159721 0.8633451 0.5188128 0.864022 0.5175947 0.8686968 0.5228186 0.8704351 0.5202206 0.8695108 0.5215973 0.8648413 0.5229418 0.8602826 0.5257645 0.8612525 0.5243304 0.8657587 0.5202206 0.8695108 0.5175947 0.8686968 0.5188128 0.864022 0.5200068 0.8593693 0.5229418 0.8602826 0.5215973 0.8648413 0.5169463 0.85862 0.5200068 0.8593693 0.5188128 0.864022 0.5157031 0.8821581 0.5173189 0.8783811 0.5195925 0.8793479 0.5202206 0.8695108 0.5228186 0.8704351 0.5212677 0.874945 0.5173189 0.8783811 0.518809 0.8740589 0.5212677 0.874945 0.51494 0.8680124 0.5175947 0.8686968 0.5163467 0.873281 0.5202206 0.8695108 0.518809 0.8740589 0.5163467 0.873281 0.5137509 0.8812035 0.515084 0.8775304 0.5173189 0.8783811 0.515084 0.8775304 0.5163467 0.873281 0.518809 0.8740589 0.5128546 0.876839 0.5138749 0.8726433 0.5163467 0.873281 0.5017887 0.878638 0.5017247 0.8751472 0.5039035 0.8752802 0.5076891 0.8796234 0.5083357 0.8758794 0.5106009 0.8763042 0.5101833 0.8624898 0.5130897 0.8628368 0.5122609 0.8674787 0.51494 0.8680124 0.5122609 0.8674787 0.5130897 0.8628368 0.5138302 0.8580931 0.5169463 0.85862 0.5159721 0.8633451 0.510719 0.8577522 0.5138302 0.8580931 0.5130897 0.8628368 0.5095679 0.8670867 0.5122609 0.8674787 0.5113953 0.8721439 0.51494 0.8680124 0.5138749 0.8726433 0.5113953 0.8721439 0.5098208 0.8800435 0.5106009 0.8763042 0.5128546 0.876839 0.5106009 0.8763042 0.5113953 0.8721439 0.5138749 0.8726433 0.5083357 0.8758794 0.5089191 0.8717805 0.5113953 0.8721439 0.5012635 0.8623024 0.5042762 0.8622179 0.5041585 0.8667025 0.5095679 0.8670867 0.5068681 0.8668293 0.5072501 0.8622847 0.5075853 0.857531 0.510719 0.8577522 0.5101833 0.8624898 0.5068681 0.8668293 0.5041585 0.8667025 0.5042762 0.8622179 0.5043527 0.8574333 0.5075853 0.857531 0.5072501 0.8622847 0.5010151 0.8575325 0.5043527 0.8574333 0.5042762 0.8622179 0.5056114 0.8791744 0.5060983 0.8755339 0.5083357 0.8758794 0.5064596 0.8715336 0.5068681 0.8668293 0.5095679 0.8670867 0.5060983 0.8755339 0.5064596 0.8715336 0.5089191 0.8717805 0.5014405 0.8666936 0.5041585 0.8667025 0.5040219 0.8713883 0.5068681 0.8668293 0.5064596 0.8715336 0.5040219 0.8713883 0.5036773 0.8787983 0.5039035 0.8752802 0.5060983 0.8755339 0.5039035 0.8752802 0.5040219 0.8713883 0.5064596 0.8715336 0.5017247 0.8751472 0.5015955 0.8713541 0.5040219 0.8713883 0.4977712 0.8786807 0.4973121 0.8752193 0.4995274 0.8751269 0.4960186 0.8670704 0.495258 0.8629487 0.4982439 0.8625488 0.5014405 0.8666936 0.4987198 0.8668181 0.4982439 0.8625488 0.4976588 0.8578649 0.5010151 0.8575325 0.5012635 0.8623024 0.4943733 0.858396 0.4976588 0.8578649 0.4982439 0.8625488 0.4967607 0.8716043 0.4960186 0.8670704 0.4987198 0.8668181 0.4987198 0.8668181 0.5014405 0.8666936 0.5015955 0.8713541 0.4998091 0.8786374 0.4995274 0.8751269 0.5017247 0.8751472 0.4995274 0.8751269 0.4991748 0.87142 0.5015955 0.8713541 0.4967607 0.8716043 0.4991748 0.87142 0.4995274 0.8751269 0.4882168 0.8687806 0.4867267 0.8650555 0.4894907 0.8641804 0.495258 0.8629487 0.4960186 0.8670704 0.4933544 0.8674654 0.4911928 0.859072 0.4943733 0.858396 0.495258 0.8629487 0.4923361 0.8634898 0.4933544 0.8674654 0.4907488 0.8680278 0.4911928 0.859072 0.4923361 0.8634898 0.4894907 0.8641804 0.4867267 0.8650555 0.4850875 0.8608793 0.488102 0.8598875 0.4957848 0.8788183 0.4951051 0.8754513 0.4973121 0.8752193 0.4933544 0.8674654 0.4960186 0.8670704 0.4967607 0.8716043 0.4943675 0.8719291 0.4967607 0.8716043 0.4973121 0.8752193 0.4897288 0.8731051 0.4882168 0.8687806 0.4907488 0.8680278 0.4907488 0.8680278 0.4933544 0.8674654 0.4943675 0.8719291 0.4957848 0.8788183 0.4938564 0.8792052 0.4929288 0.8758754 0.4920154 0.8724184 0.4943675 0.8719291 0.4951051 0.8754513 0.4897288 0.8731051 0.4920154 0.8724184 0.4929288 0.8758754 0.4798465 0.8900566 0.4789294 0.8917833 0.4756761 0.890245 0.485188 0.883248 0.4838463 0.8843613 0.4818605 0.88191 0.4899374 0.8805396 0.4881469 0.8812909 0.4868036 0.8782596 0.4834138 0.8709369 0.4814379 0.8674387 0.4840461 0.8661425 0.4867267 0.8650555 0.4882168 0.8687806 0.4857736 0.8697549 0.4850875 0.8608793 0.4867267 0.8650555 0.4840461 0.8661425 0.4814379 0.8674387 0.4792642 0.8634738 0.4821466 0.8620753 0.4834138 0.8709369 0.4857736 0.8697549 0.4875255 0.873982 0.4882168 0.8687806 0.4897288 0.8731051 0.4875255 0.873982 0.4918973 0.87983 0.4899374 0.8805396 0.4887361 0.8773086 0.4875255 0.873982 0.4897288 0.8731051 0.4907951 0.8765069 0.4854255 0.8750468 0.4875255 0.873982 0.4887361 0.8773086 0.4768136 0.8755424 0.4739924 0.8724542 0.4763945 0.8706061 0.4814379 0.8674387 0.4834138 0.8709369 0.4811314 0.8723084 0.4792642 0.8634738 0.4814379 0.8674387 0.4788861 0.8689298 0.4788861 0.8689298 0.4811314 0.8723084 0.4789301 0.8738529 0.4764133 0.8650765 0.4788861 0.8689298 0.4763945 0.8706061 0.4739924 0.8724542 0.470894 0.8689569 0.4736021 0.8669039 0.4881469 0.8812909 0.4865993 0.882187 0.4850267 0.8793601 0.4811314 0.8723084 0.4834138 0.8709369 0.4854255 0.8750468 0.4834322 0.8762747 0.4854255 0.8750468 0.4868036 0.8782596 0.4797401 0.8791209 0.4768136 0.8755424 0.4789301 0.8738529 0.4789301 0.8738529 0.4811314 0.8723084 0.4834322 0.8762747 0.4865993 0.882187 0.485188 0.883248 0.4833877 0.8805898 0.4815363 0.8776359 0.4834322 0.8762747 0.4850267 0.8793601 0.4797401 0.8791209 0.4815363 0.8776359 0.4833877 0.8805898 0.4826698 0.885493 0.4817097 0.8867942 0.4791405 0.8848396 0.4729136 0.8793153 0.4695971 0.8765519 0.4717199 0.8744462 0.4739924 0.8724542 0.4768136 0.8755424 0.4748079 0.8773699 0.470894 0.8689569 0.4739924 0.8724542 0.4717199 0.8744462 0.4695971 0.8765519 0.46606 0.8735221 0.468368 0.871188 0.4729136 0.8793153 0.4748079 0.8773699 0.4780261 0.8807079 0.4748079 0.8773699 0.4768136 0.8755424 0.4797401 0.8791209 0.4838463 0.8843613 0.4826698 0.885493 0.4804441 0.8833127 0.4780261 0.8807079 0.4797401 0.8791209 0.4818605 0.88191 0.4764043 0.8824186 0.4780261 0.8807079 0.4804441 0.8833127 0.4680413 0.8858737 0.4641795 0.8835082 0.4658212 0.8810752 0.4695971 0.8765519 0.4729136 0.8793153 0.4711461 0.8813807 0.46606 0.8735221 0.4695971 0.8765519 0.4676302 0.8787587 0.4676302 0.8787587 0.4711461 0.8813807 0.4695217 0.8835701 0.4639407 0.8759181 0.4676302 0.8787587 0.4658212 0.8810752 0.4641795 0.8835082 0.4601862 0.8810509 0.4619755 0.8784139 0.4817097 0.8867942 0.4808069 0.8883512 0.4779171 0.886517 0.4711461 0.8813807 0.4729136 0.8793153 0.4764043 0.8824186 0.4748717 0.8842577 0.4764043 0.8824186 0.4791405 0.8848396 0.4721112 0.8883161 0.4680413 0.8858737 0.4695217 0.8835701 0.4711461 0.8813807 0.4748717 0.8842577 0.4734313 0.8862239 0.4808069 0.8883512 0.4798465 0.8900566 0.4767524 0.8883273 0.4734313 0.8862239 0.4748717 0.8842577 0.4779171 0.886517 0.4721112 0.8883161 0.4734313 0.8862239 0.4767524 0.8883273 0.4766187 0.90016 0.475984 0.9025927 0.4717462 0.9015035 0.4782215 0.8935698 0.4776902 0.8955593 0.4739142 0.8944231 0.4655412 0.8907754 0.4614077 0.8886544 0.4627132 0.8860442 0.4641795 0.8835082 0.4680413 0.8858737 0.4667205 0.8882826 0.4601862 0.8810509 0.4641795 0.8835082 0.4627132 0.8860442 0.4614077 0.8886544 0.4572522 0.8865895 0.4586154 0.8838015 0.4698493 0.8928261 0.4655412 0.8907754 0.4667205 0.8882826 0.4667205 0.8882826 0.4680413 0.8858737 0.4721112 0.8883161 0.4789294 0.8917833 0.4782215 0.8935698 0.4747319 0.8922705 0.4709149 0.8905192 0.4721112 0.8883161 0.4756761 0.890245 0.4698493 0.8928261 0.4709149 0.8905192 0.4747319 0.8922705 0.4581562 0.8967531 0.4591499 0.8940137 0.4635396 0.8959385 0.4614077 0.8886544 0.4655412 0.8907754 0.464488 0.8933329 0.4572522 0.8865895 0.4614077 0.8886544 0.4602289 0.8913139 0.464488 0.8933329 0.4635396 0.8959385 0.4591499 0.8940137 0.4560201 0.889368 0.4602289 0.8913139 0.4591499 0.8940137 0.4581562 0.8967531 0.4537652 0.8950133 0.4548583 0.8921626 0.4776902 0.8955593 0.4771887 0.897783 0.473173 0.8966974 0.464488 0.8933329 0.4655412 0.8907754 0.4698493 0.8928261 0.4688875 0.8952177 0.4698493 0.8928261 0.4739142 0.8944231 0.4626735 0.8985787 0.4635396 0.8959385 0.4680051 0.8976731 0.464488 0.8933329 0.4688875 0.8952177 0.4680051 0.8976731 0.4771887 0.897783 0.4766187 0.90016 0.4724541 0.8990653 0.4724541 0.8990653 0.4680051 0.8976731 0.4688875 0.8952177 0.4717462 0.9015035 0.4671844 0.9001814 0.4680051 0.8976731 0.4753631 0.9050736 0.4747781 0.9076619 0.4703818 0.9065871 0.4564104 0.9023228 0.4572471 0.899526 0.4618833 0.9012484 0.4626735 0.8985787 0.4618833 0.9012484 0.4572471 0.899526 0.4537652 0.8950133 0.4581562 0.8967531 0.4572471 0.899526 0.4564104 0.9023228 0.4518946 0.9008297 0.4527742 0.8979159 0.4656796 0.9053205 0.4611479 0.9039407 0.4618833 0.9012484 0.4618833 0.9012484 0.4626735 0.8985787 0.4671844 0.9001814 0.475984 0.9025927 0.4753631 0.9050736 0.4710556 0.9040083 0.4710556 0.9040083 0.4664114 0.9027311 0.4671844 0.9001814 0.4703818 0.9065871 0.4656796 0.9053205 0.4664114 0.9027311 0.4540637 0.9107204 0.4548435 0.9079183 0.4597921 0.9093264 0.4611479 0.9039407 0.4604542 0.906638 0.4556205 0.9051215 0.4518946 0.9008297 0.4564104 0.9023228 0.4556205 0.9051215 0.4604542 0.906638 0.4597921 0.9093264 0.4548435 0.9079183 0.4510874 0.9036967 0.4556205 0.9051215 0.4548435 0.9079183 0.4540637 0.9107204 0.4494059 0.909309 0.4502744 0.9065097 0.4747781 0.9076619 0.4741847 0.9103987 0.4697011 0.9092254 0.4649724 0.9079225 0.4604542 0.906638 0.4611479 0.9039407 0.4697011 0.9092254 0.4649724 0.9079225 0.4656796 0.9053205 0.4591695 0.9119851 0.4597921 0.9093264 0.4642719 0.9105074 0.4597921 0.9093264 0.4604542 0.906638 0.4649724 0.9079225 0.4741847 0.9103987 0.4734723 0.9132463 0.4689676 0.9118891 0.4689676 0.9118891 0.4642719 0.9105074 0.4649724 0.9079225 0.4681431 0.9145277 0.4635741 0.9130365 0.4642719 0.9105074</float_array>
          <technique_common>
            <accessor source="#Mesh_011-mesh-map-0-array" count="1200" stride="2">
              <param name="S" type="float"/>
              <param name="T" type="float"/>
            </accessor>
          </technique_common>
        </source>
        <vertices id="Mesh_011-mesh-vertices">
          <input semantic="POSITION" source="#Mesh_011-mesh-positions"/>
        </vertices>
        <triangles material="wires-material" count="400">
          <input semantic="VERTEX" source="#Mesh_011-mesh-vertices" offset="0"/>
          <input semantic="NORMAL" source="#Mesh_011-mesh-normals" offset="1"/>
          <input semantic="TEXCOORD" source="#Mesh_011-mesh-map-0" offset="2" set="0"/>
          <p>195 0 0 204 1 1 203 2 2 96 3 3 105 4 4 104 5 5 3 6 6 55 7 7 47 8 8 4 9 9 31 10 10 23 11 11 5 12 12 17 13 13 9 14 14 8 15 15 12 16 16 11 17 17 6 18 18 11 17 19 10 19 20 10 19 21 9 14 22 0 20 23 5 12 24 11 17 25 12 16 26 14 21 27 8 15 28 15 22 29 13 23 30 8 15 31 6 18 32 16 24 33 9 14 34 17 13 35 13 23 36 17 13 37 15 22 38 18 25 39 15 22 40 17 13 41 26 26 42 24 27 43 19 28 44 7 29 45 22 30 46 12 16 47 20 31 48 12 16 49 22 30 50 21 32 51 25 33 52 22 30 53 23 11 54 22 30 55 25 33 56 4 9 57 25 33 58 26 26 59 20 31 60 18 25 61 5 12 62 21 32 63 14 21 64 27 34 65 28 35 66 14 21 67 18 25 68 29 36 69 24 27 70 30 37 71 21 32 72 30 37 73 24 27 74 23 11 75 28 35 76 20 31 77 31 10 78 27 34 79 28 35 80 32 38 81 30 37 82 31 10 83 33 39 84 41 40 85 35 41 86 38 42 87 36 43 88 34 44 89 19 28 90 37 45 91 26 26 92 35 41 93 26 26 94 37 45 95 33 39 96 37 45 97 38 42 98 34 44 99 40 46 100 39 47 101 19 28 102 40 46 103 36 43 104 35 41 105 32 38 106 4 9 107 41 40 108 29 36 109 32 38 110 42 48 111 40 46 112 41 40 113 50 49 114 48 50 115 43 51 116 34 44 117 46 52 118 38 42 119 44 53 120 38 42 121 46 52 122 45 54 123 49 55 124 46 52 125 47 8 126 46 52 127 49 55 128 3 6 129 49 55 130 50 49 131 44 53 132 42 48 133 33 39 134 45 54 135 39 47 136 51 56 137 52 57 138 39 47 139 42 48 140 43 51 141 54 58 142 53 59 143 45 54 144 54 58 145 48 50 146 47 8 147 52 57 148 44 53 149 55 7 150 51 56 151 52 57 152 56 60 153 54 58 154 55 7 155 57 61 156 80 62 157 72 63 158 58 64 159 66 65 160 60 66 161 63 67 162 61 68 163 59 69 164 43 51 165 62 70 166 50 49 167 60 66 168 50 49 169 62 70 170 58 64 171 62 70 172 63 67 173 59 69 174 65 71 175 64 72 176 43 51 177 65 71 178 61 68 179 60 66 180 56 60 181 3 6 182 66 65 183 53 59 184 56 60 185 67 73 186 65 71 187 66 65 188 75 74 189 73 75 190 68 76 191 59 69 192 71 77 193 63 67 194 69 78 195 63 67 196 71 77 197 70 79 198 74 80 199 71 77 200 72 63 201 71 77 202 74 80 203 57 61 204 74 80 205 75 74 206 69 78 207 67 73 208 58 64 209 76 81 210 59 69 211 64 72 212 77 82 213 64 72 214 67 73 215 68 76 216 79 83 217 78 84 218 70 79 219 79 83 220 73 75 221 72 63 222 77 82 223 69 78 224 80 62 225 76 81 226 77 82 227 81 85 228 79 83 229 80 62 230 82 86 231 90 87 232 84 88 233 83 89 234 86 90 235 85 91 236 68 76 237 86 90 238 75 74 239 84 88 240 75 74 241 86 90 242 82 86 243 86 90 244 87 92 245 88 93 246 85 91 247 89 94 248 85 91 249 78 84 250 89 94 251 84 88 252 81 85 253 57 61 254 90 87 255 78 84 256 81 85 257 88 93 258 90 87 259 91 95 260 92 96 261 98 97 262 97 98 263 87 92 264 94 99 265 95 100 266 93 101 267 87 92 268 95 100 269 95 100 270 97 98 271 98 97 272 93 101 273 98 97 274 96 3 275 99 102 276 96 3 277 98 97 278 93 101 279 91 95 280 82 86 281 94 99 282 88 93 283 100 103 284 100 103 285 91 95 286 101 104 287 102 105 288 97 98 289 103 106 290 97 98 291 100 103 292 103 106 293 93 101 294 104 5 295 101 104 296 103 106 297 101 104 298 104 5 299 102 105 300 104 5 301 105 4 302 146 107 303 155 108 304 154 109 305 122 110 306 131 111 307 130 112 308 110 113 309 117 114 310 116 115 311 109 116 312 112 117 313 111 118 314 99 102 315 111 118 316 112 117 317 2 119 318 112 117 319 110 113 320 113 120 321 110 113 322 112 117 323 109 116 324 115 121 325 114 122 326 92 96 327 115 121 328 111 118 329 2 119 330 116 115 331 105 4 332 115 121 333 105 4 334 116 115 335 114 122 336 116 115 337 117 114 338 118 123 339 124 124 340 123 125 341 113 120 342 120 126 343 121 127 344 108 128 345 121 127 346 119 129 347 121 127 348 123 125 349 124 124 350 119 129 351 124 124 352 122 110 353 125 130 354 122 110 355 124 124 356 108 128 357 127 131 358 117 114 359 120 126 360 114 122 361 126 132 362 126 132 363 117 114 364 127 131 365 128 133 366 123 125 367 129 134 368 123 125 369 126 132 370 129 134 371 119 129 372 130 112 373 127 131 374 129 134 375 127 131 376 130 112 377 128 133 378 130 112 379 131 111 380 134 135 381 141 136 382 140 137 383 133 138 384 136 139 385 135 140 386 125 130 387 135 140 388 136 139 389 107 141 390 136 139 391 134 135 392 137 142 393 134 135 394 136 139 395 133 138 396 139 143 397 138 144 398 135 140 399 128 133 400 139 143 401 107 141 402 140 137 403 131 111 404 139 143 405 131 111 406 140 137 407 138 144 408 140 137 409 141 136 410 142 145 411 148 146 412 147 147 413 137 142 414 144 148 415 145 149 416 132 150 417 145 149 418 143 151 419 145 149 420 147 147 421 148 146 422 143 151 423 148 146 424 146 107 425 149 152 426 146 107 427 148 146 428 132 150 429 151 153 430 141 136 431 144 148 432 138 144 433 150 154 434 150 154 435 141 136 436 151 153 437 152 155 438 147 147 439 153 156 440 144 148 441 153 156 442 147 147 443 143 151 444 154 109 445 151 153 446 153 156 447 151 153 448 154 109 449 152 155 450 154 109 451 155 108 452 171 157 453 180 158 454 179 159 455 159 160 456 166 161 457 165 162 458 158 163 459 161 164 460 160 165 461 149 152 462 160 165 463 161 164 464 106 166 465 161 164 466 159 160 467 162 167 468 159 160 469 161 164 470 163 168 471 160 165 472 164 169 473 160 165 474 152 155 475 164 169 476 106 166 477 165 162 478 155 108 479 164 169 480 155 108 481 165 162 482 163 168 483 165 162 484 166 161 485 174 170 486 172 171 487 167 172 488 162 167 489 169 173 490 170 174 491 157 175 492 170 174 493 168 176 494 169 173 495 173 177 496 170 174 497 168 176 498 173 177 499 171 157 500 174 170 501 171 157 502 173 177 503 157 175 504 176 178 505 166 161 506 169 173 507 163 168 508 175 179 509 175 179 510 166 161 511 176 178 512 167 172 513 178 180 514 177 181 515 169 173 516 178 180 517 172 171 518 168 176 519 179 159 520 176 178 521 179 159 522 175 179 523 176 178 524 180 158 525 178 180 526 179 159 527 183 182 528 190 183 529 189 184 530 186 185 531 184 186 532 182 187 533 167 172 534 185 188 535 174 170 536 156 189 537 185 188 538 183 182 539 186 185 540 183 182 541 185 188 542 187 190 543 184 186 544 188 191 545 184 186 546 177 181 547 188 191 548 156 189 549 189 184 550 180 158 551 189 184 552 177 181 553 180 158 554 190 183 555 188 191 556 189 184 557 198 192 558 196 193 559 191 194 560 182 187 561 194 195 562 186 185 563 181 196 564 194 195 565 192 197 566 193 198 567 197 199 568 194 195 569 192 197 570 197 199 571 195 0 572 198 192 573 195 0 574 197 199 575 181 196 576 200 200 577 190 183 578 199 201 579 182 187 580 187 190 581 200 200 582 187 190 583 190 183 584 191 194 585 202 202 586 201 203 587 196 193 588 199 201 589 202 202 590 192 197 591 203 2 592 200 200 593 203 2 594 199 201 595 200 200 596 204 1 597 202 202 598 203 2 599 195 0 600 1 204 601 204 1 602 96 3 603 2 119 604 105 4 605 3 6 606 56 60 607 55 7 608 4 9 609 32 38 610 31 10 611 5 12 612 18 25 613 17 13 614 8 15 615 7 29 616 12 16 617 6 18 618 8 15 619 11 17 620 10 19 621 11 17 622 9 14 623 5 12 624 9 14 625 11 17 626 14 21 627 7 29 628 8 15 629 13 23 630 15 22 631 8 15 632 16 24 633 0 20 634 9 14 635 13 23 636 16 24 637 17 13 638 18 25 639 14 21 640 15 22 641 26 26 642 25 33 643 24 27 644 7 29 645 21 32 646 22 30 647 20 31 648 5 12 649 12 16 650 21 32 651 24 27 652 25 33 653 23 11 654 20 31 655 22 30 656 4 9 657 23 11 658 25 33 659 20 31 660 28 35 661 18 25 662 21 32 663 7 29 664 14 21 665 28 35 666 27 34 667 14 21 668 29 36 669 19 28 670 24 27 671 21 32 672 27 34 673 30 37 674 23 11 675 31 10 676 28 35 677 31 10 678 30 37 679 27 34 680 32 38 681 29 36 682 30 37 683 33 39 684 42 48 685 41 40 686 38 42 687 37 45 688 36 43 689 19 28 690 36 43 691 37 45 692 35 41 693 4 9 694 26 26 695 33 39 696 35 41 697 37 45 698 34 44 699 36 43 700 40 46 701 19 28 702 29 36 703 40 46 704 35 41 705 41 40 706 32 38 707 41 40 708 40 46 709 29 36 710 42 48 711 39 47 712 40 46 713 50 49 714 49 55 715 48 50 716 34 44 717 45 54 718 46 52 719 44 53 720 33 39 721 38 42 722 45 54 723 48 50 724 49 55 725 47 8 726 44 53 727 46 52 728 3 6 729 47 8 730 49 55 731 44 53 732 52 57 733 42 48 734 45 54 735 34 44 736 39 47 737 52 57 738 51 56 739 39 47 740 43 51 741 48 50 742 54 58 743 45 54 744 51 56 745 54 58 746 47 8 747 55 7 748 52 57 749 55 7 750 54 58 751 51 56 752 56 60 753 53 59 754 54 58 755 57 61 756 81 85 757 80 62 758 58 64 759 67 73 760 66 65 761 63 67 762 62 70 763 61 68 764 43 51 765 61 68 766 62 70 767 60 66 768 3 6 769 50 49 770 58 64 771 60 66 772 62 70 773 59 69 774 61 68 775 65 71 776 43 51 777 53 59 778 65 71 779 60 66 780 66 65 781 56 60 782 66 65 783 65 71 784 53 59 785 67 73 786 64 72 787 65 71 788 75 74 789 74 80 790 73 75 791 59 69 792 70 79 793 71 77 794 69 78 795 58 64 796 63 67 797 70 79 798 73 75 799 74 80 800 72 63 801 69 78 802 71 77 803 57 61 804 72 63 805 74 80 806 69 78 807 77 82 808 67 73 809 76 81 810 70 79 811 59 69 812 77 82 813 76 81 814 64 72 815 68 76 816 73 75 817 79 83 818 70 79 819 76 81 820 79 83 821 72 63 822 80 62 823 77 82 824 80 62 825 79 83 826 76 81 827 81 85 828 78 84 829 79 83 830 82 86 831 91 95 832 90 87 833 83 89 834 87 92 835 86 90 836 68 76 837 85 91 838 86 90 839 84 88 840 57 61 841 75 74 842 82 86 843 84 88 844 86 90 845 88 93 846 83 89 847 85 91 848 85 91 849 68 76 850 78 84 851 84 88 852 90 87 853 81 85 854 90 87 855 89 94 856 78 84 857 88 93 858 89 94 859 90 87 860 92 96 861 99 102 862 98 97 863 87 92 864 83 89 865 94 99 866 93 101 867 82 86 868 87 92 869 95 100 870 94 99 871 97 98 872 93 101 873 95 100 874 98 97 875 99 102 876 2 119 877 96 3 878 93 101 879 101 104 880 91 95 881 94 99 882 83 89 883 88 93 884 100 103 885 88 93 886 91 95 887 102 105 888 92 96 889 97 98 890 97 98 891 94 99 892 100 103 893 93 101 894 96 3 895 104 5 896 103 106 897 100 103 898 101 104 899 102 105 900 103 106 901 104 5 902 146 107 903 106 166 904 155 108 905 122 110 906 107 141 907 131 111 908 110 113 909 108 128 910 117 114 911 109 116 912 113 120 913 112 117 914 99 102 915 92 96 916 111 118 917 2 119 918 99 102 919 112 117 920 113 120 921 108 128 922 110 113 923 109 116 924 111 118 925 115 121 926 92 96 927 102 105 928 115 121 929 2 119 930 110 113 931 116 115 932 115 121 933 102 105 934 105 4 935 114 122 936 115 121 937 116 115 938 118 123 939 125 130 940 124 124 941 113 120 942 109 116 943 120 126 944 108 128 945 113 120 946 121 127 947 121 127 948 120 126 949 123 125 950 119 129 951 121 127 952 124 124 953 125 130 954 107 141 955 122 110 956 108 128 957 119 129 958 127 131 959 120 126 960 109 116 961 114 122 962 126 132 963 114 122 964 117 114 965 128 133 966 118 123 967 123 125 968 123 125 969 120 126 970 126 132 971 119 129 972 122 110 973 130 112 974 129 134 975 126 132 976 127 131 977 128 133 978 129 134 979 130 112 980 134 135 981 132 150 982 141 136 983 133 138 984 137 142 985 136 139 986 125 130 987 118 123 988 135 140 989 107 141 990 125 130 991 136 139 992 137 142 993 132 150 994 134 135 995 133 138 996 135 140 997 139 143 998 135 140 999 118 123 1000 128 133 1001 107 141 1002 134 135 1003 140 137 1004 139 143 1005 128 133 1006 131 111 1007 138 144 1008 139 143 1009 140 137 1010 142 145 1011 149 152 1012 148 146 1013 137 142 1014 133 138 1015 144 148 1016 132 150 1017 137 142 1018 145 149 1019 145 149 1020 144 148 1021 147 147 1022 143 151 1023 145 149 1024 148 146 1025 149 152 1026 106 166 1027 146 107 1028 132 150 1029 143 151 1030 151 153 1031 144 148 1032 133 138 1033 138 144 1034 150 154 1035 138 144 1036 141 136 1037 152 155 1038 142 145 1039 147 147 1040 144 148 1041 150 154 1042 153 156 1043 143 151 1044 146 107 1045 154 109 1046 153 156 1047 150 154 1048 151 153 1049 152 155 1050 153 156 1051 154 109 1052 171 157 1053 156 189 1054 180 158 1055 159 160 1056 157 175 1057 166 161 1058 158 163 1059 162 167 1060 161 164 1061 149 152 1062 142 145 1063 160 165 1064 106 166 1065 149 152 1066 161 164 1067 162 167 1068 157 175 1069 159 160 1070 163 168 1071 158 163 1072 160 165 1073 160 165 1074 142 145 1075 152 155 1076 106 166 1077 159 160 1078 165 162 1079 164 169 1080 152 155 1081 155 108 1082 163 168 1083 164 169 1084 165 162 1085 174 170 1086 173 177 1087 172 171 1088 162 167 1089 158 163 1090 169 173 1091 157 175 1092 162 167 1093 170 174 1094 169 173 1095 172 171 1096 173 177 1097 168 176 1098 170 174 1099 173 177 1100 174 170 1101 156 189 1102 171 157 1103 157 175 1104 168 176 1105 176 178 1106 169 173 1107 158 163 1108 163 168 1109 175 179 1110 163 168 1111 166 161 1112 167 172 1113 172 171 1114 178 180 1115 169 173 1116 175 179 1117 178 180 1118 168 176 1119 171 157 1120 179 159 1121 179 159 1122 178 180 1123 175 179 1124 180 158 1125 177 181 1126 178 180 1127 183 182 1128 181 196 1129 190 183 1130 186 185 1131 185 188 1132 184 186 1133 167 172 1134 184 186 1135 185 188 1136 156 189 1137 174 170 1138 185 188 1139 186 185 1140 181 196 1141 183 182 1142 187 190 1143 182 187 1144 184 186 1145 184 186 1146 167 172 1147 177 181 1148 156 189 1149 183 182 1150 189 184 1151 189 184 1152 188 191 1153 177 181 1154 190 183 1155 187 190 1156 188 191 1157 198 192 1158 197 199 1159 196 193 1160 182 187 1161 193 198 1162 194 195 1163 181 196 1164 186 185 1165 194 195 1166 193 198 1167 196 193 1168 197 199 1169 192 197 1170 194 195 1171 197 199 1172 198 192 1173 1 204 1174 195 0 1175 181 196 1176 192 197 1177 200 200 1178 199 201 1179 193 198 1180 182 187 1181 200 200 1182 199 201 1183 187 190 1184 191 194 1185 196 193 1186 202 202 1187 196 193 1188 193 198 1189 199 201 1190 192 197 1191 195 0 1192 203 2 1193 203 2 1194 202 202 1195 199 201 1196 204 1 1197 201 203 1198 202 202 1199</p>
        </triangles>
      </mesh>
    </geometry>
    <geometry id="Mesh_010-mesh" name="Mesh.010">
      <mesh>
        <source id="Mesh_010-mesh-positions">
          <float_array id="Mesh_010-mesh-positions-array" count="615">0.2923746 27.20871 7.651328 -24.86057 37.91161 3.64521 -16.213 23.63537 4.9762 -7.458816 23.48262 6.386093 -3.385274 24.97685 7.048994 -1.126468 26.23784 7.418467 -0.9287971 29.03544 6.764367 -2.232996 28.10816 6.550169 -1.574231 28.56095 6.658295 -0.4081107 26.71093 7.536283 -0.006043553 27.87686 6.425192 -0.6865131 27.38755 6.31341 -1.383203 26.92184 6.199118 -1.148094 29.02949 8.125362 -2.452293 28.10221 7.911161 -1.793527 28.555 8.019289 -0.3769865 27.8668 8.727323 -1.057454 27.37749 8.61554 -1.754146 26.91178 8.501248 -4.286021 26.88935 6.214039 -1.862468 25.79035 7.29792 -2.904881 27.67791 6.440027 -2.095887 26.48062 6.082354 -2.615634 25.36958 7.174723 -3.589436 27.27124 6.327948 -2.824107 26.06498 5.9632 -3.567183 25.67619 5.841768 -3.124178 27.67196 7.801022 -2.46683 26.47056 8.384485 -4.505317 26.88341 7.575031 -3.808732 27.26529 7.688942 -3.195049 26.05492 8.26533 -3.938127 25.66613 8.143898 -4.971955 24.28062 6.790289 -5.713386 26.20468 5.981054 -4.170972 24.61337 6.920807 -4.99424 26.53338 6.098366 -4.32471 25.31544 5.71813 -5.095939 24.98416 5.592415 -5.932684 26.19873 7.342049 -5.213537 26.52743 7.45936 -4.695653 25.30538 8.02026 -5.466881 24.9741 7.894545 -7.929158 25.39688 5.620497 -5.787478 23.98012 6.657572 -6.442765 25.90466 5.862219 -5.880139 24.68384 5.464745 -6.616739 23.71353 6.522787 -7.181639 25.63484 5.741983 -6.676536 24.41607 5.335251 -7.48423 24.1826 5.204086 -6.662063 25.89871 7.223211 -6.251081 24.67378 7.766874 -8.148455 25.39093 6.981491 -7.400936 25.6289 7.102978 -7.047478 24.40601 7.637381 -7.855173 24.17254 7.506216 -11.81596 22.93721 5.681644 -9.176907 23.13582 6.107742 -9.446022 25.02389 5.374454 -8.312628 23.28935 6.247675 -8.684339 25.19258 5.497921 -8.30218 23.98532 5.071428 -9.129157 23.82628 4.937483 -9.665318 25.01794 6.735449 -8.903636 25.18663 6.858915 -8.673123 23.97526 7.373558 -9.500099 23.81622 7.239613 -11.75512 24.7534 5.001205 -10.05015 23.02431 5.966549 -10.21284 24.89293 5.250324 -9.9637 23.7077 4.802494 -10.93054 22.95725 5.824398 -10.98318 24.80196 5.125801 -10.80408 23.63194 4.666752 -11.64823 23.60153 4.530601 -10.43214 24.88698 6.611319 -10.33464 23.69763 7.104624 -11.97441 24.74745 6.362202 -11.20247 24.79601 6.486795 -11.17502 23.62188 6.968882 -12.01918 23.59147 6.832731 -13.59125 23.04891 5.39608 -13.2944 24.79356 4.753357 -12.70384 22.96686 5.538708 -12.52639 24.74974 4.876915 -12.49372 23.61907 4.394443 -13.33771 23.68721 4.258751 -13.51369 24.78761 6.114353 -12.74569 24.74379 6.237911 -12.86466 23.609 6.696575 -13.70865 23.67715 6.560879 -15.54591 25.23463 4.392498 -14.47488 23.18608 5.254299 -14.05624 24.88742 4.631012 -14.17706 23.80864 4.124035 -15.35031 23.38083 5.114094 -14.80804 25.03373 4.510513 -15.00754 23.98578 3.990997 -15.82484 24.22082 3.860329 -14.27553 24.88148 5.992008 -14.548 23.79858 6.426167 -15.76521 25.22869 5.753494 -15.02734 25.02778 5.87151 -15.37848 23.97572 6.293125 -16.19579 24.21076 6.16246 -22.94322 29.3337 3.916664 -20.13768 25.82953 4.353405 -17.87844 24.32946 4.71088 -16.96111 25.80612 4.166965 -17.05764 23.9513 4.841484 -16.26524 25.49178 4.277718 -16.62392 24.51537 3.732861 -17.3993 24.87032 3.609478 -17.18041 25.80017 5.527958 -16.48454 25.48583 5.63871 -16.99486 24.50531 6.034992 -17.77024 24.86026 5.911606 -18.85738 27.08745 3.86702 -18.66936 24.76966 4.585365 -17.62841 26.17771 4.061066 -18.14527 25.28557 3.491093 -19.42432 25.27054 4.465904 -18.26206 26.60553 3.960838 -18.85612 25.75989 3.378628 -19.52656 26.29086 3.272919 -17.84771 26.17176 5.422062 -18.51621 25.27551 5.793224 -19.07668 27.0815 5.228012 -18.48136 26.59958 5.321831 -19.22706 25.74983 5.680756 -19.8975 26.2808 5.57505 -21.42037 27.10549 4.152302 -19.91755 28.19945 3.701054 -20.80428 26.44271 4.248676 -19.4102 27.6201 3.780273 -20.15178 26.87476 3.174728 -20.72834 27.50721 3.084591 -20.13685 28.1935 5.06205 -19.62949 27.61415 5.141266 -20.52272 26.8647 5.47686 -21.09928 27.49715 5.386723 -21.15053 30.16622 3.510979 -21.98292 27.81206 4.064747 -20.37712 28.82035 3.629719 -21.25345 28.18263 3.002933 -22.49061 28.55673 3.986195 -20.78808 29.47768 3.566372 -21.72596 28.89554 2.929913 -22.14579 29.64035 2.86552 -20.59642 28.8144 4.990711 -21.62439 28.17256 5.305065 -21.36983 30.16027 4.871971 -21.00738 29.47173 4.927364 -22.09691 28.88548 5.232044 -22.51673 29.63029 5.167652 -24.43114 33.52464 3.695229 -23.68701 30.96242 3.803932 -21.73424 31.61669 3.423264 -23.34149 30.13732 3.856003 -21.46538 30.8808 3.463371 -22.51373 30.4116 2.809605 -22.83138 31.20426 2.761887 -21.95354 31.61074 4.78426 -21.68468 30.87485 4.824364 -22.88467 30.40154 5.111736 -23.20232 31.1942 5.064018 -22.2874 33.91339 3.344173 -23.98203 31.80446 3.760078 -21.95923 32.3697 3.390305 -23.10093 32.01393 2.721992 -24.22916 32.65967 3.723995 -22.14278 33.13633 3.364078 -23.32494 32.83693 2.689495 -23.50607 33.66994 2.663952 -22.17853 32.36376 4.751297 -23.47187 32.00387 5.02412 -22.50669 33.90744 4.705166 -22.36208 33.13038 4.725071 -23.69589 32.82687 4.991623 -23.87701 33.65988 4.96608 -24.71091 35.27257 3.657791 -22.46994 35.48815 3.321644 -24.59072 34.39594 3.673325 -22.39556 34.69766 3.330173 -23.64695 34.5096 2.64492 -23.75049 35.35491 2.631931 -22.68924 35.48221 4.682636 -22.61486 34.69171 4.691166 -24.01789 34.49953 4.947048 -24.12143 35.34485 4.934063 -22.51299 37.87532 3.325138 -24.7942 36.15101 3.648209 -22.51279 36.28158 3.318207 -23.81907 36.20243 2.624584 -24.84331 37.03115 3.644142 -22.52645 37.07775 3.319485 -23.85529 37.05204 2.622459 -23.86138 37.90237 2.625195 -22.73208 36.27563 4.679199 -24.19001 36.19237 4.926716 -22.73228 37.86938 4.686134 -22.74575 37.0718 4.680477 -24.22624 37.04198 4.924591 -24.23232 37.89231 4.927326</float_array>
          <technique_common>
            <accessor source="#Mesh_010-mesh-positions-array" count="205" stride="3">
              <param name="X" type="float"/>
              <param name="Y" type="float"/>
              <param name="Z" type="float"/>
            </accessor>
          </technique_common>
        </source>
        <source id="Mesh_010-mesh-normals">
          <float_array id="Mesh_010-mesh-normals-array" count="615">-0.9866302 -0.0351879 -0.1591313 -0.4603955 -0.009887993 0.8876589 -0.9870715 -0.01915621 -0.1591322 -0.2423782 -0.9692156 -0.04328936 -0.2505981 -0.3141659 0.9156967 -0.3080674 -0.9498429 -0.05378818 -0.06420028 -0.3173352 0.9461379 0.2400372 -0.9701528 0.03443658 0.2815697 -0.9586567 0.04117977 -0.007181525 -0.2882465 0.9575294 0.4295724 -0.9006698 0.06528091 0.4626424 -0.8837228 0.07068336 0.02061694 -0.2685546 0.9630439 0.5247399 -0.8474147 0.08084762 0.5539198 -0.8281545 0.08563303 -0.3651801 0.6677735 -0.648631 0.3167837 -0.2621114 -0.9115623 -0.3463554 0.682042 -0.6440938 0.3344789 -0.2601325 -0.9057897 -0.3768827 0.6592289 -0.6506741 0.3296127 -0.2522376 -0.9097976 0.5673921 -0.8187488 0.08784443 -0.5320894 0.6770485 0.5084154 -0.5531278 0.6618121 0.5060181 -0.5630717 0.6541591 0.5050012 0.02750957 -0.2604321 0.9651002 0.01826524 -0.2818955 0.9592713 -0.2996819 0.7125843 -0.6343615 0.2882108 -0.281472 -0.9152639 -0.2779406 0.7263638 -0.6286054 0.3114467 -0.2678036 -0.9117469 0.4943392 -0.8659519 0.07586884 0.3073029 -0.2814334 -0.9090436 -0.3198701 0.6972138 -0.6415419 -0.5099889 0.6920311 0.5108858 0.008884847 -0.2889087 0.9573154 -0.4648576 0.7190564 0.5165899 -0.4847356 0.7075663 0.5141804 -0.01129722 -0.3026398 0.9530382 -0.02812939 -0.3006628 0.9533156 0.3586118 -0.9319403 0.05371046 0.3947158 -0.9168688 0.05959242 -0.2502505 0.741159 -0.6229432 0.2665852 -0.2935203 -0.9180296 -0.225973 0.7543796 -0.6163179 0.2868546 -0.2951955 -0.9113584 -0.4384614 0.7342227 0.5183326 -0.4091433 0.7493475 0.5206536 -0.03373801 -0.3157669 0.9482369 -0.1647752 0.7808467 -0.6026009 0.2292454 -0.3092769 -0.922927 -0.135563 0.7925823 -0.5945048 0.2597132 -0.2991598 -0.9181789 0.3211556 -0.9458287 0.04761505 0.2516195 -0.3144882 -0.9153059 -0.1922461 0.7670457 -0.6121131 -0.3801611 0.762735 0.5231759 -0.04595476 -0.3219688 0.9456343 -0.3516712 0.7743032 0.5261009 -0.3165191 0.7876098 0.528665 -0.072748 -0.3334165 0.9399688 -0.1405562 -0.3346652 0.9317957 -0.00194472 -0.9999873 -0.004682362 0.05148744 -0.9986659 0.003931224 -0.09204679 -0.3263381 0.9407609 0.1499706 -0.9884913 0.01984506 0.1960715 -0.9802094 0.02730792 -0.09822171 0.8038052 -0.5867281 0.2004489 -0.3173677 -0.9268754 -0.06475967 0.8137535 -0.5775911 0.2243618 -0.3257859 -0.9184364 -0.2841055 0.7976973 0.5319427 -0.244023 0.8088197 0.535036 -0.1030965 -0.3428598 0.9337121 0.02011179 0.8287165 -0.5593073 0.1504877 -0.3235808 -0.9341568 0.06145894 0.8337455 -0.548718 0.1912075 -0.3219726 -0.9272397 0.1022795 -0.9946817 0.01213145 0.1765109 -0.3385746 -0.9242354 -0.01930177 0.8201478 -0.5718262 -0.2081639 0.8156088 0.5398613 -0.1197856 -0.3465852 0.9303387 -0.164162 0.823548 0.5429731 -0.1151477 0.8289551 0.5473341 -0.1563898 -0.3512307 0.9231356 -0.1789644 -0.334086 0.9253963 -0.1169004 -0.9928731 -0.02317738 -0.05807274 -0.9982181 -0.01372241 0.1662276 0.831242 -0.5304764 0.1309608 -0.3224898 -0.9374698 0.1127297 -0.3204491 -0.9405342 -0.02008217 0.8273169 0.5613764 0.1153431 0.8315338 -0.5433668 -0.06926327 0.8236081 0.5629143 -0.2014335 -0.3397946 0.9186753 0.3375177 0.7989595 -0.4977405 0.07180953 -0.3118938 -0.9473995 0.05018967 -0.3060243 -0.9506999 0.2155216 0.8277034 -0.5181288 -0.1768003 -0.9837006 -0.03278732 0.08434545 -0.3188821 -0.9440339 0.2657079 0.8153494 -0.5143976 0.04073572 0.822967 0.5666269 -0.2217509 -0.3363738 0.9152482 0.1517001 0.7977281 0.5836241 -0.2454188 -0.3304458 0.911359 0.09438747 0.8053864 0.585187 -0.8332294 -0.5358785 -0.1362468 -0.4338291 -0.1582056 0.8869969 -0.8682368 -0.475403 -0.1419751 -0.5735632 -0.8135613 -0.09562104 -0.3587315 -0.2547454 0.898007 -0.6352323 -0.7650543 -0.1056973 -0.375013 -0.9247754 -0.06446552 -0.2948628 -0.2965781 0.9083488 -0.4423532 -0.8936842 -0.07518178 0.4598876 0.7487272 -0.4774005 0.02805972 -0.2982366 -0.9540795 0.005814611 -0.2883764 -0.9574996 0.3854788 0.7796238 -0.4935513 0.2153973 0.7771492 0.5913064 0.2813831 0.7483528 0.6006593 -0.2919312 -0.3151172 0.9030379 0.6333174 0.6271796 -0.4533817 -0.03775346 -0.2624905 -0.9641958 -0.05821776 -0.2465535 -0.967379 0.515586 0.7188746 -0.4662515 -0.01985067 -0.3064453 -0.9516813 -0.5086445 -0.8567007 -0.08570128 0.5656608 0.6798055 -0.4667894 -0.3168922 -0.2846542 0.9047383 0.3420556 0.7141672 0.6107071 0.4480602 0.6312959 0.6330146 -0.3605618 -0.2748389 0.8913243 0.3920613 0.6669178 0.6336471 -0.6929606 -0.7118505 -0.1143442 -0.3949018 -0.2183121 0.8924082 -0.7453566 -0.655228 -0.1229631 0.7276003 0.5236549 -0.4431517 -0.07720708 -0.2290363 -0.9703512 -0.0943849 -0.2100797 -0.9731178 0.6716328 0.5855804 -0.4538778 0.5008441 0.5808337 0.6417067 0.5487143 0.5249303 0.6506618 -0.3999734 -0.2374899 0.885223 0.824014 0.3609103 -0.4367434 -0.1223503 -0.1701698 -0.9777897 -0.1331085 -0.1499525 -0.979692 0.7633647 0.4751466 -0.4376188 -0.1236909 -0.2150436 -0.9687399 -0.7923446 -0.5960025 -0.1302729 0.7893943 0.4248471 -0.4431273 -0.4100537 -0.1985664 0.8901838 0.5865324 0.4703054 0.6593881 0.6395485 0.3663908 0.6758222 0.6195495 0.4115946 0.6683924 -0.442145 -0.1737639 0.8799512 -0.9551357 -0.252542 -0.1547207 -0.4590356 -0.06740105 0.8858575 -0.9665789 -0.2029566 -0.156633 -0.8973326 -0.4163648 -0.1464058 -0.4493795 -0.1192893 0.8853407 -0.9211478 -0.3591494 -0.1499952 0.8611079 0.2602485 -0.4367655 -0.1417288 -0.1302183 -0.9813033 -0.1484237 -0.1110312 -0.9826712 0.8387103 0.3196917 -0.4408655 0.6766462 0.2650495 0.6869488 -0.4585489 -0.1318537 0.8788331 0.6556234 0.3069142 0.6898998 0.8814163 0.171988 -0.4399152 -0.1574766 -0.05915445 -0.9857494 0.887493 0.1352029 -0.440541 0.8722904 0.2200209 -0.4366922 -0.168783 -0.1040832 -0.9801424 -0.9402338 -0.3043093 -0.1528281 -0.1684947 -0.08715689 -0.9818418 -0.454109 -0.09976661 0.8853427 0.6905999 0.2150774 0.6905169 0.6971737 0.1734426 0.6956052 0.7040215 0.1302245 0.6981372 -0.4679692 -0.07591855 0.8804779 -0.9749591 -0.1567187 -0.1577786 -0.4612962 -0.03858304 0.8864069 -0.9808189 -0.1134063 -0.1585347 0.8914326 0.09511578 -0.4430587 -0.159473 -0.03045535 -0.9867325 0.8936785 0.06371051 -0.4441619 -0.171007 -0.05325424 -0.9838296 0.7072138 0.06219202 0.7042591 -0.4695699 -0.04513442 0.881741 0.7006288 0.09218478 0.7075461 0.8936576 6.31778e-4 -0.4487493 -0.1582721 -0.001692712 -0.9873942 0.8932515 -0.01189333 -0.4494001 -0.1604037 -0.02176827 -0.9868115 -0.9845852 -0.07295095 -0.1589658 -0.1689839 -0.0116083 -0.9855505 0.892712 0.02785331 -0.449766 -0.4613345 -0.02571892 0.8868536 0.7075979 0.03038245 0.7059619 0.707451 2.55464e-5 0.7067625 0.7069097 -0.01694899 0.7071008 -0.4671657 -0.00719428 0.8841406</float_array>
          <technique_common>
            <accessor source="#Mesh_010-mesh-normals-array" count="205" stride="3">
              <param name="X" type="float"/>
              <param name="Y" type="float"/>
              <param name="Z" type="float"/>
            </accessor>
          </technique_common>
        </source>
        <source id="Mesh_010-mesh-map-0">
          <float_array id="Mesh_010-mesh-map-0-array" count="2400">0.3615745 0.9162383 0.3562452 0.9175196 0.360692 0.9190735 0.3819586 0.8821971 0.3788973 0.8794988 0.3799993 0.8828219 0.4031863 0.8805223 0.3999483 0.8835015 0.4018532 0.8841954 0.4147959 0.885524 0.4105311 0.8885017 0.4128922 0.8896167 0.4222593 0.888985 0.4177694 0.892114 0.4204219 0.8933975 0.4262365 0.8802132 0.4257737 0.8742324 0.4237004 0.8789887 0.4284281 0.8754138 0.4287409 0.8814749 0.4311134 0.8765969 0.430238 0.8709175 0.4311134 0.8765969 0.4329358 0.8719795 0.4284281 0.8754138 0.427595 0.8697901 0.4257737 0.8742324 0.4262365 0.8802132 0.4217297 0.8832745 0.4241957 0.8844239 0.4262365 0.8802132 0.4266139 0.8855456 0.4287409 0.8814749 0.4248352 0.8900307 0.4204219 0.8933975 0.4231842 0.8945269 0.4266139 0.8855456 0.4222593 0.888985 0.4248352 0.8900307 0.4197236 0.8878407 0.4241957 0.8844239 0.4217297 0.8832745 0.4186066 0.8766205 0.4178138 0.8707832 0.4160565 0.8754979 0.4231296 0.8730508 0.4237004 0.8789887 0.4257737 0.8742324 0.4249367 0.8686001 0.4257737 0.8742324 0.427595 0.8697901 0.4204792 0.8718925 0.4211553 0.8777873 0.4231296 0.8730508 0.4222162 0.8674082 0.4231296 0.8730508 0.4249367 0.8686001 0.4204792 0.8718925 0.4194416 0.8662791 0.4178138 0.8707832 0.4197236 0.8878407 0.4152808 0.8908162 0.4177694 0.892114 0.4217297 0.8832745 0.4211553 0.8777873 0.4192461 0.8821272 0.4172381 0.8866678 0.4217297 0.8832745 0.4192461 0.8821272 0.4142928 0.8799304 0.4186066 0.8766205 0.4160565 0.8754979 0.4167655 0.8810063 0.4211553 0.8777873 0.4186066 0.8766205 0.4172381 0.8866678 0.4128922 0.8896167 0.4152808 0.8908162 0.4147959 0.885524 0.4192461 0.8821272 0.4167655 0.8810063 0.4123901 0.8844275 0.4167655 0.8810063 0.4142928 0.8799304 0.4100193 0.883368 0.4059136 0.8862622 0.4081819 0.8874022 0.4134957 0.8744317 0.4124326 0.8687506 0.4109208 0.8734271 0.4151326 0.8697358 0.4160565 0.8754979 0.4178138 0.8707832 0.4166514 0.8652341 0.4178138 0.8707832 0.4194416 0.8662791 0.4151326 0.8697358 0.4138666 0.8642444 0.4124326 0.8687506 0.4118296 0.8789032 0.4109208 0.8734271 0.40937 0.8779369 0.4118296 0.8789032 0.4160565 0.8754979 0.4134957 0.8744317 0.4123901 0.8844275 0.4081819 0.8874022 0.4105311 0.8885017 0.4100193 0.883368 0.4142928 0.8799304 0.4118296 0.8789032 0.4076947 0.8823398 0.4118296 0.8789032 0.40937 0.8779369 0.4056969 0.8716887 0.4040743 0.866337 0.4030423 0.8710043 0.4096995 0.8678332 0.4109208 0.8734271 0.4124326 0.8687506 0.411044 0.8632745 0.4124326 0.8687506 0.4138666 0.8642444 0.406915 0.8670139 0.4083229 0.8725028 0.4096995 0.8678332 0.408109 0.8623613 0.4096995 0.8678332 0.411044 0.8632745 0.406915 0.8670139 0.4050485 0.8616119 0.4040743 0.866337 0.4076947 0.8823398 0.4038054 0.88515 0.4059136 0.8862622 0.40937 0.8779369 0.4083229 0.8725028 0.4069112 0.8770508 0.4054211 0.881373 0.40937 0.8779369 0.4069112 0.8770508 0.4044488 0.8762729 0.4030423 0.8710043 0.4019771 0.8756352 0.4044488 0.8762729 0.4083229 0.8725028 0.4056969 0.8716887 0.4054211 0.881373 0.4018532 0.8841954 0.4038054 0.88515 0.4031863 0.8805223 0.4069112 0.8770508 0.4044488 0.8762729 0.4009568 0.879831 0.4044488 0.8762729 0.4019771 0.8756352 0.3920058 0.8782721 0.389891 0.8816299 0.3917795 0.8817902 0.3987031 0.8792961 0.3957914 0.8826153 0.3979231 0.8830354 0.400363 0.8704706 0.3982856 0.8654817 0.3976701 0.8700786 0.4011918 0.8658287 0.4030423 0.8710043 0.4040743 0.866337 0.4019324 0.861085 0.4040743 0.866337 0.4050485 0.8616119 0.4011918 0.8658287 0.3988211 0.8607441 0.3982856 0.8654817 0.3994976 0.8751358 0.3976701 0.8700786 0.3970213 0.8747724 0.3994976 0.8751358 0.4030423 0.8710043 0.400363 0.8704706 0.4009568 0.879831 0.3979231 0.8830354 0.3999483 0.8835015 0.3987031 0.8792961 0.4019771 0.8756352 0.3994976 0.8751358 0.3964379 0.8788713 0.3994976 0.8751358 0.3970213 0.8747724 0.3922608 0.8696944 0.3893658 0.8652943 0.3895427 0.8696855 0.3953523 0.8652766 0.3976701 0.8700786 0.3982856 0.8654817 0.3956876 0.8605229 0.3982856 0.8654817 0.3988211 0.8607441 0.3923784 0.8652098 0.3949703 0.8698213 0.3953523 0.8652766 0.3924549 0.8604252 0.3953523 0.8652766 0.3956876 0.8605229 0.3923784 0.8652098 0.3891174 0.8605244 0.3893658 0.8652943 0.3964379 0.8788713 0.3937137 0.8821663 0.3957914 0.8826153 0.3945618 0.8745255 0.3976701 0.8700786 0.3949703 0.8698213 0.3942005 0.8785258 0.3970213 0.8747724 0.3945618 0.8745255 0.3921241 0.8743802 0.3895427 0.8696855 0.3896977 0.874346 0.3921241 0.8743802 0.3949703 0.8698213 0.3922608 0.8696944 0.3942005 0.8785258 0.3917795 0.8817902 0.3937137 0.8821663 0.3920058 0.8782721 0.3945618 0.8745255 0.3921241 0.8743802 0.389827 0.8781391 0.3921241 0.8743802 0.3896977 0.874346 0.3876295 0.8781188 0.3858734 0.8816726 0.3879113 0.8816293 0.3841208 0.8700623 0.386346 0.8655407 0.3833602 0.8659406 0.386346 0.8655407 0.3895427 0.8696855 0.3893658 0.8652943 0.385761 0.8608568 0.3893658 0.8652943 0.3891174 0.8605244 0.386346 0.8655407 0.3824754 0.8613879 0.3833602 0.8659406 0.3848628 0.8745962 0.3868219 0.8698101 0.3841208 0.8700623 0.3868219 0.8698101 0.3896977 0.874346 0.3895427 0.8696855 0.389827 0.8781391 0.3879113 0.8816293 0.389891 0.8816299 0.3876295 0.8781188 0.3896977 0.874346 0.387277 0.8744119 0.3876295 0.8781188 0.3848628 0.8745962 0.3854143 0.8782112 0.376319 0.8717725 0.3775929 0.8671723 0.3748289 0.8680474 0.3833602 0.8659406 0.3814566 0.8704574 0.3841208 0.8700623 0.3792949 0.862064 0.3833602 0.8659406 0.3824754 0.8613879 0.3804382 0.8664817 0.3788511 0.8710197 0.3814566 0.8704574 0.3775929 0.8671723 0.3792949 0.862064 0.3762043 0.8628795 0.3748289 0.8680474 0.3762043 0.8628795 0.3731897 0.8638712 0.3854143 0.8782112 0.3838871 0.8818103 0.3858734 0.8816726 0.3848628 0.8745962 0.3814566 0.8704574 0.3824698 0.874921 0.3854143 0.8782112 0.3824698 0.874921 0.3832073 0.8784432 0.3778309 0.876097 0.3788511 0.8710197 0.376319 0.8717725 0.3788511 0.8710197 0.3824698 0.874921 0.3814566 0.8704574 0.3838871 0.8818103 0.381031 0.8788673 0.3819586 0.8821971 0.3832073 0.8784432 0.3801176 0.8754103 0.381031 0.8788673 0.381031 0.8788673 0.3778309 0.876097 0.3788973 0.8794988 0.3679487 0.8930485 0.3637783 0.8932369 0.3670315 0.8947752 0.3732901 0.88624 0.3699626 0.884902 0.3719484 0.8873533 0.3780395 0.8835315 0.3749058 0.8812515 0.3762491 0.8842828 0.3715159 0.8739289 0.3721482 0.8691344 0.3695401 0.8704307 0.3748289 0.8680474 0.3738757 0.8727468 0.376319 0.8717725 0.3721482 0.8691344 0.3731897 0.8638712 0.3702487 0.8650672 0.3695401 0.8704307 0.3702487 0.8650672 0.3673663 0.8664658 0.3756276 0.8769739 0.3715159 0.8739289 0.3735277 0.8780387 0.3756276 0.8769739 0.376319 0.8717725 0.3738757 0.8727468 0.3799993 0.8828219 0.3768382 0.8803005 0.3780395 0.8835315 0.3788973 0.8794988 0.3756276 0.8769739 0.3768382 0.8803005 0.3768382 0.8803005 0.3735277 0.8780387 0.3749058 0.8812515 0.3649158 0.8785343 0.3644967 0.873598 0.3620946 0.8754462 0.3695401 0.8704307 0.3692334 0.8753004 0.3715159 0.8739289 0.3669883 0.8719217 0.3673663 0.8664658 0.3645155 0.8680684 0.3669883 0.8719217 0.3670322 0.8768448 0.3692334 0.8753004 0.3644967 0.873598 0.3645155 0.8680684 0.3617043 0.8698958 0.3620946 0.8754462 0.3617043 0.8698958 0.3589962 0.8719488 0.3762491 0.8842828 0.3731288 0.8823521 0.3747014 0.8851789 0.3735277 0.8780387 0.3692334 0.8753004 0.3715344 0.8792666 0.3749058 0.8812515 0.3715344 0.8792666 0.3731288 0.8823521 0.3678423 0.8821128 0.3670322 0.8768448 0.3649158 0.8785343 0.3670322 0.8768448 0.3715344 0.8792666 0.3692334 0.8753004 0.3747014 0.8851789 0.3714898 0.8835817 0.3732901 0.88624 0.3731288 0.8823521 0.3696385 0.8806278 0.3714898 0.8835817 0.3714898 0.8835817 0.3678423 0.8821128 0.3699626 0.884902 0.370772 0.8884849 0.3672426 0.8878315 0.3698119 0.8897861 0.3610157 0.8823072 0.3598221 0.8774381 0.3576992 0.8795439 0.3620946 0.8754462 0.36291 0.8803619 0.3649158 0.8785343 0.3598221 0.8774381 0.3589962 0.8719488 0.3564702 0.8741799 0.3576992 0.8795439 0.3564702 0.8741799 0.3541622 0.876514 0.3661283 0.8836998 0.3610157 0.8823072 0.3645064 0.8854105 0.36291 0.8803619 0.3678423 0.8821128 0.3649158 0.8785343 0.3719484 0.8873533 0.3685463 0.8863046 0.370772 0.8884849 0.3699626 0.884902 0.3661283 0.8836998 0.3685463 0.8863046 0.3685463 0.8863046 0.3645064 0.8854105 0.3672426 0.8878315 0.3561434 0.8888657 0.3539234 0.8840671 0.3522816 0.8865001 0.3576992 0.8795439 0.3592482 0.8843727 0.3610157 0.8823072 0.3557325 0.8817507 0.3541622 0.876514 0.3520429 0.87891 0.3557325 0.8817507 0.3576238 0.8865621 0.3592482 0.8843727 0.3539234 0.8840671 0.3520429 0.87891 0.3500777 0.8814058 0.3522816 0.8865001 0.3500777 0.8814058 0.3482884 0.8840428 0.3698119 0.8897861 0.3660193 0.8895089 0.3689091 0.8913431 0.3645064 0.8854105 0.3592482 0.8843727 0.3629738 0.8872497 0.3672426 0.8878315 0.3629738 0.8872497 0.3660193 0.8895089 0.3602133 0.891308 0.3576238 0.8865621 0.3561434 0.8888657 0.3615335 0.8892158 0.3592482 0.8843727 0.3576238 0.8865621 0.3689091 0.8913431 0.3648545 0.8913192 0.3679487 0.8930485 0.3660193 0.8895089 0.3615335 0.8892158 0.3648545 0.8913192 0.3648545 0.8913192 0.3602133 0.891308 0.3637783 0.8932369 0.3647208 0.9031521 0.3598483 0.9044954 0.3640863 0.9055846 0.3663237 0.8965617 0.3620164 0.897415 0.3657924 0.8985512 0.3536434 0.8937673 0.3508154 0.8890361 0.34951 0.8916463 0.3522816 0.8865001 0.3548227 0.8912745 0.3561434 0.8888657 0.3508154 0.8890361 0.3482884 0.8840428 0.3467175 0.8867934 0.34951 0.8916463 0.3467175 0.8867934 0.3453544 0.8895814 0.3579515 0.8958181 0.3548227 0.8912745 0.3536434 0.8937673 0.3548227 0.8912745 0.3602133 0.891308 0.3561434 0.8888657 0.3670315 0.8947752 0.3628341 0.8952624 0.3663237 0.8965617 0.3637783 0.8932369 0.3590171 0.8935111 0.3628341 0.8952624 0.3628341 0.8952624 0.3579515 0.8958181 0.3620164 0.897415 0.3516417 0.8989304 0.3462583 0.8997451 0.3507757 0.9015706 0.34951 0.8916463 0.3525902 0.8963248 0.3536434 0.8937673 0.3483311 0.8943058 0.3453544 0.8895814 0.3441223 0.8923599 0.347252 0.8970056 0.3525902 0.8963248 0.3483311 0.8943058 0.347252 0.8970056 0.3441223 0.8923599 0.3429604 0.8951545 0.3462583 0.8997451 0.3429604 0.8951545 0.3418674 0.8980052 0.3657924 0.8985512 0.3612752 0.8996894 0.3652909 0.9007749 0.3579515 0.8958181 0.3525902 0.8963248 0.3569897 0.8982096 0.3620164 0.897415 0.3569897 0.8982096 0.3612752 0.8996894 0.3561073 0.900665 0.3507757 0.9015706 0.3552865 0.9031733 0.3561073 0.900665 0.3525902 0.8963248 0.3516417 0.8989304 0.3652909 0.9007749 0.3605564 0.9020572 0.3647208 0.9031521 0.3605564 0.9020572 0.3569897 0.8982096 0.3561073 0.900665 0.3598483 0.9044954 0.3561073 0.900665 0.3552865 0.9031733 0.3634653 0.9080655 0.3584839 0.909579 0.3628803 0.9106538 0.3499854 0.9042403 0.3445125 0.9053148 0.34925 0.9069327 0.3453493 0.9025179 0.3507757 0.9015706 0.3462583 0.8997451 0.3453493 0.9025179 0.3418674 0.8980052 0.3408764 0.9009078 0.3445125 0.9053148 0.3408764 0.9009078 0.3399967 0.9038217 0.3537817 0.9083125 0.3499854 0.9042403 0.34925 0.9069327 0.3499854 0.9042403 0.3552865 0.9031733 0.3507757 0.9015706 0.3640863 0.9055846 0.3591578 0.9070003 0.3634653 0.9080655 0.3591578 0.9070003 0.3552865 0.9031733 0.3545136 0.905723 0.3584839 0.909579 0.3545136 0.905723 0.3537817 0.9083125 0.3478943 0.9123183 0.3421658 0.9137123 0.3472716 0.9149771 0.3437227 0.9081134 0.34925 0.9069327 0.3445125 0.9053148 0.3437227 0.9081134 0.3399967 0.9038217 0.3391895 0.9066886 0.3429457 0.9109102 0.3485563 0.9096299 0.3437227 0.9081134 0.3429457 0.9109102 0.3391895 0.9066886 0.3383765 0.9095016 0.3421658 0.9137123 0.3383765 0.9095016 0.337508 0.9123009 0.3628803 0.9106538 0.3578033 0.9122173 0.3622868 0.9133906 0.3530746 0.9109144 0.34925 0.9069327 0.3485563 0.9096299 0.3578033 0.9122173 0.3537817 0.9083125 0.3530746 0.9109144 0.352374 0.9134993 0.3472716 0.9149771 0.3516763 0.9160284 0.3478943 0.9123183 0.3530746 0.9109144 0.3485563 0.9096299 0.3622868 0.9133906 0.3570698 0.9148811 0.3615745 0.9162383 0.3570698 0.9148811 0.3530746 0.9109144 0.352374 0.9134993 0.3562452 0.9175196 0.352374 0.9134993 0.3516763 0.9160284 0.3615745 0.9162383 0.3570698 0.9148811 0.3562452 0.9175196 0.3819586 0.8821971 0.381031 0.8788673 0.3788973 0.8794988 0.4031863 0.8805223 0.4009568 0.879831 0.3999483 0.8835015 0.4147959 0.885524 0.4123901 0.8844275 0.4105311 0.8885017 0.4222593 0.888985 0.4197236 0.8878407 0.4177694 0.892114 0.4262365 0.8802132 0.4284281 0.8754138 0.4257737 0.8742324 0.4284281 0.8754138 0.4262365 0.8802132 0.4287409 0.8814749 0.430238 0.8709175 0.4284281 0.8754138 0.4311134 0.8765969 0.4284281 0.8754138 0.430238 0.8709175 0.427595 0.8697901 0.4262365 0.8802132 0.4237004 0.8789887 0.4217297 0.8832745 0.4262365 0.8802132 0.4241957 0.8844239 0.4266139 0.8855456 0.4248352 0.8900307 0.4222593 0.888985 0.4204219 0.8933975 0.4266139 0.8855456 0.4241957 0.8844239 0.4222593 0.888985 0.4197236 0.8878407 0.4222593 0.888985 0.4241957 0.8844239 0.4186066 0.8766205 0.4204792 0.8718925 0.4178138 0.8707832 0.4231296 0.8730508 0.4211553 0.8777873 0.4237004 0.8789887 0.4249367 0.8686001 0.4231296 0.8730508 0.4257737 0.8742324 0.4204792 0.8718925 0.4186066 0.8766205 0.4211553 0.8777873 0.4222162 0.8674082 0.4204792 0.8718925 0.4231296 0.8730508 0.4204792 0.8718925 0.4222162 0.8674082 0.4194416 0.8662791 0.4197236 0.8878407 0.4172381 0.8866678 0.4152808 0.8908162 0.4217297 0.8832745 0.4237004 0.8789887 0.4211553 0.8777873 0.4172381 0.8866678 0.4197236 0.8878407 0.4217297 0.8832745 0.4142928 0.8799304 0.4167655 0.8810063 0.4186066 0.8766205 0.4167655 0.8810063 0.4192461 0.8821272 0.4211553 0.8777873 0.4172381 0.8866678 0.4147959 0.885524 0.4128922 0.8896167 0.4147959 0.885524 0.4172381 0.8866678 0.4192461 0.8821272 0.4123901 0.8844275 0.4147959 0.885524 0.4167655 0.8810063 0.4100193 0.883368 0.4076947 0.8823398 0.4059136 0.8862622 0.4134957 0.8744317 0.4151326 0.8697358 0.4124326 0.8687506 0.4151326 0.8697358 0.4134957 0.8744317 0.4160565 0.8754979 0.4166514 0.8652341 0.4151326 0.8697358 0.4178138 0.8707832 0.4151326 0.8697358 0.4166514 0.8652341 0.4138666 0.8642444 0.4118296 0.8789032 0.4134957 0.8744317 0.4109208 0.8734271 0.4118296 0.8789032 0.4142928 0.8799304 0.4160565 0.8754979 0.4123901 0.8844275 0.4100193 0.883368 0.4081819 0.8874022 0.4100193 0.883368 0.4123901 0.8844275 0.4142928 0.8799304 0.4076947 0.8823398 0.4100193 0.883368 0.4118296 0.8789032 0.4056969 0.8716887 0.406915 0.8670139 0.4040743 0.866337 0.4096995 0.8678332 0.4083229 0.8725028 0.4109208 0.8734271 0.411044 0.8632745 0.4096995 0.8678332 0.4124326 0.8687506 0.406915 0.8670139 0.4056969 0.8716887 0.4083229 0.8725028 0.408109 0.8623613 0.406915 0.8670139 0.4096995 0.8678332 0.406915 0.8670139 0.408109 0.8623613 0.4050485 0.8616119 0.4076947 0.8823398 0.4054211 0.881373 0.4038054 0.88515 0.40937 0.8779369 0.4109208 0.8734271 0.4083229 0.8725028 0.4054211 0.881373 0.4076947 0.8823398 0.40937 0.8779369 0.4044488 0.8762729 0.4056969 0.8716887 0.4030423 0.8710043 0.4044488 0.8762729 0.4069112 0.8770508 0.4083229 0.8725028 0.4054211 0.881373 0.4031863 0.8805223 0.4018532 0.8841954 0.4031863 0.8805223 0.4054211 0.881373 0.4069112 0.8770508 0.4009568 0.879831 0.4031863 0.8805223 0.4044488 0.8762729 0.3920058 0.8782721 0.389827 0.8781391 0.389891 0.8816299 0.3987031 0.8792961 0.3964379 0.8788713 0.3957914 0.8826153 0.400363 0.8704706 0.4011918 0.8658287 0.3982856 0.8654817 0.4011918 0.8658287 0.400363 0.8704706 0.4030423 0.8710043 0.4019324 0.861085 0.4011918 0.8658287 0.4040743 0.866337 0.4011918 0.8658287 0.4019324 0.861085 0.3988211 0.8607441 0.3994976 0.8751358 0.400363 0.8704706 0.3976701 0.8700786 0.3994976 0.8751358 0.4019771 0.8756352 0.4030423 0.8710043 0.4009568 0.879831 0.3987031 0.8792961 0.3979231 0.8830354 0.3987031 0.8792961 0.4009568 0.879831 0.4019771 0.8756352 0.3964379 0.8788713 0.3987031 0.8792961 0.3994976 0.8751358 0.3922608 0.8696944 0.3923784 0.8652098 0.3893658 0.8652943 0.3953523 0.8652766 0.3949703 0.8698213 0.3976701 0.8700786 0.3956876 0.8605229 0.3953523 0.8652766 0.3982856 0.8654817 0.3923784 0.8652098 0.3922608 0.8696944 0.3949703 0.8698213 0.3924549 0.8604252 0.3923784 0.8652098 0.3953523 0.8652766 0.3923784 0.8652098 0.3924549 0.8604252 0.3891174 0.8605244 0.3964379 0.8788713 0.3942005 0.8785258 0.3937137 0.8821663 0.3945618 0.8745255 0.3970213 0.8747724 0.3976701 0.8700786 0.3942005 0.8785258 0.3964379 0.8788713 0.3970213 0.8747724 0.3921241 0.8743802 0.3922608 0.8696944 0.3895427 0.8696855 0.3921241 0.8743802 0.3945618 0.8745255 0.3949703 0.8698213 0.3942005 0.8785258 0.3920058 0.8782721 0.3917795 0.8817902 0.3920058 0.8782721 0.3942005 0.8785258 0.3945618 0.8745255 0.389827 0.8781391 0.3920058 0.8782721 0.3921241 0.8743802 0.3876295 0.8781188 0.3854143 0.8782112 0.3858734 0.8816726 0.3841208 0.8700623 0.3868219 0.8698101 0.386346 0.8655407 0.386346 0.8655407 0.3868219 0.8698101 0.3895427 0.8696855 0.385761 0.8608568 0.386346 0.8655407 0.3893658 0.8652943 0.386346 0.8655407 0.385761 0.8608568 0.3824754 0.8613879 0.3848628 0.8745962 0.387277 0.8744119 0.3868219 0.8698101 0.3868219 0.8698101 0.387277 0.8744119 0.3896977 0.874346 0.389827 0.8781391 0.3876295 0.8781188 0.3879113 0.8816293 0.3876295 0.8781188 0.389827 0.8781391 0.3896977 0.874346 0.3876295 0.8781188 0.387277 0.8744119 0.3848628 0.8745962 0.376319 0.8717725 0.3788511 0.8710197 0.3775929 0.8671723 0.3833602 0.8659406 0.3804382 0.8664817 0.3814566 0.8704574 0.3792949 0.862064 0.3804382 0.8664817 0.3833602 0.8659406 0.3804382 0.8664817 0.3775929 0.8671723 0.3788511 0.8710197 0.3775929 0.8671723 0.3804382 0.8664817 0.3792949 0.862064 0.3748289 0.8680474 0.3775929 0.8671723 0.3762043 0.8628795 0.3854143 0.8782112 0.3832073 0.8784432 0.3838871 0.8818103 0.3848628 0.8745962 0.3841208 0.8700623 0.3814566 0.8704574 0.3854143 0.8782112 0.3848628 0.8745962 0.3824698 0.874921 0.3778309 0.876097 0.3801176 0.8754103 0.3788511 0.8710197 0.3788511 0.8710197 0.3801176 0.8754103 0.3824698 0.874921 0.3838871 0.8818103 0.3832073 0.8784432 0.381031 0.8788673 0.3832073 0.8784432 0.3824698 0.874921 0.3801176 0.8754103 0.381031 0.8788673 0.3801176 0.8754103 0.3778309 0.876097 0.3679487 0.8930485 0.3648545 0.8913192 0.3637783 0.8932369 0.3732901 0.88624 0.3714898 0.8835817 0.3699626 0.884902 0.3780395 0.8835315 0.3768382 0.8803005 0.3749058 0.8812515 0.3715159 0.8739289 0.3738757 0.8727468 0.3721482 0.8691344 0.3748289 0.8680474 0.3721482 0.8691344 0.3738757 0.8727468 0.3721482 0.8691344 0.3748289 0.8680474 0.3731897 0.8638712 0.3695401 0.8704307 0.3721482 0.8691344 0.3702487 0.8650672 0.3756276 0.8769739 0.3738757 0.8727468 0.3715159 0.8739289 0.3756276 0.8769739 0.3778309 0.876097 0.376319 0.8717725 0.3799993 0.8828219 0.3788973 0.8794988 0.3768382 0.8803005 0.3788973 0.8794988 0.3778309 0.876097 0.3756276 0.8769739 0.3768382 0.8803005 0.3756276 0.8769739 0.3735277 0.8780387 0.3649158 0.8785343 0.3670322 0.8768448 0.3644967 0.873598 0.3695401 0.8704307 0.3669883 0.8719217 0.3692334 0.8753004 0.3669883 0.8719217 0.3695401 0.8704307 0.3673663 0.8664658 0.3669883 0.8719217 0.3644967 0.873598 0.3670322 0.8768448 0.3644967 0.873598 0.3669883 0.8719217 0.3645155 0.8680684 0.3620946 0.8754462 0.3644967 0.873598 0.3617043 0.8698958 0.3762491 0.8842828 0.3749058 0.8812515 0.3731288 0.8823521 0.3735277 0.8780387 0.3715159 0.8739289 0.3692334 0.8753004 0.3749058 0.8812515 0.3735277 0.8780387 0.3715344 0.8792666 0.3678423 0.8821128 0.3696385 0.8806278 0.3670322 0.8768448 0.3670322 0.8768448 0.3696385 0.8806278 0.3715344 0.8792666 0.3747014 0.8851789 0.3731288 0.8823521 0.3714898 0.8835817 0.3731288 0.8823521 0.3715344 0.8792666 0.3696385 0.8806278 0.3714898 0.8835817 0.3696385 0.8806278 0.3678423 0.8821128 0.370772 0.8884849 0.3685463 0.8863046 0.3672426 0.8878315 0.3610157 0.8823072 0.36291 0.8803619 0.3598221 0.8774381 0.3620946 0.8754462 0.3598221 0.8774381 0.36291 0.8803619 0.3598221 0.8774381 0.3620946 0.8754462 0.3589962 0.8719488 0.3576992 0.8795439 0.3598221 0.8774381 0.3564702 0.8741799 0.3661283 0.8836998 0.36291 0.8803619 0.3610157 0.8823072 0.36291 0.8803619 0.3661283 0.8836998 0.3678423 0.8821128 0.3719484 0.8873533 0.3699626 0.884902 0.3685463 0.8863046 0.3699626 0.884902 0.3678423 0.8821128 0.3661283 0.8836998 0.3685463 0.8863046 0.3661283 0.8836998 0.3645064 0.8854105 0.3561434 0.8888657 0.3576238 0.8865621 0.3539234 0.8840671 0.3576992 0.8795439 0.3557325 0.8817507 0.3592482 0.8843727 0.3557325 0.8817507 0.3576992 0.8795439 0.3541622 0.876514 0.3557325 0.8817507 0.3539234 0.8840671 0.3576238 0.8865621 0.3539234 0.8840671 0.3557325 0.8817507 0.3520429 0.87891 0.3522816 0.8865001 0.3539234 0.8840671 0.3500777 0.8814058 0.3698119 0.8897861 0.3672426 0.8878315 0.3660193 0.8895089 0.3645064 0.8854105 0.3610157 0.8823072 0.3592482 0.8843727 0.3672426 0.8878315 0.3645064 0.8854105 0.3629738 0.8872497 0.3602133 0.891308 0.3615335 0.8892158 0.3576238 0.8865621 0.3615335 0.8892158 0.3629738 0.8872497 0.3592482 0.8843727 0.3689091 0.8913431 0.3660193 0.8895089 0.3648545 0.8913192 0.3660193 0.8895089 0.3629738 0.8872497 0.3615335 0.8892158 0.3648545 0.8913192 0.3615335 0.8892158 0.3602133 0.891308 0.3647208 0.9031521 0.3605564 0.9020572 0.3598483 0.9044954 0.3663237 0.8965617 0.3628341 0.8952624 0.3620164 0.897415 0.3536434 0.8937673 0.3548227 0.8912745 0.3508154 0.8890361 0.3522816 0.8865001 0.3508154 0.8890361 0.3548227 0.8912745 0.3508154 0.8890361 0.3522816 0.8865001 0.3482884 0.8840428 0.34951 0.8916463 0.3508154 0.8890361 0.3467175 0.8867934 0.3579515 0.8958181 0.3590171 0.8935111 0.3548227 0.8912745 0.3548227 0.8912745 0.3590171 0.8935111 0.3602133 0.891308 0.3670315 0.8947752 0.3637783 0.8932369 0.3628341 0.8952624 0.3637783 0.8932369 0.3602133 0.891308 0.3590171 0.8935111 0.3628341 0.8952624 0.3590171 0.8935111 0.3579515 0.8958181 0.3516417 0.8989304 0.347252 0.8970056 0.3462583 0.8997451 0.34951 0.8916463 0.3483311 0.8943058 0.3525902 0.8963248 0.3483311 0.8943058 0.34951 0.8916463 0.3453544 0.8895814 0.347252 0.8970056 0.3516417 0.8989304 0.3525902 0.8963248 0.347252 0.8970056 0.3483311 0.8943058 0.3441223 0.8923599 0.3462583 0.8997451 0.347252 0.8970056 0.3429604 0.8951545 0.3657924 0.8985512 0.3620164 0.897415 0.3612752 0.8996894 0.3579515 0.8958181 0.3536434 0.8937673 0.3525902 0.8963248 0.3620164 0.897415 0.3579515 0.8958181 0.3569897 0.8982096 0.3561073 0.900665 0.3516417 0.8989304 0.3507757 0.9015706 0.3561073 0.900665 0.3569897 0.8982096 0.3525902 0.8963248 0.3652909 0.9007749 0.3612752 0.8996894 0.3605564 0.9020572 0.3605564 0.9020572 0.3612752 0.8996894 0.3569897 0.8982096 0.3598483 0.9044954 0.3605564 0.9020572 0.3561073 0.900665 0.3634653 0.9080655 0.3591578 0.9070003 0.3584839 0.909579 0.3499854 0.9042403 0.3453493 0.9025179 0.3445125 0.9053148 0.3453493 0.9025179 0.3499854 0.9042403 0.3507757 0.9015706 0.3453493 0.9025179 0.3462583 0.8997451 0.3418674 0.8980052 0.3445125 0.9053148 0.3453493 0.9025179 0.3408764 0.9009078 0.3537817 0.9083125 0.3545136 0.905723 0.3499854 0.9042403 0.3499854 0.9042403 0.3545136 0.905723 0.3552865 0.9031733 0.3640863 0.9055846 0.3598483 0.9044954 0.3591578 0.9070003 0.3591578 0.9070003 0.3598483 0.9044954 0.3552865 0.9031733 0.3584839 0.909579 0.3591578 0.9070003 0.3545136 0.905723 0.3478943 0.9123183 0.3429457 0.9109102 0.3421658 0.9137123 0.3437227 0.9081134 0.3485563 0.9096299 0.34925 0.9069327 0.3437227 0.9081134 0.3445125 0.9053148 0.3399967 0.9038217 0.3429457 0.9109102 0.3478943 0.9123183 0.3485563 0.9096299 0.3429457 0.9109102 0.3437227 0.9081134 0.3391895 0.9066886 0.3421658 0.9137123 0.3429457 0.9109102 0.3383765 0.9095016 0.3628803 0.9106538 0.3584839 0.909579 0.3578033 0.9122173 0.3530746 0.9109144 0.3537817 0.9083125 0.34925 0.9069327 0.3578033 0.9122173 0.3584839 0.909579 0.3537817 0.9083125 0.352374 0.9134993 0.3478943 0.9123183 0.3472716 0.9149771 0.3478943 0.9123183 0.352374 0.9134993 0.3530746 0.9109144 0.3622868 0.9133906 0.3578033 0.9122173 0.3570698 0.9148811 0.3570698 0.9148811 0.3578033 0.9122173 0.3530746 0.9109144 0.3562452 0.9175196 0.3570698 0.9148811 0.352374 0.9134993</float_array>
          <technique_common>
            <accessor source="#Mesh_010-mesh-map-0-array" count="1200" stride="2">
              <param name="S" type="float"/>
              <param name="T" type="float"/>
            </accessor>
          </technique_common>
        </source>
        <vertices id="Mesh_010-mesh-vertices">
          <input semantic="POSITION" source="#Mesh_010-mesh-positions"/>
        </vertices>
        <triangles material="wires-material" count="400">
          <input semantic="VERTEX" source="#Mesh_010-mesh-vertices" offset="0"/>
          <input semantic="NORMAL" source="#Mesh_010-mesh-normals" offset="1"/>
          <input semantic="TEXCOORD" source="#Mesh_010-mesh-map-0" offset="2" set="0"/>
          <p>195 0 0 204 1 1 1 2 2 96 3 3 105 4 4 2 5 5 55 6 6 3 7 7 47 8 8 31 9 9 4 10 10 23 11 11 17 12 12 5 13 13 9 14 14 8 15 15 12 16 16 7 17 17 11 18 18 6 19 19 10 20 20 9 14 21 10 20 22 0 21 23 11 18 24 5 13 25 12 16 26 8 15 27 14 22 28 15 23 29 8 15 30 13 24 31 6 19 32 16 25 33 9 14 34 0 21 35 13 24 36 17 12 37 16 25 38 18 26 39 15 23 40 14 22 41 24 27 42 26 28 43 19 29 44 22 30 45 7 17 46 12 16 47 20 31 48 12 16 49 5 13 50 25 32 51 21 33 52 22 30 53 23 11 54 22 30 55 20 31 56 25 32 57 4 10 58 26 28 59 18 26 60 20 31 61 5 13 62 14 22 63 21 33 64 27 34 65 28 35 66 14 22 67 27 34 68 29 36 69 24 27 70 19 29 71 30 37 72 21 33 73 24 27 74 28 35 75 23 11 76 20 31 77 31 9 78 27 34 79 30 37 80 32 38 81 30 37 82 29 36 83 41 39 84 33 40 85 35 41 86 36 42 87 38 43 88 34 44 89 37 45 90 19 29 91 26 28 92 35 41 93 26 28 94 4 10 95 37 45 96 33 40 97 38 43 98 40 46 99 34 44 100 39 47 101 40 46 102 19 29 103 36 42 104 32 38 105 35 41 106 4 10 107 41 39 108 29 36 109 40 46 110 42 48 111 40 46 112 39 47 113 48 49 114 50 50 115 43 51 116 46 52 117 34 44 118 38 43 119 44 53 120 38 43 121 33 40 122 49 54 123 45 55 124 46 52 125 47 8 126 46 52 127 44 53 128 49 54 129 3 7 130 50 50 131 42 48 132 44 53 133 33 40 134 39 47 135 45 55 136 51 56 137 52 57 138 39 47 139 51 56 140 54 58 141 43 51 142 53 59 143 54 58 144 45 55 145 48 49 146 52 57 147 47 8 148 44 53 149 55 6 150 51 56 151 54 58 152 56 60 153 54 58 154 53 59 155 80 61 156 57 62 157 72 63 158 66 64 159 58 65 160 60 66 161 61 67 162 63 68 163 59 69 164 62 70 165 43 51 166 50 50 167 60 66 168 50 50 169 3 7 170 62 70 171 58 65 172 63 68 173 65 71 174 59 69 175 64 72 176 65 71 177 43 51 178 61 67 179 56 60 180 60 66 181 3 7 182 66 64 183 53 59 184 65 71 185 67 73 186 65 71 187 64 72 188 73 74 189 75 75 190 68 76 191 71 77 192 59 69 193 63 68 194 69 78 195 63 68 196 58 65 197 74 79 198 70 80 199 71 77 200 72 63 201 71 77 202 69 78 203 74 79 204 57 62 205 75 75 206 67 73 207 69 78 208 58 65 209 76 81 210 59 69 211 70 80 212 77 82 213 64 72 214 76 81 215 79 83 216 68 76 217 78 84 218 79 83 219 70 80 220 73 74 221 77 82 222 72 63 223 69 78 224 80 61 225 76 81 226 79 83 227 81 85 228 79 83 229 78 84 230 90 86 231 82 87 232 84 88 233 83 89 234 86 90 235 87 91 236 86 90 237 68 76 238 75 75 239 84 88 240 75 75 241 57 62 242 86 90 243 82 87 244 87 91 245 88 92 246 85 93 247 83 89 248 85 93 249 78 84 250 68 76 251 81 85 252 84 88 253 57 62 254 90 86 255 78 84 256 89 94 257 90 86 258 88 92 259 91 95 260 92 96 261 98 97 262 99 98 263 87 91 264 94 99 265 83 89 266 93 100 267 87 91 268 82 87 269 95 101 270 97 102 271 94 99 272 98 97 273 93 100 274 96 3 275 99 98 276 96 3 277 2 5 278 91 95 279 93 100 280 82 87 281 88 92 282 94 99 283 100 103 284 91 95 285 100 103 286 101 104 287 102 105 288 97 102 289 92 96 290 97 102 291 100 103 292 94 99 293 93 100 294 104 106 295 96 3 296 101 104 297 103 107 298 104 106 299 104 106 300 102 105 301 105 4 302 146 108 303 155 109 304 106 110 305 122 111 306 131 112 307 107 113 308 110 114 309 117 115 310 108 116 311 109 117 312 112 118 313 113 119 314 99 98 315 111 120 316 92 96 317 112 118 318 2 5 319 110 114 320 113 119 321 110 114 322 108 116 323 115 121 324 109 117 325 114 122 326 115 121 327 92 96 328 111 120 329 2 5 330 116 123 331 110 114 332 105 4 333 115 121 334 116 123 335 116 123 336 114 122 337 117 115 338 118 124 339 124 125 340 125 126 341 113 119 342 120 127 343 109 117 344 121 128 345 108 116 346 119 129 347 121 128 348 123 130 349 120 127 350 124 125 351 119 129 352 122 111 353 125 126 354 122 111 355 107 113 356 108 116 357 127 131 358 119 129 359 114 122 360 120 127 361 126 132 362 117 115 363 126 132 364 127 131 365 128 133 366 123 130 367 118 124 368 123 130 369 126 132 370 120 127 371 119 129 372 130 134 373 122 111 374 127 131 375 129 135 376 130 134 377 130 134 378 128 133 379 131 112 380 134 136 381 141 137 382 132 138 383 133 139 384 136 140 385 137 141 386 125 126 387 135 142 388 118 124 389 136 140 390 107 113 391 134 136 392 137 141 393 134 136 394 132 138 395 139 143 396 133 139 397 138 144 398 135 142 399 128 133 400 118 124 401 107 113 402 140 145 403 134 136 404 131 112 405 139 143 406 140 145 407 140 145 408 138 144 409 141 137 410 142 146 411 148 147 412 149 148 413 137 141 414 144 149 415 133 139 416 145 150 417 132 138 418 143 151 419 145 150 420 147 152 421 144 149 422 148 147 423 143 151 424 146 108 425 149 148 426 146 108 427 106 110 428 132 138 429 151 153 430 143 151 431 138 144 432 144 149 433 150 154 434 141 137 435 150 154 436 151 153 437 152 155 438 147 152 439 142 146 440 153 156 441 144 149 442 147 152 443 143 151 444 154 157 445 146 108 446 151 153 447 153 156 448 154 157 449 154 157 450 152 155 451 155 109 452 171 158 453 180 159 454 156 160 455 159 161 456 166 162 457 157 163 458 158 164 459 161 165 460 162 166 461 149 148 462 160 167 463 142 146 464 161 165 465 106 110 466 159 161 467 162 166 468 159 161 469 157 163 470 163 168 471 160 167 472 158 164 473 160 167 474 152 155 475 142 146 476 106 110 477 165 169 478 159 161 479 155 109 480 164 170 481 165 169 482 165 169 483 163 168 484 166 162 485 172 171 486 174 172 487 167 173 488 162 166 489 169 174 490 158 164 491 170 175 492 157 163 493 168 176 494 173 177 495 169 174 496 170 175 497 173 177 498 168 176 499 171 158 500 174 172 501 171 158 502 156 160 503 157 163 504 176 178 505 168 176 506 163 168 507 169 174 508 175 179 509 166 162 510 175 179 511 176 178 512 178 180 513 167 173 514 177 181 515 178 180 516 169 174 517 172 171 518 168 176 519 179 182 520 171 158 521 179 182 522 175 179 523 178 180 524 180 159 525 178 180 526 177 181 527 183 183 528 190 184 529 181 185 530 184 186 531 186 187 532 182 188 533 185 189 534 167 173 535 174 172 536 185 189 537 156 160 538 183 183 539 186 187 540 183 183 541 181 185 542 187 190 543 184 186 544 182 188 545 184 186 546 177 181 547 167 173 548 156 160 549 189 191 550 183 183 551 189 191 552 177 181 553 188 192 554 190 184 555 188 192 556 187 190 557 196 193 558 198 194 559 191 195 560 194 196 561 182 188 562 186 187 563 194 196 564 181 185 565 192 197 566 197 198 567 193 199 568 194 196 569 197 198 570 192 197 571 195 0 572 198 194 573 195 0 574 1 2 575 181 185 576 200 200 577 192 197 578 199 201 579 182 188 580 193 199 581 200 200 582 187 190 583 199 201 584 202 202 585 191 195 586 201 203 587 196 193 588 199 201 589 193 199 590 192 197 591 203 204 592 195 0 593 203 204 594 199 201 595 202 202 596 204 1 597 202 202 598 201 203 599 195 0 600 203 204 601 204 1 602 96 3 603 104 106 604 105 4 605 55 6 606 56 60 607 3 7 608 31 9 609 32 38 610 4 10 611 17 12 612 18 26 613 5 13 614 8 15 615 11 18 616 12 16 617 11 18 618 8 15 619 6 19 620 9 14 621 11 18 622 10 20 623 11 18 624 9 14 625 5 13 626 8 15 627 7 17 628 14 22 629 8 15 630 15 23 631 13 24 632 16 25 633 17 12 634 9 14 635 13 24 636 15 23 637 17 12 638 18 26 639 17 12 640 15 23 641 24 27 642 25 32 643 26 28 644 22 30 645 21 33 646 7 17 647 20 31 648 22 30 649 12 16 650 25 32 651 24 27 652 21 33 653 23 11 654 25 32 655 22 30 656 25 32 657 23 11 658 4 10 659 18 26 660 28 35 661 20 31 662 14 22 663 7 17 664 21 33 665 28 35 666 18 26 667 14 22 668 29 36 669 30 37 670 24 27 671 30 37 672 27 34 673 21 33 674 28 35 675 31 9 676 23 11 677 31 9 678 28 35 679 27 34 680 32 38 681 31 9 682 30 37 683 41 39 684 42 48 685 33 40 686 36 42 687 37 45 688 38 43 689 37 45 690 36 42 691 19 29 692 35 41 693 37 45 694 26 28 695 37 45 696 35 41 697 33 40 698 40 46 699 36 42 700 34 44 701 40 46 702 29 36 703 19 29 704 32 38 705 41 39 706 35 41 707 41 39 708 32 38 709 29 36 710 42 48 711 41 39 712 40 46 713 48 49 714 49 54 715 50 50 716 46 52 717 45 55 718 34 44 719 44 53 720 46 52 721 38 43 722 49 54 723 48 49 724 45 55 725 47 8 726 49 54 727 46 52 728 49 54 729 47 8 730 3 7 731 42 48 732 52 57 733 44 53 734 39 47 735 34 44 736 45 55 737 52 57 738 42 48 739 39 47 740 54 58 741 48 49 742 43 51 743 54 58 744 51 56 745 45 55 746 52 57 747 55 6 748 47 8 749 55 6 750 52 57 751 51 56 752 56 60 753 55 6 754 54 58 755 80 61 756 81 85 757 57 62 758 66 64 759 67 73 760 58 65 761 61 67 762 62 70 763 63 68 764 62 70 765 61 67 766 43 51 767 60 66 768 62 70 769 50 50 770 62 70 771 60 66 772 58 65 773 65 71 774 61 67 775 59 69 776 65 71 777 53 59 778 43 51 779 56 60 780 66 64 781 60 66 782 66 64 783 56 60 784 53 59 785 67 73 786 66 64 787 65 71 788 73 74 789 74 79 790 75 75 791 71 77 792 70 80 793 59 69 794 69 78 795 71 77 796 63 68 797 74 79 798 73 74 799 70 80 800 72 63 801 74 79 802 71 77 803 74 79 804 72 63 805 57 62 806 67 73 807 77 82 808 69 78 809 76 81 810 64 72 811 59 69 812 77 82 813 67 73 814 64 72 815 79 83 816 73 74 817 68 76 818 79 83 819 76 81 820 70 80 821 77 82 822 80 61 823 72 63 824 80 61 825 77 82 826 76 81 827 81 85 828 80 61 829 79 83 830 90 86 831 91 95 832 82 87 833 83 89 834 85 93 835 86 90 836 86 90 837 85 93 838 68 76 839 84 88 840 86 90 841 75 75 842 86 90 843 84 88 844 82 87 845 88 92 846 89 94 847 85 93 848 85 93 849 89 94 850 78 84 851 81 85 852 90 86 853 84 88 854 90 86 855 81 85 856 78 84 857 90 86 858 89 94 859 88 92 860 92 96 861 97 102 862 98 97 863 87 91 864 95 101 865 94 99 866 93 100 867 95 101 868 87 91 869 95 101 870 98 97 871 97 102 872 98 97 873 95 101 874 93 100 875 99 98 876 98 97 877 96 3 878 91 95 879 101 104 880 93 100 881 88 92 882 83 89 883 94 99 884 91 95 885 88 92 886 100 103 887 102 105 888 103 107 889 97 102 890 97 102 891 103 107 892 100 103 893 93 100 894 101 104 895 104 106 896 101 104 897 100 103 898 103 107 899 104 106 900 103 107 901 102 105 902 146 108 903 154 157 904 155 109 905 122 111 906 130 134 907 131 112 908 110 114 909 116 123 910 117 115 911 109 117 912 111 120 913 112 118 914 99 98 915 112 118 916 111 120 917 112 118 918 99 98 919 2 5 920 113 119 921 112 118 922 110 114 923 115 121 924 111 120 925 109 117 926 115 121 927 102 105 928 92 96 929 2 5 930 105 4 931 116 123 932 105 4 933 102 105 934 115 121 935 116 123 936 115 121 937 114 122 938 118 124 939 123 130 940 124 125 941 113 119 942 121 128 943 120 127 944 121 128 945 113 119 946 108 116 947 121 128 948 124 125 949 123 130 950 124 125 951 121 128 952 119 129 953 125 126 954 124 125 955 122 111 956 108 116 957 117 115 958 127 131 959 114 122 960 109 117 961 120 127 962 117 115 963 114 122 964 126 132 965 128 133 966 129 135 967 123 130 968 123 130 969 129 135 970 126 132 971 119 129 972 127 131 973 130 134 974 127 131 975 126 132 976 129 135 977 130 134 978 129 135 979 128 133 980 134 136 981 140 145 982 141 137 983 133 139 984 135 142 985 136 140 986 125 126 987 136 140 988 135 142 989 136 140 990 125 126 991 107 113 992 137 141 993 136 140 994 134 136 995 139 143 996 135 142 997 133 139 998 135 142 999 139 143 1000 128 133 1001 107 113 1002 131 112 1003 140 145 1004 131 112 1005 128 133 1006 139 143 1007 140 145 1008 139 143 1009 138 144 1010 142 146 1011 147 152 1012 148 147 1013 137 141 1014 145 150 1015 144 149 1016 145 150 1017 137 141 1018 132 138 1019 145 150 1020 148 147 1021 147 152 1022 148 147 1023 145 150 1024 143 151 1025 149 148 1026 148 147 1027 146 108 1028 132 138 1029 141 137 1030 151 153 1031 138 144 1032 133 139 1033 144 149 1034 141 137 1035 138 144 1036 150 154 1037 152 155 1038 153 156 1039 147 152 1040 153 156 1041 150 154 1042 144 149 1043 143 151 1044 151 153 1045 154 157 1046 151 153 1047 150 154 1048 153 156 1049 154 157 1050 153 156 1051 152 155 1052 171 158 1053 179 182 1054 180 159 1055 159 161 1056 165 169 1057 166 162 1058 158 164 1059 160 167 1060 161 165 1061 149 148 1062 161 165 1063 160 167 1064 161 165 1065 149 148 1066 106 110 1067 162 166 1068 161 165 1069 159 161 1070 163 168 1071 164 170 1072 160 167 1073 160 167 1074 164 170 1075 152 155 1076 106 110 1077 155 109 1078 165 169 1079 155 109 1080 152 155 1081 164 170 1082 165 169 1083 164 170 1084 163 168 1085 172 171 1086 173 177 1087 174 172 1088 162 166 1089 170 175 1090 169 174 1091 170 175 1092 162 166 1093 157 163 1094 173 177 1095 172 171 1096 169 174 1097 173 177 1098 170 175 1099 168 176 1100 174 172 1101 173 177 1102 171 158 1103 157 163 1104 166 162 1105 176 178 1106 163 168 1107 158 164 1108 169 174 1109 166 162 1110 163 168 1111 175 179 1112 178 180 1113 172 171 1114 167 173 1115 178 180 1116 175 179 1117 169 174 1118 168 176 1119 176 178 1120 179 182 1121 179 182 1122 176 178 1123 175 179 1124 180 159 1125 179 182 1126 178 180 1127 183 183 1128 189 191 1129 190 184 1130 184 186 1131 185 189 1132 186 187 1133 185 189 1134 184 186 1135 167 173 1136 185 189 1137 174 172 1138 156 160 1139 186 187 1140 185 189 1141 183 183 1142 187 190 1143 188 192 1144 184 186 1145 184 186 1146 188 192 1147 177 181 1148 156 160 1149 180 159 1150 189 191 1151 189 191 1152 180 159 1153 177 181 1154 190 184 1155 189 191 1156 188 192 1157 196 193 1158 197 198 1159 198 194 1160 194 196 1161 193 199 1162 182 188 1163 194 196 1164 186 187 1165 181 185 1166 197 198 1167 196 193 1168 193 199 1169 197 198 1170 194 196 1171 192 197 1172 198 194 1173 197 198 1174 195 0 1175 181 185 1176 190 184 1177 200 200 1178 199 201 1179 187 190 1180 182 188 1181 200 200 1182 190 184 1183 187 190 1184 202 202 1185 196 193 1186 191 195 1187 196 193 1188 202 202 1189 199 201 1190 192 197 1191 200 200 1192 203 204 1193 203 204 1194 200 200 1195 199 201 1196 204 1 1197 203 204 1198 202 202 1199</p>
        </triangles>
      </mesh>
    </geometry>
    <geometry id="Mesh_009-mesh" name="Mesh.009">
      <mesh>
        <source id="Mesh_009-mesh-positions">
          <float_array id="Mesh_009-mesh-positions-array" count="96">50.80723 46.62601 -6.734789 50.80723 46.62601 -15.42572 52.00224 51.6011 -6.734788 52.00224 51.6011 -15.42572 42.76062 50.6889 -6.734788 42.76062 50.6889 -14.52637 42.76062 47.81902 -6.734788 42.76062 47.81902 -14.52637 51.03157 47.53448 -7.602294 51.03156 47.53448 -14.55822 51.83415 50.92972 -14.55822 51.83415 50.92972 -7.602293 50.04058 48.05074 -8.060295 50.04057 48.05074 -14.10022 50.49066 50.23248 -14.10022 50.49067 50.23248 -8.060295 50.80723 46.62601 6.734791 50.80723 46.62601 15.42572 52.00224 51.6011 6.73479 52.00224 51.6011 15.42572 42.76062 50.6889 6.73479 42.76062 50.6889 14.52637 42.76062 47.81902 6.73479 42.76062 47.81902 14.52637 51.03157 47.53448 7.602296 51.03156 47.53448 14.55822 51.83415 50.92972 14.55822 51.83415 50.92972 7.602295 50.04058 48.05074 8.060297 50.04057 48.05074 14.10022 50.49066 50.23248 14.10022 50.49067 50.23248 8.060297</float_array>
          <technique_common>
            <accessor source="#Mesh_009-mesh-positions-array" count="32" stride="3">
              <param name="X" type="float"/>
              <param name="Y" type="float"/>
              <param name="Z" type="float"/>
            </accessor>
          </technique_common>
        </source>
        <source id="Mesh_009-mesh-normals">
          <float_array id="Mesh_009-mesh-normals-array" count="228">0.9793765 -0.2020437 -1.81304e-6 0.9793765 -0.2020438 -1.13406e-6 -0.09822797 0.995164 0 -1 0 0 -0.1466595 -0.9891871 0 -0.1014542 0.0192424 -0.9946542 -0.1070626 0.008038461 -0.9942198 -0.09915876 0.02381795 -0.9947866 1.6519e-7 0 1 0.9708365 -0.2397426 0 0.9729695 -0.2308409 0.006566405 0.9724015 -0.2332524 -0.005371272 0.9723206 -0.23355 -0.006856799 0.9700605 -0.2428635 0 0.9729707 -0.2308344 -0.006588995 0.9724009 -0.2332544 0.005379676 0.9731268 -0.2300292 -0.01053136 0.4620194 0.8868699 -9.81578e-7 0.3760698 -0.08129155 0.9230185 0.3654029 -0.08411562 0.9270412 0.3839176 -0.07920032 0.9199644 0.4606378 -0.8875883 -1.08702e-6 0.3760649 -0.08129334 -0.9230204 0.3653792 -0.08411908 -0.9270502 0.3608729 -0.08530324 -0.9287057 -0.09822803 0.995164 0 -0.1466596 -0.9891871 0 -0.1110757 0 -0.993812 0 -1.96345e-7 1 0.9708393 -0.2397311 -1.58637e-6 0.9731259 -0.2300328 0.01052886 0.9700577 -0.2428747 0 0.9729694 -0.2308415 -0.006554067 0.9723203 -0.2335512 0.006870031 0.9724019 -0.2332508 0.005367875 0.4620218 0.8868686 0 0.3760368 -0.08129984 0.9230313 0.3608695 -0.08530533 0.9287068 0.3653694 -0.08412277 0.9270537 0.4606401 -0.8875871 0 0.3839148 -0.07920151 -0.9199656 0.9793765 -0.2020437 1.81304e-6 0.9793765 -0.2020437 1.13406e-6 -0.1014544 0.0192424 0.9946542 -0.09915906 0.02381795 0.9947866 -0.1070627 0.008038461 0.9942198 1.6519e-7 0 -1 0.9729695 -0.2308407 -0.006566405 0.9723208 -0.2335494 0.006856739 0.9724016 -0.2332517 0.005371272 0.9729728 -0.2308247 0.006635844 0.9731268 -0.2300292 0.01053136 0.9724007 -0.233255 -0.005379557 0.4620193 0.8868699 9.81578e-7 0.3760688 -0.08129268 -0.9230188 0.3839163 -0.07920038 -0.919965 0.3654018 -0.0841161 -0.9270416 0.4606378 -0.8875882 1.08702e-6 0.3760651 -0.08129334 0.9230204 0.3608735 -0.08530318 0.9287054 0.3653796 -0.08411902 0.9270501 -0.09822797 0.995164 0 -0.1466596 -0.9891871 0 -0.1110757 0 0.993812 0 -1.96345e-7 -1 0.9708393 -0.2397312 1.58637e-6 0.9731259 -0.2300328 -0.01052886 0.9700577 -0.2428748 0 0.9729695 -0.2308406 0.006553947 0.9723994 -0.2332602 -0.005414783 0.9723204 -0.233551 -0.006870031 0.4620218 0.8868686 0 0.3760375 -0.08129954 -0.923031 0.3653701 -0.08412224 -0.9270535 0.3608703 -0.08530533 -0.9287065 0.3839148 -0.07920151 0.9199656</float_array>
          <technique_common>
            <accessor source="#Mesh_009-mesh-normals-array" count="76" stride="3">
              <param name="X" type="float"/>
              <param name="Y" type="float"/>
              <param name="Z" type="float"/>
            </accessor>
          </technique_common>
        </source>
        <source id="Mesh_009-mesh-map-0">
          <float_array id="Mesh_009-mesh-map-0-array" count="336">0.4120578 0.1964769 0.5682851 0.2441359 0.4124111 0.2441993 0.4120578 0.1964769 0.5685622 0.1964364 0.5682851 0.2441359 0.370304 0.3013985 0.6126385 0.5540335 0.3703046 0.5540335 0.6126385 0.5540335 0.370305 0.6247497 0.3703046 0.5540335 0.6126388 0.6246429 0.3703044 0.8464592 0.370305 0.6247497 0.7625398 0.3013942 0.6126385 0.5540335 0.6124482 0.3013985 0.2031251 0.3013985 0.3703046 0.5540335 0.2669568 0.5540335 0.6124398 0.1490032 0.392222 0.1749643 0.3703026 0.1492486 0.6124482 0.3013985 0.5884889 0.1749643 0.6124398 0.1490032 0.370304 0.3013985 0.5884898 0.2775889 0.6124482 0.3013985 0.370304 0.3013985 0.392222 0.1749643 0.392131 0.2776165 0.5884889 0.1749643 0.4120578 0.1964769 0.392222 0.1749643 0.5884889 0.1749643 0.5682851 0.2441359 0.5685622 0.1964364 0.5884898 0.2775889 0.4124111 0.2441993 0.5682851 0.2441359 0.392222 0.1749643 0.4124111 0.2441993 0.392131 0.2776165 0.370304 0.3013985 0.6124482 0.3013985 0.6126385 0.5540335 0.6126385 0.5540335 0.6126388 0.6246429 0.370305 0.6247497 0.6126388 0.6246429 0.6124536 0.8467026 0.3703044 0.8464592 0.7625398 0.3013942 0.6988459 0.5540344 0.6126385 0.5540335 0.2031251 0.3013985 0.370304 0.3013985 0.3703046 0.5540335 0.6124398 0.1490032 0.5884889 0.1749643 0.392222 0.1749643 0.6124482 0.3013985 0.5884898 0.2775889 0.5884889 0.1749643 0.370304 0.3013985 0.392131 0.2776165 0.5884898 0.2775889 0.370304 0.3013985 0.3703026 0.1492486 0.392222 0.1749643 0.5884889 0.1749643 0.5685622 0.1964364 0.4120578 0.1964769 0.5884889 0.1749643 0.5884898 0.2775889 0.5682851 0.2441359 0.5884898 0.2775889 0.392131 0.2776165 0.4124111 0.2441993 0.392222 0.1749643 0.4120578 0.1964769 0.4124111 0.2441993 0.4120578 0.1964769 0.4124111 0.2441993 0.5682851 0.2441359 0.4120578 0.1964769 0.5682851 0.2441359 0.5685622 0.1964364 0.370304 0.3013985 0.3703046 0.5540335 0.6126385 0.5540335 0.6126385 0.5540335 0.3703046 0.5540335 0.370305 0.6247497 0.6126388 0.6246429 0.370305 0.6247497 0.3703044 0.8464592 0.7625398 0.3013942 0.6124482 0.3013985 0.6126385 0.5540335 0.2031251 0.3013985 0.2669568 0.5540335 0.3703046 0.5540335 0.6124398 0.1490032 0.3703026 0.1492486 0.392222 0.1749643 0.6124482 0.3013985 0.6124398 0.1490032 0.5884889 0.1749643 0.370304 0.3013985 0.6124482 0.3013985 0.5884898 0.2775889 0.370304 0.3013985 0.392131 0.2776165 0.392222 0.1749643 0.5884889 0.1749643 0.392222 0.1749643 0.4120578 0.1964769 0.5884889 0.1749643 0.5685622 0.1964364 0.5682851 0.2441359 0.5884898 0.2775889 0.5682851 0.2441359 0.4124111 0.2441993 0.392222 0.1749643 0.392131 0.2776165 0.4124111 0.2441993 0.370304 0.3013985 0.6126385 0.5540335 0.6124482 0.3013985 0.6126385 0.5540335 0.370305 0.6247497 0.6126388 0.6246429 0.6126388 0.6246429 0.3703044 0.8464592 0.6124536 0.8467026 0.7625398 0.3013942 0.6126385 0.5540335 0.6988459 0.5540344 0.2031251 0.3013985 0.3703046 0.5540335 0.370304 0.3013985 0.6124398 0.1490032 0.392222 0.1749643 0.5884889 0.1749643 0.6124482 0.3013985 0.5884889 0.1749643 0.5884898 0.2775889 0.370304 0.3013985 0.5884898 0.2775889 0.392131 0.2776165 0.370304 0.3013985 0.392222 0.1749643 0.3703026 0.1492486 0.5884889 0.1749643 0.4120578 0.1964769 0.5685622 0.1964364 0.5884889 0.1749643 0.5682851 0.2441359 0.5884898 0.2775889 0.5884898 0.2775889 0.4124111 0.2441993 0.392131 0.2776165 0.392222 0.1749643 0.4124111 0.2441993 0.4120578 0.1964769</float_array>
          <technique_common>
            <accessor source="#Mesh_009-mesh-map-0-array" count="168" stride="2">
              <param name="S" type="float"/>
              <param name="T" type="float"/>
            </accessor>
          </technique_common>
        </source>
        <vertices id="Mesh_009-mesh-vertices">
          <input semantic="POSITION" source="#Mesh_009-mesh-positions"/>
        </vertices>
        <triangles material="light-material" count="4">
          <input semantic="VERTEX" source="#Mesh_009-mesh-vertices" offset="0"/>
          <input semantic="NORMAL" source="#Mesh_009-mesh-normals" offset="1"/>
          <input semantic="TEXCOORD" source="#Mesh_009-mesh-map-0" offset="2" set="0"/>
          <p>12 0 0 14 0 1 15 0 2 12 1 3 13 1 4 14 1 5 28 41 84 31 41 85 30 41 86 28 42 87 30 42 88 29 42 89</p>
        </triangles>
        <triangles material="light1-material" count="52">
          <input semantic="VERTEX" source="#Mesh_009-mesh-vertices" offset="0"/>
          <input semantic="NORMAL" source="#Mesh_009-mesh-normals" offset="1"/>
          <input semantic="TEXCOORD" source="#Mesh_009-mesh-map-0" offset="2" set="0"/>
          <p>2 2 6 5 2 7 4 2 8 5 3 9 6 3 10 4 3 11 7 4 12 0 4 13 6 4 14 1 5 15 5 6 16 3 7 17 0 8 18 4 8 19 6 8 20 1 9 21 8 9 22 0 9 23 3 10 24 9 11 25 1 12 26 2 13 27 10 13 28 3 13 29 2 14 30 8 15 31 11 16 32 9 17 33 12 17 34 8 17 35 9 18 36 14 19 37 13 20 38 10 21 39 15 21 40 14 21 41 8 22 42 15 23 43 11 24 44 2 25 45 3 25 46 5 25 47 5 3 48 7 3 49 6 3 50 7 26 51 1 26 52 0 26 53 1 5 54 7 27 55 5 6 56 0 28 57 2 28 58 4 28 59 1 29 60 9 29 61 8 29 62 3 10 63 10 30 64 9 11 65 2 31 66 11 31 67 10 31 68 2 32 69 0 33 70 8 34 71 9 35 72 13 35 73 12 35 74 9 36 75 10 37 76 14 38 77 10 39 78 11 39 79 15 39 80 8 22 81 12 40 82 15 23 83 18 2 90 20 2 91 21 2 92 21 3 93 20 3 94 22 3 95 23 4 96 22 4 97 16 4 98 17 43 99 19 44 100 21 45 101 16 46 102 22 46 103 20 46 104 17 9 105 16 9 106 24 9 107 19 47 108 17 48 109 25 49 110 18 13 111 19 13 112 26 13 113 18 50 114 27 51 115 24 52 116 25 53 117 24 53 118 28 53 119 25 54 120 29 55 121 30 56 122 26 57 123 30 57 124 31 57 125 24 58 126 27 59 127 31 60 128 18 61 129 21 61 130 19 61 131 21 3 132 22 3 133 23 3 134 23 62 135 16 62 136 17 62 137 17 43 138 21 45 139 23 63 140 16 64 141 20 64 142 18 64 143 17 65 144 24 65 145 25 65 146 19 47 147 25 49 148 26 66 149 18 67 150 26 67 151 27 67 152 18 68 153 24 69 154 16 70 155 25 71 156 28 71 157 29 71 158 25 72 159 30 73 160 26 74 161 26 39 162 31 39 163 27 39 164 24 58 165 31 60 166 28 75 167</p>
        </triangles>
      </mesh>
    </geometry>
    <geometry id="Mesh_014-mesh" name="Mesh.014">
      <mesh>
        <source id="Mesh_014-mesh-positions">
          <float_array id="Mesh_014-mesh-positions-array" count="585">12.84759 25.47345 -5.403999 40.56984 33.94082 -14.178 29.88995 11.90446 -10.79785 17.34705 13.97545 -6.828068 14.05197 20.07868 -5.785179 14.6481 25.75854 -6.675575 15.53109 20.86244 -6.95504 15.00016 23.28227 -6.787003 13.33978 22.75273 -5.559776 14.80474 24.51506 -6.725151 13.06972 24.10891 -5.474304 13.26415 25.58016 -6.693077 13.46177 24.26093 -6.755615 13.7039 22.95093 -6.832252 15.23944 22.06583 -6.862732 13.66376 21.41072 -5.662315 13.99618 21.65592 -6.924759 14.34824 20.37203 -7.036186 15.05185 25.75854 -5.399918 15.4039 23.28227 -5.511345 15.20848 24.51506 -5.449493 13.92998 25.58016 -4.58934 14.12759 24.26093 -4.651886 14.36972 22.95093 -4.728516 15.93483 20.86244 -5.679382 15.64318 22.06583 -5.587074 14.662 21.65592 -4.821022 15.01406 20.37203 -4.932449 15.05998 17.48466 -6.10421 16.30525 18.53357 -7.200058 14.51271 18.76886 -5.931007 15.88239 19.68375 -7.066231 14.76802 19.1113 -7.169044 15.26872 17.87726 -7.327515 16.70899 18.53357 -5.9244 16.28614 19.68375 -5.790565 15.43385 19.1113 -5.065308 15.93455 17.87726 -5.223778 18.11796 15.43306 -7.773777 15.70502 16.245 -6.308365 16.80983 17.42973 -7.359756 15.86118 16.68843 -7.515022 16.46324 15.06629 -6.54834 17.41003 16.3879 -7.549717 16.56027 15.56096 -7.736282 17.37824 14.52102 -7.995171 17.21357 17.42973 -6.084099 16.52701 16.68843 -5.411293 18.5217 15.43306 -6.498119 17.81377 16.3879 -6.274059 17.22609 15.56096 -5.632553 18.04407 14.52102 -5.891434 23.39037 10.93035 -8.74075 19.5038 12.19553 -7.510662 19.87866 13.90894 -8.331032 18.3623 13.00656 -7.149387 18.94112 14.59615 -8.034298 18.32159 13.60153 -8.29374 19.38675 12.83685 -8.63086 20.2824 13.90894 -7.055374 19.34486 14.59615 -6.75864 18.98742 13.60153 -6.190002 20.05257 12.83685 -6.527122 23.17086 12.92057 -9.373003 20.74634 11.57426 -7.903927 20.91361 13.39826 -8.65859 20.55159 12.25697 -8.999527 22.05429 11.15524 -8.317892 22.0202 13.07239 -9.00882 21.78417 11.87281 -9.389635 23.05085 11.67528 -9.790529 21.31735 13.39826 -7.382931 21.21742 12.25697 -6.89579 23.5746 12.92057 -8.097345 22.42394 13.07239 -7.733162 22.45 11.87281 -7.2859 23.71668 11.67528 -7.686798 26.03603 10.96698 -9.578096 25.5271 13.0388 -10.11874 24.72439 10.87704 -9.162964 24.34396 12.91903 -9.744282 24.32464 11.64134 -10.19368 25.58819 11.74245 -10.59359 25.93084 13.0388 -8.843088 24.7477 12.91903 -8.468626 24.99046 11.64134 -8.089947 26.25401 11.74245 -8.489857 29.00836 13.85291 -11.22055 27.31327 11.17201 -9.982338 26.71772 13.25042 -10.49557 26.83301 11.94994 -10.98757 28.60632 11.48769 -10.39158 27.88108 13.51513 -10.86377 28.07752 12.24654 -11.38145 29.30262 12.63375 -11.7692 27.12146 13.25042 -9.219915 27.49883 11.94994 -8.883835 29.4121 13.85291 -9.944893 28.28482 13.51513 -9.588112 28.74334 12.24654 -9.277723 29.96845 12.63375 -9.665464 38.01734 20.71667 -13.37014 34.51679 14.90051 -12.26223 32.90855 16.32078 -12.45495 32.35912 13.11941 -11.57933 31.11681 14.8363 -11.88787 31.14865 12.44226 -11.19622 30.09284 14.28658 -11.56378 30.49611 13.13257 -12.14693 31.63678 13.76202 -12.50795 33.49128 13.94281 -11.93766 32.06037 15.51497 -12.1865 32.69835 14.53125 -12.84393 33.65748 15.43211 -13.1475 31.52055 14.8363 -10.61221 30.49658 14.28658 -10.28812 31.16193 13.13257 -10.0432 32.3026 13.76202 -10.40422 33.31229 16.32078 -11.17929 32.46412 15.51497 -10.91084 33.36417 14.53125 -10.7402 34.32331 15.43211 -11.04376 36.20849 17.10197 -12.79764 34.32511 18.24073 -12.90328 35.42142 15.96459 -12.54854 33.65962 17.23727 -12.69266 34.50464 16.44095 -13.41561 35.2462 17.5282 -13.65032 34.72885 18.24073 -11.62762 34.06337 17.23727 -11.417 35.17046 16.44095 -11.31188 35.91202 17.5282 -11.54658 35.98719 21.59201 -13.42932 36.89303 18.28381 -13.0143 34.92338 19.30815 -13.09264 35.89846 18.66721 -13.85675 37.48368 19.48208 -13.20124 35.48204 20.43578 -13.26945 36.47713 19.83904 -14.0399 37.00012 21.0443 -14.20543 35.32712 19.30815 -11.81698 36.56428 18.66721 -11.75302 36.39093 21.59201 -12.15367 35.88578 20.43578 -11.99379 37.14295 19.83904 -11.93617 37.66595 21.0443 -12.10169 39.91534 27.21393 -13.97085 38.92649 23.26367 -13.65788 36.84109 23.96141 -13.69958 38.49765 21.9792 -13.52216 36.43938 22.76821 -13.57244 37.4699 22.27452 -14.35411 37.88859 23.52483 -14.48662 37.24483 23.96141 -12.42392 36.84312 22.76821 -12.29679 38.13573 22.27452 -12.25038 38.55441 23.52483 -12.38289 37.75865 27.62887 -13.98999 39.30543 24.56683 -13.77781 37.19433 25.17057 -13.81138 38.25791 24.7928 -14.60351 39.63499 25.8847 -13.88212 37.50001 26.39365 -13.90813 38.57853 26.07519 -14.70499 38.85075 27.36924 -14.79114 37.59807 25.17057 -12.53572 38.92374 24.7928 -12.49978 38.1624 27.62887 -12.71433 37.90375 26.39365 -12.63247 39.24435 26.07519 -12.60125 39.51658 27.36924 -12.68741 40.32798 29.89617 -14.10145 38.13563 30.1308 -14.1093 40.14644 28.55197 -14.04399 37.97054 28.87507 -14.05705 39.07467 28.6729 -14.86201 39.25004 29.98399 -14.91752 38.53937 30.1308 -12.83364 38.37428 28.87507 -12.78139 39.74049 28.6729 -12.75828 39.91587 29.98399 -12.81379 38.34722 33.94082 -14.17627 40.45946 31.24401 -14.14306 38.25368 31.39464 -14.14666 39.37651 31.30039 -14.95755 40.5403 32.59304 -14.16865 38.32435 32.66514 -14.16903 39.45354 32.62003 -14.98192 39.48057 33.94082 -14.99048 38.65742 31.39464 -12.87101 40.04233 31.30039 -12.85381 38.75096 33.94082 -12.90061 38.7281 32.66514 -12.89337 40.11936 32.62003 -12.87819 40.1464 33.94082 -12.88675</float_array>
          <technique_common>
            <accessor source="#Mesh_014-mesh-positions-array" count="195" stride="3">
              <param name="X" type="float"/>
              <param name="Y" type="float"/>
              <param name="Z" type="float"/>
            </accessor>
          </technique_common>
        </source>
        <source id="Mesh_014-mesh-normals">
          <float_array id="Mesh_014-mesh-normals-array" count="585">0.9525298 -0.04243242 -0.3014739 0.5828866 -0.007048845 0.812523 0.5826583 -0.01315331 0.8126109 0.2474993 -0.9657167 -0.07832956 0.3858772 -0.292384 0.8749918 0.3634743 -0.2990121 0.8823142 -0.7620859 -0.6018341 0.2387905 0.06703472 -0.2219225 0.9727573 0.04384666 -0.1924495 0.9803268 -0.9193668 -0.2651101 0.2906568 0.002090394 -0.09936916 0.9950485 -0.001042306 -0.08303189 0.9965464 0.5760629 0.2193514 -0.787424 -0.574232 -0.08298468 -0.8144761 0.5830334 0.1845099 -0.7912195 0.5859392 0.146652 -0.7969747 -0.5772825 -0.05646902 -0.8145897 0.5883088 0.1208712 -0.7995517 -0.5772178 -0.05003482 -0.815056 -0.9408214 -0.1618327 0.2977674 -0.9372943 -0.1829743 0.296648 -0.5783946 -0.06434488 -0.8132156 -0.9297084 -0.2214946 0.2942491 -0.5741604 -0.09329938 -0.8134096 -0.002714514 -0.06882041 0.9976254 -0.003417193 -0.05648815 0.9983975 0.9366245 0.1532241 0.3150509 0.941225 0.120875 0.315412 0.5882244 0.1060593 -0.8017129 -0.003154695 -0.05003386 0.9987426 0.9423602 0.1060441 0.3173518 0.9217721 0.2284377 0.3132929 0.9320552 0.1844814 0.3118329 -0.8847346 -0.3733022 0.2790882 0.01518952 -0.1400256 0.9900314 0.007268965 -0.1182948 0.992952 0.5486049 0.3202629 -0.7723111 -0.5653787 -0.118228 -0.8163144 0.5657179 0.2721194 -0.778405 -0.90417 -0.3165608 0.2868204 -0.5628975 -0.131667 -0.815972 0.9105645 0.2721223 0.3111622 0.8909373 0.3282098 0.3138619 0.4208985 0.5410889 -0.7280572 -0.5282272 -0.1923494 -0.8270295 0.4783801 0.4700906 -0.7417327 0.5205121 0.3941666 -0.75743 -0.5452304 -0.1648026 -0.821927 -0.8545286 -0.4426196 0.2717883 -0.8167645 -0.5158205 0.2585057 -0.5182273 -0.2108972 -0.8288323 0.02696365 -0.1647995 0.9859585 0.8573887 0.3992373 0.324799 0.7484437 0.558478 0.3576793 0.8180046 0.4699987 0.3316167 -0.2127691 -0.9749437 0.06491744 0.2574521 -0.3153126 0.9133983 0.2181743 -0.3104943 0.9251992 -0.5909888 -0.7854875 0.1836892 0.134528 -0.2778575 0.951156 0.09744924 -0.2514211 0.9629597 0.2321363 0.7020667 -0.6732125 -0.4743875 -0.2513713 -0.843664 0.3306694 0.6382575 -0.6951872 -0.6817497 -0.6981277 0.2187128 -0.4559619 -0.2705803 -0.847871 0.5544046 0.7164191 0.4235318 0.6704379 0.638108 0.3785912 -0.1150126 0.8103746 -0.574513 -0.3537955 -0.3105226 -0.8822724 -0.01752799 0.8024909 -0.5964069 0.1022372 0.7701463 -0.6296207 -0.3958107 -0.2981836 -0.8685738 -0.4658805 -0.8718987 0.1508247 -0.3439688 -0.9326487 0.1088662 -0.3293789 -0.3177967 -0.8891091 0.1760088 -0.298182 0.938141 0.4459044 0.7699802 0.4563987 0.2168485 0.812047 0.5418084 0.3288141 0.8024926 0.4978824 0.01551967 -0.999862 -0.005930721 0.3195578 -0.3102284 0.8953442 0.2914537 -0.3144412 0.9034277 -0.2719687 0.8032841 -0.5298753 -0.2813506 -0.3144438 -0.906624 -0.2111888 0.8123365 -0.5436072 -0.08659893 -0.9958163 0.02916479 -0.2623887 -0.3143412 -0.9123277 0.07097065 0.8018018 0.5933609 0.1400397 0.8123394 0.5661216 -0.4147726 0.7698557 -0.485063 -0.2105079 -0.2990552 -0.9307269 -0.3653659 0.7857413 -0.4991176 -0.3229097 0.7953662 -0.5129542 -0.2311885 -0.3045568 -0.9240114 0.1056161 -0.9938543 -0.03314948 0.1791948 -0.9821776 -0.05671375 -0.1956369 -0.2988039 -0.9340463 0.342548 -0.3045548 0.8887673 0.02805835 0.7936241 0.6077612 -0.07329344 0.7655408 0.6391991 -0.01165962 0.7857409 0.618446 0.87692 -0.3924043 -0.2775431 0.5530719 -0.1354869 0.8220431 0.8577485 -0.4365434 -0.2714728 0.5902581 -0.7852431 -0.1870527 0.4978367 -0.2210531 0.8386264 0.471224 -0.2457183 0.8470953 -0.7226098 0.5728281 -0.3869149 -0.1019617 -0.2457129 -0.9639652 -0.6562754 0.6379114 -0.4029537 -0.1455861 -0.281661 -0.9484049 -0.5727169 0.6980285 -0.4298275 -0.1317669 -0.2664786 -0.9547915 -0.4811626 0.7403299 -0.4694617 0.3195184 -0.9421685 -0.1011261 0.4037216 -0.9059156 -0.1277727 0.4962679 -0.8538438 -0.157064 -0.08120161 -0.2339198 -0.9688591 0.4415746 -0.2664783 0.8567388 0.4122796 -0.2819528 0.8663303 -0.227075 0.6907837 0.6864801 -0.1393797 0.741703 0.6560869 -0.3049231 0.637905 0.7071769 -0.3788221 0.5673713 0.7311524 0.7436813 -0.6257301 -0.2353721 0.5337336 -0.1718181 0.828014 0.5192132 -0.1949729 0.8321078 -0.0318048 -0.1657 -0.9856632 -0.7872987 0.4978668 -0.3637162 -0.8271436 0.4373898 -0.3528795 -0.05131566 -0.2197226 -0.9742119 0.6751601 -0.7060434 -0.2136861 -0.4346614 0.4978613 0.750469 -0.4733808 0.4373344 0.7646237 -0.01033073 -0.1174346 -0.993027 -0.870851 0.3554573 -0.3395124 -0.8864271 0.3202696 -0.3341773 -0.02916288 -0.1520955 -0.9879355 0.7946033 -0.5525954 -0.2514836 0.8313807 -0.4894583 -0.2631286 -0.8540987 0.3875312 -0.3468931 -0.01590919 -0.1476618 -0.98891 0.5445622 -0.1520923 0.8248152 -0.4991092 0.3876131 0.7750138 -0.5328691 0.3162173 0.7848932 -0.516854 0.3554295 0.7788017 0.5628995 -0.1174396 0.8181394 0.9347417 -0.196811 -0.2958437 0.5751622 -0.07308596 0.8147681 0.9267014 -0.2349498 -0.2932974 0.9059342 -0.3115648 -0.2867241 0.5643998 -0.1091551 0.8182532 0.8926795 -0.3511382 -0.2825337 -0.001617908 -0.09266972 -0.9956956 -0.8995848 0.2864877 -0.3296543 -0.9107666 0.253762 -0.3257438 -0.00402671 -0.1191948 -0.9928627 -0.546173 0.2865059 0.7871527 -0.5575134 0.2537103 0.7904493 0.5715336 -0.092619 0.815335 0.006687939 -0.05698877 -0.9983525 -0.9281677 0.1898608 -0.3200904 -0.9348046 0.158182 -0.3179922 -0.001311957 -0.08492672 -0.9963864 0.9171729 -0.2730031 -0.2902814 -0.9206611 0.2179887 -0.3238273 0.007065415 -0.08163726 -0.9966371 -0.5669977 0.2215917 0.7933543 0.5748339 -0.08069068 0.8142819 -0.575007 0.1898667 0.7958126 -0.5815253 0.1581597 0.7980063 0.5798834 -0.05699056 0.8127039 0.9412714 -0.1589312 -0.2979077 0.5811839 -0.03750306 0.8129076 0.579703 -0.04945021 0.8133261 -0.9432963 0.09827804 -0.3170705 0.006179332 -0.04950892 -0.9987546 -0.9400923 0.1266483 -0.3165227 0.008693814 -0.04220139 -0.9990713 -0.5867641 0.1266464 0.7997928 -0.5906241 0.09501892 0.8013331 -0.9489408 0.01546597 -0.3150748 0.009017825 -0.0131464 -0.9998729 -0.9486248 0.03134596 -0.3148468 -0.9469799 0.06324517 -0.3150067 0.008562564 -0.02540844 -0.9996405 0.9464293 -0.1206057 -0.2995428 0.9501951 -0.08179855 -0.3007298 0.009183704 -0.007046043 -0.9999331 0.5821505 -0.02540844 0.8126841 -0.5923109 0.05994498 0.8034765 -0.5947257 0.03134447 0.8033175 -0.5948887 0.01546919 0.8036592 0.9531368 -0.02298122 -0.301666</float_array>
          <technique_common>
            <accessor source="#Mesh_014-mesh-normals-array" count="195" stride="3">
              <param name="X" type="float"/>
              <param name="Y" type="float"/>
              <param name="Z" type="float"/>
            </accessor>
          </technique_common>
        </source>
        <source id="Mesh_014-mesh-map-0">
          <float_array id="Mesh_014-mesh-map-0-array" count="2280">0.5364846 0.8493133 0.5318128 0.8511387 0.5334002 0.8479677 0.4963206 0.7758653 0.4994297 0.7816559 0.4950473 0.7801959 0.4497566 0.7899788 0.4560019 0.789305 0.4528247 0.7929816 0.4400348 0.8125214 0.4447498 0.8089407 0.4438867 0.8130993 0.4522265 0.8118374 0.454274 0.816348 0.4509044 0.8150708 0.4499239 0.81779 0.4511429 0.8208956 0.4493132 0.8197644 0.449447 0.8219892 0.4493132 0.8197644 0.4511429 0.8208956 0.4502183 0.8242993 0.4511429 0.8208956 0.4529143 0.8232166 0.4527921 0.8190538 0.4529143 0.8232166 0.4511429 0.8208956 0.4509044 0.8150708 0.4527921 0.8190538 0.4499239 0.81779 0.454274 0.816348 0.4555406 0.8211231 0.4527921 0.8190538 0.4559817 0.8130918 0.4575358 0.8181841 0.454274 0.816348 0.4409445 0.8216165 0.4436725 0.8171085 0.4442141 0.8206055 0.446923 0.8172473 0.4493132 0.8197644 0.447172 0.8198698 0.4490236 0.8210524 0.447172 0.8198698 0.4493132 0.8197644 0.442447 0.8252681 0.4442141 0.8206055 0.44554 0.8237142 0.44554 0.8237142 0.447172 0.8198698 0.4480862 0.8218814 0.446923 0.8172473 0.4442141 0.8206055 0.4436725 0.8171085 0.448359 0.8104562 0.4509044 0.8150708 0.4473814 0.8140263 0.4509044 0.8150708 0.446923 0.8172473 0.4473814 0.8140263 0.4399869 0.8173139 0.4438867 0.8130993 0.4436725 0.8171085 0.4473814 0.8140263 0.4436725 0.8171085 0.4438867 0.8130993 0.448359 0.8104562 0.4438867 0.8130993 0.4447498 0.8089407 0.4421789 0.8031318 0.447848 0.8007826 0.4460679 0.80481 0.455409 0.8051168 0.4575983 0.8096477 0.4538023 0.8084607 0.4559817 0.8130918 0.4538023 0.8084607 0.4575983 0.8096477 0.4595605 0.8146972 0.4575983 0.8096477 0.4612123 0.8109966 0.4591209 0.806407 0.4612123 0.8109966 0.4575983 0.8096477 0.455409 0.8051168 0.4496786 0.8067245 0.4512783 0.8030862 0.4538023 0.8084607 0.448359 0.8104562 0.4496786 0.8067245 0.4408463 0.8077049 0.4460679 0.80481 0.4447498 0.8089407 0.4496786 0.8067245 0.4447498 0.8089407 0.4460679 0.80481 0.4512783 0.8030862 0.4460679 0.80481 0.447848 0.8007826 0.461647 0.7958378 0.4626051 0.8004543 0.4592288 0.7987904 0.4591209 0.806407 0.457159 0.8019146 0.4607427 0.8033508 0.4625172 0.807776 0.4607427 0.8033508 0.4639334 0.804853 0.4607427 0.8033508 0.4592288 0.7987904 0.4626051 0.8004543 0.4639334 0.804853 0.4626051 0.8004543 0.4655345 0.8021318 0.4647425 0.7978278 0.4655345 0.8021318 0.4626051 0.8004543 0.444138 0.7986966 0.4501025 0.7968676 0.447848 0.8007826 0.4531773 0.7995469 0.455409 0.8051168 0.4512783 0.8030862 0.4531773 0.7995469 0.447848 0.8007826 0.4501025 0.7968676 0.4582653 0.7926642 0.4592288 0.7987904 0.4554944 0.7960314 0.4592288 0.7987904 0.4531773 0.7995469 0.4554944 0.7960314 0.4466892 0.7942757 0.4528247 0.7929816 0.4501025 0.7968676 0.4554944 0.7960314 0.4501025 0.7968676 0.4528247 0.7929816 0.4582653 0.7926642 0.4528247 0.7929816 0.4560019 0.789305 0.4716318 0.7752463 0.4770334 0.7786194 0.4724349 0.7795193 0.4573465 0.7823934 0.4636124 0.7832382 0.4596073 0.7860169 0.4674485 0.7910376 0.4671391 0.7955964 0.4644005 0.7932258 0.4647425 0.7978278 0.4644005 0.7932258 0.4671391 0.7955964 0.4673272 0.799746 0.4671391 0.7955964 0.4693163 0.7977702 0.4697581 0.7938044 0.4693163 0.7977702 0.4671391 0.7955964 0.4650479 0.7871097 0.4644005 0.7932258 0.4614602 0.789642 0.4644005 0.7932258 0.4582653 0.7926642 0.4614602 0.789642 0.4533129 0.7859759 0.4596073 0.7860169 0.4560019 0.789305 0.4614602 0.789642 0.4560019 0.789305 0.4596073 0.7860169 0.4650479 0.7871097 0.4596073 0.7860169 0.4636124 0.7832382 0.4778555 0.7874487 0.4755309 0.7915835 0.4742426 0.7881488 0.4697581 0.7938044 0.4707493 0.7893364 0.4725673 0.7924723 0.471497 0.7962349 0.4725673 0.7924723 0.4738581 0.7951471 0.4725673 0.7924723 0.4742426 0.7881488 0.4755309 0.7915835 0.4738581 0.7951471 0.4755309 0.7915835 0.4763777 0.7944709 0.478605 0.7910991 0.4763777 0.7944709 0.4755309 0.7915835 0.4618183 0.7793488 0.4679256 0.781058 0.4636124 0.7832382 0.4707493 0.7893364 0.4650479 0.7871097 0.4689426 0.7851547 0.4689426 0.7851547 0.4636124 0.7832382 0.4679256 0.781058 0.4772324 0.7830621 0.4742426 0.7881488 0.4730403 0.7838085 0.4707493 0.7893364 0.4730403 0.7838085 0.4742426 0.7881488 0.4666233 0.7769484 0.4724349 0.7795193 0.4679256 0.781058 0.4730403 0.7838085 0.4679256 0.781058 0.4724349 0.7795193 0.4772324 0.7830621 0.4724349 0.7795193 0.4770334 0.7786194 0.4817429 0.7738587 0.4861559 0.77849 0.4816261 0.7782963 0.4852244 0.7873872 0.4817591 0.7909934 0.4815336 0.787213 0.478605 0.7910991 0.4815336 0.787213 0.4817591 0.7909934 0.4790229 0.7941697 0.4817591 0.7909934 0.4817758 0.7942019 0.484956 0.7912175 0.4817758 0.7942019 0.4817591 0.7909934 0.4855918 0.783091 0.4815336 0.787213 0.4814282 0.7828472 0.4778555 0.7874487 0.4814282 0.7828472 0.4815336 0.787213 0.4767081 0.774239 0.4816261 0.7782963 0.4770334 0.7786194 0.4814282 0.7828472 0.4770334 0.7786194 0.4816261 0.7782963 0.4855918 0.783091 0.4816261 0.7782963 0.4861559 0.77849 0.4960296 0.7900928 0.4913904 0.7925941 0.4925223 0.7888563 0.484956 0.7912175 0.4889256 0.7879419 0.4881604 0.7917503 0.4845869 0.7945096 0.4881604 0.7917503 0.48742 0.7950501 0.4881604 0.7917503 0.4925223 0.7888563 0.4913904 0.7925941 0.48742 0.7950501 0.4913904 0.7925941 0.4903627 0.7958277 0.4945613 0.7937335 0.4903627 0.7958277 0.4913904 0.7925941 0.4866824 0.7740292 0.4906066 0.7791347 0.4861559 0.77849 0.4897166 0.7837324 0.4852244 0.7873872 0.4855918 0.783091 0.4897166 0.7837324 0.4861559 0.77849 0.4906066 0.7791347 0.4976639 0.7859839 0.4925223 0.7888563 0.4937368 0.7846851 0.4889256 0.7879419 0.4937368 0.7846851 0.4925223 0.7888563 0.4914813 0.7747009 0.4950473 0.7801959 0.4906066 0.7791347 0.4937368 0.7846851 0.4906066 0.7791347 0.4950473 0.7801959 0.4976639 0.7859839 0.4950473 0.7801959 0.4994297 0.7816559 0.5317264 0.8092662 0.5257187 0.8070048 0.5297437 0.804943 0.5145369 0.7852407 0.5151967 0.7918612 0.5116752 0.7886753 0.5085723 0.7984197 0.5032476 0.7989292 0.5057412 0.7958472 0.4976258 0.795166 0.5026859 0.7935847 0.5005331 0.7968956 0.4945613 0.7937335 0.499426 0.7916691 0.4976258 0.795166 0.4932811 0.7968478 0.4976258 0.795166 0.4960927 0.798106 0.4960927 0.798106 0.5005331 0.7968956 0.4987359 0.7996255 0.5005331 0.7968956 0.5057412 0.7958472 0.5032476 0.7989292 0.4987359 0.7996255 0.5032476 0.7989292 0.5011566 0.801439 0.505742 0.8012576 0.5011566 0.801439 0.5032476 0.7989292 0.5058107 0.7795774 0.5078248 0.785888 0.503711 0.7835464 0.5051926 0.7897566 0.499426 0.7916691 0.5015105 0.7876608 0.4960296 0.7900928 0.5015105 0.7876608 0.499426 0.7916691 0.5011147 0.7774796 0.503711 0.7835464 0.4994297 0.7816559 0.5015105 0.7876608 0.4994297 0.7816559 0.503711 0.7835464 0.5051926 0.7897566 0.503711 0.7835464 0.5078248 0.785888 0.5085723 0.7984197 0.5086558 0.7922627 0.5118173 0.7951542 0.5057412 0.7958472 0.5051926 0.7897566 0.5086558 0.7922627 0.5103133 0.7821736 0.5116752 0.7886753 0.5078248 0.785888 0.5086558 0.7922627 0.5078248 0.785888 0.5116752 0.7886753 0.5118173 0.7951542 0.5116752 0.7886753 0.5151967 0.7918612 0.5218489 0.7925333 0.5211336 0.7991098 0.5183495 0.7953685 0.5100855 0.8067191 0.5111479 0.8012803 0.5134803 0.8043833 0.505742 0.8012576 0.5111479 0.8012803 0.5080122 0.8038667 0.5033404 0.8035577 0.5080122 0.8038667 0.5053077 0.8059756 0.5100855 0.8067191 0.5053077 0.8059756 0.5080122 0.8038667 0.5134803 0.8043833 0.5146617 0.7983562 0.5171841 0.801801 0.5111479 0.8012803 0.5118173 0.7951542 0.5146617 0.7983562 0.5183989 0.7887228 0.5183495 0.7953685 0.5151967 0.7918612 0.5146617 0.7983562 0.5151967 0.7918612 0.5183495 0.7953685 0.5211336 0.7991098 0.5146617 0.7983562 0.5183495 0.7953685 0.5151998 0.816469 0.5174663 0.8112372 0.5191546 0.8149106 0.5134803 0.8043833 0.5119642 0.8097858 0.5100855 0.8067191 0.5071039 0.8086529 0.5119642 0.8097858 0.508734 0.8115539 0.5155715 0.8076931 0.5136596 0.8130345 0.5119642 0.8097858 0.5102265 0.8145977 0.5119642 0.8097858 0.5136596 0.8130345 0.5116119 0.8178554 0.5136596 0.8130345 0.5151998 0.816469 0.52487 0.7965681 0.5235769 0.8030066 0.5211336 0.7991098 0.5194315 0.8054171 0.5134803 0.8043833 0.5171841 0.801801 0.5235769 0.8030066 0.5171841 0.801801 0.5211336 0.7991098 0.5232802 0.8131235 0.5174663 0.8112372 0.5214713 0.8092216 0.5174663 0.8112372 0.5194315 0.8054171 0.5214713 0.8092216 0.5297437 0.804943 0.5235769 0.8030066 0.5274994 0.8007352 0.5257187 0.8070048 0.5194315 0.8054171 0.5235769 0.8030066 0.5276189 0.8111152 0.5214713 0.8092216 0.5257187 0.8070048 0.538252 0.8316273 0.5331303 0.8279219 0.5375102 0.8271678 0.5350334 0.818148 0.5293044 0.8153133 0.5334834 0.8136723 0.5178278 0.8237239 0.520651 0.8186815 0.5219741 0.8224989 0.5191546 0.8149106 0.5165899 0.820049 0.5151998 0.816469 0.5128894 0.8212896 0.5151998 0.816469 0.5165899 0.820049 0.514052 0.824848 0.5165899 0.820049 0.5178278 0.8237239 0.5219741 0.8224989 0.5248841 0.817099 0.5262901 0.8211122 0.5191546 0.8149106 0.5248841 0.817099 0.520651 0.8186815 0.5334834 0.8136723 0.5276189 0.8111152 0.5317264 0.8092662 0.5293044 0.8153133 0.5232802 0.8131235 0.5276189 0.8111152 0.5307911 0.8195745 0.5248841 0.817099 0.5293044 0.8153133 0.5208912 0.8348039 0.5240874 0.8300157 0.5250267 0.833728 0.5219741 0.8224989 0.5189273 0.827421 0.5178278 0.8237239 0.515106 0.8284713 0.5178278 0.8237239 0.5189273 0.827421 0.5231153 0.8262864 0.519939 0.8310754 0.5189273 0.827421 0.5160421 0.8320879 0.5189273 0.827421 0.519939 0.8310754 0.5169518 0.8359082 0.519939 0.8310754 0.5208912 0.8348039 0.536386 0.8226701 0.5307911 0.8195745 0.5350334 0.818148 0.5231153 0.8262864 0.5262901 0.8211122 0.5274874 0.8250693 0.5320754 0.8238033 0.5262901 0.8211122 0.5307911 0.8195745 0.5250267 0.833728 0.528496 0.8289412 0.5294043 0.8328144 0.5231153 0.8262864 0.528496 0.8289412 0.5240874 0.8300157 0.5375102 0.8271678 0.5320754 0.8238033 0.536386 0.8226701 0.5331303 0.8279219 0.5274874 0.8250693 0.5320754 0.8238033 0.5339232 0.8321118 0.528496 0.8289412 0.5331303 0.8279219 0.5384952 0.836121 0.5346468 0.8404351 0.5344534 0.8363054 0.526821 0.84108 0.5219641 0.8386123 0.5260477 0.8374807 0.5208912 0.8348039 0.5260477 0.8374807 0.5219641 0.8386123 0.5169518 0.8359082 0.5219641 0.8386123 0.5182862 0.8399945 0.5231838 0.8420748 0.5182862 0.8399945 0.5219641 0.8386123 0.526821 0.84108 0.5301226 0.8367189 0.5306773 0.8405712 0.5250267 0.833728 0.5301226 0.8367189 0.5260477 0.8374807 0.538252 0.8316273 0.5344534 0.8363054 0.5339232 0.8321118 0.5301226 0.8367189 0.5339232 0.8321118 0.5344534 0.8363054 0.5306773 0.8405712 0.5344534 0.8363054 0.5346468 0.8404351 0.527884 0.8482254 0.5254668 0.8472964 0.5277611 0.8465676 0.5231838 0.8420748 0.5274323 0.8441678 0.5241724 0.8451206 0.5197948 0.8435646 0.5241724 0.8451206 0.5212275 0.846705 0.5241724 0.8451206 0.5277611 0.8465676 0.5254668 0.8472964 0.5212275 0.846705 0.5254668 0.8472964 0.5233977 0.8491579 0.5268179 0.848981 0.5233977 0.8491579 0.5254668 0.8472964 0.538538 0.8406457 0.5343574 0.8445094 0.5346468 0.8404351 0.530752 0.8440256 0.526821 0.84108 0.5306773 0.8405712 0.530752 0.8440256 0.5346468 0.8404351 0.5343574 0.8445094 0.527884 0.8482254 0.5302118 0.8469183 0.529092 0.8491307 0.5277611 0.8465676 0.530752 0.8440256 0.5302118 0.8469183 0.5379943 0.84525 0.5334002 0.8479677 0.5343574 0.8445094 0.5302118 0.8469183 0.5343574 0.8445094 0.5334002 0.8479677 0.529092 0.8491307 0.5334002 0.8479677 0.5318128 0.8511387 0.5364846 0.8493133 0.5348077 0.8527557 0.5318128 0.8511387 0.4963206 0.7758653 0.5011147 0.7774796 0.4994297 0.7816559 0.4497566 0.7899788 0.4533129 0.7859759 0.4560019 0.789305 0.4400348 0.8125214 0.4408463 0.8077049 0.4447498 0.8089407 0.4522265 0.8118374 0.4559817 0.8130918 0.454274 0.816348 0.4499239 0.81779 0.4527921 0.8190538 0.4511429 0.8208956 0.449447 0.8219892 0.4490236 0.8210524 0.4493132 0.8197644 0.4502183 0.8242993 0.449447 0.8219892 0.4511429 0.8208956 0.4527921 0.8190538 0.4555406 0.8211231 0.4529143 0.8232166 0.4509044 0.8150708 0.454274 0.816348 0.4527921 0.8190538 0.454274 0.816348 0.4575358 0.8181841 0.4555406 0.8211231 0.4559817 0.8130918 0.4595605 0.8146972 0.4575358 0.8181841 0.4409445 0.8216165 0.4399869 0.8173139 0.4436725 0.8171085 0.446923 0.8172473 0.4499239 0.81779 0.4493132 0.8197644 0.4490236 0.8210524 0.4480862 0.8218814 0.447172 0.8198698 0.442447 0.8252681 0.4409445 0.8216165 0.4442141 0.8206055 0.44554 0.8237142 0.4442141 0.8206055 0.447172 0.8198698 0.446923 0.8172473 0.447172 0.8198698 0.4442141 0.8206055 0.448359 0.8104562 0.4522265 0.8118374 0.4509044 0.8150708 0.4509044 0.8150708 0.4499239 0.81779 0.446923 0.8172473 0.4399869 0.8173139 0.4400348 0.8125214 0.4438867 0.8130993 0.4473814 0.8140263 0.446923 0.8172473 0.4436725 0.8171085 0.448359 0.8104562 0.4473814 0.8140263 0.4438867 0.8130993 0.4421789 0.8031318 0.444138 0.7986966 0.447848 0.8007826 0.455409 0.8051168 0.4591209 0.806407 0.4575983 0.8096477 0.4559817 0.8130918 0.4522265 0.8118374 0.4538023 0.8084607 0.4595605 0.8146972 0.4559817 0.8130918 0.4575983 0.8096477 0.4591209 0.806407 0.4625172 0.807776 0.4612123 0.8109966 0.455409 0.8051168 0.4538023 0.8084607 0.4496786 0.8067245 0.4538023 0.8084607 0.4522265 0.8118374 0.448359 0.8104562 0.4408463 0.8077049 0.4421789 0.8031318 0.4460679 0.80481 0.4496786 0.8067245 0.448359 0.8104562 0.4447498 0.8089407 0.4512783 0.8030862 0.4496786 0.8067245 0.4460679 0.80481 0.461647 0.7958378 0.4647425 0.7978278 0.4626051 0.8004543 0.4591209 0.806407 0.455409 0.8051168 0.457159 0.8019146 0.4625172 0.807776 0.4591209 0.806407 0.4607427 0.8033508 0.4607427 0.8033508 0.457159 0.8019146 0.4592288 0.7987904 0.4639334 0.804853 0.4607427 0.8033508 0.4626051 0.8004543 0.4647425 0.7978278 0.4673272 0.799746 0.4655345 0.8021318 0.444138 0.7986966 0.4466892 0.7942757 0.4501025 0.7968676 0.4531773 0.7995469 0.457159 0.8019146 0.455409 0.8051168 0.4531773 0.7995469 0.4512783 0.8030862 0.447848 0.8007826 0.4582653 0.7926642 0.461647 0.7958378 0.4592288 0.7987904 0.4592288 0.7987904 0.457159 0.8019146 0.4531773 0.7995469 0.4466892 0.7942757 0.4497566 0.7899788 0.4528247 0.7929816 0.4554944 0.7960314 0.4531773 0.7995469 0.4501025 0.7968676 0.4582653 0.7926642 0.4554944 0.7960314 0.4528247 0.7929816 0.4716318 0.7752463 0.4767081 0.774239 0.4770334 0.7786194 0.4573465 0.7823934 0.4618183 0.7793488 0.4636124 0.7832382 0.4674485 0.7910376 0.4697581 0.7938044 0.4671391 0.7955964 0.4647425 0.7978278 0.461647 0.7958378 0.4644005 0.7932258 0.4673272 0.799746 0.4647425 0.7978278 0.4671391 0.7955964 0.4697581 0.7938044 0.471497 0.7962349 0.4693163 0.7977702 0.4650479 0.7871097 0.4674485 0.7910376 0.4644005 0.7932258 0.4644005 0.7932258 0.461647 0.7958378 0.4582653 0.7926642 0.4533129 0.7859759 0.4573465 0.7823934 0.4596073 0.7860169 0.4614602 0.789642 0.4582653 0.7926642 0.4560019 0.789305 0.4650479 0.7871097 0.4614602 0.789642 0.4596073 0.7860169 0.4778555 0.7874487 0.478605 0.7910991 0.4755309 0.7915835 0.4697581 0.7938044 0.4674485 0.7910376 0.4707493 0.7893364 0.471497 0.7962349 0.4697581 0.7938044 0.4725673 0.7924723 0.4725673 0.7924723 0.4707493 0.7893364 0.4742426 0.7881488 0.4738581 0.7951471 0.4725673 0.7924723 0.4755309 0.7915835 0.478605 0.7910991 0.4790229 0.7941697 0.4763777 0.7944709 0.4618183 0.7793488 0.4666233 0.7769484 0.4679256 0.781058 0.4707493 0.7893364 0.4674485 0.7910376 0.4650479 0.7871097 0.4689426 0.7851547 0.4650479 0.7871097 0.4636124 0.7832382 0.4772324 0.7830621 0.4778555 0.7874487 0.4742426 0.7881488 0.4707493 0.7893364 0.4689426 0.7851547 0.4730403 0.7838085 0.4666233 0.7769484 0.4716318 0.7752463 0.4724349 0.7795193 0.4730403 0.7838085 0.4689426 0.7851547 0.4679256 0.781058 0.4772324 0.7830621 0.4730403 0.7838085 0.4724349 0.7795193 0.4817429 0.7738587 0.4866824 0.7740292 0.4861559 0.77849 0.4852244 0.7873872 0.484956 0.7912175 0.4817591 0.7909934 0.478605 0.7910991 0.4778555 0.7874487 0.4815336 0.787213 0.4790229 0.7941697 0.478605 0.7910991 0.4817591 0.7909934 0.484956 0.7912175 0.4845869 0.7945096 0.4817758 0.7942019 0.4855918 0.783091 0.4852244 0.7873872 0.4815336 0.787213 0.4778555 0.7874487 0.4772324 0.7830621 0.4814282 0.7828472 0.4767081 0.774239 0.4817429 0.7738587 0.4816261 0.7782963 0.4814282 0.7828472 0.4772324 0.7830621 0.4770334 0.7786194 0.4855918 0.783091 0.4814282 0.7828472 0.4816261 0.7782963 0.4960296 0.7900928 0.4945613 0.7937335 0.4913904 0.7925941 0.484956 0.7912175 0.4852244 0.7873872 0.4889256 0.7879419 0.4845869 0.7945096 0.484956 0.7912175 0.4881604 0.7917503 0.4881604 0.7917503 0.4889256 0.7879419 0.4925223 0.7888563 0.48742 0.7950501 0.4881604 0.7917503 0.4913904 0.7925941 0.4945613 0.7937335 0.4932811 0.7968478 0.4903627 0.7958277 0.4866824 0.7740292 0.4914813 0.7747009 0.4906066 0.7791347 0.4897166 0.7837324 0.4889256 0.7879419 0.4852244 0.7873872 0.4897166 0.7837324 0.4855918 0.783091 0.4861559 0.77849 0.4976639 0.7859839 0.4960296 0.7900928 0.4925223 0.7888563 0.4889256 0.7879419 0.4897166 0.7837324 0.4937368 0.7846851 0.4914813 0.7747009 0.4963206 0.7758653 0.4950473 0.7801959 0.4937368 0.7846851 0.4897166 0.7837324 0.4906066 0.7791347 0.4976639 0.7859839 0.4937368 0.7846851 0.4950473 0.7801959 0.5317264 0.8092662 0.5276189 0.8111152 0.5257187 0.8070048 0.5145369 0.7852407 0.5183989 0.7887228 0.5151967 0.7918612 0.5085723 0.7984197 0.505742 0.8012576 0.5032476 0.7989292 0.4976258 0.795166 0.499426 0.7916691 0.5026859 0.7935847 0.4945613 0.7937335 0.4960296 0.7900928 0.499426 0.7916691 0.4932811 0.7968478 0.4945613 0.7937335 0.4976258 0.795166 0.4960927 0.798106 0.4976258 0.795166 0.5005331 0.7968956 0.5005331 0.7968956 0.5026859 0.7935847 0.5057412 0.7958472 0.4987359 0.7996255 0.5005331 0.7968956 0.5032476 0.7989292 0.505742 0.8012576 0.5033404 0.8035577 0.5011566 0.801439 0.5058107 0.7795774 0.5103133 0.7821736 0.5078248 0.785888 0.5051926 0.7897566 0.5026859 0.7935847 0.499426 0.7916691 0.4960296 0.7900928 0.4976639 0.7859839 0.5015105 0.7876608 0.5011147 0.7774796 0.5058107 0.7795774 0.503711 0.7835464 0.5015105 0.7876608 0.4976639 0.7859839 0.4994297 0.7816559 0.5051926 0.7897566 0.5015105 0.7876608 0.503711 0.7835464 0.5085723 0.7984197 0.5057412 0.7958472 0.5086558 0.7922627 0.5057412 0.7958472 0.5026859 0.7935847 0.5051926 0.7897566 0.5103133 0.7821736 0.5145369 0.7852407 0.5116752 0.7886753 0.5086558 0.7922627 0.5051926 0.7897566 0.5078248 0.785888 0.5118173 0.7951542 0.5086558 0.7922627 0.5116752 0.7886753 0.5218489 0.7925333 0.52487 0.7965681 0.5211336 0.7991098 0.5100855 0.8067191 0.5080122 0.8038667 0.5111479 0.8012803 0.505742 0.8012576 0.5085723 0.7984197 0.5111479 0.8012803 0.5033404 0.8035577 0.505742 0.8012576 0.5080122 0.8038667 0.5100855 0.8067191 0.5071039 0.8086529 0.5053077 0.8059756 0.5134803 0.8043833 0.5111479 0.8012803 0.5146617 0.7983562 0.5111479 0.8012803 0.5085723 0.7984197 0.5118173 0.7951542 0.5183989 0.7887228 0.5218489 0.7925333 0.5183495 0.7953685 0.5146617 0.7983562 0.5118173 0.7951542 0.5151967 0.7918612 0.5211336 0.7991098 0.5171841 0.801801 0.5146617 0.7983562 0.5151998 0.816469 0.5136596 0.8130345 0.5174663 0.8112372 0.5134803 0.8043833 0.5155715 0.8076931 0.5119642 0.8097858 0.5071039 0.8086529 0.5100855 0.8067191 0.5119642 0.8097858 0.5155715 0.8076931 0.5174663 0.8112372 0.5136596 0.8130345 0.5102265 0.8145977 0.508734 0.8115539 0.5119642 0.8097858 0.5116119 0.8178554 0.5102265 0.8145977 0.5136596 0.8130345 0.52487 0.7965681 0.5274994 0.8007352 0.5235769 0.8030066 0.5194315 0.8054171 0.5155715 0.8076931 0.5134803 0.8043833 0.5235769 0.8030066 0.5194315 0.8054171 0.5171841 0.801801 0.5232802 0.8131235 0.5191546 0.8149106 0.5174663 0.8112372 0.5174663 0.8112372 0.5155715 0.8076931 0.5194315 0.8054171 0.5297437 0.804943 0.5257187 0.8070048 0.5235769 0.8030066 0.5257187 0.8070048 0.5214713 0.8092216 0.5194315 0.8054171 0.5276189 0.8111152 0.5232802 0.8131235 0.5214713 0.8092216 0.538252 0.8316273 0.5339232 0.8321118 0.5331303 0.8279219 0.5350334 0.818148 0.5307911 0.8195745 0.5293044 0.8153133 0.5178278 0.8237239 0.5165899 0.820049 0.520651 0.8186815 0.5191546 0.8149106 0.520651 0.8186815 0.5165899 0.820049 0.5128894 0.8212896 0.5116119 0.8178554 0.5151998 0.816469 0.514052 0.824848 0.5128894 0.8212896 0.5165899 0.820049 0.5219741 0.8224989 0.520651 0.8186815 0.5248841 0.817099 0.5191546 0.8149106 0.5232802 0.8131235 0.5248841 0.817099 0.5334834 0.8136723 0.5293044 0.8153133 0.5276189 0.8111152 0.5293044 0.8153133 0.5248841 0.817099 0.5232802 0.8131235 0.5307911 0.8195745 0.5262901 0.8211122 0.5248841 0.817099 0.5208912 0.8348039 0.519939 0.8310754 0.5240874 0.8300157 0.5219741 0.8224989 0.5231153 0.8262864 0.5189273 0.827421 0.515106 0.8284713 0.514052 0.824848 0.5178278 0.8237239 0.5231153 0.8262864 0.5240874 0.8300157 0.519939 0.8310754 0.5160421 0.8320879 0.515106 0.8284713 0.5189273 0.827421 0.5169518 0.8359082 0.5160421 0.8320879 0.519939 0.8310754 0.536386 0.8226701 0.5320754 0.8238033 0.5307911 0.8195745 0.5231153 0.8262864 0.5219741 0.8224989 0.5262901 0.8211122 0.5320754 0.8238033 0.5274874 0.8250693 0.5262901 0.8211122 0.5250267 0.833728 0.5240874 0.8300157 0.528496 0.8289412 0.5231153 0.8262864 0.5274874 0.8250693 0.528496 0.8289412 0.5375102 0.8271678 0.5331303 0.8279219 0.5320754 0.8238033 0.5331303 0.8279219 0.528496 0.8289412 0.5274874 0.8250693 0.5339232 0.8321118 0.5294043 0.8328144 0.528496 0.8289412 0.5384952 0.836121 0.538538 0.8406457 0.5346468 0.8404351 0.526821 0.84108 0.5231838 0.8420748 0.5219641 0.8386123 0.5208912 0.8348039 0.5250267 0.833728 0.5260477 0.8374807 0.5169518 0.8359082 0.5208912 0.8348039 0.5219641 0.8386123 0.5231838 0.8420748 0.5197948 0.8435646 0.5182862 0.8399945 0.526821 0.84108 0.5260477 0.8374807 0.5301226 0.8367189 0.5250267 0.833728 0.5294043 0.8328144 0.5301226 0.8367189 0.538252 0.8316273 0.5384952 0.836121 0.5344534 0.8363054 0.5301226 0.8367189 0.5294043 0.8328144 0.5339232 0.8321118 0.5306773 0.8405712 0.5301226 0.8367189 0.5344534 0.8363054 0.527884 0.8482254 0.5268179 0.848981 0.5254668 0.8472964 0.5231838 0.8420748 0.526821 0.84108 0.5274323 0.8441678 0.5197948 0.8435646 0.5231838 0.8420748 0.5241724 0.8451206 0.5241724 0.8451206 0.5274323 0.8441678 0.5277611 0.8465676 0.5212275 0.846705 0.5241724 0.8451206 0.5254668 0.8472964 0.5268179 0.848981 0.5255181 0.8507961 0.5233977 0.8491579 0.538538 0.8406457 0.5379943 0.84525 0.5343574 0.8445094 0.530752 0.8440256 0.5274323 0.8441678 0.526821 0.84108 0.530752 0.8440256 0.5306773 0.8405712 0.5346468 0.8404351 0.527884 0.8482254 0.5277611 0.8465676 0.5302118 0.8469183 0.5277611 0.8465676 0.5274323 0.8441678 0.530752 0.8440256 0.5379943 0.84525 0.5364846 0.8493133 0.5334002 0.8479677 0.5302118 0.8469183 0.530752 0.8440256 0.5343574 0.8445094 0.529092 0.8491307 0.5302118 0.8469183 0.5334002 0.8479677</float_array>
          <technique_common>
            <accessor source="#Mesh_014-mesh-map-0-array" count="1140" stride="2">
              <param name="S" type="float"/>
              <param name="T" type="float"/>
            </accessor>
          </technique_common>
        </source>
        <vertices id="Mesh_014-mesh-vertices">
          <input semantic="POSITION" source="#Mesh_014-mesh-positions"/>
        </vertices>
        <triangles material="wires-material" count="380">
          <input semantic="VERTEX" source="#Mesh_014-mesh-vertices" offset="0"/>
          <input semantic="NORMAL" source="#Mesh_014-mesh-normals" offset="1"/>
          <input semantic="TEXCOORD" source="#Mesh_014-mesh-map-0" offset="2" set="0"/>
          <p>185 0 0 194 1 1 193 2 2 91 3 3 100 4 4 99 5 5 42 6 6 51 7 7 50 8 8 15 9 9 27 10 10 26 11 11 6 12 12 16 13 13 14 14 14 7 15 15 12 16 16 9 17 17 11 18 18 9 17 19 12 16 20 0 19 21 12 16 22 10 20 23 13 21 24 10 20 25 12 16 26 14 14 27 13 21 28 7 15 29 16 13 30 8 22 31 13 21 32 17 23 33 15 9 34 16 13 35 10 20 36 23 24 37 22 25 38 19 26 39 9 17 40 20 27 41 5 28 42 20 27 43 9 17 44 0 19 45 22 25 46 21 29 47 21 29 48 20 27 49 18 30 50 19 26 51 22 25 52 23 24 53 24 31 54 14 14 55 25 32 56 14 14 57 19 26 58 25 32 59 8 22 60 26 11 61 23 24 62 25 32 63 23 24 64 26 11 65 24 31 66 26 11 67 27 10 68 30 33 69 37 34 70 36 35 71 29 36 72 32 37 73 31 38 74 17 23 75 31 38 76 32 37 77 4 39 78 32 37 79 30 33 80 33 40 81 30 33 82 32 37 83 29 36 84 35 41 85 34 42 86 31 38 87 24 31 88 35 41 89 4 39 90 36 35 91 27 10 92 35 41 93 27 10 94 36 35 95 34 42 96 36 35 97 37 34 98 38 43 99 44 44 100 43 45 101 33 40 102 40 46 103 41 47 104 28 48 105 41 47 106 39 49 107 41 47 108 43 45 109 44 44 110 39 49 111 44 44 112 42 6 113 45 50 114 42 6 115 44 44 116 28 48 117 47 51 118 37 34 119 46 52 120 29 36 121 34 42 122 46 52 123 37 34 124 47 51 125 48 53 126 43 45 127 49 54 128 43 45 129 46 52 130 49 54 131 39 49 132 50 8 133 47 51 134 49 54 135 47 51 136 50 8 137 48 53 138 50 8 139 51 7 140 67 55 141 76 56 142 75 57 143 55 58 144 62 59 145 61 60 146 54 61 147 57 62 148 56 63 149 45 50 150 56 63 151 57 62 152 3 64 153 57 62 154 55 58 155 58 65 156 55 58 157 57 62 158 59 66 159 56 63 160 60 67 161 56 63 162 48 53 163 60 67 164 3 64 165 61 60 166 51 7 167 60 67 168 51 7 169 61 60 170 59 66 171 61 60 172 62 59 173 63 68 174 69 69 175 68 70 176 58 65 177 65 71 178 66 72 179 53 73 180 66 72 181 64 74 182 66 72 183 68 70 184 69 69 185 64 74 186 69 69 187 67 55 188 70 75 189 67 55 190 69 69 191 53 73 192 72 76 193 62 59 194 65 71 195 59 66 196 71 77 197 71 77 198 62 59 199 72 76 200 73 78 201 68 70 202 74 79 203 65 71 204 74 79 205 68 70 206 64 74 207 75 57 208 72 76 209 74 79 210 72 76 211 75 57 212 73 78 213 75 57 214 76 56 215 79 80 216 86 81 217 85 82 218 78 83 219 81 84 220 80 85 221 70 75 222 80 85 223 81 84 224 52 86 225 81 84 226 79 80 227 82 87 228 79 80 229 81 84 230 83 88 231 80 85 232 84 89 233 63 68 234 84 89 235 80 85 236 52 86 237 85 82 238 76 56 239 84 89 240 76 56 241 85 82 242 83 88 243 85 82 244 86 81 245 87 90 246 93 91 247 92 92 248 82 87 249 89 93 250 90 94 251 77 95 252 90 94 253 88 96 254 90 94 255 92 92 256 93 91 257 88 96 258 93 91 259 91 3 260 94 97 261 91 3 262 93 91 263 77 95 264 96 98 265 86 81 266 95 99 267 78 83 268 83 88 269 95 99 270 86 81 271 96 98 272 97 100 273 92 92 274 98 101 275 89 93 276 98 101 277 92 92 278 88 96 279 99 5 280 96 98 281 98 101 282 96 98 283 99 5 284 97 100 285 99 5 286 100 4 287 101 102 288 144 103 289 136 104 290 110 105 291 121 106 292 120 107 293 103 108 294 112 109 295 111 110 296 108 111 297 105 112 298 109 113 299 94 97 300 107 114 301 108 111 302 2 115 303 108 111 304 106 116 305 106 116 306 109 113 307 104 117 308 109 113 309 111 110 310 112 109 311 104 117 312 112 109 313 110 105 314 113 118 315 110 105 316 112 109 317 106 116 318 117 119 319 116 120 320 114 121 321 107 114 322 115 122 323 87 90 324 115 122 325 107 114 326 2 115 327 116 120 328 100 4 329 115 122 330 100 4 331 116 120 332 114 121 333 116 120 334 117 119 335 103 108 336 119 123 337 118 124 338 111 110 339 114 121 340 119 123 341 104 117 342 120 107 343 117 119 344 119 123 345 117 119 346 120 107 347 118 124 348 120 107 349 121 106 350 124 125 351 131 126 352 130 127 353 127 128 354 125 129 355 123 130 356 113 118 357 125 129 358 126 131 359 102 132 360 126 131 361 124 125 362 127 128 363 124 125 364 126 131 365 123 130 366 129 133 367 128 134 368 125 129 369 118 124 370 129 133 371 102 132 372 130 127 373 121 106 374 129 133 375 121 106 376 130 127 377 131 126 378 129 133 379 130 127 380 139 135 381 137 136 382 132 137 383 123 130 384 135 138 385 127 128 386 122 139 387 135 138 388 133 140 389 134 141 390 138 142 391 135 138 392 136 104 393 135 138 394 138 142 395 101 102 396 138 142 397 139 135 398 122 139 399 141 143 400 131 126 401 140 144 402 123 130 403 128 134 404 141 143 405 128 134 406 131 126 407 142 145 408 137 136 409 143 146 410 137 136 411 140 144 412 143 146 413 136 104 414 141 143 415 133 140 416 144 103 417 140 144 418 141 143 419 145 147 420 143 146 421 144 103 422 146 148 423 169 149 424 161 150 425 147 151 426 155 152 427 149 153 428 152 154 429 150 155 430 148 156 431 132 137 432 151 157 433 139 135 434 149 153 435 139 135 436 151 157 437 147 151 438 151 157 439 152 154 440 148 156 441 154 158 442 153 159 443 132 137 444 154 158 445 150 155 446 149 153 447 145 147 448 101 102 449 155 152 450 142 145 451 145 147 452 156 160 453 154 158 454 155 152 455 164 161 456 162 162 457 157 163 458 148 156 459 160 164 460 152 154 461 158 165 462 152 154 463 160 164 464 159 166 465 163 167 466 160 164 467 161 150 468 160 164 469 163 167 470 146 148 471 163 167 472 164 161 473 158 165 474 156 160 475 147 151 476 159 166 477 153 159 478 165 168 479 166 169 480 153 159 481 156 160 482 157 163 483 168 170 484 167 171 485 159 166 486 168 170 487 162 162 488 161 150 489 166 169 490 158 165 491 169 149 492 165 168 493 166 169 494 170 172 495 168 170 496 169 149 497 173 173 498 180 174 499 179 175 500 172 176 501 175 177 502 174 178 503 164 161 504 174 178 505 175 177 506 146 148 507 175 177 508 173 173 509 176 179 510 173 173 511 175 177 512 172 176 513 178 180 514 177 181 515 157 163 516 178 180 517 174 178 518 146 148 519 179 175 520 170 172 521 178 180 522 170 172 523 179 175 524 177 181 525 179 175 526 180 174 527 181 182 528 187 183 529 186 184 530 176 179 531 183 185 532 184 186 533 171 187 534 184 186 535 182 188 536 184 186 537 186 184 538 187 183 539 182 188 540 187 183 541 185 0 542 188 189 543 185 0 544 187 183 545 171 187 546 190 190 547 180 174 548 189 191 549 172 176 550 177 181 551 189 191 552 180 174 553 190 190 554 181 182 555 192 192 556 191 193 557 186 184 558 189 191 559 192 192 560 182 188 561 193 2 562 190 190 563 192 192 564 190 190 565 193 2 566 191 193 567 193 2 568 194 1 569 185 0 570 1 194 571 194 1 572 91 3 573 2 115 574 100 4 575 42 6 576 3 64 577 51 7 578 15 9 579 4 39 580 27 10 581 6 12 582 17 23 583 16 13 584 7 15 585 13 21 586 12 16 587 11 18 588 5 28 589 9 17 590 0 19 591 11 18 592 12 16 593 13 21 594 8 22 595 10 20 596 14 14 597 16 13 598 13 21 599 16 13 600 15 9 601 8 22 602 17 23 603 4 39 604 15 9 605 10 20 606 8 22 607 23 24 608 19 26 609 7 15 610 9 17 611 5 28 612 18 30 613 20 27 614 0 19 615 10 20 616 22 25 617 21 29 618 22 25 619 20 27 620 19 26 621 20 27 622 22 25 623 24 31 624 6 12 625 14 14 626 14 14 627 7 15 628 19 26 629 8 22 630 15 9 631 26 11 632 25 32 633 19 26 634 23 24 635 24 31 636 25 32 637 26 11 638 30 33 639 28 48 640 37 34 641 29 36 642 33 40 643 32 37 644 17 23 645 6 12 646 31 38 647 4 39 648 17 23 649 32 37 650 33 40 651 28 48 652 30 33 653 29 36 654 31 38 655 35 41 656 31 38 657 6 12 658 24 31 659 4 39 660 30 33 661 36 35 662 35 41 663 24 31 664 27 10 665 34 42 666 35 41 667 36 35 668 38 43 669 45 50 670 44 44 671 33 40 672 29 36 673 40 46 674 28 48 675 33 40 676 41 47 677 41 47 678 40 46 679 43 45 680 39 49 681 41 47 682 44 44 683 45 50 684 3 64 685 42 6 686 28 48 687 39 49 688 47 51 689 46 52 690 40 46 691 29 36 692 46 52 693 34 42 694 37 34 695 48 53 696 38 43 697 43 45 698 43 45 699 40 46 700 46 52 701 39 49 702 42 6 703 50 8 704 49 54 705 46 52 706 47 51 707 48 53 708 49 54 709 50 8 710 67 55 711 52 86 712 76 56 713 55 58 714 53 73 715 62 59 716 54 61 717 58 65 718 57 62 719 45 50 720 38 43 721 56 63 722 3 64 723 45 50 724 57 62 725 58 65 726 53 73 727 55 58 728 59 66 729 54 61 730 56 63 731 56 63 732 38 43 733 48 53 734 3 64 735 55 58 736 61 60 737 60 67 738 48 53 739 51 7 740 59 66 741 60 67 742 61 60 743 63 68 744 70 75 745 69 69 746 58 65 747 54 61 748 65 71 749 53 73 750 58 65 751 66 72 752 66 72 753 65 71 754 68 70 755 64 74 756 66 72 757 69 69 758 70 75 759 52 86 760 67 55 761 53 73 762 64 74 763 72 76 764 65 71 765 54 61 766 59 66 767 71 77 768 59 66 769 62 59 770 73 78 771 63 68 772 68 70 773 65 71 774 71 77 775 74 79 776 64 74 777 67 55 778 75 57 779 74 79 780 71 77 781 72 76 782 73 78 783 74 79 784 75 57 785 79 80 786 77 95 787 86 81 788 78 83 789 82 87 790 81 84 791 70 75 792 63 68 793 80 85 794 52 86 795 70 75 796 81 84 797 82 87 798 77 95 799 79 80 800 83 88 801 78 83 802 80 85 803 63 68 804 73 78 805 84 89 806 52 86 807 79 80 808 85 82 809 84 89 810 73 78 811 76 56 812 83 88 813 84 89 814 85 82 815 87 90 816 94 97 817 93 91 818 82 87 819 78 83 820 89 93 821 77 95 822 82 87 823 90 94 824 90 94 825 89 93 826 92 92 827 88 96 828 90 94 829 93 91 830 94 97 831 2 115 832 91 3 833 77 95 834 88 96 835 96 98 836 95 99 837 89 93 838 78 83 839 95 99 840 83 88 841 86 81 842 97 100 843 87 90 844 92 92 845 89 93 846 95 99 847 98 101 848 88 96 849 91 3 850 99 5 851 98 101 852 95 99 853 96 98 854 97 100 855 98 101 856 99 5 857 101 102 858 145 147 859 144 103 860 110 105 861 102 132 862 121 106 863 103 108 864 113 118 865 112 109 866 108 111 867 107 114 868 105 112 869 94 97 870 87 90 871 107 114 872 2 115 873 94 97 874 108 111 875 106 116 876 108 111 877 109 113 878 109 113 879 105 112 880 111 110 881 104 117 882 109 113 883 112 109 884 113 118 885 102 132 886 110 105 887 106 116 888 104 117 889 117 119 890 114 121 891 105 112 892 107 114 893 87 90 894 97 100 895 115 122 896 2 115 897 106 116 898 116 120 899 115 122 900 97 100 901 100 4 902 114 121 903 115 122 904 116 120 905 103 108 906 111 110 907 119 123 908 111 110 909 105 112 910 114 121 911 104 117 912 110 105 913 120 107 914 119 123 915 114 121 916 117 119 917 118 124 918 119 123 919 120 107 920 124 125 921 122 139 922 131 126 923 127 128 924 126 131 925 125 129 926 113 118 927 103 108 928 125 129 929 102 132 930 113 118 931 126 131 932 127 128 933 122 139 934 124 125 935 123 130 936 125 129 937 129 133 938 125 129 939 103 108 940 118 124 941 102 132 942 124 125 943 130 127 944 129 133 945 118 124 946 121 106 947 131 126 948 128 134 949 129 133 950 139 135 951 138 142 952 137 136 953 123 130 954 134 141 955 135 138 956 122 139 957 127 128 958 135 138 959 134 141 960 137 136 961 138 142 962 136 104 963 133 140 964 135 138 965 101 102 966 136 104 967 138 142 968 122 139 969 133 140 970 141 143 971 140 144 972 134 141 973 123 130 974 141 143 975 140 144 976 128 134 977 142 145 978 132 137 979 137 136 980 137 136 981 134 141 982 140 144 983 136 104 984 144 103 985 141 143 986 144 103 987 143 146 988 140 144 989 145 147 990 142 145 991 143 146 992 146 148 993 170 172 994 169 149 995 147 151 996 156 160 997 155 152 998 152 154 999 151 157 1000 150 155 1001 132 137 1002 150 155 1003 151 157 1004 149 153 1005 101 102 1006 139 135 1007 147 151 1008 149 153 1009 151 157 1010 148 156 1011 150 155 1012 154 158 1013 132 137 1014 142 145 1015 154 158 1016 149 153 1017 155 152 1018 145 147 1019 155 152 1020 154 158 1021 142 145 1022 156 160 1023 153 159 1024 154 158 1025 164 161 1026 163 167 1027 162 162 1028 148 156 1029 159 166 1030 160 164 1031 158 165 1032 147 151 1033 152 154 1034 159 166 1035 162 162 1036 163 167 1037 161 150 1038 158 165 1039 160 164 1040 146 148 1041 161 150 1042 163 167 1043 158 165 1044 166 169 1045 156 160 1046 159 166 1047 148 156 1048 153 159 1049 166 169 1050 165 168 1051 153 159 1052 157 163 1053 162 162 1054 168 170 1055 159 166 1056 165 168 1057 168 170 1058 161 150 1059 169 149 1060 166 169 1061 169 149 1062 168 170 1063 165 168 1064 170 172 1065 167 171 1066 168 170 1067 173 173 1068 171 187 1069 180 174 1070 172 176 1071 176 179 1072 175 177 1073 164 161 1074 157 163 1075 174 178 1076 146 148 1077 164 161 1078 175 177 1079 176 179 1080 171 187 1081 173 173 1082 172 176 1083 174 178 1084 178 180 1085 157 163 1086 167 171 1087 178 180 1088 146 148 1089 173 173 1090 179 175 1091 178 180 1092 167 171 1093 170 172 1094 177 181 1095 178 180 1096 179 175 1097 181 182 1098 188 189 1099 187 183 1100 176 179 1101 172 176 1102 183 185 1103 171 187 1104 176 179 1105 184 186 1106 184 186 1107 183 185 1108 186 184 1109 182 188 1110 184 186 1111 187 183 1112 188 189 1113 1 194 1114 185 0 1115 171 187 1116 182 188 1117 190 190 1118 189 191 1119 183 185 1120 172 176 1121 189 191 1122 177 181 1123 180 174 1124 181 182 1125 186 184 1126 192 192 1127 186 184 1128 183 185 1129 189 191 1130 182 188 1131 185 0 1132 193 2 1133 192 192 1134 189 191 1135 190 190 1136 191 193 1137 192 192 1138 193 2 1139</p>
        </triangles>
      </mesh>
    </geometry>
    <geometry id="Mesh_015-mesh" name="Mesh.015">
      <mesh>
        <source id="Mesh_015-mesh-positions">
          <float_array id="Mesh_015-mesh-positions-array" count="120">32.07067 22.35051 11.28994 32.07067 22.35051 -11.28994 39.06023 40.7251 15.66154 39.06023 40.7251 -15.66154 -32.75599 47.1641 21.92185 -32.75599 47.1641 -21.86933 -28.0928 36.08714 18.36139 -28.0928 36.08714 -18.30888 9.896278 21.39687 -11.28994 9.896278 21.39687 11.28994 9.896732 40.72505 15.66154 9.896732 40.72505 -15.66154 -8.723567 33.80736 -18.30888 -8.723567 33.80736 18.36139 -8.722917 47.16408 21.92185 -8.722917 47.16408 -21.86933 -33.57816 47.16405 10.26184 -28.91497 34.24019 8.59742 -8.723567 31.96041 8.597428 9.896276 19.15592 5.277733 31.20392 20.20772 5.277732 39.06024 40.7251 7.321335 9.896733 40.72505 7.321335 -8.722916 47.16408 10.26183 -33.57816 47.16405 -10.43829 -28.91497 34.24019 -8.73664 -8.723567 31.96041 -8.73664 9.896275 19.15592 -5.39579 31.20392 20.20772 -5.395791 39.06023 40.7251 -7.485107 9.896729 40.72505 -7.485106 -8.722917 47.16408 -10.43828 31.81085 21.746 4.477724 39.06024 40.7251 6.216287 31.81085 21.746 -4.602607 39.06024 40.7251 -6.380058 34.14908 21.746 4.477725 43.45503 40.7251 6.216288 34.14908 21.746 -4.602605 43.41434 40.7251 -6.380058</float_array>
          <technique_common>
            <accessor source="#Mesh_015-mesh-positions-array" count="40" stride="3">
              <param name="X" type="float"/>
              <param name="Y" type="float"/>
              <param name="Z" type="float"/>
            </accessor>
          </technique_common>
        </source>
        <source id="Mesh_015-mesh-normals">
          <float_array id="Mesh_015-mesh-normals-array" count="348">0.934213 -0.3566654 -0.006006717 0.934567 -0.355785 -0.001306772 0.9346616 -0.3555386 8.11989e-7 0.1656741 0.9861806 7.3008e-6 -6.27759e-7 1 -3.26263e-6 0.1656282 0.9861882 -7.93617e-6 -0.9305275 -0.3627474 0.05032944 -0.9202988 -0.3755189 0.109708 -0.9121891 -0.4046897 0.06432187 -0.1114497 -0.975225 0.1910893 -0.3282681 -0.9393388 0.09941315 -0.2969266 -0.9383391 0.177072 0.07203817 -0.2686263 -0.960547 -0.009594142 -0.2907507 -0.9567508 -3.2741e-7 -0.3060094 -0.9520286 -0.009594202 -0.2907507 0.9567508 -0.1564928 -0.2709476 0.9497882 -3.14615e-7 -0.3060093 0.9520285 -0.2676516 -0.9096773 0.3175687 0.04603022 -0.9845101 0.1691778 0.04055589 -0.9430212 0.3302519 0.1352967 -0.2293357 0.9638984 0.003605127 -0.2273346 0.97381 3.87824e-7 -0.2314552 0.9728456 -1.70045e-6 1 -7.6915e-7 0.1656728 0.9861808 -7.84051e-6 0.1656728 0.9861808 3.14943e-7 0.003605127 -0.2273346 -0.97381 0.0770998 -0.2070361 -0.9752906 3.82284e-7 -0.2314552 -0.9728456 0.3452116 -0.2139989 0.9138017 0.3613096 -0.2596553 0.8955638 0.1805209 0.9810572 0.07027876 0.1847686 0.9795799 0.07927131 0.1861365 0.9791152 0.08177208 0.36879 -0.324117 -0.8711729 0.08288294 -0.2774591 -0.9571557 -0.9333761 -0.3503025 -0.07808494 -0.9336667 -0.3498849 0.07646602 -0.1120154 -0.9884418 0.1021546 -0.3278699 -0.9392139 -0.1018763 -0.2428382 -0.9566878 0.1605563 -0.2627758 -0.9504002 -0.1663984 0.04592281 -0.9839962 -0.1721708 0.04603463 -0.9845305 0.169058 0.8983532 -0.4392689 -0.002134323 0.8980955 -0.4397994 -9.82166e-4 0.898524 -0.4389151 -0.002902567 -1.70045e-6 1 0 0.1656728 0.9861808 7.86658e-6 0.1706499 0.9844707 0.04118347 0.1659257 0.9861045 -0.008172035 0.1663481 0.9859584 0.01464545 -1.22781e-6 1 2.24218e-6 -1.22781e-6 1 -2.19926e-6 -0.930309 -0.3632017 -0.05108702 -0.9199233 -0.3756099 -0.1125094 -0.1113439 -0.9744992 -0.1948178 -0.2968738 -0.9377056 -0.1804835 -0.2663611 -0.9079002 -0.3236806 0.04046666 -0.9409474 -0.336126 0.9345709 -0.3557747 0.001306891 0.9342188 -0.3566474 0.006169676 0.9346616 -0.3555386 0 0.1655783 0.9861966 0 0.174623 0.9830967 -0.05502462 0.1673669 0.9855976 -0.02420163 0.1663045 0.9859734 -0.01411741 0.1656741 0.9861806 -7.29231e-6 -6.38549e-7 1 3.35071e-6 0.9341446 -0.3568947 5.49194e-4 0.9331744 -0.3590138 0.01716864 0.934172 -0.356823 0 0.9302127 -0.367021 0 0.9341437 -0.3568968 -5.54987e-4 0.9331585 -0.359052 -0.01723021 0.9331342 -0.3590976 -0.01759213 0.7876847 0.6160786 -4.1542e-4 0.1266952 0.9919417 -6.94069e-6 0.1266952 0.9919417 -6.14233e-6 -3.64353e-7 -0.09122216 0.9958306 0 -1 0 1.02703e-6 -0.09324568 -0.9956432 0 1 0 0.9340998 -0.3569344 -0.007450997 -0.1579594 -0.2734605 0.9488247 0.06563341 -0.2148587 0.9744374 -1.70045e-6 1 -3.47713e-7 0.06462806 -0.2148733 -0.9745013 0.1743436 0.9831934 0.05417788 0.1662923 0.9859777 0.01396441 0.1673562 0.9856013 0.02412521 0.3240473 -0.1503173 -0.9340226 -0.1120108 -0.9882258 -0.1042279 0.898353 -0.4392691 -0.002133369 0.8978746 -0.4402515 0 0.8981049 -0.4397802 -0.001024007 0.1674515 0.9855769 -0.02446287 0.170839 0.9844053 -0.04195523 0.1691858 0.9849771 -0.03458929 -0.9119601 -0.4050016 -0.06559377 0.9341098 -0.3569046 0.007612287 -1.70045e-6 1 0 0.1806277 0.9810202 -0.07052022 0.1858725 0.9791896 -0.08148115 0.1847153 0.9795982 -0.07916867 0.1656282 0.9861882 7.9122e-6 0.9331504 -0.3590587 0.01752978 0.9302147 -0.3670159 0 0.9341717 -0.3568241 -5.43726e-6 0.7877141 0.616041 -4.15298e-4 -0.008389115 -0.9999648 -2.8148e-6 0.1266952 0.9919417 -6.03979e-6 0 -0.09122228 0.9958306 0 -0.09324502 -0.9956432 0 1 3.61774e-7</float_array>
          <technique_common>
            <accessor source="#Mesh_015-mesh-normals-array" count="116" stride="3">
              <param name="X" type="float"/>
              <param name="Y" type="float"/>
              <param name="Z" type="float"/>
            </accessor>
          </technique_common>
        </source>
        <source id="Mesh_015-mesh-map-0">
          <float_array id="Mesh_015-mesh-map-0-array" count="456">0.8372787 0.7341034 0.8249129 0.686309 0.8459247 0.6863091 0.7019066 0.8800575 0.6957108 0.9058516 0.6957108 0.8800575 0.7019066 0.9062884 0.6976007 0.9178968 0.6957108 0.9058516 0.8282026 0.8886302 0.8172795 0.83859 0.833578 0.8402594 0.7436258 0.8530776 0.7847325 0.8886302 0.7636889 0.9102042 0.8282026 0.8886302 0.8693093 0.8530776 0.8492464 0.9102042 0.8292576 0.7894945 0.819764 0.7379992 0.8372787 0.7341034 0.869548 0.8034431 0.8372787 0.7341034 0.8938941 0.7341215 0.690725 0.8293493 0.6995758 0.860298 0.690725 0.860298 0.7756566 0.7341034 0.7433874 0.8034431 0.7190408 0.7341215 0.8172795 0.83859 0.8292576 0.7894945 0.833578 0.8402594 0.833578 0.8402594 0.869548 0.8034431 0.8693093 0.8530776 0.6995758 0.860298 0.6957108 0.8800575 0.690725 0.860298 0.7433874 0.8034431 0.7793573 0.8402594 0.7436258 0.8530776 0.7019066 0.9062884 0.7119988 0.9198594 0.7027885 0.9198578 0.8172795 0.889459 0.7954139 0.83859 0.8172795 0.83859 0.819764 0.7916803 0.7954139 0.83859 0.7928737 0.7916803 0.819764 0.7916803 0.7928737 0.737999 0.819764 0.7379992 0.6684476 0.808003 0.7063116 0.7419384 0.7127706 0.8080031 0.6995758 0.860298 0.7152885 0.8293493 0.7152885 0.860298 0.6995758 0.860298 0.7129055 0.8800575 0.7019066 0.8800575 0.7019066 0.8800575 0.7129055 0.9062894 0.7019066 0.9062884 0.7129055 0.9062894 0.7170855 0.9179003 0.7119988 0.9198594 0.7954139 0.83859 0.7847325 0.8886302 0.7793573 0.8402594 0.7954139 0.83859 0.7836777 0.7894945 0.7928737 0.7916803 0.7928737 0.737999 0.7836777 0.7894945 0.7756566 0.7341034 0.7876104 0.6863088 0.7756566 0.7341034 0.7670111 0.6863088 0.7152885 0.8293493 0.7239655 0.860298 0.7152885 0.860298 0.7152885 0.860298 0.7189792 0.8800575 0.7129055 0.8800575 0.7129055 0.8800575 0.7189792 0.9058536 0.7129055 0.9062894 0.8249129 0.686309 0.8177484 0.7341239 0.8221289 0.686309 0.7928737 0.737999 0.8177484 0.7341239 0.819764 0.7379992 0.7876104 0.6863088 0.7948719 0.7341236 0.7928737 0.737999 0.6995758 0.8293493 0.714116 0.8293493 0.7152885 0.8293493 0.6551753 0.8080319 0.6747671 0.7419384 0.6684476 0.808003 0.6746887 0.7330447 0.7063116 0.7419384 0.6747671 0.7419384 0.725921 0.8080317 0.7063116 0.7419384 0.7130329 0.7419456 0.7007486 0.8293493 0.714116 0.8247287 0.714116 0.8293493 0.8372787 0.7341034 0.819764 0.7379992 0.8249129 0.686309 0.7019066 0.8800575 0.7019066 0.9062884 0.6957108 0.9058516 0.7019066 0.9062884 0.7027885 0.9198578 0.6976007 0.9178968 0.8282026 0.8886302 0.8172795 0.889459 0.8172795 0.83859 0.7436258 0.8530776 0.7793573 0.8402594 0.7847325 0.8886302 0.8282026 0.8886302 0.833578 0.8402594 0.8693093 0.8530776 0.8292576 0.7894945 0.819764 0.7916803 0.819764 0.7379992 0.869548 0.8034431 0.8292576 0.7894945 0.8372787 0.7341034 0.690725 0.8293493 0.6995758 0.8293493 0.6995758 0.860298 0.7756566 0.7341034 0.7836777 0.7894945 0.7433874 0.8034431 0.8172795 0.83859 0.819764 0.7916803 0.8292576 0.7894945 0.833578 0.8402594 0.8292576 0.7894945 0.869548 0.8034431 0.6995758 0.860298 0.7019066 0.8800575 0.6957108 0.8800575 0.7433874 0.8034431 0.7836777 0.7894945 0.7793573 0.8402594 0.7019066 0.9062884 0.7129055 0.9062894 0.7119988 0.9198594 0.8172795 0.889459 0.7954139 0.889459 0.7954139 0.83859 0.819764 0.7916803 0.8172795 0.83859 0.7954139 0.83859 0.819764 0.7916803 0.7928737 0.7916803 0.7928737 0.737999 0.6684476 0.808003 0.6747671 0.7419384 0.7063116 0.7419384 0.6995758 0.860298 0.6995758 0.8293493 0.7152885 0.8293493 0.6995758 0.860298 0.7152885 0.860298 0.7129055 0.8800575 0.7019066 0.8800575 0.7129055 0.8800575 0.7129055 0.9062894 0.7129055 0.9062894 0.7189792 0.9058536 0.7170855 0.9179003 0.7954139 0.83859 0.7954139 0.889459 0.7847325 0.8886302 0.7954139 0.83859 0.7793573 0.8402594 0.7836777 0.7894945 0.7928737 0.737999 0.7928737 0.7916803 0.7836777 0.7894945 0.7876104 0.6863088 0.7928737 0.737999 0.7756566 0.7341034 0.7152885 0.8293493 0.7239655 0.8293493 0.7239655 0.860298 0.7152885 0.860298 0.7239655 0.860298 0.7189792 0.8800575 0.7129055 0.8800575 0.7189792 0.8800575 0.7189792 0.9058536 0.8249129 0.686309 0.819764 0.7379992 0.8177484 0.7341239 0.7928737 0.737999 0.7948719 0.7341236 0.8177484 0.7341239 0.7876104 0.6863088 0.7903942 0.6863089 0.7948719 0.7341236 0.6995758 0.8293493 0.7007486 0.8293493 0.714116 0.8293493 0.6551753 0.8080319 0.6680428 0.7419457 0.6747671 0.7419384 0.6746887 0.7330447 0.7063998 0.7330636 0.7063116 0.7419384 0.725921 0.8080317 0.7127706 0.8080031 0.7063116 0.7419384 0.7007486 0.8293493 0.7007486 0.8246855 0.714116 0.8247287</float_array>
          <technique_common>
            <accessor source="#Mesh_015-mesh-map-0-array" count="228" stride="2">
              <param name="S" type="float"/>
              <param name="T" type="float"/>
            </accessor>
          </technique_common>
        </source>
        <vertices id="Mesh_015-mesh-vertices">
          <input semantic="POSITION" source="#Mesh_015-mesh-positions"/>
        </vertices>
        <triangles material="black-material" count="76">
          <input semantic="VERTEX" source="#Mesh_015-mesh-vertices" offset="0"/>
          <input semantic="NORMAL" source="#Mesh_015-mesh-normals" offset="1"/>
          <input semantic="TEXCOORD" source="#Mesh_015-mesh-map-0" offset="2" set="0"/>
          <p>0 0 0 21 1 1 2 2 2 23 3 3 4 4 4 14 5 5 16 6 6 6 7 7 4 8 8 6 9 9 18 10 10 13 11 11 15 12 12 7 13 13 5 14 14 6 15 15 14 16 16 4 17 17 9 18 18 20 19 19 0 20 20 10 21 21 0 22 22 2 23 23 2 24 24 22 25 25 10 26 26 1 27 27 11 28 28 3 29 29 18 10 30 9 18 31 13 11 32 13 30 33 10 21 34 14 31 35 22 32 36 14 33 37 10 34 38 11 35 39 12 36 40 15 12 41 16 6 42 25 37 43 17 38 44 17 39 45 26 40 46 18 10 47 19 41 48 26 40 49 27 42 50 19 41 51 28 43 52 20 44 53 37 45 54 38 46 55 39 47 56 22 25 57 29 48 58 30 49 59 22 50 60 31 51 61 23 52 62 23 3 63 24 53 64 16 54 65 24 55 66 7 56 67 25 37 68 26 40 69 7 57 70 12 58 71 26 40 72 8 59 73 27 42 74 28 43 75 8 59 76 1 60 77 29 61 78 1 62 79 3 63 80 29 48 81 11 64 82 30 49 83 30 65 84 15 66 85 31 67 86 31 68 87 5 69 88 24 53 89 21 70 90 32 71 91 33 72 92 28 73 93 32 73 94 20 73 95 29 74 96 34 75 97 28 76 98 21 77 99 35 78 100 29 79 101 33 80 102 36 80 103 37 80 104 32 81 105 38 81 106 36 81 107 35 82 108 38 82 109 34 82 110 33 83 111 39 83 112 35 83 113 0 0 114 20 84 115 21 1 116 23 3 117 16 54 118 4 4 119 16 6 120 17 38 121 6 7 122 6 9 123 17 39 124 18 10 125 15 12 126 12 36 127 7 13 128 6 15 129 13 85 130 14 16 131 9 18 132 19 41 133 20 19 134 10 21 135 9 86 136 0 22 137 2 24 138 21 87 139 22 25 140 1 27 141 8 88 142 11 28 143 18 10 144 19 41 145 9 18 146 13 30 147 9 86 148 10 21 149 22 89 150 23 90 151 14 91 152 11 28 153 8 88 154 12 92 155 16 6 156 24 55 157 25 37 158 17 39 159 25 93 160 26 40 161 19 41 162 18 10 163 26 40 164 19 41 165 27 42 166 28 43 167 37 94 168 36 95 169 38 96 170 22 25 171 21 87 172 29 48 173 22 97 174 30 98 175 31 99 176 23 3 177 31 68 178 24 53 179 24 55 180 5 100 181 7 56 182 26 40 183 25 93 184 7 57 185 26 40 186 12 58 187 8 59 188 28 43 189 27 42 190 8 59 191 29 61 192 28 101 193 1 62 194 29 48 195 3 102 196 11 64 197 30 103 198 11 104 199 15 105 200 31 68 201 15 106 202 5 69 203 21 70 204 20 107 205 32 71 206 28 108 207 34 108 208 32 108 209 29 74 210 35 109 211 34 75 212 21 110 213 33 111 214 35 112 215 33 113 216 32 113 217 36 113 218 32 81 219 34 81 220 38 81 221 35 114 222 39 114 223 38 114 224 33 115 225 37 115 226 39 115 227</p>
        </triangles>
      </mesh>
    </geometry>
  </library_geometries>
  <library_visual_scenes>
    <visual_scene id="Scene" name="Scene">
      <node id="DFSus" name="DFSus" type="NODE">
        <matrix sid="transform">0.008662241 0 0 -0.006075434 0 4.26256e-10 -0.008662241 0.208706 0 0.005645927 6.53981e-10 -14.56251 0 0 0 1</matrix>
      </node>
      <node id="DRSus" name="DRSus" type="NODE">
        <matrix sid="transform">0.008662241 0 0 -0.006075434 0 4.26256e-10 -0.008662241 0.208706 0 0.005645927 6.53981e-10 -14.56251 0 0 0 1</matrix>
      </node>
      <node id="PRSus" name="PRSus" type="NODE">
        <matrix sid="transform">0.008662241 0 0 -0.006075434 0 4.26256e-10 -0.008662241 0.208706 0 0.005645927 6.53981e-10 -14.56251 0 0 0 1</matrix>
      </node>
      <node id="PFSus" name="PFSus" type="NODE">
        <matrix sid="transform">0.008662241 0 0 -0.006075434 0 4.26256e-10 -0.008662241 0.208706 0 0.005645927 6.53981e-10 -14.56251 0 0 0 1</matrix>
      </node>
      <node id="lazser" name="lazser" type="NODE">
        <matrix sid="transform">-0.006108804 -3.48086e-10 -9.22404e-10 -0.6355085 9.22404e-10 -3.00605e-10 -0.006108804 0.7584984 5.34049e-10 -0.003981633 4.61202e-10 -14.25116 0 0 0 1</matrix>
      </node>
      <node id="srping_2" name="srping_2" type="NODE">
        <matrix sid="transform">0.8662241 0 0 -0.006075434 0 4.26256e-8 -0.8662241 10.74509 0 0.5645927 6.53981e-8 -14.56251 0 0 0 1</matrix>
        <instance_geometry url="#Mesh_002-mesh" name="srping_2">
          <bind_material>
            <technique_common>
              <instance_material symbol="black-material" target="#black-material">
                <bind_vertex_input semantic="Mesh_002-mesh-map-0" input_semantic="TEXCOORD" input_set="0"/>
              </instance_material>
            </technique_common>
          </bind_material>
        </instance_geometry>
      </node>
      <node id="bracket_1" name="bracket_1" type="NODE">
        <matrix sid="transform">0.8662241 0 0 -0.006075434 0 4.26256e-8 -0.8662241 0.208706 0 0.5645927 6.53981e-8 -14.56251 0 0 0 1</matrix>
        <instance_geometry url="#Mesh-mesh" name="bracket_1">
          <bind_material>
            <technique_common>
              <instance_material symbol="black-material" target="#black-material">
                <bind_vertex_input semantic="Mesh-mesh-map-0" input_semantic="TEXCOORD" input_set="0"/>
              </instance_material>
            </technique_common>
          </bind_material>
        </instance_geometry>
      </node>
      <node id="spring_1" name="spring_1" type="NODE">
        <matrix sid="transform">0.8662241 0 0 -0.006075434 0 4.26256e-8 -0.8662241 0.208706 0 0.5645927 6.53981e-8 -14.56251 0 0 0 1</matrix>
        <instance_geometry url="#Mesh_001-mesh" name="spring_1">
          <bind_material>
            <technique_common>
              <instance_material symbol="black-material" target="#black-material">
                <bind_vertex_input semantic="Mesh_001-mesh-map-0" input_semantic="TEXCOORD" input_set="0"/>
              </instance_material>
            </technique_common>
          </bind_material>
        </instance_geometry>
      </node>
      <node id="bracket_2" name="bracket_2" type="NODE">
        <matrix sid="transform">0.8662241 0 0 -0.006075434 0 4.26256e-8 -0.8662241 10.74509 0 0.5645927 6.53981e-8 -14.56251 0 0 0 1</matrix>
        <instance_geometry url="#Mesh_003-mesh" name="bracket_2">
          <bind_material>
            <technique_common>
              <instance_material symbol="black-material" target="#black-material">
                <bind_vertex_input semantic="Mesh_003-mesh-map-0" input_semantic="TEXCOORD" input_set="0"/>
              </instance_material>
            </technique_common>
          </bind_material>
        </instance_geometry>
      </node>
      <node id="antenna" name="antenna" type="NODE">
        <matrix sid="transform">1 0 0 -6.184362 0 7.54979e-8 -1 2.7157e-6 0 1 7.54979e-8 -34.78982 0 0 0 1</matrix>
        <instance_geometry url="#Mesh_012-mesh" name="antenna">
          <bind_material>
            <technique_common>
              <instance_material symbol="wires-material" target="#wires-material">
                <bind_vertex_input semantic="Mesh_012-mesh-map-0" input_semantic="TEXCOORD" input_set="0"/>
              </instance_material>
            </technique_common>
          </bind_material>
        </instance_geometry>
      </node>
      <node id="bracket_4" name="bracket_4" type="NODE">
        <matrix sid="transform">0.8662241 0 0 -0.006075434 0 4.26256e-8 -0.8662241 0.208706 0 0.5645927 6.53981e-8 -14.56251 0 0 0 1</matrix>
        <instance_geometry url="#Mesh_007-mesh" name="bracket_4">
          <bind_material>
            <technique_common>
              <instance_material symbol="black-material" target="#black-material">
                <bind_vertex_input semantic="Mesh_007-mesh-map-0" input_semantic="TEXCOORD" input_set="0"/>
              </instance_material>
            </technique_common>
          </bind_material>
        </instance_geometry>
      </node>
      <node id="srping_4" name="srping_4" type="NODE">
        <matrix sid="transform">0.8662241 0 0 -0.006075434 0 4.26256e-8 -0.8662241 0.208706 0 0.5645927 6.53981e-8 -14.56251 0 0 0 1</matrix>
        <instance_geometry url="#Mesh_006-mesh" name="srping_4">
          <bind_material>
            <technique_common>
              <instance_material symbol="black-material" target="#black-material">
                <bind_vertex_input semantic="Mesh_006-mesh-map-0" input_semantic="TEXCOORD" input_set="0"/>
              </instance_material>
            </technique_common>
          </bind_material>
        </instance_geometry>
      </node>
      <node id="wire_3" name="wire_3" type="NODE">
        <matrix sid="transform">0.8662241 0 0 -0.006075434 0 4.26256e-8 -0.8662241 0.208706 0 0.5645927 6.53981e-8 -14.56251 0 0 0 1</matrix>
        <instance_geometry url="#Mesh_013-mesh" name="wire_3">
          <bind_material>
            <technique_common>
              <instance_material symbol="wires-material" target="#wires-material">
                <bind_vertex_input semantic="Mesh_013-mesh-map-0" input_semantic="TEXCOORD" input_set="0"/>
              </instance_material>
            </technique_common>
          </bind_material>
        </instance_geometry>
      </node>
      <node id="wire_2" name="wire_2" type="NODE">
        <matrix sid="transform">0.8662241 0 0 -0.006075434 0 4.26256e-8 -0.8662241 0.208706 0 0.5645927 6.53981e-8 -14.56251 0 0 0 1</matrix>
        <instance_geometry url="#Mesh_011-mesh" name="wire_2">
          <bind_material>
            <technique_common>
              <instance_material symbol="wires-material" target="#wires-material">
                <bind_vertex_input semantic="Mesh_011-mesh-map-0" input_semantic="TEXCOORD" input_set="0"/>
              </instance_material>
            </technique_common>
          </bind_material>
        </instance_geometry>
      </node>
      <node id="wire_1" name="wire_1" type="NODE">
        <matrix sid="transform">0.8662241 0 0 -0.006075434 0 4.26256e-8 -0.8662241 0.208706 0 0.5645927 6.53981e-8 -14.56251 0 0 0 1</matrix>
        <instance_geometry url="#Mesh_010-mesh" name="wire_1">
          <bind_material>
            <technique_common>
              <instance_material symbol="wires-material" target="#wires-material">
                <bind_vertex_input semantic="Mesh_010-mesh-map-0" input_semantic="TEXCOORD" input_set="0"/>
              </instance_material>
            </technique_common>
          </bind_material>
        </instance_geometry>
      </node>
      <node id="right_light" name="right_light" type="NODE">
        <matrix sid="transform">1 0 0 -14.09431 0 7.54979e-8 -1 2.31037e-6 0 1 7.54979e-8 -43.06781 0 0 0 1</matrix>
        <instance_geometry url="#Mesh_009-mesh" name="right_light">
          <bind_material>
            <technique_common>
              <instance_material symbol="light-material" target="#light-material">
                <bind_vertex_input semantic="Mesh_009-mesh-map-0" input_semantic="TEXCOORD" input_set="0"/>
              </instance_material>
              <instance_material symbol="light1-material" target="#light1-material">
                <bind_vertex_input semantic="Mesh_009-mesh-map-0" input_semantic="TEXCOORD" input_set="0"/>
              </instance_material>
            </technique_common>
          </bind_material>
        </instance_geometry>
      </node>
      <node id="wire_4" name="wire_4" type="NODE">
        <matrix sid="transform">0.8662241 0 0 -0.006075434 0 4.26256e-8 -0.8662241 0.208706 0 0.5645927 6.53981e-8 -14.56251 0 0 0 1</matrix>
        <instance_geometry url="#Mesh_014-mesh" name="wire_4">
          <bind_material>
            <technique_common>
              <instance_material symbol="wires-material" target="#wires-material">
                <bind_vertex_input semantic="Mesh_014-mesh-map-0" input_semantic="TEXCOORD" input_set="0"/>
              </instance_material>
            </technique_common>
          </bind_material>
        </instance_geometry>
      </node>
      <node id="undercairage" name="undercairage" type="NODE">
        <matrix sid="transform">0.8662241 0 0 -0.006075434 0 4.26256e-8 -0.8662241 0.208706 0 0.5645927 6.53981e-8 -14.56251 0 0 0 1</matrix>
        <instance_geometry url="#Mesh_015-mesh" name="undercairage">
          <bind_material>
            <technique_common>
              <instance_material symbol="black-material" target="#black-material">
                <bind_vertex_input semantic="Mesh_015-mesh-map-0" input_semantic="TEXCOORD" input_set="0"/>
              </instance_material>
            </technique_common>
          </bind_material>
        </instance_geometry>
      </node>
    </visual_scene>
  </library_visual_scenes>
  <scene>
    <instance_visual_scene url="#Scene"/>
  </scene>
</COLLADA>